Date,activeaddresses90var
2016/01/01,220330
2016/01/02,220588
2016/01/03,222166
2016/01/04,225127
2016/01/05,227194
2016/01/06,230799
2016/01/07,239485
2016/01/08,240183
2016/01/09,239535
2016/01/10,243724
2016/01/11,256136
2016/01/12,272410
2016/01/13,277242
2016/01/14,278886
2016/01/15,287780
2016/01/16,282252
2016/01/17,276143
2016/01/18,277906
2016/01/19,278546
2016/01/20,290908
2016/01/21,292399
2016/01/22,298513
2016/01/23,315214
2016/01/24,352807
2016/01/25,409205
2016/01/26,485660
2016/01/27,538247
2016/01/28,618894
2016/01/29,685510
2016/01/30,751991
2016/01/31,824842
2016/02/01,881094
2016/02/02,931798
2016/02/03,987362
2016/02/04,1025149
2016/02/05,1103573
2016/02/06,1136223
2016/02/07,1175284
2016/02/08,1234254
2016/02/09,1315715
2016/02/10,1500151
2016/02/11,1920880
2016/02/12,2145147
2016/02/13,2321349
2016/02/14,2425752
2016/02/15,2548541
2016/02/16,2665090
2016/02/17,2791091
2016/02/18,2882863
2016/02/19,2973142
2016/02/20,3036149
2016/02/21,3160698
2016/02/22,3279050
2016/02/23,3390048
2016/02/24,3492369
2016/02/25,3635427
2016/02/26,3706282
2016/02/27,3777544
2016/02/28,3885583
2016/02/29,4032590
2016/03/01,4250644
2016/03/02,4582118
2016/03/03,4986325
2016/03/04,5346474
2016/03/05,5999791
2016/03/06,6538252
2016/03/07,6723219
2016/03/08,7117410
2016/03/09,7432844
2016/03/10,7894471
2016/03/11,8246115
2016/03/12,8749805
2016/03/13,9223637
2016/03/14,9749393
2016/03/15,10213893
2016/03/16,10649863
2016/03/17,11095283
2016/03/18,11721533
2016/03/19,12063703
2016/03/20,12420170
2016/03/21,12736603
2016/03/22,13009179
2016/03/23,13379906
2016/03/24,13603670
2016/03/25,13859549
2016/03/26,14009771
2016/03/27,14313346
2016/03/28,14604121
2016/03/29,15131763
2016/03/30,15836870
2016/03/31,16100975
2016/04/01,16272263
2016/04/02,16381117
2016/04/03,16532449
2016/04/04,16766441
2016/04/05,17079736
2016/04/06,17223721
2016/04/07,17489984
2016/04/08,17467630
2016/04/09,17609531
2016/04/10,17824907
2016/04/11,17898095
2016/04/12,17981539
2016/04/13,18110192
2016/04/14,18169711
2016/04/15,18037186
2016/04/16,17846001
2016/04/17,17810422
2016/04/18,17702463
2016/04/19,17631546
2016/04/20,17489006
2016/04/21,17309991
2016/04/22,17137220
2016/04/23,16980185
2016/04/24,16921687
2016/04/25,16871318
2016/04/26,16745393
2016/04/27,16661030
2016/04/28,16464341
2016/04/29,16585706
2016/04/30,18048822
2016/05/01,18135770
2016/05/02,18813054
2016/05/03,18817941
2016/05/04,18632636
2016/05/05,18572052
2016/05/06,18279785
2016/05/07,17901395
2016/05/08,17856432
2016/05/09,17927429
2016/05/10,18023737
2016/05/11,18754353
2016/05/12,19295209
2016/05/13,20225720
2016/05/14,20409055
2016/05/15,20384442
2016/05/16,20090123
2016/05/17,20093985
2016/05/18,20580400
2016/05/19,20755304
2016/05/20,20535720
2016/05/21,20299063
2016/05/22,19775988
2016/05/23,19843661
2016/05/24,19588331
2016/05/25,19489075
2016/05/26,20734830
2016/05/27,21072457
2016/05/28,24984885
2016/05/29,24772636
2016/05/30,24418587
2016/05/31,24331027
2016/06/01,24138816
2016/06/02,23849728
2016/06/03,23749818
2016/06/04,23500045
2016/06/05,22879123
2016/06/06,22610146
2016/06/07,22244741
2016/06/08,22062573
2016/06/09,21652875
2016/06/10,21463197
2016/06/11,21037103
2016/06/12,20956183
2016/06/13,21366059
2016/06/14,21730789
2016/06/15,21634046
2016/06/16,21531991
2016/06/17,23367059
2016/06/18,24458300
2016/06/19,24638614
2016/06/20,24501260
2016/06/21,24463816
2016/06/22,24681476
2016/06/23,24281182
2016/06/24,23778115
2016/06/25,23280585
2016/06/26,23062654
2016/06/27,22827512
2016/06/28,22864717
2016/06/29,22518626
2016/06/30,22052528
2016/07/01,21487652
2016/07/02,20995777
2016/07/03,20583900
2016/07/04,20302780
2016/07/05,19841799
2016/07/06,19497356
2016/07/07,18881930
2016/07/08,18477799
2016/07/09,18087786
2016/07/10,17566575
2016/07/11,17112433
2016/07/12,16764749
2016/07/13,16293659
2016/07/14,15763650
2016/07/15,15188598
2016/07/16,14701518
2016/07/17,14297802
2016/07/18,13780781
2016/07/19,13755961
2016/07/20,13752938
2016/07/21,13372559
2016/07/22,13264586
2016/07/23,12900639
2016/07/24,13741974
2016/07/25,13877595
2016/07/26,16123675
2016/07/27,17050811
2016/07/28,17362415
2016/07/29,17566879
2016/07/30,17288946
2016/07/31,17361585
2016/08/01,17180601
2016/08/02,16849546
2016/08/03,16629617
2016/08/04,16351954
2016/08/05,15879773
2016/08/06,15634911
2016/08/07,15449054
2016/08/08,15172752
2016/08/09,15231307
2016/08/10,15175127
2016/08/11,15349559
2016/08/12,15258079
2016/08/13,15089853
2016/08/14,14753964
2016/08/15,14620913
2016/08/16,14720148
2016/08/17,14687470
2016/08/18,14587389
2016/08/19,14412856
2016/08/20,14028307
2016/08/21,13998721
2016/08/22,13899643
2016/08/23,13873407
2016/08/24,13687672
2016/08/25,13724414
2016/08/26,12253102
2016/08/27,12235447
2016/08/28,12124851
2016/08/29,12103768
2016/08/30,11969800
2016/08/31,11873596
2016/09/01,11765186
2016/09/02,11526019
2016/09/03,11238541
2016/09/04,11058513
2016/09/05,10868928
2016/09/06,10723737
2016/09/07,10515272
2016/09/08,10447415
2016/09/09,9769918
2016/09/10,9668841
2016/09/11,9665440
2016/09/12,9663900
2016/09/13,9613102
2016/09/14,9476858
2016/09/15,8915548
2016/09/16,8677801
2016/09/17,8675008
2016/09/18,8693486
2016/09/19,8693256
2016/09/20,9318161
2016/09/21,9276957
2016/09/22,9387574
2016/09/23,9243622
2016/09/24,9294374
2016/09/25,9255431
2016/09/26,9348602
2016/09/27,9403624
2016/09/28,9371318
2016/09/29,9304411
2016/09/30,9292487
2016/10/01,9199750
2016/10/02,9153238
2016/10/03,9147500
2016/10/04,9628537
2016/10/05,9957409
2016/10/06,10324998
2016/10/07,10251136
2016/10/08,10244818
2016/10/09,10140525
2016/10/10,10092076
2016/10/11,9896123
2016/10/12,11556650
2016/10/13,14286889
2016/10/14,14511538
2016/10/15,15295958
2016/10/16,15676130
2016/10/17,15759784
2016/10/18,15634329
2016/10/19,16337659
2016/10/20,16173803
2016/10/21,16750750
2016/10/22,15920117
2016/10/23,15638316
2016/10/24,13403291
2016/10/25,12120674
2016/10/26,11634695
2016/10/27,11523325
2016/10/28,11526679
2016/10/29,11549615
2016/10/30,11766768
2016/10/31,11767321
2016/11/01,11654039
2016/11/02,11562804
2016/11/03,11558243
2016/11/04,12331140
2016/11/05,12451934
2016/11/06,12841446
2016/11/07,12691801
2016/11/08,12739592
2016/11/09,12550145
2016/11/10,12765448
2016/11/11,12799969
2016/11/12,12915193
2016/11/13,12914753
2016/11/14,12928173
2016/11/15,12969652
2016/11/16,13134754
2016/11/17,13284818
2016/11/18,13354980
2016/11/19,13481235
2016/11/20,13562466
2016/11/21,13521507
2016/11/22,14785760
2016/11/23,19141931
2016/11/24,19468698
2016/11/25,20052779
2016/11/26,20503133
2016/11/27,20670997
2016/11/28,20752898
2016/11/29,20820175
2016/11/30,20686512
2016/12/01,20753037
2016/12/02,20754618
2016/12/03,20728753
2016/12/04,20750870
2016/12/05,20753630
2016/12/06,20724391
2016/12/07,20550878
2016/12/08,20624260
2016/12/09,20617802
2016/12/10,20657144
2016/12/11,20588745
2016/12/12,20506431
2016/12/13,20536791
2016/12/14,20359357
2016/12/15,20060138
2016/12/16,19845567
2016/12/17,19891834
2016/12/18,19987993
2016/12/19,18462678
2016/12/20,18164881
2016/12/21,18167823
2016/12/22,18522339
2016/12/23,18487707
2016/12/24,18540947
2016/12/25,18751892
2016/12/26,18968368
2016/12/27,19044527
2016/12/28,19054200
2016/12/29,19043528
2016/12/30,18987607
2016/12/31,18762739
2017/01/01,18873851
2017/01/02,18850860
2017/01/03,18869580
2017/01/04,18961224
2017/01/05,18995232
2017/01/06,18993245
2017/01/07,18762208
2017/01/08,18431295
2017/01/09,18436796
2017/01/10,17760960
2017/01/11,16288468
2017/01/12,16273111
2017/01/13,15811003
2017/01/14,15757328
2017/01/15,15795318
2017/01/16,15480422
2017/01/17,15289672
2017/01/18,15009271
2017/01/19,13599592
2017/01/20,13565950
2017/01/21,13561868
2017/01/22,13488937
2017/01/23,13427335
2017/01/24,13357978
2017/01/25,13301687
2017/01/26,13233396
2017/01/27,13238345
2017/01/28,13223633
2017/01/29,12937008
2017/01/30,12760675
2017/01/31,12549265
2017/02/01,12462552
2017/02/02,12200261
2017/02/03,12201662
2017/02/04,12130800
2017/02/05,12125665
2017/02/06,12131072
2017/02/07,12123528
2017/02/08,12118472
2017/02/09,12119740
2017/02/10,12175146
2017/02/11,12146059
2017/02/12,12128592
2017/02/13,12346254
2017/02/14,12569862
2017/02/15,12815776
2017/02/16,12942272
2017/02/17,13015824
2017/02/18,13190423
2017/02/19,13218741
2017/02/20,11537788
2017/02/21,6031429
2017/02/22,6032778
2017/02/23,4984890
2017/02/24,5195976
2017/02/25,5297677
2017/02/26,5464225
2017/02/27,5779472
2017/02/28,7032081
2017/03/01,8320201
2017/03/02,12664890
2017/03/03,14968051
2017/03/04,16165528
2017/03/05,16973850
2017/03/06,18244034
2017/03/07,18715023
2017/03/08,19284814
2017/03/09,20831479
2017/03/10,22030010
2017/03/11,23529243
2017/03/12,26005408
2017/03/13,34218468
2017/03/14,38578866
2017/03/15,43887055
2017/03/16,62812932
2017/03/17,79909684
2017/03/18,87569144
2017/03/19,91913610
2017/03/20,96678568
2017/03/21,101343099
2017/03/22,104854602
2017/03/23,107844022
2017/03/24,114296131
2017/03/25,118061436
2017/03/26,119404876
2017/03/27,122776111
2017/03/28,125436658
2017/03/29,128764792
2017/03/30,137066913
2017/03/31,150285528
2017/04/01,150907944
2017/04/02,154714334
2017/04/03,164541319
2017/04/04,168493921
2017/04/05,172356711
2017/04/06,180718535
2017/04/07,181832417
2017/04/08,180945474
2017/04/09,180360069
2017/04/10,180162946
2017/04/11,179801413
2017/04/12,180231739
2017/04/13,180794468
2017/04/14,180193030
2017/04/15,178727049
2017/04/16,177114978
2017/04/17,175698619
2017/04/18,175382367
2017/04/19,175130733
2017/04/20,176202737
2017/04/21,174224076
2017/04/22,171863097
2017/04/23,169667180
2017/04/24,168910531
2017/04/25,166969680
2017/04/26,167187664
2017/04/27,173709546
2017/04/28,175207542
2017/04/29,174268294
2017/04/30,174868117
2017/05/01,180487948
2017/05/02,183880911
2017/05/03,183481607
2017/05/04,191470587
2017/05/05,197985427
2017/05/06,197652386
2017/05/07,200975087
2017/05/08,211472222
2017/05/09,217037587
2017/05/10,219600917
2017/05/11,225780978
2017/05/12,224364832
2017/05/13,219743112
2017/05/14,218491910
2017/05/15,222442547
2017/05/16,225690394
2017/05/17,224577822
2017/05/18,235028497
2017/05/19,265066824
2017/05/20,265178105
2017/05/21,273630370
2017/05/22,304258101
2017/05/23,344888018
2017/05/24,381691559
2017/05/25,418018842
2017/05/26,440576764
2017/05/27,444685919
2017/05/28,447235899
2017/05/29,457598486
2017/05/30,477778175
2017/05/31,514479803
2017/06/01,571208721
2017/06/02,592583721
2017/06/03,610687150
2017/06/04,629715585
2017/06/05,655737668
2017/06/06,696828423
2017/06/07,730838652
2017/06/08,752142121
2017/06/09,797619346
2017/06/10,852529989
2017/06/11,947235912
2017/06/12,1145250097
2017/06/13,1308385137
2017/06/14,1426032074
2017/06/15,1556649130
2017/06/16,1633425100
2017/06/17,1695526621
2017/06/18,1766184082
2017/06/19,1878607977
2017/06/20,1982173192
2017/06/21,2015990756
2017/06/22,2155311315
2017/06/23,2275369149
2017/06/24,2336187889
2017/06/25,2357444647
2017/06/26,2556267923
2017/06/27,2611853587
2017/06/28,2684359359
2017/06/29,2748143783
2017/06/30,2779107684
2017/07/01,2803463149
2017/07/02,2838551894
2017/07/03,2909510994
2017/07/04,2959538345
2017/07/05,2992419040
2017/07/06,3000596094
2017/07/07,3042413735
2017/07/08,3009983256
2017/07/09,2972595192
2017/07/10,2996173380
2017/07/11,3007235070
2017/07/12,3006808600
2017/07/13,2970680757
2017/07/14,2926362822
2017/07/15,2861618249
2017/07/16,2803632676
2017/07/17,2758178634
2017/07/18,2722737823
2017/07/19,2691770890
2017/07/20,2634888624
2017/07/21,2562766643
2017/07/22,2479932764
2017/07/23,2431435631
2017/07/24,2363157923
2017/07/25,2301004669
2017/07/26,2252411023
2017/07/27,2192528840
2017/07/28,2125973419
2017/07/29,2056032208
2017/07/30,2002199454
2017/07/31,1961748541
2017/08/01,1887049873
2017/08/02,1839182812
2017/08/03,1785597147
2017/08/04,1717081453
2017/08/05,1660872045
2017/08/06,1618452903
2017/08/07,1574275843
2017/08/08,1552530047
2017/08/09,1509877351
2017/08/10,1489637236
2017/08/11,1452602305
2017/08/12,1397026339
2017/08/13,1352633066
2017/08/14,1412997873
2017/08/15,1438733033
2017/08/16,1492631348
2017/08/17,1585344628
2017/08/18,1654265913
2017/08/19,1628554425
2017/08/20,1597605051
2017/08/21,1635185483
2017/08/22,1630885623
2017/08/23,1655309969
2017/08/24,1633955253
2017/08/25,1593486911
2017/08/26,1509936868
2017/08/27,1439966578
2017/08/28,1408823413
2017/08/29,1431077826
2017/08/30,1480221169
2017/08/31,1510345920
2017/09/01,1506332168
2017/09/02,1458149370
2017/09/03,1411484755
2017/09/04,1506203636
2017/09/05,1567368718
2017/09/06,1653286110
2017/09/07,1680621160
2017/09/08,1724224824
2017/09/09,1733558299
2017/09/10,1733122683
2017/09/11,1751202702
2017/09/12,1814820216
2017/09/13,1830008265
2017/09/14,1860533661
2017/09/15,1957978779
2017/09/16,1950643090
2017/09/17,1950835000
2017/09/18,1970119415
2017/09/19,1946501252
2017/09/20,1947606105
2017/09/21,1947263908
2017/09/22,1949577524
2017/09/23,1934444045
2017/09/24,1932771803
2017/09/25,1926236665
2017/09/26,1924967360
2017/09/27,1918894444
2017/09/28,1908652793
2017/09/29,1893313047
2017/09/30,1882783324
2017/10/01,1894101267
2017/10/02,1892124362
2017/10/03,1882568888
2017/10/04,1874263564
2017/10/05,1875553277
2017/10/06,1850308857
2017/10/07,1818185134
2017/10/08,1822043537
2017/10/09,1820378214
2017/10/10,1819150592
2017/10/11,1795570409
2017/10/12,1772857155
2017/10/13,1759252068
2017/10/14,1730125197
2017/10/15,1704637533
2017/10/16,1690730982
2017/10/17,1702375333
2017/10/18,1688071715
2017/10/19,1659370922
2017/10/20,1605090751
2017/10/21,1596373200
2017/10/22,1582454419
2017/10/23,1555157527
2017/10/24,1513352635
2017/10/25,1468583428
2017/10/26,1434491723
2017/10/27,1356507033
2017/10/28,1848325442
2017/10/29,2380155527
2017/10/30,2865160003
2017/10/31,2852541728
2017/11/01,2850526717
2017/11/02,2928234806
2017/11/03,2921994234
2017/11/04,2892085902
2017/11/05,2878671479
2017/11/06,2882899358
2017/11/07,2876626536
2017/11/08,2899921528
2017/11/09,2929516108
2017/11/10,2952644542
2017/11/11,2950092077
2017/11/12,2951723593
2017/11/13,2947714837
2017/11/14,2970238626
2017/11/15,3063979830
2017/11/16,3069446978
2017/11/17,3145946640
2017/11/18,3155014185
2017/11/19,3174072324
2017/11/20,3253514262
2017/11/21,3339607540
2017/11/22,3438695566
2017/11/23,3534472840
2017/11/24,3586471144
2017/11/25,3635617368
2017/11/26,3704366548
2017/11/27,3933325962
2017/11/28,4230542249
2017/11/29,4672814682
2017/11/30,5014202146
2017/12/01,5217092088
2017/12/02,5418999851
2017/12/03,5737792233
2017/12/04,6083811970
2017/12/05,6364657468
2017/12/06,7642026547
2017/12/07,7885113489
2017/12/08,8365450992
2017/12/09,8683621140
2017/12/10,8950287879
2017/12/11,9657286725
2017/12/12,10696865334
2017/12/13,12072962233
2017/12/14,13794047189
2017/12/15,14976174391
2017/12/16,15933324352
2017/12/17,16940774232
2017/12/18,18725081438
2017/12/19,21379482255
2017/12/20,23530077363
2017/12/21,26255791435
2017/12/22,28963941064
2017/12/23,29920159364
2017/12/24,30080998340
2017/12/25,30207131707
2017/12/26,30593610347
2017/12/27,31384047103
2017/12/28,32371555222
2017/12/29,34451422846
2017/12/30,37232400284
2017/12/31,37877049422
2018/01/01,38410515050
2018/01/02,40648839932
2018/01/03,44111038393
2018/01/04,49447189592
2018/01/05,53286569419
2018/01/06,56056905512
2018/01/07,57725250576
2018/01/08,60148282273
2018/01/09,63107184057
2018/01/10,65211382414
2018/01/11,67409547003
2018/01/12,68434187380
2018/01/13,69566466542
2018/01/14,69923041327
2018/01/15,71733758623
2018/01/16,73954783882
2018/01/17,75915843103
2018/01/18,77231875959
2018/01/19,76963728539
2018/01/20,76350587725
2018/01/21,76138316440
2018/01/22,75662521989
2018/01/23,74818809339
2018/01/24,73929794120
2018/01/25,72897769563
2018/01/26,69721858013
2018/01/27,66278079503
2018/01/28,62770289457
2018/01/29,61871176274
2018/01/30,60979420582
2018/01/31,60267637827
2018/02/01,59415390653
2018/02/02,58030192519
2018/02/03,56404127270
2018/02/04,55090622139
2018/02/05,53738799868
2018/02/06,52531346852
2018/02/07,51362068198
2018/02/08,50449749841
2018/02/09,48955021052
2018/02/10,47688440911
2018/02/11,46441181831
2018/02/12,45239647218
2018/02/13,44501409154
2018/02/14,43440842929
2018/02/15,42478596845
2018/02/16,41421577246
2018/02/17,40368726399
2018/02/18,39571985964
2018/02/19,38616064012
2018/02/20,37585582470
2018/02/21,36637888945
2018/02/22,35734981702
2018/02/23,34943805123
2018/02/24,34474236020
2018/02/25,34402226313
2018/02/26,34059566331
2018/02/27,34046391179
2018/02/28,33828240655
2018/03/01,33550010586
2018/03/02,33289184212
2018/03/03,33511889661
2018/03/04,33957010224
2018/03/05,33858967110
2018/03/06,34282836078
2018/03/07,33769954612
2018/03/08,33971040697
2018/03/09,34126867489
2018/03/10,34401504970
2018/03/11,35278524495
2018/03/12,35913819322
2018/03/13,36541914009
2018/03/14,36963087559
2018/03/15,37512886471
2018/03/16,38182482869
2018/03/17,39052437266
2018/03/18,39609143965
2018/03/19,39690580652
2018/03/20,40085040326
2018/03/21,40039542669
2018/03/22,40041513904
2018/03/23,40266696338
2018/03/24,40619685087
2018/03/25,41479068793
2018/03/26,41986951874
2018/03/27,42611324042
2018/03/28,43288038110
2018/03/29,43285052250
2018/03/30,42669493583
2018/03/31,43270457400
2018/04/01,44000635969
2018/04/02,43590143547
2018/04/03,42081952634
2018/04/04,39023473747
2018/04/05,36600239824
2018/04/06,34898936151
2018/04/07,34101030903
2018/04/08,32542409246
2018/04/09,30231234381
2018/04/10,28581508893
2018/04/11,26751097667
2018/04/12,25476126898
2018/04/13,23890463122
2018/04/14,23052988642
2018/04/15,20914241216
2018/04/16,17971264742
2018/04/17,14958343906
2018/04/18,12577797059
2018/04/19,11729433686
2018/04/20,11361298856
2018/04/21,10335013607
2018/04/22,9617460472
2018/04/23,9159219723
2018/04/24,8812139984
2018/04/25,8789654784
2018/04/26,8218211010
2018/04/27,8039089518
2018/04/28,7755250693
2018/04/29,7229129206
2018/04/30,6832128313
2018/05/01,6459880752
2018/05/02,5543742154
2018/05/03,4764733339
2018/05/04,5686858195
2018/05/05,5603135748
2018/05/06,5280601144
2018/05/07,4916180209
2018/05/08,4827156870
2018/05/09,4944358170
2018/05/10,4958835059
2018/05/11,4824623857
2018/05/12,4899144204
2018/05/13,4752265138
2018/05/14,4828188434
2018/05/15,4857703559
2018/05/16,4918250596
2018/05/17,5121180319
2018/05/18,5296691588
2018/05/19,5599633339
2018/05/20,5612522157
2018/05/21,5462776519
2018/05/22,5519504491
2018/05/23,5665451273
2018/05/24,5794819517
2018/05/25,5834646895
2018/05/26,5872798422
2018/05/27,5964489757
2018/05/28,6212689844
2018/05/29,6325908662
2018/05/30,6430670086
2018/05/31,6518828041
2018/06/01,6484106418
2018/06/02,6419397345
2018/06/03,6515308511
2018/06/04,6557402840
2018/06/05,6496135735
2018/06/06,6500473257
2018/06/07,6502270212
2018/06/08,6421228220
2018/06/09,7558335538
2018/06/10,9794545597
2018/06/11,9791769615
2018/06/12,9790853688
2018/06/13,9777650576
2018/06/14,9727838968
2018/06/15,9616613792
2018/06/16,9620136102
2018/06/17,9622866120
2018/06/18,9574928394
2018/06/19,9557529425
2018/06/20,9511180250
2018/06/21,9515667436
2018/06/22,9495367704
2018/06/23,9255547739
2018/06/24,9197450252
2018/06/25,9216549711
2018/06/26,9039891830
2018/06/27,8931228328
2018/06/28,8862952218
2018/06/29,8669280192
2018/06/30,8666541968
2018/07/01,9083836038
2018/07/02,9378699802
2018/07/03,9622474805
2018/07/04,9978389877
2018/07/05,10164521977
2018/07/06,10393670845
2018/07/07,10718910054
2018/07/08,10848670866
2018/07/09,10835008346
2018/07/10,10833553670
2018/07/11,10961305291
2018/07/12,11172347653
2018/07/13,11387785457
2018/07/14,11695138378
2018/07/15,12009412588
2018/07/16,11999064528
2018/07/17,11968586413
2018/07/18,12013687871
2018/07/19,12017842020
2018/07/20,12027865117
2018/07/21,12094043637
2018/07/22,12052835593
2018/07/23,12013469697
2018/07/24,12057930718
2018/07/25,12115570930
2018/07/26,12116448519
2018/07/27,12159561557
2018/07/28,12139709110
2018/07/29,12145199595
2018/07/30,12148376791
2018/07/31,12157194136
2018/08/01,12137085538
2018/08/02,11184252273
2018/08/03,11194628358
2018/08/04,11193974665
2018/08/05,11173616117
2018/08/06,11120607894
2018/08/07,11062825364
2018/08/08,11079347267
2018/08/09,11109026438
2018/08/10,13199327090
2018/08/11,15271878812
2018/08/12,17235957656
2018/08/13,17146235259
2018/08/14,16995353835
2018/08/15,16764478323
2018/08/16,16553587684
2018/08/17,16204726946
2018/08/18,16088601588
2018/08/19,16002726046
2018/08/20,15798717866
2018/08/21,15585908872
2018/08/22,15397706007
2018/08/23,15285631275
2018/08/24,15169222898
2018/08/25,14983284267
2018/08/26,14591233905
2018/08/27,14353363358
2018/08/28,14124204391
2018/08/29,13971588107
2018/08/30,13907764382
2018/08/31,13774974707
2018/09/01,13519462945
2018/09/02,13358549985
2018/09/03,13239593514
2018/09/04,13129068726
2018/09/05,12982673015
2018/09/06,12934504053
2018/09/07,12092137994
2018/09/08,10388229437
2018/09/09,10291509669
2018/09/10,10282617720
2018/09/11,10256822503
2018/09/12,10236744525
2018/09/13,10153712469
2018/09/14,10211243041
2018/09/15,10338885454
2018/09/16,10459296069
2018/09/17,10407078940
2018/09/18,10367427806
2018/09/19,10367108460
2018/09/20,10283578954
2018/09/21,10265066997
2018/09/22,10312283203
2018/09/23,9954049787
2018/09/24,9968205182
2018/09/25,9904716088
2018/09/26,9821928458
2018/09/27,9743951724
2018/09/28,9760446421
2018/09/29,9727511387
2018/09/30,9707015231
2018/10/01,9715595771
2018/10/02,9727676411
2018/10/03,9712401846
2018/10/04,9628513143
2018/10/05,9528200859
2018/10/06,9525048501
2018/10/07,9562076090
2018/10/08,9576106813
2018/10/09,9584197977
2018/10/10,9594609783
2018/10/11,9545089200
2018/10/12,9470439063
2018/10/13,9398757660
2018/10/14,9369559229
2018/10/15,9300047360
2018/10/16,9016315093
2018/10/17,8867740881
2018/10/18,8824108915
2018/10/19,8824039133
2018/10/20,8758066475
2018/10/21,8582290807
2018/10/22,8286431876
2018/10/23,7952624024
2018/10/24,7775677500
2018/10/25,7447813948
2018/10/26,7283029288
2018/10/27,7097452884
2018/10/28,6827407051
2018/10/29,6607987027
2018/10/30,6381725129
2018/10/31,6217758974
2018/11/01,5909165004
2018/11/02,5795591235
2018/11/03,5713804349
2018/11/04,5581843978
2018/11/05,5526186616
2018/11/06,5519833490
2018/11/07,5514125436
2018/11/08,4289624452
2018/11/09,3031942091
2018/11/10,1761110469
2018/11/11,1640781407
2018/11/12,1567027620
2018/11/13,1521573098
2018/11/14,1383365039
2018/11/15,1367231157
2018/11/16,1354682196
2018/11/17,1362989206
2018/11/18,1317668107
2018/11/19,1327184980
2018/11/20,1315600228
2018/11/21,1308516175
2018/11/22,1299594570
2018/11/23,1290049465
2018/11/24,1301718909
2018/11/25,1248747689
2018/11/26,1203141386
2018/11/27,1215855766
2018/11/28,1206017212
2018/11/29,1211951796
2018/11/30,1150190614
2018/12/01,1077869866
2018/12/02,1014495604
2018/12/03,985969088
2018/12/04,942808869
2018/12/05,912632833
2018/12/06,882945263
2018/12/07,870822358
2018/12/08,861925628
2018/12/09,852172336
2018/12/10,851977752
2018/12/11,856241070
2018/12/12,854977560
2018/12/13,859804229
2018/12/14,841692508
2018/12/15,816822841
2018/12/16,815853022
2018/12/17,808603032
2018/12/18,799757515
2018/12/19,797107506
2018/12/20,797551670
2018/12/21,779981391
2018/12/22,795575424
2018/12/23,785826437
2018/12/24,783232207
2018/12/25,772368629
2018/12/26,766859944
2018/12/27,763888791
2018/12/28,715209193
2018/12/29,709036320
2018/12/30,710457197
2018/12/31,691220454
2019/01/01,719614361
2019/01/02,714769095
2019/01/03,693137831
2019/01/04,644781551
2019/01/05,656595647
2019/01/06,667604306
2019/01/07,665811483
2019/01/08,666432114
2019/01/09,664548970
2019/01/10,664567583
2019/01/11,666043013
2019/01/12,720519740
2019/01/13,733927652
2019/01/14,719100451
2019/01/15,691269836
2019/01/16,687265097
2019/01/17,688543485
2019/01/18,689900795
2019/01/19,709400357
2019/01/20,711417495
2019/01/21,704995563
2019/01/22,708944851
2019/01/23,705455513
2019/01/24,699026269
2019/01/25,703555087
2019/01/26,728203747
2019/01/27,678398139
2019/01/28,624072543
2019/01/29,580316121
2019/01/30,564271380
2019/01/31,569460476
2019/02/01,582750947
2019/02/02,629931993
2019/02/03,688041676
2019/02/04,769032937
2019/02/05,848890690
2019/02/06,914559238
2019/02/07,977544739
2019/02/08,1013216705
2019/02/09,1052628411
2019/02/10,1128362535
2019/02/11,1160772724
2019/02/12,1169228410
2019/02/13,1172859962
2019/02/14,1185252635
2019/02/15,1197321408
2019/02/16,1223160870
2019/02/17,1172870000
2019/02/18,1116139968
2019/02/19,1107375815
2019/02/20,1108640386
2019/02/21,1114143272
2019/02/22,1119035687
2019/02/23,1132022685
2019/02/24,1129037417
2019/02/25,1128983855
2019/02/26,1108150519
2019/02/27,1107621212
2019/02/28,1092992442
2019/03/01,1093261155
2019/03/02,1092778029
2019/03/03,1104099966
2019/03/04,1106343358
2019/03/05,1100707426
2019/03/06,1097409919
2019/03/07,1078055240
2019/03/08,1044127383
2019/03/09,1039454093
2019/03/10,1026761795
2019/03/11,1024672579
2019/03/12,1027087429
2019/03/13,1026600001
2019/03/14,1027206770
2019/03/15,1018903731
2019/03/16,999876643
2019/03/17,987099790
2019/03/18,994863465
2019/03/19,992472995
2019/03/20,1000201975
2019/03/21,993969454
2019/03/22,1005496835
2019/03/23,1003437488
2019/03/24,974642605
2019/03/25,1032738739
2019/03/26,1073641017
2019/03/27,1098110913
2019/03/28,1120734552
2019/03/29,1143441108
2019/03/30,1175896096
2019/03/31,1180958967
2019/04/01,1322595124
2019/04/02,1545872405
2019/04/03,1694630313
2019/04/04,1750712092
2019/04/05,1784733922
2019/04/06,1789392219
2019/04/07,1794595502
2019/04/08,1858063794
2019/04/09,1913599338
2019/04/10,1946822334
2019/04/11,2072901945
2019/04/12,2173062978
2019/04/13,2188910214
2019/04/14,2157831840
2019/04/15,2187561557
2019/04/16,2224480070
2019/04/17,2263391258
2019/04/18,2310194220
2019/04/19,2397042490
2019/04/20,2577289594
2019/04/21,2653771489
2019/04/22,2768729088
2019/04/23,2894889347
2019/04/24,2949980815
2019/04/25,2985731401
2019/04/26,2998353188
2019/04/27,2993298672
2019/04/28,2990123207
2019/04/29,3000983981
2019/04/30,3040994046
2019/05/01,3101118333
2019/05/02,3087435539
2019/05/03,3045996670
2019/05/04,2956616253
2019/05/05,2850111819
2019/05/06,2768578873
2019/05/07,2693231708
2019/05/08,2613170731
2019/05/09,2581675027
2019/05/10,2532460731
2019/05/11,2419963875
2019/05/12,2350030109
2019/05/13,2371434354
2019/05/14,2497923276
2019/05/15,2676304716
2019/05/16,2955401222
2019/05/17,3005636276
2019/05/18,2938393801
2019/05/19,2949155666
2019/05/20,3010469365
2019/05/21,3123023342
2019/05/22,3134134837
2019/05/23,3166008702
2019/05/24,3204747667
2019/05/25,3215168992
2019/05/26,3184232799
2019/05/27,3372269899
2019/05/28,3520769782
2019/05/29,3765988430
2019/05/30,3862834309
2019/05/31,3976029897
2019/06/01,4538632241
2019/06/02,4791363055
2019/06/03,4898708567
2019/06/04,4913333423
2019/06/05,4857787411
2019/06/06,4934095515
2019/06/07,4857548545
2019/06/08,4683165067
2019/06/09,4581448498
2019/06/10,4512663520
2019/06/11,4497645921
2019/06/12,4776333077
2019/06/13,4712410220
2019/06/14,4552546737
2019/06/15,4462086053
2019/06/16,4765013203
2019/06/17,4711156397
2019/06/18,4707695439
2019/06/19,4625464997
2019/06/20,4548385698
2019/06/21,4442788598
2019/06/22,4326270952
2019/06/23,4299092335
2019/06/24,4277948752
2019/06/25,4231967906
2019/06/26,4271015962
2019/06/27,4236865131
2019/06/28,4177836004
2019/06/29,4068994935
2019/06/30,4100048610
2019/07/01,4099313234
2019/07/02,4116565135
2019/07/03,4093789177
2019/07/04,4041497229
2019/07/05,3928655348
2019/07/06,3893064398
2019/07/07,3965436957
2019/07/08,3950047007
2019/07/09,3911149488
2019/07/10,3910547240
2019/07/11,3928563897
2019/07/12,3867743984
2019/07/13,3805025816
2019/07/14,3824120607
2019/07/15,3780368652
2019/07/16,3832724884
2019/07/17,3807268474
2019/07/18,3829555502
2019/07/19,3864051358
2019/07/20,3959083984
2019/07/21,4130266529
2019/07/22,4155889162
2019/07/23,4216531860
2019/07/24,4310790994
2019/07/25,4388426054
2019/07/26,4295439707
2019/07/27,4264335597
2019/07/28,4295712393
2019/07/29,4318868298
2019/07/30,4313572681
2019/07/31,4272462216
2019/08/01,4291908294
2019/08/02,4222590122
2019/08/03,4281143895
2019/08/04,4513967092
2019/08/05,4477449663
2019/08/06,4455014801
2019/08/07,4452349700
2019/08/08,4467932621
2019/08/09,4463527621
2019/08/10,4471203634
2019/08/11,4546285633
2019/08/12,4521013089
2019/08/13,4471064998
2019/08/14,4364177996
2019/08/15,4363472313
2019/08/16,4365479834
2019/08/17,4413115843
2019/08/18,4478867893
2019/08/19,4444652653
2019/08/20,4433667650
2019/08/21,4414875392
2019/08/22,4378606421
2019/08/23,4365240708
2019/08/24,4385924199
2019/08/25,4301441243
2019/08/26,4200941635
2019/08/27,4023701242
2019/08/28,3956631767
2019/08/29,3839116268
2019/08/30,3278506991
2019/08/31,3070277719
2019/09/01,2993096622
2019/09/02,2942196664
2019/09/03,2935864741
2019/09/04,2815832998
2019/09/05,2819082781
2019/09/06,2807829088
2019/09/07,2807733862
2019/09/08,2823739605
2019/09/09,2757165976
2019/09/10,2391384044
2019/09/11,2334449421
2019/09/12,2291939179
2019/09/13,2228874899
2019/09/14,1788970402
2019/09/15,1779269630
2019/09/16,1700656247
2019/09/17,1673347272
2019/09/18,1668712747
2019/09/19,1585715503
2019/09/20,1518780760
2019/09/21,1555109496
2019/09/22,1569924598
2019/09/23,1559238434
2019/09/24,1377696018
2019/09/25,1295507032
2019/09/26,1282282567
2019/09/27,1287465990
2019/09/28,1319854362
2019/09/29,1372389918
2019/09/30,1285227299
2019/10/01,1223183282
2019/10/02,1192312199
2019/10/03,1223265929
2019/10/04,1271979798
2019/10/05,1289663815
2019/10/06,1317932480
2019/10/07,1274451182
2019/10/08,1250601325
2019/10/09,1250640658
2019/10/10,1223672318
2019/10/11,1210350237
2019/10/12,1229352900
2019/10/13,1244987843
2019/10/14,1247826111
2019/10/15,1231044470
2019/10/16,1234585089
2019/10/17,1239249431
2019/10/18,1231371608
2019/10/19,1195826539
2019/10/20,1224063154
2019/10/21,1223262090
2019/10/22,1207996319
2019/10/23,1197935679
2019/10/24,1202070162
2019/10/25,1197883793
2019/10/26,1191492212
2019/10/27,1219050362
2019/10/28,1192413021
2019/10/29,1193533946
2019/10/30,1192473815
2019/10/31,1193583826
2019/11/01,1172452705
2019/11/02,1124003510
2019/11/03,1144563219
2019/11/04,1101680036
2019/11/05,1093441007
2019/11/06,1087710726
2019/11/07,1122826652
2019/11/08,1121287785
2019/11/09,1153540537
2019/11/10,1125920689
2019/11/11,1100449694
2019/11/12,1069117079
2019/11/13,1063178892
2019/11/14,1035979697
2019/11/15,1041312052
2019/11/16,1073963179
2019/11/17,1086359710
2019/11/18,1056367288
2019/11/19,1019220132
2019/11/20,1001111201
2019/11/21,973515205
2019/11/22,985748081
2019/11/23,1008044102
2019/11/24,1036126801
2019/11/25,1008107790
2019/11/26,1003283004
2019/11/27,997840979
2019/11/28,1010599277
2019/11/29,1014070544
2019/11/30,1417148933
2019/12/01,1401095469
2019/12/02,1379045335
2019/12/03,1368624624
2019/12/04,1309498436
2019/12/05,1267955455
2019/12/06,1275883404
2019/12/07,1353233077
2019/12/08,1435566323
2019/12/09,1424354312
2019/12/10,1402812233
2019/12/11,1373876651
2019/12/12,1383898925
2019/12/13,1389596905
2019/12/14,1437966377
2019/12/15,1421942076
2019/12/16,1400398320
2019/12/17,1371657596
2019/12/18,1355476247
2019/12/19,1306853213
2019/12/20,1310601951
2019/12/21,1337797253
2019/12/22,1396420609
2019/12/23,1381242366
2019/12/24,1392520594
2019/12/25,1426495744
2019/12/26,1433464679
2019/12/27,1453623924
2019/12/28,1483341456
2019/12/29,1551489546
2019/12/30,1551863358
2019/12/31,1577121343
2020/01/01,1677093936
2020/01/02,1738368110
2020/01/03,1745717329
2020/01/04,1761762082
2020/01/05,1794224221
2020/01/06,1784625441
2020/01/07,1734829924
2020/01/08,1708456558
2020/01/09,1681903547
2020/01/10,1683570419
2020/01/11,1694651770
2020/01/12,1729761133
2020/01/13,1717643177
2020/01/14,1717076398
2020/01/15,1727478270
2020/01/16,1714206833
2020/01/17,1707720247
2020/01/18,1707957094
2020/01/19,1697017295
2020/01/20,1687040678
2020/01/21,1678344624
2020/01/22,1681243740
2020/01/23,1664760286
2020/01/24,1697211082
2020/01/25,1773559634
2020/01/26,1850897062
2020/01/27,1859493050
2020/01/28,1860429703
2020/01/29,1849253552
2020/01/30,1840872729
2020/01/31,1844290790
2020/02/01,1852494607
2020/02/02,1860058421
2020/02/03,1812301647
2020/02/04,1791392154
2020/02/05,1607023749
2020/02/06,1583553010
2020/02/07,1593744156
2020/02/08,1617029917
2020/02/09,1598060580
2020/02/10,1579320738
2020/02/11,1603965879
2020/02/12,1827955313
2020/02/13,1954466301
2020/02/14,2010139838
2020/02/15,2046024221
2020/02/16,2036780352
2020/02/17,2040146540
2020/02/18,2086628103
2020/02/19,2042147196
2020/02/20,1982741097
2020/02/21,2015656199
2020/02/22,2020302323
2020/02/23,2007598461
2020/02/24,2047835205
2020/02/25,2064358753
2020/02/26,2094379205
2020/02/27,2128065173
2020/02/28,1896351232
2020/02/29,1897817882
2020/03/01,1867144223
2020/03/02,1899427457
2020/03/03,1901494047
2020/03/04,1916178447
2020/03/05,1954455304
2020/03/06,1933784348
2020/03/07,1855149498
2020/03/08,1848123963
2020/03/09,1888922634
2020/03/10,1906464841
2020/03/11,1918024537
2020/03/12,1928023965
2020/03/13,2014350031
2020/03/14,1998301325
2020/03/15,1998725709
2020/03/16,2052394698
2020/03/17,2092948583
2020/03/18,2169576101
2020/03/19,2411801973
2020/03/20,2533438744
2020/03/21,2900763128
2020/03/22,2988566628
2020/03/23,3105568890
2020/03/24,3151239093
2020/03/25,3176557182
2020/03/26,3197905950
2020/03/27,3193864165
2020/03/28,3095459799
2020/03/29,3086349693
2020/03/30,3054969839
2020/03/31,2924992889
2020/04/01,2825981577
2020/04/02,2812814170
2020/04/03,2781928016
2020/04/04,2716194763
2020/04/05,2711171892
2020/04/06,2730051033
2020/04/07,2743967778
2020/04/08,2861791746
2020/04/09,2854456401
2020/04/10,2816497121
2020/04/11,2722667379
2020/04/12,2688219660
2020/04/13,2709768615
2020/04/14,2794686233
2020/04/15,2838772133
2020/04/16,2865980738
2020/04/17,2908017338
2020/04/18,2948182400
2020/04/19,2949091994
2020/04/20,2996764173
2020/04/21,2978866226
2020/04/22,2966013464
2020/04/23,2895461124
2020/04/24,2783343296
2020/04/25,2553300857
2020/04/26,2437335489
2020/04/27,2379670793
2020/04/28,2330201937
2020/04/29,2344494346
2020/04/30,2347083631
2020/05/01,2270191685
2020/05/02,2140047429
2020/05/03,2137186965
2020/05/04,2036527666
2020/05/05,1996103950
2020/05/06,1978349940
2020/05/07,1981036100
2020/05/08,2025358905
2020/05/09,2081296708
2020/05/10,2119555281
2020/05/11,2171164148
2020/05/12,2160449806
2020/05/13,2160311214
2020/05/14,2164215734
2020/05/15,2180786636
2020/05/16,2159286931
2020/05/17,2149293711
2020/05/18,2173445730
2020/05/19,2193832625
2020/05/20,2194414243
2020/05/21,2210367019
2020/05/22,2215781793
2020/05/23,2222027124
2020/05/24,2212111766
2020/05/25,2186254285
2020/05/26,2206496674
2020/05/27,2254244011
2020/05/28,2298285517
2020/05/29,2355540436
2020/05/30,2330652618
2020/05/31,2333920808
2020/06/01,2341702263
2020/06/02,2476713832
2020/06/03,2508721251
2020/06/04,2546382115
2020/06/05,2489198512
2020/06/06,2387611311
2020/06/07,2363140191
2020/06/08,2383742275
2020/06/09,2371253146
2020/06/10,2333327690
2020/06/11,2370967849
2020/06/12,2347354237
2020/06/13,2230130782
2020/06/14,2208764679
2020/06/15,2219836435
2020/06/16,2255555796
2020/06/17,2280947465
2020/06/18,2364896636
2020/06/19,2359749225
2020/06/20,2429353421
2020/06/21,2476992237
2020/06/22,2617191901
2020/06/23,2775930333
2020/06/24,2894391153
2020/06/25,2986075186
2020/06/26,2979388325
2020/06/27,2861870118
2020/06/28,2865735139
2020/06/29,2995930744
2020/06/30,3077648768
2020/07/01,3132091817
2020/07/02,3162041841
2020/07/03,3035678167
2020/07/04,2835398278
2020/07/05,2783713908
2020/07/06,2754902775
2020/07/07,2845008653
2020/07/08,2856294872
2020/07/09,2855649807
2020/07/10,2724345807
2020/07/11,2624448090
2020/07/12,2566605096
2020/07/13,2707177920
2020/07/14,2785427312
2020/07/15,2864649890
2020/07/16,2880611587
2020/07/17,2899902000
2020/07/18,2846281518
2020/07/19,2842974411
2020/07/20,2894652013
2020/07/21,2867936353
2020/07/22,2904549307
2020/07/23,2981725687
2020/07/24,2972090852
2020/07/25,2992311002
2020/07/26,3050496365
2020/07/27,3233959693
2020/07/28,3548368377
2020/07/29,3598882535
2020/07/30,3639658645
2020/07/31,3669254741
2020/08/01,3745932820
2020/08/02,3725858772
2020/08/03,3738499708
2020/08/04,3805587315
2020/08/05,3916868744
2020/08/06,4062248370
2020/08/07,4187459135
2020/08/08,4203554995
2020/08/09,4185987866
2020/08/10,4185447039
2020/08/11,4100594100
2020/08/12,3969642974
2020/08/13,3911456701
2020/08/14,3821148559
2020/08/15,3684626402
2020/08/16,3609375867
2020/08/17,3549117830
2020/08/18,3469654225
2020/08/19,3420426335
2020/08/20,3372718120
2020/08/21,3360267116
2020/08/22,3197720147
2020/08/23,3080823543
2020/08/24,3030523901
2020/08/25,2990926377
2020/08/26,2457999220
2020/08/27,2454988570
2020/08/28,2407697496
2020/08/29,2323381488
2020/08/30,2316772916
2020/08/31,2335903386
2020/09/01,2317186095
2020/09/02,2301529778
2020/09/03,2240156166
2020/09/04,2135659552
2020/09/05,1989467256
2020/09/06,1966604232
2020/09/07,1927039423
2020/09/08,1878060784
2020/09/09,1836925018
2020/09/10,1804353365
2020/09/11,1706844882
2020/09/12,1539775749
2020/09/13,1543542077
2020/09/14,1512411402
2020/09/15,1458057121
2020/09/16,1458163824
2020/09/17,2589850496
2020/09/18,2811594817
2020/09/19,2773651693
2020/09/20,2799082139
2020/09/21,2819256576
2020/09/22,2815142094
2020/09/23,2805282166
2020/09/24,2801333963
2020/09/25,2789471556
2020/09/26,2774566034
2020/09/27,2798782812
2020/09/28,2797080185
2020/09/29,2797718421
2020/09/30,2797543088
2020/10/01,2790838964
2020/10/02,2776797276
2020/10/03,2700523546
2020/10/04,2721237030
2020/10/05,2755757529
2020/10/06,2763120701
2020/10/07,2778595644
2020/10/08,2786127688
2020/10/09,2768408041
2020/10/10,2729952228
2020/10/11,2736731804
2020/10/12,2738589981
2020/10/13,2744150962
2020/10/14,2744773559
2020/10/15,3066046905
2020/10/16,3135618049
2020/10/17,3119982007
2020/10/18,3128524102
2020/10/19,3117284203
2020/10/20,3115050415
2020/10/21,3142471589
2020/10/22,3235535335
2020/10/23,3289688408
2020/10/24,3291266549
2020/10/25,3302130120
2020/10/26,3211103504
2020/10/27,3212732842
2020/10/28,3216124116
2020/10/29,3209059352
2020/10/30,3193486220
2020/10/31,3197921984
2020/11/01,3178199817
2020/11/02,3166569704
2020/11/03,3128638439
2020/11/04,3122862391
2020/11/05,3092960528
2020/11/06,3137862633
2020/11/07,3150170608
2020/11/08,3144320190
2020/11/09,3152457598
2020/11/10,3149774429
2020/11/11,3155256468
2020/11/12,3155070177
2020/11/13,3164576499
2020/11/14,3167444727
2020/11/15,3169308041
2020/11/16,3173581120
2020/11/17,3220325789
2020/11/18,3239129815
2020/11/19,3257241404
2020/11/20,3298033960
2020/11/21,3363201743
2020/11/22,3407783345
2020/11/23,3486399366
2020/11/24,3579543131
2020/11/25,3665024513
2020/11/26,3654554433
2020/11/27,3609336779
2020/11/28,3548238142
2020/11/29,3548909150
2020/11/30,3568881183
2020/12/01,3595531706
2020/12/02,3592979213
2020/12/03,3594572883
2020/12/04,3533171186
2020/12/05,3489653954
2020/12/06,3461491833
2020/12/07,3402618364
2020/12/08,3341664026
2020/12/09,3298118428
2020/12/10,3241970160
2020/12/11,3172428659
2020/12/12,3074255824
2020/12/13,3088769009
2020/12/14,3248642842
2020/12/15,3271563123
2020/12/16,2559386012
2020/12/17,2747966798
2020/12/18,2879463173
2020/12/19,2934139422
2020/12/20,2935014131
2020/12/21,2928415569
2020/12/22,2919315154
2020/12/23,3073731763
2020/12/24,3053729444
2020/12/25,3042212589
2020/12/26,2998054466
2020/12/27,3015869593
2020/12/28,3076611241
2020/12/29,3123266964
2020/12/30,3142857869
2020/12/31,3090225496
2021/01/01,2985253417
2021/01/02,2867372085
2021/01/03,2809608789
2021/01/04,2826186933
2021/01/05,2822643413
2021/01/06,2857803916
2021/01/07,3003467300
2021/01/08,3071272297
2021/01/09,3114878228
2021/01/10,3112699931
2021/01/11,3143313043
2021/01/12,3128983586
2021/01/13,3000169842
2021/01/14,3011130038
2021/01/15,3064999902
2021/01/16,3014243395
2021/01/17,2997504634
2021/01/18,3014859676
2021/01/19,3088308307
2021/01/20,3120772893
2021/01/21,3126356796
2021/01/22,3073470079
2021/01/23,2895315592
2021/01/24,2836555341
2021/01/25,2794511531
2021/01/26,2799142370
2021/01/27,2731583527
2021/01/28,2717210854
2021/01/29,2815689888
2021/01/30,2818092743
2021/01/31,2885977775
2021/02/01,2976006523
2021/02/02,3116366320
2021/02/03,3276965680
2021/02/04,3402665518
2021/02/05,3550916123
2021/02/06,3533500843
2021/02/07,3604844741
2021/02/08,3684170555
2021/02/09,3821341034
2021/02/10,3905368258
2021/02/11,4015913360
2021/02/12,4129765583
2021/02/13,4077980685
2021/02/14,4044535161
2021/02/15,4033293303
2021/02/16,4044487236
2021/02/17,4077769912
2021/02/18,4204719414
2021/02/19,4390626533
2021/02/20,4564127034
2021/02/21,4627902047
2021/02/22,4672946642
2021/02/23,4683280090
2021/02/24,4665737032
2021/02/25,4614836315
2021/02/26,4395596050
2021/02/27,4278393807
2021/02/28,4224315200
2021/03/01,4190093674
2021/03/02,4090360763
2021/03/03,4008508089
2021/03/04,3980698553
2021/03/05,3825933998
2021/03/06,3554873826
2021/03/07,3376892632
2021/03/08,3252587087
2021/03/09,3187909551
2021/03/10,3010438565
2021/03/11,2956689664
2021/03/12,2994267190
2021/03/13,3051007431
2021/03/14,3121281909
2021/03/15,3183445024
2021/03/16,3265781151
2021/03/17,3292119289
2021/03/18,3387512373
2021/03/19,3428756724
2021/03/20,3255485172
2021/03/21,3060284780
2021/03/22,2920123339
2021/03/23,2990776050
2021/03/24,2955250622
2021/03/25,3030864664
2021/03/26,3014286146
2021/03/27,2964254072
2021/03/28,2927449212
2021/03/29,2897455411
2021/03/30,2906220816
2021/03/31,2892753206
2021/04/01,2972300982
2021/04/02,3041810780
2021/04/03,3066300291
2021/04/04,3042670937
2021/04/05,3053984318
2021/04/06,3140792850
2021/04/07,3184323339
2021/04/08,3210039827
2021/04/09,3256547368
2021/04/10,3349233960
2021/04/11,3334398115
2021/04/12,3310829126
2021/04/13,3234397773
2021/04/14,4302855371
2021/04/15,4252124979
2021/04/16,5812100629
2021/04/17,6068080417
2021/04/18,6196718980
2021/04/19,6532723249
2021/04/20,7103489080
2021/04/21,7584718213
2021/04/22,8104160055
2021/04/23,8347151896
2021/04/24,8431297221
2021/04/25,8616551824
2021/04/26,8795483022
2021/04/27,8763295991
2021/04/28,9136981750
2021/04/29,9632938134
2021/04/30,9725557281
2021/05/01,9853754168
2021/05/02,9937136245
2021/05/03,10083103012
2021/05/04,10380974982
2021/05/05,10657922655
2021/05/06,11005630396
2021/05/07,11247195991
2021/05/08,12127317536
2021/05/09,13372100215
2021/05/10,14050472132
2021/05/11,14933465182
2021/05/12,15358728723
2021/05/13,15851516621
2021/05/14,16158609016
2021/05/15,16274103703
2021/05/16,16125094765
2021/05/17,16067495085
2021/05/18,15981532703
2021/05/19,15944996166
2021/05/20,15978148118
2021/05/21,15956154613
2021/05/22,15865108131
2021/05/23,15878926909
2021/05/24,15712427674
2021/05/25,15661545001
2021/05/26,15523998320
2021/05/27,15390388339
2021/05/28,15310036161
2021/05/29,15050055219
2021/05/30,14863746436
2021/05/31,14772663185
2021/06/01,14651042788
2021/06/02,14566405514
2021/06/03,14249835464
2021/06/04,14043947138
2021/06/05,13860399569
2021/06/06,13815870914
2021/06/07,13849338472
2021/06/08,13981412834
2021/06/09,14154554189
2021/06/10,14299020169
2021/06/11,14500410649
2021/06/12,14747370232
2021/06/13,14932413151
2021/06/14,15078187266
2021/06/15,15121193154
2021/06/16,15225178822
2021/06/17,15364094109
2021/06/18,15598994994
2021/06/19,16032852950
2021/06/20,16526169021
2021/06/21,16767274311
2021/06/22,16866288869
2021/06/23,17013832295
2021/06/24,17110383641
2021/06/25,17170464043
2021/06/26,17283140380
2021/06/27,17486793526
2021/06/28,17565260438
2021/06/29,17596220555
2021/06/30,17695848036
2021/07/01,17770960238
2021/07/02,17929417471
2021/07/03,18134189949
2021/07/04,18408739575
2021/07/05,18601378026
2021/07/06,18599156849
2021/07/07,18609030548
2021/07/08,18671261247
2021/07/09,18773390114
2021/07/10,18996642352
2021/07/11,19245742679
2021/07/12,19380252803
2021/07/13,17720105581
2021/07/14,17763482725
2021/07/15,15393678823
2021/07/16,15385017522
2021/07/17,15522924222
2021/07/18,15561806459
2021/07/19,15347509389
2021/07/20,15088553549
2021/07/21,14758238611
2021/07/22,14588745296
2021/07/23,14481146289
2021/07/24,14320860750
2021/07/25,14265091363
2021/07/26,14116541499
2021/07/27,13772574842
2021/07/28,13345003274
2021/07/29,13226381116
2021/07/30,13065980245
2021/07/31,12965933504
2021/08/01,12823904352
2021/08/02,12505792040
2021/08/03,12182902491
2021/08/04,11788208571
2021/08/05,11521756047
2021/08/06,10440746279
2021/08/07,8909704924
2021/08/08,7984679444
2021/08/09,6770931760
2021/08/10,6044075958
2021/08/11,5203937573
2021/08/12,4526831095
2021/08/13,3979536674
2021/08/14,3644791816
2021/08/15,3382095473
2021/08/16,3166810918
2021/08/17,3005269399
2021/08/18,2711005668
2021/08/19,2656591799
2021/08/20,2644490942
2021/08/21,2639564964
2021/08/22,2634062970
2021/08/23,2620218217
2021/08/24,2578833158
2021/08/25,2550179721
2021/08/26,2535094001
2021/08/27,3634854213
2021/08/28,3512567722
2021/08/29,3392123446
2021/08/30,3318151146
2021/08/31,3255365818
2021/09/01,3141280814
2021/09/02,3087875940
2021/09/03,3085972232
2021/09/04,3089364071
2021/09/05,3099461634
2021/09/06,3098133544
2021/09/07,3121341953
2021/09/08,3122855082
2021/09/09,3114567331
2021/09/10,3109078865
2021/09/11,3254945795
2021/09/12,3289872867
2021/09/13,3383562176
2021/09/14,3417348929
2021/09/15,3433963720
2021/09/16,3416500587
2021/09/17,3256531818
2021/09/18,3101699212
2021/09/19,3074044361
2021/09/20,3099487227
2021/09/21,3096670452
2021/09/22,3096501854
2021/09/23,3100625629
2021/09/24,3098267962
2021/09/25,3071681879
2021/09/26,2740018170
2021/09/27,2738309177
2021/09/28,2765030528
2021/09/29,2770387857
2021/09/30,2778361254
2021/10/01,2771154528
2021/10/02,2725981508
2021/10/03,2714611483
2021/10/04,2694647456
2021/10/05,2688872901
2021/10/06,2893115475
2021/10/07,3068991778
2021/10/08,3187176002
2021/10/09,3181526577
2021/10/10,3170477692
2021/10/11,3165816683
2021/10/12,3168454160
2021/10/13,3167358658
2021/10/14,3182117154
2021/10/15,3209583417
2021/10/16,3205759785
2021/10/17,3199760088
2021/10/18,3211257725
2021/10/19,3245628063
2021/10/20,3329246906
2021/10/21,3395931074
2021/10/22,3466867230
2021/10/23,3530761564
2021/10/24,3624521079
2021/10/25,3586756862
2021/10/26,3633215621
2021/10/27,3737141185
2021/10/28,4392319296
2021/10/29,4875051502
2021/10/30,5078062292
2021/10/31,5130051532
2021/11/01,5258392351
2021/11/02,5464050138
2021/11/03,5710678739
2021/11/04,5873557705
2021/11/05,5993045523
2021/11/06,6049814406
2021/11/07,6141137650
2021/11/08,6247860755
2021/11/09,6315258087
2021/11/10,6502422174
2021/11/11,6602988557
2021/11/12,6692478637
2021/11/13,6749346807
2021/11/14,6852491097
2021/11/15,6894246051
2021/11/16,6912968858
2021/11/17,7110741852
2021/11/18,7126504539
2021/11/19,7132617176
2021/11/20,7100343982
2021/11/21,7128203641
2021/11/22,7100980367
2021/11/23,7038184823
2021/11/24,7033362523
2021/11/25,5416949895
2021/11/26,5347973102
2021/11/27,5274716898
2021/11/28,5261254181
2021/11/29,5235787022
2021/11/30,5241251848
2021/12/01,5235056228
2021/12/02,5151077430
2021/12/03,5075368305
2021/12/04,4973168432
2021/12/05,5346244789
2021/12/06,5342488942
2021/12/07,5264222105
2021/12/08,5275775347
2021/12/09,5265115653
2021/12/10,5243117960
2021/12/11,5242902424
2021/12/12,5237271832
2021/12/13,5239154869
2021/12/14,5231137483
2021/12/15,5232296019
2021/12/16,5180178034
2021/12/17,5184987320
2021/12/18,5106314680
2021/12/19,4983384433
2021/12/20,4928067374
2021/12/21,4882253318
2021/12/22,4856922454
2021/12/23,4739161477
2021/12/24,4698143415
2021/12/25,4464025813
2021/12/26,4303014996
2021/12/27,4113547559
2021/12/28,3979804347
2021/12/29,3818768805
2021/12/30,3805550351
2021/12/31,3686410372
2022/01/01,3561770393
2022/01/02,3408472894
2022/01/03,3393201789
2022/01/04,3371971226
2022/01/05,3355255378
2022/01/06,3347054045
2022/01/07,3357765627
2022/01/08,3295285421
2022/01/09,3362312770
2022/01/10,3337671608
2022/01/11,3317115351
2022/01/12,3366346074
2022/01/13,3414385140
2022/01/14,3396076531
2022/01/15,3338818046
2022/01/16,3328062955
2022/01/17,3325273334
2022/01/18,3346000454
2022/01/19,3345989674
2022/01/20,3349539176
2022/01/21,3392022914
2022/01/22,3429061950
2022/01/23,3537489034
2022/01/24,3602274087
2022/01/25,3619733871
2022/01/26,2605524257
2022/01/27,2505304342
2022/01/28,2521145426
2022/01/29,2570089873
2022/01/30,2560462594
2022/01/31,2504147077
2022/02/01,2390449526
2022/02/02,2357515266
2022/02/03,2383044535
2022/02/04,2382016650
2022/02/05,2392624608
2022/02/06,2360593440
2022/02/07,2364452345
2022/02/08,2270674548
2022/02/09,2223759808
2022/02/10,2169188852
2022/02/11,2116243990
2022/02/12,2098848124
2022/02/13,2104572477
2022/02/14,2102855964
2022/02/15,1973015034
2022/02/16,1972477604
2022/02/17,1985579407
2022/02/18,2004384040
2022/02/19,1992750752
2022/02/20,2138850256
2022/02/21,2211944812
2022/02/22,2223043579
2022/02/23,2233824078
2022/02/24,2250608434
2022/02/25,2264852631
2022/02/26,2209166109
2022/02/27,2231762763
2022/02/28,2279728510
2022/03/01,2285162155
2022/03/02,2276485499
2022/03/03,2274274048
2022/03/04,2249169615
2022/03/05,1860499502
2022/03/06,1869455013
2022/03/07,1871055440
2022/03/08,1818365534
2022/03/09,1816860604
2022/03/10,1844243631
2022/03/11,1871963213
2022/03/12,1877606251
2022/03/13,1958718680
2022/03/14,2011629370
2022/03/15,1988324412
2022/03/16,2037370672
2022/03/17,1974001127
2022/03/18,2059346004
2022/03/19,2054629658
2022/03/20,2075748990
2022/03/21,2081226535
2022/03/22,2086420274
2022/03/23,2065246542
2022/03/24,1981917154
2022/03/25,1899344587
2022/03/26,1906019520
2022/03/27,1894655808
2022/03/28,1886549479
2022/03/29,1884885247
2022/03/30,1867775952
2022/03/31,1865239718
2022/04/01,1872811229
2022/04/02,1916553086
2022/04/03,2015026428
2022/04/04,2098911788
2022/04/05,2155208569
2022/04/06,2189434871
2022/04/07,2226053271
2022/04/08,2286714803
2022/04/09,2283649227
2022/04/10,2235507459
2022/04/11,2159346185
2022/04/12,2042556851
2022/04/13,1974232566
2022/04/14,1995895951
2022/04/15,2000734557
2022/04/16,2037584627
2022/04/17,2103492627
2022/04/18,2131211316
2022/04/19,2116747164
2022/04/20,2168106424
2022/04/21,2182442558
2022/04/22,2182664621
2022/04/23,2208945583
2022/04/24,2232025285
2022/04/25,2240472213
2022/04/26,2239559958
2022/04/27,2220848384
2022/04/28,2220879961
2022/04/29,2224107203
2022/04/30,2219219939
2022/05/01,2220062162
2022/05/02,2328137859
2022/05/03,2443469805
2022/05/04,2475182808
2022/05/05,2472172561
2022/05/06,2356072988
2022/05/07,2355927036
2022/05/08,2369632146
2022/05/09,2369468358
2022/05/10,2345942835
2022/05/11,2402864139
2022/05/12,2414836640
2022/05/13,2541247281
2022/05/14,2560320036
2022/05/15,2605358017
2022/05/16,2593404685
2022/05/17,2561618918
2022/05/18,2564552288
2022/05/19,2465261443
2022/05/20,2498896961
2022/05/21,2199351339
2022/05/22,2255730766
2022/05/23,2306147425
2022/05/24,2323067186
2022/05/25,2350205010
2022/05/26,2435248592
2022/05/27,2453209208
2022/05/28,2476747398
2022/05/29,2503295119
2022/05/30,2577118556
2022/05/31,2546015831
2022/06/01,2547784592
2022/06/02,2556045659
2022/06/03,2591511726
2022/06/04,2636398476
2022/06/05,2691815936
2022/06/06,2643191687
2022/06/07,2655044439
2022/06/08,2545395314
2022/06/09,2566592696
2022/06/10,2549776936
2022/06/11,2588502095
2022/06/12,2675102841
2022/06/13,2672862088
2022/06/14,2516133250
2022/06/15,2530596454
2022/06/16,2242725851
2022/06/17,2221222565
2022/06/18,2251893165
2022/06/19,2282743910
2022/06/20,2168139456
2022/06/21,2190877803
2022/06/22,2212926904
2022/06/23,2264051029
2022/06/24,2272868385
2022/06/25,2372306256
2022/06/26,2419082942
2022/06/27,2334488828
2022/06/28,2368356103
2022/06/29,2385343777
2022/06/30,2385666256
2022/07/01,2387083177
2022/07/02,2427601424
2022/07/03,2428881679
2022/07/04,2429827709
2022/07/05,2433657737
2022/07/06,2432462984
2022/07/07,2452132921
2022/07/08,2472800049
2022/07/09,2491113688
2022/07/10,2516567575
2022/07/11,2520199518
2022/07/12,2517179719
2022/07/13,2536750044
2022/07/14,2569137937
2022/07/15,2655464255
2022/07/16,2799956251
2022/07/17,2950562064
2022/07/18,2832704572
2022/07/19,2612752063
2022/07/20,2616132913
2022/07/21,2602749303
2022/07/22,2650540275
2022/07/23,2652256786
2022/07/24,2640630220
2022/07/25,2797685857
2022/07/26,6496859962
2022/07/27,6509797582
2022/07/28,6497764668
2022/07/29,6471432640
2022/07/30,6482408124
2022/07/31,6457345976
2022/08/01,6836887055
2022/08/02,6854835941
2022/08/03,6894818046
2022/08/04,8152369496
2022/08/05,8182178528
2022/08/06,8202917030
2022/08/07,8249850291
2022/08/08,8239054435
2022/08/09,8207178975
2022/08/10,8120838861
2022/08/11,7903246012
2022/08/12,7903659421
2022/08/13,7896289845
2022/08/14,7907158986
2022/08/15,7925815646
2022/08/16,7894270504
2022/08/17,7889874297
2022/08/18,7875921268
2022/08/19,7904809681
2022/08/20,7925225548
2022/08/21,7918104983
2022/08/22,7959008013
2022/08/23,7977079415
2022/08/24,7979587975
2022/08/25,7980844124
2022/08/26,8026418151
2022/08/27,8061089551
2022/08/28,8086895789
2022/08/29,8141088459
2022/08/30,8200796809
2022/08/31,8264916588
2022/09/01,8272609750
2022/09/02,8255859528
2022/09/03,8226684278
2022/09/04,8234017581
2022/09/05,8206005823
2022/09/06,8205062191
2022/09/07,8238995177
2022/09/08,8255550386
2022/09/09,8237152269
2022/09/10,8233284115
2022/09/11,8204496835
2022/09/12,8210802242
2022/09/13,8179282871
2022/09/14,8179231642
2022/09/15,11068600724
2022/09/16,16883532056
2022/09/17,22570132885
2022/09/18,22552364569
2022/09/19,22518970059
2022/09/20,22490337563
2022/09/21,22449434765
2022/09/22,22435647534
2022/09/23,22344957353
2022/09/24,22213503329
2022/09/25,22207143754
2022/09/26,22147661858
2022/09/27,22121610187
2022/09/28,22105549772
2022/09/29,22107577026
2022/09/30,22076220790
2022/10/01,22086134263
2022/10/02,22098425659
2022/10/03,22164155747
2022/10/04,22175316648
2022/10/05,22153218744
2022/10/06,22141960534
2022/10/07,22112270643
2022/10/08,22191248963
2022/10/09,22282121711
2022/10/10,22348766711
2022/10/11,22335731151
2022/10/12,22293703987
2022/10/13,22194199789
2022/10/14,22040328124
2022/10/15,21859224658
2022/10/16,21920495565
2022/10/17,21955225293
2022/10/18,22012819796
2022/10/19,22004710835
2022/10/20,21924280739
2022/10/21,21912174615
2022/10/22,21989839119
2022/10/23,21807383560
2022/10/24,17681717792
2022/10/25,17636471565
2022/10/26,17615938530
2022/10/27,17570755870
2022/10/28,17526948905
2022/10/29,17540293010
2022/10/30,16930392920
2022/10/31,16855891512
2022/11/01,16623642265
2022/11/02,14941930882
2022/11/03,14780419722
2022/11/04,14712119195
2022/11/05,14572372105
2022/11/06,14547585809
2022/11/07,14506971988
2022/11/08,14449513946
2022/11/09,14431207909
2022/11/10,14360049370
2022/11/11,14320232009
2022/11/12,14316647344
2022/11/13,14315856963
2022/11/14,14293000400
2022/11/15,14271465343
2022/11/16,14197508078
2022/11/17,14206600518
2022/11/18,14207933478
2022/11/19,14259405925
2022/11/20,14352966357
2022/11/21,14444279168
2022/11/22,14534904147
2022/11/23,14544135628
2022/11/24,14541631232
2022/11/25,14538218485
2022/11/26,14556460003
2022/11/27,14629988208
2022/11/28,14676696292
2022/11/29,14676983926
2022/11/30,14668946624
