Date,difficulty7mom
2016/01/01,1395475558
2016/01/02,-308173582968
2016/01/03,-276347177595
2016/01/04,-197726196670
2016/01/05,-299573482778
2016/01/06,-54835408191
2016/01/07,-332561474917
2016/01/08,-245022740889
2016/01/09,285334722176
2016/01/10,24336068141
2016/01/11,494024941964
2016/01/12,584081210077
2016/01/13,60978582219
2016/01/14,525202974441
2016/01/15,693759447696
2016/01/16,769556367701
2016/01/17,731284792990
2016/01/18,625764798953
2016/01/19,648695285856
2016/01/20,930244938173
2016/01/21,863187018786
2016/01/22,900855516347
2016/01/23,856149082059
2016/01/24,1065245850051
2016/01/25,876165840305
2016/01/26,1072101800004
2016/01/27,1406189047575
2016/01/28,850231576714
2016/01/29,986129204351
2016/01/30,817570179861
2016/01/31,562669856092
2016/02/01,587380951135
2016/02/02,63409431689
2016/02/03,37082613514
2016/02/04,665052707005
2016/02/05,292980619269
2016/02/06,-9266598371
2016/02/07,354433046490
2016/02/08,622364887028
2016/02/09,571150978262
2016/02/10,802141821320
2016/02/11,879989100309
2016/02/12,376900286022
2016/02/13,1230595766308
2016/02/14,1446500289846
2016/02/15,1334903560836
2016/02/16,1450933536213
2016/02/17,1062589524362
2016/02/18,188337615939
2016/02/19,1098400325062
2016/02/20,716757849433
2016/02/21,462055190757
2016/02/22,556738727511
2016/02/23,1087350736403
2016/02/24,901551206584
2016/02/25,1391695441011
2016/02/26,1397976111726
2016/02/27,1750770805793
2016/02/28,1778308803588
2016/02/29,1505056730055
2016/03/01,669866989537
2016/03/02,1366438678932
2016/03/03,2024935093317
2016/03/04,2091572892717
2016/03/05,1908161591301
2016/03/06,2605061265107
2016/03/07,2227708668102
2016/03/08,3038457969082
2016/03/09,2876865908613
2016/03/10,2407538720947
2016/03/11,2541046706645
2016/03/12,3181817109653
2016/03/13,2807270745504
2016/03/14,2901235945221
2016/03/15,80391359078
2016/03/16,-88978858637
2016/03/17,32489669181
2016/03/18,-381641865719
2016/03/19,-1003211413074
2016/03/20,-726155748449
2016/03/21,-797003222277
2016/03/22,1995379643342
2016/03/23,988195687580
2016/03/24,1762324958229
2016/03/25,2571211053353
2016/03/26,2762492661765
2016/03/27,2553576853006
2016/03/28,2499510215901
2016/03/29,2946053542925
2016/03/30,4056478796193
2016/03/31,4088275581043
2016/04/01,2877593276714
2016/04/02,2105430890004
2016/04/03,2318734573523
2016/04/04,3477843871571
2016/04/05,3192075593234
2016/04/06,2844672212161
2016/04/07,750945036072
2016/04/08,2390702976765
2016/04/09,3323826534834
2016/04/10,2788101408293
2016/04/11,1766390588232
2016/04/12,389618616568
2016/04/13,1576043764213
2016/04/14,2904949148481
2016/04/15,2166647551891
2016/04/16,2037485147859
2016/04/17,1137601706089
2016/04/18,2511597347695
2016/04/19,3934069885606
2016/04/20,2912826748146
2016/04/21,3326490042475
2016/04/22,1433780292802
2016/04/23,1988209804467
2016/04/24,2382595413646
2016/04/25,2000225429287
2016/04/26,1463884021788
2016/04/27,927161210066
2016/04/28,1152253546896
2016/04/29,2920621165360
2016/04/30,2839863204896
2016/05/01,3880396630700
2016/05/02,756819921248
2016/05/03,2668226523935
2016/05/04,3083115019442
2016/05/05,1848420829526
2016/05/06,1419608399731
2016/05/07,376326768601
2016/05/08,-21017763095
2016/05/09,2601718194720
2016/05/10,1541402248145
2016/05/11,673438704806
2016/05/12,736085095977
2016/05/13,2734105860800
2016/05/14,2760732335937
2016/05/15,2651495647512
2016/05/16,2494015889271
2016/05/17,760128119878
2016/05/18,3061232607351
2016/05/19,4908889479598
2016/05/20,3233095834025
2016/05/21,3808456745871
2016/05/22,2944081809801
2016/05/23,2955631816587
2016/05/24,4641523472277
2016/05/25,3114881223741
2016/05/26,2432883564307
2016/05/27,1694488635359
2016/05/28,2049170705981
2016/05/29,3559560551010
2016/05/30,3060192332276
2016/05/31,2481479350777
2016/06/01,984566095443
2016/06/02,952759517257
2016/06/03,3249815277738
2016/06/04,2295731695722
2016/06/05,1262429383164
2016/06/06,1885609856447
2016/06/07,2621308200872
2016/06/08,3850212330883
2016/06/09,5254773106882
2016/06/10,1870107375205
2016/06/11,1817757321252
2016/06/12,2486836028395
2016/06/13,3868137847387
2016/06/14,3432818317996
2016/06/15,3883173741973
2016/06/16,1527108030340
2016/06/17,1512431410741
2016/06/18,-1132448598894
2016/06/19,2071543470664
2016/06/20,2024560344599
2016/06/21,358365848470
2016/06/22,1270182244817
2016/06/23,3771721891613
2016/06/24,4417292287689
2016/06/25,7760897285140
2016/06/26,4453144465727
2016/06/27,4135553151343
2016/06/28,5834717641062
2016/06/29,3934309635509
2016/06/30,1542163771455
2016/07/01,2458317898422
2016/07/02,3166316242703
2016/07/03,3856159423629
2016/07/04,2127768953907
2016/07/05,2588779770606
2016/07/06,2116070706005
2016/07/07,2702626995885
2016/07/08,2613093829483
2016/07/09,-214568236980
2016/07/10,715451536082
2016/07/11,1827249682768
2016/07/12,1314445295478
2016/07/13,2796683756990
2016/07/14,2133611774994
2016/07/15,849182319734
2016/07/16,2193936236408
2016/07/17,1147124782193
2016/07/18,512215011374
2016/07/19,656378928573
2016/07/20,-921926466058
2016/07/21,-72418327772
2016/07/22,883034366358
2016/07/23,2205210621995
2016/07/24,1300722113600
2016/07/25,-1732320810005
2016/07/26,-2908204206010
2016/07/27,-7542145393433
2016/07/28,-4075267070236
2016/07/29,-4449684771082
2016/07/30,-6117421625734
2016/07/31,-6429409878389
2016/08/01,-3598737001940
2016/08/02,-6687848009450
2016/08/03,-2754051494067
2016/08/04,-4597452619366
2016/08/05,-1840750547231
2016/08/06,-1674622570184
2016/08/07,-904766578757
2016/08/08,367711791696
2016/08/09,5957837215137
2016/08/10,10226750424641
2016/08/11,9029577346306
2016/08/12,6726304103672
2016/08/13,6669985874971
2016/08/14,6321631058654
2016/08/15,4703665126438
2016/08/16,4812572729814
2016/08/17,2603220808374
2016/08/18,990683565872
2016/08/19,2427727011381
2016/08/20,3772717788251
2016/08/21,3203519614377
2016/08/22,4932006338244
2016/08/23,4190788983903
2016/08/24,4029842077457
2016/08/25,6227789774421
2016/08/26,7575567383164
2016/08/27,5572631750267
2016/08/28,5694902340994
2016/08/29,3702014375825
2016/08/30,2461594622520
2016/08/31,3565995457360
2016/09/01,3257894020969
2016/09/02,95478905657
2016/09/03,-509720171280
2016/09/04,-2926419779310
2016/09/05,-486520916243
2016/09/06,-61677905522
2016/09/07,-453816729064
2016/09/08,-2108846352552
2016/09/09,-1862189763175
2016/09/10,1219238724689
2016/09/11,5306235451250
2016/09/12,3564036988868
2016/09/13,3496112352354
2016/09/14,3941198842074
2016/09/15,4629153516134
2016/09/16,4377394668920
2016/09/17,5691376381593
2016/09/18,1046458581809
2016/09/19,-8324826889309
2016/09/20,3103556081022
2016/09/21,5383009253698
2016/09/22,-1792807229301
2016/09/23,24428255501
2016/09/24,-1209755012545
2016/09/25,3243849913997
2016/09/26,12542677929661
2016/09/27,-3235825994628
2016/09/28,3449477761835
2016/09/29,12387687755401
2016/09/30,10653655219772
2016/10/01,2093402875479
2016/10/02,537280679006
2016/10/03,6117536145268
2016/10/04,14991825083362
2016/10/05,-578365891479
2016/10/06,110353733262
2016/10/07,-13415562650024
2016/10/08,-93297777000
2016/10/09,8945419270472
2016/10/10,4865952069698
2016/10/11,3172351116679
2016/10/12,3356198745532
2016/10/13,-1623788156640
2016/10/14,22083282568189
2016/10/15,19243428564183
2016/10/16,10217276189670
2016/10/17,5730678108055
2016/10/18,3245534535868
2016/10/19,8201559587488
2016/10/20,10626907869326
2016/10/21,10164558458449
2016/10/22,8339113885620
2016/10/23,7172615612153
2016/10/24,9533824219940
2016/10/25,11737268922797
2016/10/26,12425622502965
2016/10/27,11834307319047
2016/10/28,-420447179571
2016/10/29,-18757293160259
2016/10/30,-25970647271938
2016/10/31,-20026912316492
2016/11/01,-31318012155349
2016/11/02,-40064541236373
2016/11/03,-43144094775681
2016/11/04,-44575767633038
2016/11/05,-32031248886456
2016/11/06,-24723040637110
2016/11/07,-23065107866318
2016/11/08,-6086384052855
2016/11/09,3781679175320
2016/11/10,1017007264311
2016/11/11,3422456234137
2016/11/12,7459976706268
2016/11/13,13004227310020
2016/11/14,9510249294021
2016/11/15,2345180090008
2016/11/16,-557765032238
2016/11/17,3998674556218
2016/11/18,5856095662941
2016/11/19,11483972456517
2016/11/20,13684181224212
2016/11/21,16340126961410
2016/11/22,11468109315690
2016/11/23,7646258468096
2016/11/24,1580807399188
2016/11/25,-451487817840
2016/11/26,-2931837890762
2016/11/27,-12811107918219
2016/11/28,-16800055393691
2016/11/29,-12067433009654
2016/11/30,-6304941498132
2016/12/01,2198821082977
2016/12/02,5278917868969
2016/12/03,5235759298844
2016/12/04,10148084377942
2016/12/05,5951308995466
2016/12/06,2197039664115
2016/12/07,4358747572759
2016/12/08,6059309672592
2016/12/09,8014953867488
2016/12/10,6732374210099
2016/12/11,7265607413029
2016/12/12,7277179933169
2016/12/13,11016986386994
2016/12/14,8034967608964
2016/12/15,6164215771769
2016/12/16,4857600823192
2016/12/17,3548745480153
2016/12/18,4822052622892
2016/12/19,8023773901140
2016/12/20,8284047312441
2016/12/21,8433193095393
2016/12/22,6017996492158
2016/12/23,-1972194891818
2016/12/24,-7605997915631
2016/12/25,-9010168892833
2016/12/26,-6373424003050
2016/12/27,-9561179308930
2016/12/28,-10628844602443
2016/12/29,-10053498448545
2016/12/30,-3169459216238
2016/12/31,4144966467135
2017/01/01,1145578770779
2017/01/02,-1937758050257
2017/01/03,-402390435108
2017/01/04,7835862931517
2017/01/05,11597742261071
2017/01/06,12840282442254
2017/01/07,12372319177542
2017/01/08,14638220649528
2017/01/09,16791313925234
2017/01/10,18176954793380
2017/01/11,11777623818694
2017/01/12,9880319857686
2017/01/13,9519053259393
2017/01/14,9071972405617
2017/01/15,9107759230074
2017/01/16,6751929436406
2017/01/17,5095006541451
2017/01/18,2956739952732
2017/01/19,7207452983256
2017/01/20,5501164549471
2017/01/21,5840644744031
2017/01/22,5169371946851
2017/01/23,6975317626145
2017/01/24,6067807698425
2017/01/25,7968604047864
2017/01/26,4470249909436
2017/01/27,5849839674777
2017/01/28,3239290847889
2017/01/29,1866564665062
2017/01/30,-143821000168
2017/01/31,2852081080062
2017/02/01,1535335162240
2017/02/02,2235740168671
2017/02/03,-385654402261
2017/02/04,1067731168690
2017/02/05,7485292398108
2017/02/06,8268192535090
2017/02/07,6671518206056
2017/02/08,8683912885923
2017/02/09,7223059929022
2017/02/10,12099810375943
2017/02/11,12064216492200
2017/02/12,8297166458356
2017/02/13,8289144825944
2017/02/14,10568068923195
2017/02/15,9350769996271
2017/02/16,8881209399208
2017/02/17,8856998957081
2017/02/18,10285182432728
2017/02/19,10758855409989
2017/02/20,9564584095037
2017/02/21,10267522810190
2017/02/22,10936773828845
2017/02/23,9777377951016
2017/02/24,6966323693839
2017/02/25,7907413810296
2017/02/26,10184574308568
2017/02/27,13675852696885
2017/02/28,14287532371715
2017/03/01,12081659937495
2017/03/02,12979220806998
2017/03/03,19974057907891
2017/03/04,15774407067128
2017/03/05,16553952829249
2017/03/06,15601621336107
2017/03/07,11401488011247
2017/03/08,17938707618346
2017/03/09,21143063864250
2017/03/10,12727758401388
2017/03/11,16454762193361
2017/03/12,13787830746299
2017/03/13,13869807014616
2017/03/14,13912082506490
2017/03/15,13583484450555
2017/03/16,11960980878246
2017/03/17,19864160691442
2017/03/18,22449598965194
2017/03/19,13122161340143
2017/03/20,19173892062066
2017/03/21,19786085744989
2017/03/22,17500640256822
2017/03/23,25024896816769
2017/03/24,18189465163194
2017/03/25,13604188356444
2017/03/26,30307849579967
2017/03/27,32248740843449
2017/03/28,29917695414659
2017/03/29,31347466646199
2017/03/30,26103096142303
2017/03/31,29139138971597
2017/04/01,27843607735648
2017/04/02,20862487396940
2017/04/03,-5879477072600
2017/04/04,11039515926410
2017/04/05,13299519919581
2017/04/06,11636852047649
2017/04/07,9435831838536
2017/04/08,13436447813061
2017/04/09,11137700262188
2017/04/10,30195697231692
2017/04/11,20448790010489
2017/04/12,14662580119215
2017/04/13,6186827395551
2017/04/14,22000874646035
2017/04/15,19912663823337
2017/04/16,19406229471648
2017/04/17,19558729142140
2017/04/18,21703074201486
2017/04/19,27808907172186
2017/04/20,29165949922765
2017/04/21,19247505971436
2017/04/22,24713876297693
2017/04/23,25869910386214
2017/04/24,19679376568805
2017/04/25,15568026743132
2017/04/26,20179814644483
2017/04/27,29723540764264
2017/04/28,37809684071419
2017/04/29,44981071942982
2017/04/30,34132512538281
2017/05/01,40961536468793
2017/05/02,36891915480985
2017/05/03,30548582146604
2017/05/04,22725002730944
2017/05/05,21155711595449
2017/05/06,7167543001478
2017/05/07,21009483840384
2017/05/08,17655313620804
2017/05/09,30369685981263
2017/05/10,24199284777768
2017/05/11,32841077984651
2017/05/12,29462228439117
2017/05/13,29231122006729
2017/05/14,51185336814278
2017/05/15,60219372997784
2017/05/16,51509957652980
2017/05/17,44425321643064
2017/05/18,45186570742822
2017/05/19,52399403659768
2017/05/20,61223236579022
2017/05/21,46548526508945
2017/05/22,49054854341241
2017/05/23,31637260335096
2017/05/24,50874077993712
2017/05/25,43263132046368
2017/05/26,24892191637036
2017/05/27,33553426458879
2017/05/28,17850008935970
2017/05/29,24610480304622
2017/05/30,64499677831239
2017/05/31,60745757022135
2017/06/01,1.0328974859713E+14
2017/06/02,1.1796361186089E+14
2017/06/03,1.0248291302028E+14
2017/06/04,1.2850129398424E+14
2017/06/05,1.1194319451613E+14
2017/06/06,1.0188017961686E+14
2017/06/07,1.1281031205414E+14
2017/06/08,79653600730489
2017/06/09,65482497560652
2017/06/10,86482563625685
2017/06/11,85178943613425
2017/06/12,76675179513013
2017/06/13,79520603927428
2017/06/14,80655442471916
2017/06/15,87595702919782
2017/06/16,97136446375149
2017/06/17,99296300621084
2017/06/18,87065302835160
2017/06/19,99134566159065
2017/06/20,1.5256747684588E+14
2017/06/21,1.6111921754018E+14
2017/06/22,144168837863477
2017/06/23,1.444076491527E+14
2017/06/24,1.2715043710226E+14
2017/06/25,1.3473086978746E+14
2017/06/26,1.4838720860159E+14
2017/06/27,83174384942978
2017/06/28,75752575142925
2017/06/29,90329721697316
2017/06/30,90476577848015
2017/07/01,1.0395650729816E+14
2017/07/02,97554864452301
2017/07/03,89088277478353
2017/07/04,96894908281253
2017/07/05,72894692803162
2017/07/06,74467767670584
2017/07/07,66177123316630
2017/07/08,63326422559429
2017/07/09,68899144037057
2017/07/10,1.8579344185627E+14
2017/07/11,1.869486844626E+14
2017/07/12,1.6300248411529E+14
2017/07/13,1.7072779484056E+14
2017/07/14,1.4436959128758E+14
2017/07/15,1.5198210693253E+14
2017/07/16,1.726744283177E+14
2017/07/17,5759146848788
2017/07/18,-305436522107
2017/07/19,48040443374988
2017/07/20,63473704673597
2017/07/21,122415186031383
2017/07/22,70314909807437
2017/07/23,71245893843123
2017/07/24,98014404410401
2017/07/25,1.1448297004852E+14
2017/07/26,97458812800294
2017/07/27,50302281391368
2017/07/28,27396998074370
2017/07/29,53918429753051
2017/07/30,44873632540203
2017/07/31,124042781443792
2017/08/01,278349678524161
2017/08/02,2.7506666424132E+14
2017/08/03,234154616670943
2017/08/04,2.5830001151468E+14
2017/08/05,2.5351061341256E+14
2017/08/06,2.3903054079776E+14
2017/08/07,1.9341621938783E+14
2017/08/08,29526270538043
2017/08/09,54810385297534
2017/08/10,94251509710385
2017/08/11,49483576295065
2017/08/12,1.0683817914476E+14
2017/08/13,91919116858357
2017/08/14,1.0888754614146E+14
2017/08/15,98092327734714
2017/08/16,52195990939446
2017/08/17,88298578264775
2017/08/18,1.0529406940394E+14
2017/08/19,1.0332640051729E+14
2017/08/20,1.0174193486744E+14
2017/08/21,56232183910799
2017/08/22,70048947143157
2017/08/23,1.2952614700981E+14
2017/08/24,89763599592041
2017/08/25,409227506207263
2017/08/26,4.0415284704846E+14
2017/08/27,387540010823153
2017/08/28,3.4819114971018E+14
2017/08/29,3.9969907802735E+14
2017/08/30,3.880934466948E+14
2017/08/31,387348308015706
2017/09/01,78895902544855
2017/09/02,31253797316143
2017/09/03,70156154791843
2017/09/04,110684378124834
2017/09/05,26944865844158
2017/09/06,1449580582785
2017/09/07,38304379103596
2017/09/08,1.1760460125355E+14
2017/09/09,90144942795074
2017/09/10,39607122758678
2017/09/11,68783648819349
2017/09/12,1.442484436607E+14
2017/09/13,91537967857248
2017/09/14,68134213215643
2017/09/15,14923635286039
2017/09/16,28710714600166
2017/09/17,1.0098468417144E+14
2017/09/18,38906453429570
2017/09/19,5484521652716
2017/09/20,56818822911127
2017/09/21,83407680950751
2017/09/22,572139738942595
2017/09/23,6.1068656880016E+14
2017/09/24,5.5473117540338E+14
2017/09/25,560768501944477
2017/09/26,5.0634200447711E+14
2017/09/27,535086319150883
2017/09/28,490688339917020
2017/09/29,-1.3526601718185E+14
2017/09/30,-186907451310875
2017/10/01,-79962964845134
2017/10/02,-51250398945258
2017/10/03,-48290868046876
2017/10/04,-19688794780211
2017/10/05,72675183513786
2017/10/06,109507788548679
2017/10/07,83543125971609
2017/10/08,49871995932891
2017/10/09,69784668776384
2017/10/10,74659137753427
2017/10/11,101031813494135
2017/10/12,-57019443754404
2017/10/13,1.1853312353238E+14
2017/10/14,60560196586347
2017/10/15,46969850302022
2017/10/16,-1008632094741689
2017/10/17,-1.4826905728705E+15
2017/10/18,-1.5847840992777E+15
2017/10/19,-1451423016649460
2017/10/20,-1.5829634502159E+15
2017/10/21,-1447063162730556
2017/10/22,-1.4826084840614E+15
2017/10/23,-4.6650382085584E+14
2017/10/24,66126418511339
2017/10/25,71602972456597
2017/10/26,-23286918295782
2017/10/27,-1448048385228952
2017/10/28,-1.4709351107064E+15
2017/10/29,-1.479882619648E+15
2017/10/30,-1.4558197169244E+15
2017/10/31,-1.4969205785522E+15
2017/11/01,22258344031990
2017/11/02,6307693792303
2017/11/03,1.4195705288711E+15
2017/11/04,1.4052218833296E+15
2017/11/05,1.4395326155805E+15
2017/11/06,1.4338048597723E+15
2017/11/07,1.4122150800615E+15
2017/11/08,-51925825085600
2017/11/09,-22732256124515
2017/11/10,10021125594531
2017/11/11,32522000555234
2017/11/12,47798604220501
2017/11/13,22974339992426
2017/11/14,36539942927436
2017/11/15,-30177235681802
2017/11/16,-23457852739249
2017/11/17,-26375713625707
2017/11/18,-48005647274347
2017/11/19,-85014391017156
2017/11/20,32435049200753
2017/11/21,22707706502740
2017/11/22,38487614423799
2017/11/23,1.217589436665E+14
2017/11/24,1.4613882494567E+14
2017/11/25,1.7233415306007E+14
2017/11/26,1.5106276515724E+14
2017/11/27,47990921312797
2017/11/28,36580124133193
2017/11/29,57932523429665
2017/11/30,23851807866766
2017/12/01,-2405207429430
2017/12/02,8220746440445
2017/12/03,-43628344550637
2017/12/04,-6358771052994
2017/12/05,-30550794528772
2017/12/06,-52330598554262
2017/12/07,-62026804351169
2017/12/08,5940880589381
2017/12/09,-17090980461733
2017/12/10,39675549185756
2017/12/11,44865768558242
2017/12/12,78768893041789
2017/12/13,1.4428768960638E+14
2017/12/14,1.6057997179155E+14
2017/12/15,1.633889171314E+14
2017/12/16,1.8713029069843E+14
2017/12/17,205263527676431
2017/12/18,2.0804080987311E+14
2017/12/19,1.8020402376064E+14
2017/12/20,1.0341197824468E+14
2017/12/21,100241320772816
2017/12/22,9523655102532
2017/12/23,52024077850816
2017/12/24,67954572621411
2017/12/25,69476411367833
2017/12/26,1.293663010342E+14
2017/12/27,1.4787248810374E+14
2017/12/28,1.7488336709462E+14
2017/12/29,1.4474767435205E+14
2017/12/30,82283496245220
2017/12/31,96916447759486
2018/01/01,81842337597000
2018/01/02,58898591212299
2018/01/03,40321036474144
2018/01/04,-20973733691291
2018/01/05,62513315359340
2018/01/06,24492230851670
2018/01/07,31085227439488
2018/01/08,70738077151122
2018/01/09,84787125274549
2018/01/10,1.0156246623277E+14
2018/01/11,1.7997211829729E+14
2018/01/12,166633197126393
2018/01/13,241669911599014
2018/01/14,2.1852189879947E+14
2018/01/15,1.8356211121174E+14
2018/01/16,1.9222966020805E+14
2018/01/17,2.5126874729863E+14
2018/01/18,2.0006416194646E+14
2018/01/19,1.6908242238139E+14
2018/01/20,223020672352118
2018/01/21,2.0364616583745E+14
2018/01/22,2.0578527556985E+14
2018/01/23,1.9754041016712E+14
2018/01/24,2.0279294590469E+14
2018/01/25,232117040303218
2018/01/26,2.3207292905812E+14
2018/01/27,121521455976525
2018/01/28,1.2757886676515E+14
2018/01/29,196224553617814
2018/01/30,196962912890096
2018/01/31,1.6679734518270E+14
2018/02/01,1.5851609613366E+14
2018/02/02,210617881011481
2018/02/03,2.803210342205E+14
2018/02/04,259031441142850
2018/02/05,194865550912417
2018/02/06,1.9082693380637E+14
2018/02/07,2.1045303040904E+14
2018/02/08,1.5560097540687E+14
2018/02/09,165767385006977
2018/02/10,68793845809608
2018/02/11,191324206217308
2018/02/12,1.5748557741354E+14
2018/02/13,184483245118789
2018/02/14,115599084468920
2018/02/15,70581578762654
2018/02/16,113985680955505
2018/02/17,1.3925971411949E+14
2018/02/18,53072669477454
2018/02/19,33224799036338
2018/02/20,-38685086240281
2018/02/21,-41380363576395
2018/02/22,88894726337125
2018/02/23,-23511801367833
2018/02/24,1205699186170
2018/02/25,92624213467504
2018/02/26,53575667976022
2018/02/27,45892084532216
2018/02/28,141132006995454
2018/03/01,121861611820348
2018/03/02,109532620212589
2018/03/03,2.1589077049351E+14
2018/03/04,43718405554005
2018/03/05,1.046926762422E+14
2018/03/06,1.396438480604E+14
2018/03/07,1.4168078144487E+14
2018/03/08,134804101978558
2018/03/09,78639643623430
2018/03/10,-24080668124425
2018/03/11,8726909089497
2018/03/12,55755321841889
2018/03/13,58277764461469
2018/03/14,-58551029142270
2018/03/15,-76937834633978
2018/03/16,1.1752780196573E+14
2018/03/17,94827590949412
2018/03/18,1.1666486105865E+14
2018/03/19,96262337352218
2018/03/20,104748583135046
2018/03/21,1.2558126908663E+14
2018/03/22,64520584260987
2018/03/23,10933551488843
2018/03/24,-42813273982094
2018/03/25,-987796232304
2018/03/26,46197800548054
2018/03/27,-6851467095279
2018/03/28,-2976392723631
2018/03/29,-41953731919885
2018/03/30,-72394017715992
2018/03/31,-29673385021651
2018/04/01,-24950182202765
2018/04/02,-1.3556254790779E+14
2018/04/03,-144267040217060
2018/04/04,-81321090918360
2018/04/05,-32265606239249
2018/04/06,44248243595613
2018/04/07,46809687085668
2018/04/08,-48245102665089
2018/04/09,-108914667273467
2018/04/10,5539561116167
2018/04/11,-30367102279782
2018/04/12,-19712298640707
2018/04/13,-1.7021328508202E+14
2018/04/14,-1.0357030845876E+14
2018/04/15,-53906200121755
2018/04/16,24748058704965
2018/04/17,-3062768062870
2018/04/18,-68456122331439
2018/04/19,-33152694148600
2018/04/20,-15874579911069
2018/04/21,35931023977931
2018/04/22,9269363107031
2018/04/23,67528402730662
2018/04/24,-729889490085
2018/04/25,51147512624579
2018/04/26,114820198709629
2018/04/27,82173605180496
2018/04/28,-39389628375635
2018/04/29,44093407637190
2018/04/30,15074837850622
2018/05/01,-18093222265678
2018/05/02,-17972967315901
2018/05/03,-48586648784160
2018/05/04,50509167247348
2018/05/05,1.1333942192851E+14
2018/05/06,81152501757480
2018/05/07,1.3146468642096E+14
2018/05/08,2.2959604176546E+14
2018/05/09,157096234127178
2018/05/10,1.1516925452897E+14
2018/05/11,82417467313898
2018/05/12,124886261445964
2018/05/13,125027984212726
2018/05/14,-5622013184660
2018/05/15,-80934439983200
2018/05/16,17915825952570
2018/05/17,1161926007867
2018/05/18,-48584703959261
2018/05/19,-116870347658797
2018/05/20,-89045662989908
2018/05/21,19563800093963
2018/05/22,60647288710751
2018/05/23,-34172657094738
2018/05/24,-57315571619104
2018/05/25,-33635539293008
2018/05/26,2916046853145
2018/05/27,-92850827546015
2018/05/28,-1.0932999713713E+14
2018/05/29,-1.0432847408981E+14
2018/05/30,-74914382897200
2018/05/31,25693035689261
2018/06/01,-51337539117872
2018/06/02,-58998857153781
2018/06/03,-12520795336488
2018/06/04,-73245365486617
2018/06/05,13891607126425
2018/06/06,-13865202784172
2018/06/07,-87585455872780
2018/06/08,45203894842284
2018/06/09,109368365186454
2018/06/10,49548028005504
2018/06/11,76790856758847
2018/06/12,1.0019806258444E+14
2018/06/13,106170141671092
2018/06/14,1.1519475212541E+14
2018/06/15,60194427844031
2018/06/16,-10224280422105
2018/06/17,43147569506156
2018/06/18,1.6107389810887E+14
2018/06/19,101986903166983
2018/06/20,1.0617527560388E+14
2018/06/21,179627671018702
2018/06/22,171791030001198
2018/06/23,1.0119586125352E+14
2018/06/24,1.5957198375891E+14
2018/06/25,-330912513761
2018/06/26,-72202659042334
2018/06/27,110922536973354
2018/06/28,-50038627111640
2018/06/29,-49893729921525
2018/06/30,75616525018850
2018/07/01,-93343686367483
2018/07/02,-4569580271154
2018/07/03,93090346934873
2018/07/04,-49871612884584
2018/07/05,1.5390510653954E+14
2018/07/06,132947563479864
2018/07/07,55341414726495
2018/07/08,91228681419973
2018/07/09,139063266361254
2018/07/10,43173423385837
2018/07/11,-79717657796367
2018/07/12,-1.1842361984715E+14
2018/07/13,-65658835887543
2018/07/14,-1.0088543783412E+14
2018/07/15,-30649185855249
2018/07/16,-85633405998221
2018/07/17,-48201904157421
2018/07/18,121306653699549
2018/07/19,-8167522443310
2018/07/20,-18345087492475
2018/07/21,-188116097269302
2018/07/22,-76384846234076
2018/07/23,70437378770313
2018/07/24,-24961231027276
2018/07/25,-2790377342961
2018/07/26,95306023329229
2018/07/27,75227076440788
2018/07/28,308490713075697
2018/07/29,2.1176373317343E+14
2018/07/30,46945872166515
2018/07/31,103811657650745
2018/08/01,39689876160774
2018/08/02,24959446563389
2018/08/03,-25785493778221
2018/08/04,20766396292424
2018/08/05,10143670063318
2018/08/06,32403267267199
2018/08/07,36622406559865
2018/08/08,75923066928925
2018/08/09,51955312205300
2018/08/10,105046057862612
2018/08/11,-11893864376989
2018/08/12,-76677923698368
2018/08/13,-94914594234865
2018/08/14,-21064292136215
2018/08/15,-84293788702815
2018/08/16,-1.6936095281117E+14
2018/08/17,-99346642780107
2018/08/18,-1.1213706364867E+14
2018/08/19,-22073792904738
2018/08/20,-5669592889572
2018/08/21,-29210853780660
2018/08/22,87066048011450
2018/08/23,15295315823372
2018/08/24,-51802998094283
2018/08/25,58853534657616
2018/08/26,100866617362747
2018/08/27,671023548907
2018/08/28,-24931390292286
2018/08/29,-137880096060570
2018/08/30,-19676328513990
2018/08/31,34652167460752
2018/09/01,-73286205825562
2018/09/02,-183813008566820
2018/09/03,-88876748372054
2018/09/04,-96401024253727
2018/09/05,-20610552097256
2018/09/06,-32506396141028
2018/09/07,-66227105036220
2018/09/08,-51299185953506
2018/09/09,-176327697250351
2018/09/10,-185562407001349
2018/09/11,-197413843275777
2018/09/12,-302390659687374
2018/09/13,-3.49841629237E+14
2018/09/14,-256912974902880
2018/09/15,-2.2923467933863E+14
2018/09/16,-80098365799683
2018/09/17,-80888419091421
2018/09/18,-18448352266344
2018/09/19,37568298520099
2018/09/20,1.26596089514E+14
2018/09/21,-30638040889570
2018/09/22,131404915565572
2018/09/23,1.1948761559389E+14
2018/09/24,1.2459541230512E+14
2018/09/25,43663559101045
2018/09/26,1.1300899523891E+14
2018/09/27,100222995247270
2018/09/28,173541371492434
2018/09/29,-12327115630865
2018/09/30,11178458031953
2018/10/01,-24029383797973
2018/10/02,-10630277489864
2018/10/03,-57583902601564
2018/10/04,-15011823469699
2018/10/05,-8645535467286
2018/10/06,-13154207865920
2018/10/07,15128363223863
2018/10/08,70949476224001
2018/10/09,77436210028387
2018/10/10,68825308834372
2018/10/11,-42054174550304
2018/10/12,-39792703613886
2018/10/13,-56175393602122
2018/10/14,-54513075045772
2018/10/15,-96139741317044
2018/10/16,-83767435366180
2018/10/17,-1.0506181339595E+14
2018/10/18,17879032161876
2018/10/19,-23603259455392
2018/10/20,-39227430282645
2018/10/21,-92461063989865
2018/10/22,-1.008437541517E+14
2018/10/23,-1.0572315693818E+14
2018/10/24,-42514113119920
2018/10/25,-1.1533306116320E+14
2018/10/26,-148812626432037
2018/10/27,-29444397140318
2018/10/28,-31791959524222
2018/10/29,-62780120327655
2018/10/30,-381114607992
2018/10/31,-38903533924853
2018/11/01,-60647230650301
2018/11/02,-60290650136896
2018/11/03,-1.2694169036479E+14
2018/11/04,-63027944470148
2018/11/05,-62450846563831
2018/11/06,-86064495075717
2018/11/07,-105692649134197
2018/11/08,614815756668
2018/11/09,-1365539044165
2018/11/10,-1518709546244
2018/11/11,48900045335899
2018/11/12,18459777033875
2018/11/13,19094091405995
2018/11/14,60061010174176
2018/11/15,7581766475422
2018/11/16,85886737070723
2018/11/17,14672073899615
2018/11/18,-90609195810092
2018/11/19,-11538793559337
2018/11/20,-1.0718457746418E+14
2018/11/21,-2.7309651356680E+14
2018/11/22,-3.1306738814912E+14
2018/11/23,-324433718749312
2018/11/24,-256931435231046
2018/11/25,-284775668997529
2018/11/26,-301612972204979
2018/11/27,-409060407414463
2018/11/28,-389917246622668
2018/11/29,-3.3764342398833E+14
2018/11/30,-3.3895628807008E+14
2018/12/01,-2.4432635070356E+14
2018/12/02,-2.8156716533832E+14
2018/12/03,-272903022369221
2018/12/04,-49457273088688
2018/12/05,-681625584954
2018/12/06,24427628645227
2018/12/07,-65118811505877
2018/12/08,-2.0356432210072E+14
2018/12/09,-136400495611705
2018/12/10,-62194308744844
2018/12/11,-1.1627252796128E+14
2018/12/12,-1.4100578268608E+14
2018/12/13,-2.2447442463822E+14
2018/12/14,-143970236886653
2018/12/15,-86849327406005
2018/12/16,-66425948910512
2018/12/17,-1.1818265400812E+14
2018/12/18,-1.3059097360262E+14
2018/12/19,-3594616152624
2018/12/20,22309880196004
2018/12/21,46820825383518
2018/12/22,45109338435473
2018/12/23,78335027468005
2018/12/24,1.447163418543E+14
2018/12/25,2.3649676955033E+14
2018/12/26,271962560162553
2018/12/27,2.5760231568943E+14
2018/12/28,188544889288805
2018/12/29,171239558367890
2018/12/30,192134053348065
2018/12/31,1.1808964682282E+14
2019/01/01,-58203611279769
2019/01/02,-1.0209559002366E+14
2019/01/03,92259146493331
2019/01/04,1.4023055035262E+14
2019/01/05,1.986839552469E+14
2019/01/06,2.0329394456475E+14
2019/01/07,1.9735243400607E+14
2019/01/08,270381717618775
2019/01/09,2.7952455081338E+14
2019/01/10,83154277986064
2019/01/11,99892203729438
2019/01/12,-12533839400487
2019/01/13,-88239961599747
2019/01/14,-68232707211543
2019/01/15,33455671376071
2019/01/16,-82846629463585
2019/01/17,-93531527352155
2019/01/18,-1.2036925142367E+14
2019/01/19,12269922020186
2019/01/20,65426607451445
2019/01/21,2.0750273071664E+14
2019/01/22,1.7666833059014E+14
2019/01/23,1.3178608332421E+14
2019/01/24,224273757541222
2019/01/25,240860818842600
2019/01/26,1.1206309869492E+14
2019/01/27,65934482744886
2019/01/28,-2.3558558298528E+14
2019/01/29,-4.3498458414179E+14
2019/01/30,-3.4829806731468E+14
2019/01/31,-339346909552088
2019/02/01,-4.0449624822403E+14
2019/02/02,-390223386403975
2019/02/03,-384890767379972
2019/02/04,-2.4335579938822E+14
2019/02/05,-79768856608233
2019/02/06,-55696775308802
2019/02/07,-1.3168719717486E+14
2019/02/08,-36310940352513
2019/02/09,11179509326354
2019/02/10,4.4500620519955E+14
2019/02/11,4.2855126621173E+14
2019/02/12,481497809742575
2019/02/13,4.6484339281512E+14
2019/02/14,429814939848751
2019/02/15,386839075085759
2019/02/16,421403058560200
2019/02/17,-12432241466597
2019/02/18,10089697598542
2019/02/19,85819778408821
2019/02/20,120647296432956
2019/02/21,1.7208706338701E+14
2019/02/22,151428512774838
2019/02/23,2.281462803847E+14
2019/02/24,2.2380638149369E+14
2019/02/25,1.6555633602597E+14
2019/02/26,46917064632804
2019/02/27,40478742151386
2019/02/28,-8520229436240
2019/03/01,-8.7371006907183E+14
2019/03/02,-1.0963859866071E+15
2019/03/03,-1.1019369743614E+15
2019/03/04,-1.0788119438211E+15
2019/03/05,-1.075832065251E+15
2019/03/06,-1.0631446608372E+15
2019/03/07,-1022927164155346
2019/03/08,-1.0687442771302E+14
2019/03/09,-40065073966278
2019/03/10,-24801649826809
2019/03/11,-3929665235866
2019/03/12,-48840562611791
2019/03/13,-70379815876279
2019/03/14,-51946707698010
2019/03/15,-70301419784284
2019/03/16,9411477174706
2019/03/17,17408902973429
2019/03/18,-178721473926
2019/03/19,-44353566180141
2019/03/20,24726936306610
2019/03/21,9066923861828
2019/03/22,-17067488388501
2019/03/23,-59007169327959
2019/03/24,-54978796228263
2019/03/25,-39818852773797
2019/03/26,-15111162308204
2019/03/27,-1.0471164769898E+14
2019/03/28,-86412395157048
2019/03/29,-50593968094289
2019/03/30,-116632828115394
2019/03/31,-125252300147236
2019/04/01,-33604483342609
2019/04/02,2472121429454
2019/04/03,27631588056807
2019/04/04,44290853462235
2019/04/05,29902662015499
2019/04/06,1.2623481728435E+14
2019/04/07,101759932684767
2019/04/08,15860480695584
2019/04/09,54929172140269
2019/04/10,89320824624092
2019/04/11,74957894655783
2019/04/12,57712823253602
2019/04/13,55198503081480
2019/04/14,106378646048596
2019/04/15,98096162784319
2019/04/16,45488672203796
2019/04/17,-15150624896472
2019/04/18,-40239301413956
2019/04/19,2661080742920
2019/04/20,-24806289495728
2019/04/21,-52732832714396
2019/04/22,-18317657475289
2019/04/23,-1029482322030
2019/04/24,-9447563696731
2019/04/25,-3650483474636
2019/04/26,-32875387648791
2019/04/27,20483570912245
2019/04/28,8259858058774
2019/04/29,294710145039
2019/04/30,32738793971288
2019/05/01,65938470800856
2019/05/02,57760254370132
2019/05/03,48086266819451
2019/05/04,51556503819440
2019/05/05,73007194067961
2019/05/06,12277398680927
2019/05/07,16663455126032
2019/05/08,13536262157480
2019/05/09,25124108408901
2019/05/10,28484911449873
2019/05/11,4181878472384
2019/05/12,12423630275933
2019/05/13,46115061849284
2019/05/14,60495510240350
2019/05/15,94429820532693
2019/05/16,95032546585254
2019/05/17,1.9039160061341E+14
2019/05/18,212851605173575
2019/05/19,1.4490517018759E+14
2019/05/20,1.3033091498433E+14
2019/05/21,53459023692205
2019/05/22,36052251881222
2019/05/23,22515822277753
2019/05/24,-108793604466438
2019/05/25,-1.4650591162714E+14
2019/05/26,-100481722721495
2019/05/27,-9831431666673
2019/05/28,-20693213778273
2019/05/29,55270316334491
2019/05/30,93606529038027
2019/05/31,93792117416875
2019/06/01,96747614268853
2019/06/02,1.3666934807605E+14
2019/06/03,-21059157895585
2019/06/04,33376522930956
2019/06/05,-95303609004609
2019/06/06,-43952470892013
2019/06/07,18426311742603
2019/06/08,-48138999327968
2019/06/09,-126552604956900
2019/06/10,-32568069498583
2019/06/11,-35688044748439
2019/06/12,6081206723343
2019/06/13,-1.013156811551E+14
2019/06/14,-1.1440211364244E+14
2019/06/15,-54319798407127
2019/06/16,-19561489382884
2019/06/17,-6603691711496
2019/06/18,-7245787236969
2019/06/19,23138534032995
2019/06/20,30917010071668
2019/06/21,17159732558842
2019/06/22,-15200369967675
2019/06/23,22894710383124
2019/06/24,50779049031488
2019/06/25,63109878079760
2019/06/26,1.2721707911595E+14
2019/06/27,1.3763952709186E+14
2019/06/28,106032734377842
2019/06/29,1.947403015E+14
2019/06/30,1.5895804402801E+14
2019/07/01,89393635445022
2019/07/02,102849776948813
2019/07/03,-42895049138107
2019/07/04,-50059193413252
2019/07/05,8274549652784
2019/07/06,-29254519130451
2019/07/07,-37103668950773
2019/07/08,-29140678586451
2019/07/09,-11256996658801
2019/07/10,60857445763424
2019/07/11,1.1891841742386E+14
2019/07/12,1.3294743248746E+14
2019/07/13,77063870355342
2019/07/14,1.0973321638018E+14
2019/07/15,1.4368142613268E+14
2019/07/16,15817115438688
2019/07/17,48254681139727
2019/07/18,7491103946284
2019/07/19,-68717464289786
2019/07/20,-17819564062848
2019/07/21,-59573139494843
2019/07/22,-1.1588832281900E+14
2019/07/23,-1651541203169
2019/07/24,-33226075673738
2019/07/25,-35336142462531
2019/07/26,-19284716740372
2019/07/27,24257219341394
2019/07/28,26971142185005
2019/07/29,65610201323616
2019/07/30,47788264947455
2019/07/31,1312170090610
2019/08/01,-22379900621978
2019/08/02,5230753957557
2019/08/03,-13189184237454
2019/08/04,47644053096979
2019/08/05,67640407422635
2019/08/06,54882356578910
2019/08/07,89869985180076
2019/08/08,1.270969599522E+14
2019/08/09,103308494029549
2019/08/10,89502139854507
2019/08/11,23684940332386
2019/08/12,13336036268846
2019/08/13,21179725306065
2019/08/14,-16685681316102
2019/08/15,2969768428914
2019/08/16,-3577287711321
2019/08/17,21852161153939
2019/08/18,-30962920548168
2019/08/19,-28425378723619
2019/08/20,-76573374607481
2019/08/21,-58887762204322
2019/08/22,-1.3660683055821E+14
2019/08/23,-73578087651232
2019/08/24,-1.1259162618215E+14
2019/08/25,-102469683128008
2019/08/26,-34896326959676
2019/08/27,-90638517292548
2019/08/28,-47123174856284
2019/08/29,50119433358906
2019/08/30,52508277982411
2019/08/31,11790773686950
2019/09/01,62657846417133
2019/09/02,-3089778766645
2019/09/03,119174466732542
2019/09/04,45431439124929
2019/09/05,6879026952293
2019/09/06,-88008092561190
2019/09/07,36308231891700
2019/09/08,55784498579335
2019/09/09,85447333390
2019/09/10,-12938987815189
2019/09/11,35284786784137
2019/09/12,91290911740882
2019/09/13,1.4258212954078E+14
2019/09/14,41432612557890
2019/09/15,36900467033709
2019/09/16,116045476797692
2019/09/17,1.6198059731812E+14
2019/09/18,186961478259576
2019/09/19,97809499597966
2019/09/20,105321410388247
2019/09/21,188211537864332
2019/09/22,1.3003829186578E+14
2019/09/23,1.3290812506131E+14
2019/09/24,33002852492044
2019/09/25,22957396340672
2019/09/26,77775180186566
2019/09/27,58508015659064
2019/09/28,-31573035140498
2019/09/29,884685885795
2019/09/30,-31028626955738
2019/10/01,-5970022385069
2019/10/02,-60071319514326
2019/10/03,-1.3003676786948E+14
2019/10/04,-97789605416572
2019/10/05,-88139440468228
2019/10/06,-57992928167531
2019/10/07,-62422838087731
2019/10/08,-60930556147030
2019/10/09,-43236480049216
2019/10/10,44404269583772
2019/10/11,87821318402900
2019/10/12,20899668240564
2019/10/13,67603797644149
2019/10/14,12860005376176
2019/10/15,1.273198419868E+14
2019/10/16,1.2349976249585E+14
2019/10/17,68274629885752
2019/10/18,-66496579634810
2019/10/19,74886914303938
2019/10/20,19487798043419
2019/10/21,5721265417862
2019/10/22,-124184922197691
2019/10/23,-10152419699373
2019/10/24,-27866756778422
2019/10/25,15790558551888
2019/10/26,-47546831979789
2019/10/27,-64248069554496
2019/10/28,-10938731974367
2019/10/29,34697955923867
2019/10/30,-29025644545003
2019/10/31,8210047468486
2019/11/01,42120573827682
2019/11/02,27393774614806
2019/11/03,10843669164265
2019/11/04,-2316739872927
2019/11/05,-4783085862099
2019/11/06,8747663639657
2019/11/07,1545526175379
2019/11/08,-23992488868074
2019/11/09,5870228364827
2019/11/10,96292160619025
2019/11/11,88314473329144
2019/11/12,91852253918898
2019/11/13,103280914078821
2019/11/14,48401666003200
2019/11/15,62850296529615
2019/11/16,-14995700847741
2019/11/17,-19146695455763
2019/11/18,41577365901546
2019/11/19,-103479196961141
2019/11/20,-208402430221255
2019/11/21,-60964838289687
2019/11/22,-69275797269542
2019/11/23,-13774943825280
2019/11/24,-53738601881177
2019/11/25,-2305073763144
2019/11/26,43077691361703
2019/11/27,1.6609547929356E+14
2019/11/28,82574857824427
2019/11/29,104043820898039
2019/11/30,91856861720839
2019/12/01,79357681480803
2019/12/02,6380932025747
2019/12/03,1.3241326013193E+14
2019/12/04,36248396673555
2019/12/05,-26828076075723
2019/12/06,-46262524573966
2019/12/07,24219450825887
2019/12/08,-43883691132124
2019/12/09,-39824490495396
2019/12/10,-16596982861011
2019/12/11,-34832854182719
2019/12/12,-4666976505119
2019/12/13,129428922490917
2019/12/14,2.9186940173039E+14
2019/12/15,319451982985012
2019/12/16,3.0129429286279E+14
2019/12/17,122146359255445
2019/12/18,75694903751529
2019/12/19,87269492579214
2019/12/20,-93928624480140
2019/12/21,-2.9568872486693E+14
2019/12/22,-2.5125918124765E+14
2019/12/23,-2.3450495646534E+14
2019/12/24,-1.5646410321554E+14
2019/12/25,-93519091879983
2019/12/26,-105474459068399
2019/12/27,-35663468651814
2019/12/28,-23505839577099
2019/12/29,5297743604089
2019/12/30,-16870839434466
2019/12/31,-9171684739513
2020/01/01,-50649532220585
2020/01/02,-2.6663291618178E+14
2020/01/03,-5.090783194683E+14
2020/01/04,-4.5213908817603E+14
2020/01/05,-5.1848443405742E+14
2020/01/06,-5.1648027364053E+14
2020/01/07,-418639547105571
2020/01/08,-3.9054356759035E+14
2020/01/09,-207020800080262
2020/01/10,94029592881072
2020/01/11,19067729672603
2020/01/12,33393722303419
2020/01/13,47961201757668
2020/01/14,-33959249311796
2020/01/15,54232595329421
2020/01/16,69253188748656
2020/01/17,4185602638896
2020/01/18,-21732930761454
2020/01/19,-6471266244458
2020/01/20,16854909403784
2020/01/21,23707412043026
2020/01/22,-28236230138741
2020/01/23,-8169190735110
2020/01/24,45976504011801
2020/01/25,18745987713090
2020/01/26,4388288058801
2020/01/27,-19998986306664
2020/01/28,-42979115740897
2020/01/29,-7754984036488
2020/01/30,-18490313406440
2020/01/31,-69504981630323
2020/02/01,-46691842980915
2020/02/02,19940319580039
2020/02/03,6767460594474
2020/02/04,49427876986069
2020/02/05,16541983953099
2020/02/06,36416258010332
2020/02/07,32146626022395
2020/02/08,95545228865222
2020/02/09,21665468300056
2020/02/10,31963245879738
2020/02/11,41571750920720
2020/02/12,64351768998799
2020/02/13,1.016756784177E+14
2020/02/14,1.1131522546403E+14
2020/02/15,73746537605296
2020/02/16,1.0317952482162E+14
2020/02/17,1.1787014384519E+14
2020/02/18,97344901832061
2020/02/19,1.4995432783532E+14
2020/02/20,73513828407229
2020/02/21,35698511490832
2020/02/22,62357617699332
2020/02/23,48067576730741
2020/02/24,79259841912810
2020/02/25,8138356610775
2020/02/26,-60661188061177
2020/02/27,72279509806629
2020/02/28,49618518205985
2020/02/29,18189441177507
2020/03/01,10945662967441
2020/03/02,-69724312682095
2020/03/03,9819599339051
2020/03/04,29164453776159
2020/03/05,-28235879810272
2020/03/06,-61656865700600
2020/03/07,-24128259144353
2020/03/08,45901860891234
2020/03/09,61010485685190
2020/03/10,26897274738109
2020/03/11,-34490016932337
2020/03/12,-28749386145404
2020/03/13,14826489506811
2020/03/14,-96726918219443
2020/03/15,-139697146241613
2020/03/16,-1.0034821735824E+14
2020/03/17,-1.532396769673E+14
2020/03/18,-67856038804075
2020/03/19,-93639471284921
2020/03/20,-49475224747940
2020/03/21,51933743104571
2020/03/22,-23035199473878
2020/03/23,-43606835728219
2020/03/24,98410330889702
2020/03/25,11524819093411
2020/03/26,26035663218904
2020/03/27,11607834923763
2020/03/28,-9087756247725
2020/03/29,78181378401248
2020/03/30,96674655479677
2020/03/31,-38592082889929
2020/04/01,-3500221726518
2020/04/02,44750468903877
2020/04/03,23558453276416
2020/04/04,-28279894010692
2020/04/05,-23314006500376
2020/04/06,-1.1140514412936E+14
2020/04/07,-17144667793385
2020/04/08,17170933676264
2020/04/09,-47391851287152
2020/04/10,21987088772880
2020/04/11,7852057594450
2020/04/12,20108749180583
2020/04/13,69718089388501
2020/04/14,95154889734435
2020/04/15,42247729565465
2020/04/16,55959162692585
2020/04/17,-4420745389669
2020/04/18,57762044893432
2020/04/19,-41575717030452
2020/04/20,-29983869271836
2020/04/21,-39548860631295
2020/04/22,-43687022836146
2020/04/23,-7775304459154
2020/04/24,-14170326952088
2020/04/25,-39231697645415
2020/04/26,33824224332392
2020/04/27,-7638502946713
2020/04/28,-53466650581138
2020/04/29,33742401455111
2020/04/30,14144909501350
2020/05/01,89798191014241
2020/05/02,114372558655246
2020/05/03,52938756905856
2020/05/04,1.616838817136E+14
2020/05/05,1.7513586478756E+14
2020/05/06,65094844408131
2020/05/07,-33130771912733
2020/05/08,-44275557082112
2020/05/09,-34839066960405
2020/05/10,-40769379484813
2020/05/11,-72674912069594
2020/05/12,-86383642721518
2020/05/13,-53785332777446
2020/05/14,39620766894385
2020/05/15,54358882592241
2020/05/16,-19748135547941
2020/05/17,87226666137839
2020/05/18,5531294095149
2020/05/19,-24364660425680
2020/05/20,48991621611935
2020/05/21,-45208016489754
2020/05/22,-70465513254193
2020/05/23,-2767156600124
2020/05/24,-21747625663081
2020/05/25,-9760522267293
2020/05/26,-2281906471553
2020/05/27,-2698572019813
2020/05/28,21804152457677
2020/05/29,16826834992773
2020/05/30,26903145175378
2020/05/31,24156321234204
2020/06/01,37269632889347
2020/06/02,68146675450995
2020/06/03,61807624699210
2020/06/04,108069566365996
2020/06/05,41150307742011
2020/06/06,40457014583690
2020/06/07,37716424946332
2020/06/08,33958175796150
2020/06/09,-23338189958891
2020/06/10,-80253475225525
2020/06/11,-86143573581155
2020/06/12,-40419866937322
2020/06/13,-49237959319137
2020/06/14,-65541462553257
2020/06/15,-30681621039525
2020/06/16,67900772753896
2020/06/17,24708240057915
2020/06/18,15002385871930
2020/06/19,54836966483821
2020/06/20,66998602087717
2020/06/21,45943642574996
2020/06/22,16690216449786
2020/06/23,-3017851640099
2020/06/24,60533204494493
2020/06/25,108608800132825
2020/06/26,76262391807710
2020/06/27,28731289442299
2020/06/28,-5132768282243
2020/06/29,78198499135281
2020/06/30,7779635992922
2020/07/01,-24478776876240
2020/07/02,-46961136366720
2020/07/03,-24057592172697
2020/07/04,20768752551821
2020/07/05,35957093928292
2020/07/06,-7956274539718
2020/07/07,-8283424087638
2020/07/08,90449910647623
2020/07/09,44973373923028
2020/07/10,9086375315391
2020/07/11,-11405896824177
2020/07/12,46563281971489
2020/07/13,55286772454069
2020/07/14,59016913321225
2020/07/15,-43595151267305
2020/07/16,13607274756972
2020/07/17,-30743149720606
2020/07/18,5398162381905
2020/07/19,634910207162
2020/07/20,-81821305446984
2020/07/21,-1.0653393153531E+14
2020/07/22,-107364746626870
2020/07/23,-56813358236521
2020/07/24,90959524389902
2020/07/25,-18502766626154
2020/07/26,7050201257102
2020/07/27,87559558740606
2020/07/28,208753341380941
2020/07/29,256569083991014
2020/07/30,1.3578807735872E+14
2020/07/31,-57414376021921
2020/08/01,55032213364273
2020/08/02,83451464906359
2020/08/03,-22165584511571
2020/08/04,-48060286228201
2020/08/05,-80760821598757
2020/08/06,-42964110646241
2020/08/07,1.2266022084948E+14
2020/08/08,105149911390551
2020/08/09,77028085622099
2020/08/10,1.4508821886438E+14
2020/08/11,71137576937496
2020/08/12,1.0882265307837E+14
2020/08/13,130536924876160
2020/08/14,1.5870875832907E+14
2020/08/15,1.8545573036949E+14
2020/08/16,64484187682126
2020/08/17,8530877096670
2020/08/18,-56729796838385
2020/08/19,37245251675188
2020/08/20,75498735233185
2020/08/21,52593832480228
2020/08/22,-23352093405379
2020/08/23,72838072308752
2020/08/24,144676605526794
2020/08/25,282502233189728
2020/08/26,137123456396985
2020/08/27,66993844105286
2020/08/28,51847243985570
2020/08/29,-4453233671415
2020/08/30,15362985515656
2020/08/31,7754579297035
2020/09/01,117916651208925
2020/09/02,1.3922818511493E+14
2020/09/03,1.0526622330082E+14
2020/09/04,117807993279854
2020/09/05,247041577539895
2020/09/06,256897950388810
2020/09/07,3.3085901719544E+14
2020/09/08,139257790222665
2020/09/09,132676130860728
2020/09/10,1.1581152077251E+14
2020/09/11,138197939711859
2020/09/12,172133548623011
2020/09/13,95354633062691
2020/09/14,21478863875392
2020/09/15,87168013545021
2020/09/16,57901517667824
2020/09/17,2.1431049497412E+14
2020/09/18,83109747250892
2020/09/19,16524802485755
2020/09/20,57543696098451
2020/09/21,1.0895021004008E+14
2020/09/22,77277622171605
2020/09/23,1.5144482369233E+14
2020/09/24,-30363918156540
2020/09/25,33583739049844
2020/09/26,1.1370017621176E+14
2020/09/27,117408333296661
2020/09/28,47952388533755
2020/09/29,66811380308959
2020/09/30,47670653129211
2020/10/01,1.329828530455E+14
2020/10/02,1.3223029080896E+14
2020/10/03,-35893354058178
2020/10/04,-18419353040413
2020/10/05,17315885592276
2020/10/06,1.4696671993115E+14
2020/10/07,1.1026784364687E+14
2020/10/08,34441659670184
2020/10/09,28225088348999
2020/10/10,120104600492799
2020/10/11,20036027431472
2020/10/12,34470658151275
2020/10/13,-74768701075401
2020/10/14,-95188688597419
2020/10/15,43659536286510
2020/10/16,26856795911721
2020/10/17,995814020693
2020/10/18,-17873958315384
2020/10/19,31991674995688
2020/10/20,27044934822544
2020/10/21,53941964686015
2020/10/22,-7125998013857
2020/10/23,43666571773472
2020/10/24,57955826984898
2020/10/25,1.0378318360176E+14
2020/10/26,-79223165053014
2020/10/27,-54150664280160
2020/10/28,-8717349522745
2020/10/29,67871474043196
2020/10/30,-31735837861950
2020/10/31,-43930017717958
2020/11/01,36535089749087
2020/11/02,43702371093117
2020/11/03,55781955385845
2020/11/04,15011143163428
2020/11/05,-1.0094941298431E+14
2020/11/06,39809336217666
2020/11/07,88324240553460
2020/11/08,-85281101009868
2020/11/09,68753130449313
2020/11/10,33757533697069
2020/11/11,62172373294350
2020/11/12,56908401573907
2020/11/13,31914926880076
2020/11/14,-85801846988145
2020/11/15,140591055476297
2020/11/16,4276442725646
2020/11/17,30677436964207
2020/11/18,14131439526168
2020/11/19,78811850747294
2020/11/20,85110637431427
2020/11/21,142498601136784
2020/11/22,1.0456418963552E+14
2020/11/23,56178601132508
2020/11/24,99805326037481
2020/11/25,1.4100739290728E+14
2020/11/26,80919636786348
2020/11/27,46898655961517
2020/11/28,-29716660594064
2020/11/29,59646173130044
2020/11/30,195326625260982
2020/12/01,178798467554058
2020/12/02,-39479501489345
2020/12/03,92041359819082
2020/12/04,78413280428679
2020/12/05,150552940800089
2020/12/06,13588917736024
2020/12/07,8589069642267
2020/12/08,-54508473098167
2020/12/09,115333945938423
2020/12/10,81845388779661
2020/12/11,-73613026634565
2020/12/12,-17952807646698
2020/12/13,31958692764077
2020/12/14,-1.04003038903E+14
2020/12/15,-70113205452930
2020/12/16,-74137983224124
2020/12/17,-1.085949042779E+14
2020/12/18,71377851952108
2020/12/19,-24387263104992
2020/12/20,-41346127209007
2020/12/21,1.561285751503E+14
2020/12/22,100561252762438
2020/12/23,136508931076603
2020/12/24,1.0097273453943E+14
2020/12/25,-23181900951771
2020/12/26,80138548886282
2020/12/27,31060271946781
2020/12/28,1.0729548118592E+14
2020/12/29,1.1600971173484E+14
2020/12/30,-26071202805983
2020/12/31,53749688482566
2021/01/01,1.2111784794474E+14
2021/01/02,197311503450142
2021/01/03,221471365394012
2021/01/04,77161740847814
2021/01/05,80494064334148
2021/01/06,244020125355728
2021/01/07,2.0832044593553E+14
2021/01/08,2.3179655979894E+14
2021/01/09,135122622884236
2021/01/10,155093395371857
2021/01/11,209580721974233
2021/01/12,2.3285972047671E+14
2021/01/13,194247784569160
2021/01/14,2.7012777885241E+14
2021/01/15,146918178696548
2021/01/16,237894920853348
2021/01/17,88794878895926
2021/01/18,92608825656568
2021/01/19,91065891475049
2021/01/20,163163348461287
2021/01/21,40037219840778
2021/01/22,1.8047771637732E+14
2021/01/23,1.2104719387663E+14
2021/01/24,262105622116901
2021/01/25,266209988822711
2021/01/26,2.4943100583848E+14
2021/01/27,299799483816220
2021/01/28,223370387441577
2021/01/29,149964478425445
2021/01/30,1.0434559164673E+14
2021/01/31,71597102605006
2021/02/01,185331082383157
2021/02/02,170659061229966
2021/02/03,-10104676522102
2021/02/04,164118710802806
2021/02/05,263689838859643
2021/02/06,241142806724637
2021/02/07,373996898179732
2021/02/08,239982905156302
2021/02/09,202124347710813
2021/02/10,246643969591389
2021/02/11,248738946021252
2021/02/12,296628470501912
2021/02/13,299026214171467
2021/02/14,196339506057286
2021/02/15,200926438208578
2021/02/16,259940770449968
2021/02/17,287426869190648
2021/02/18,166086388105760
2021/02/19,135940024575513
2021/02/20,139668610965706
2021/02/21,-4613765192410
2021/02/22,180566687307822
2021/02/23,103374909930292
2021/02/24,217964565279599
2021/02/25,192354117470183
2021/02/26,122875739138605
2021/02/27,202423497762751
2021/02/28,324812301501324
2021/03/01,126132978942446
2021/03/02,160668656870163
2021/03/03,-55823960954629
2021/03/04,-37238099886651
2021/03/05,128216167749595
2021/03/06,185679943770683
2021/03/07,177239888152825
2021/03/08,146089936008431
2021/03/09,146587309399418
2021/03/10,208108101094264
2021/03/11,306897087757340
2021/03/12,34399973302091
2021/03/13,8443051296582
2021/03/14,101604649783753
2021/03/15,116610607500712
2021/03/16,189490409424045
2021/03/17,265261087884614
2021/03/18,139754240945325
2021/03/19,330093133769536
2021/03/20,341890577388995
2021/03/21,262615074356810
2021/03/22,150096268320694
2021/03/23,150142784709786
2021/03/24,74658762391018
2021/03/25,267215236145589
2021/03/26,298135086124822
2021/03/27,166578225513335
2021/03/28,195785203292935
2021/03/29,398699147391534
2021/03/30,338846122123076
2021/03/31,367565153674434
2021/04/01,282849599673515
2021/04/02,239439262034560
2021/04/03,220375659287020
2021/04/04,285823301034398
2021/04/05,366555065232514
2021/04/06,307761017541879
2021/04/07,419925561906568
2021/04/08,418490135466413
2021/04/09,291740624312009
2021/04/10,286338576687099
2021/04/11,98874679238493
2021/04/12,305640985358855
2021/04/13,374359236416750
2021/04/14,251259487647655
2021/04/15,196460756630174
2021/04/16,19659283115251
2021/04/17,136514783174529
2021/04/18,283049302646360
2021/04/19,-252141327396434
2021/04/20,-177584729283552
2021/04/21,12997347986337
2021/04/22,91944046813809
2021/04/23,291371785906945
2021/04/24,195357466622396
2021/04/25,345616664719985
2021/04/26,577005027508989
2021/04/27,441784531680181
2021/04/28,437530551791861
2021/04/29,336409572524549
2021/04/30,373452951565904
2021/05/01,389783098799649
2021/05/02,232267147614404
2021/05/03,102009054284125
2021/05/04,375218773398731
2021/05/05,98873556413887
2021/05/06,360997772463147
2021/05/07,158459864834790
2021/05/08,299613879471504
2021/05/09,362613851738448
2021/05/10,357554874328612
2021/05/11,234154238613509
2021/05/12,342050408152516
2021/05/13,169301896976213
2021/05/14,462613692751199
2021/05/15,217781793808011
2021/05/16,359715553313664
2021/05/17,223081169346267
2021/05/18,286771982301017
2021/05/19,346457891220119
2021/05/20,382178552375269
2021/05/21,97343853030889
2021/05/22,131994935999869
2021/05/23,-203496224224615
2021/05/24,-105734005705469
2021/05/25,-186616193060248
2021/05/26,-298088959104151
2021/05/27,-455166273402557
2021/05/28,-346856415968071
2021/05/29,-330471292042147
2021/05/30,-112857098049270
2021/05/31,-85830450940035
2021/06/01,-344260787552628
2021/06/02,-207757356236306
2021/06/03,-21954741418742
2021/06/04,106654374893217
2021/06/05,277166364265180
2021/06/06,91913317161492
2021/06/07,227835604313204
2021/06/08,424079610564274
2021/06/09,207574845881187
2021/06/10,-89582105552437
2021/06/11,-126571275632923
2021/06/12,-361683591380008
2021/06/13,-425878109766244
2021/06/14,-555698960653293
2021/06/15,-363449178191175
2021/06/16,-359842801441983
2021/06/17,-282048523812114
2021/06/18,-111190812398742
2021/06/19,-319844524960687
2021/06/20,-382293590191130
2021/06/21,-501694439853495
2021/06/22,-966160616431506
2021/06/23,-1054349110839578
2021/06/24,-946775824193294
2021/06/25,-1228001373300758
2021/06/26,-1055728756616708
2021/06/27,-883496033711367
2021/06/28,-616455162373649
2021/06/29,-229889090036067
2021/06/30,-12899623016721
2021/07/01,-36583705881868
2021/07/02,73111251804058
2021/07/03,252411596414077
2021/07/04,256209782292671
2021/07/05,262100726564168
2021/07/06,218923174944281
2021/07/07,167872675925807
2021/07/08,193430939844005
2021/07/09,194993338004793
2021/07/10,377873282872680
2021/07/11,331981542698902
2021/07/12,341767402304016
2021/07/13,42237880687023
2021/07/14,363147721385
2021/07/15,72089867208541
2021/07/16,119132046977717
2021/07/17,12037038990920
2021/07/18,-68240841275183
2021/07/19,-77695024713160
2021/07/20,129261640784809
2021/07/21,222426477956776
2021/07/22,184369663126397
2021/07/23,224338215258433
2021/07/24,136916750116187
2021/07/25,407534779025767
2021/07/26,406914414895926
2021/07/27,427769007362428
2021/07/28,496611290832372
2021/07/29,446681801623492
2021/07/30,140167344607271
2021/07/31,360061061689843
2021/08/01,294942642747193
2021/08/02,255357383283096
2021/08/03,439314962544858
2021/08/04,435174803784241
2021/08/05,386408410582758
2021/08/06,433100291052655
2021/08/07,250644763762287
2021/08/08,169815342196885
2021/08/09,303095583573448
2021/08/10,269392363043244
2021/08/11,34721896401582
2021/08/12,133535500381398
2021/08/13,291479946926594
2021/08/14,221891866623682
2021/08/15,215353130069907
2021/08/16,-73677494107565
2021/08/17,-114713638717487
2021/08/18,200029001603728
2021/08/19,250127169628783
2021/08/20,155175822789360
2021/08/21,392807097058280
2021/08/22,347605279281135
2021/08/23,346855204036262
2021/08/24,375683653291399
2021/08/25,310469570845985
2021/08/26,271387701168476
2021/08/27,380812118357264
2021/08/28,77169823629924
2021/08/29,116895330846588
2021/08/30,359001939475533
2021/08/31,315987940263515
2021/09/01,88262735303903
2021/09/02,251003896670292
2021/09/03,321282722589674
2021/09/04,333460348513663
2021/09/05,502233477540328
2021/09/06,402127298283182
2021/09/07,308138108380395
2021/09/08,510830714799298
2021/09/09,250673407752068
2021/09/10,232753944983778
2021/09/11,391747851789266
2021/09/12,352709944695966
2021/09/13,184980832946831
2021/09/14,127020963019426
2021/09/15,103306055597385
2021/09/16,151100904072800
2021/09/17,89410717669238
2021/09/18,135664039698650
2021/09/19,4311469200334
2021/09/20,111938464884832
2021/09/21,368048787690901
2021/09/22,190732534745873
2021/09/23,26203302917669
2021/09/24,132003937208433
2021/09/25,164247221548314
2021/09/26,192712972568874
2021/09/27,127793609533564
2021/09/28,-165922849667952
2021/09/29,-19115742710886
2021/09/30,157620818641494
2021/10/01,160653153668238
2021/10/02,132499466069616
2021/10/03,36498035611358
2021/10/04,86348311213388
2021/10/05,464454784208212
2021/10/06,372816783291324
2021/10/07,392935256767360
2021/10/08,400231993100606
2021/10/09,107363894780802
2021/10/10,140058409203850
2021/10/11,390440353838246
2021/10/12,129202264799184
2021/10/13,276636395315546
2021/10/14,137241660985534
2021/10/15,-223195496144526
2021/10/16,57091976330970
2021/10/17,127786182084814
2021/10/18,-31085544652826
2021/10/19,-118467485511992
2021/10/20,-41622314520518
2021/10/21,90269484517342
2021/10/22,461539130501616
2021/10/23,285351892126860
2021/10/24,356262079155354
2021/10/25,472553552102216
2021/10/26,629374411979266
2021/10/27,504128194371766
2021/10/28,273634211380978
2021/10/29,200772612157474
2021/10/30,427969731745344
2021/10/31,139301605236246
2021/11/01,238536902550548
2021/11/02,276311031183974
2021/11/03,277720811038128
2021/11/04,258831784857416
2021/11/05,255417185203026
2021/11/06,138240916909014
2021/11/07,485375073486146
2021/11/08,353351371946004
2021/11/09,426105298290076
2021/11/10,110199330235368
2021/11/11,711686049530668
2021/11/12,611900324572566
2021/11/13,819309476703858
2021/11/14,451248015155892
2021/11/15,500717009188796
2021/11/16,83067284494254
2021/11/17,626076097248162
2021/11/18,562599003476238
2021/11/19,177626225683392
2021/11/20,-229913790498566
2021/11/21,-117523616696438
2021/11/22,-62742032529160
2021/11/23,206345107116856
2021/11/24,30912384759042
2021/11/25,-712448771223328
2021/11/26,-490147017029970
2021/11/27,-138868245960076
2021/11/28,230819335675600
2021/11/29,77812822182102
2021/11/30,-55069001294012
2021/12/01,133430976897030
2021/12/02,802381572456616
2021/12/03,861916359348694
2021/12/04,718908158844506
2021/12/05,585246857147628
2021/12/06,603250320631990
2021/12/07,808317473885764
2021/12/08,503392632811230
2021/12/09,162306580370884
2021/12/10,-148511355997150
2021/12/11,-347099396352178
2021/12/12,-438255908685294
2021/12/13,-109158817083578
2021/12/14,-53980091554716
2021/12/15,-177723195023310
2021/12/16,-212287569721402
2021/12/17,70586635131340
2021/12/18,456901506920650
2021/12/19,420745177424768
2021/12/20,100206531034526
2021/12/21,148218032457638
2021/12/22,89415323698016
2021/12/23,196133584902264
2021/12/24,394979298753480
2021/12/25,74787790253732
2021/12/26,-1026965681974
2021/12/27,-22725347822696
2021/12/28,-226611057550314
2021/12/29,127187881220536
2021/12/30,293564638128234
2021/12/31,39810755193400
2022/01/01,-63326931732138
2022/01/02,270704547541700
2022/01/03,410573371477236
2022/01/04,537463798991308
2022/01/05,354566080467012
2022/01/06,107512669132882
2022/01/07,32605281757818
2022/01/08,75719023481514
2022/01/09,484997565276804
2022/01/10,-81838902857956
2022/01/11,-291351614410708
2022/01/12,61881337196620
2022/01/13,117029691666658
2022/01/14,504290432010454
2022/01/15,192129215325234
2022/01/16,-357069733443800
2022/01/17,138802717514470
2022/01/18,484170904955040
2022/01/19,-33271880578344
2022/01/20,49012408962228
2022/01/21,126735249027278
2022/01/22,647621744516192
2022/01/23,571273875469064
2022/01/24,216115185709900
2022/01/25,-286535751197114
2022/01/26,340394197221346
2022/01/27,224621982370138
2022/01/28,-37796124590498
2022/01/29,-13590476424622
2022/01/30,-99815559882450
2022/01/31,109577507561316
2022/02/01,512182908194182
2022/02/02,215392811200564
2022/02/03,-212887122853452
2022/02/04,91444842831550
2022/02/05,185719119450970
2022/02/06,307416778938422
2022/02/07,48184132984398
2022/02/08,65694592003384
2022/02/09,2025636443096
2022/02/10,521163836878184
2022/02/11,-46145340151864
2022/02/12,462245271054
2022/02/13,201448190800352
2022/02/14,382499616136578
2022/02/15,98396644315576
2022/02/16,-126004108406694
2022/02/17,-128737117924912
2022/02/18,272888053963016
2022/02/19,-51399314266190
2022/02/20,-400059885251962
2022/02/21,-63934175484850
2022/02/22,-251477775920038
2022/02/23,-52761957639836
2022/02/24,-96596865640370
2022/02/25,9670023148750
2022/02/26,-70056829226336
2022/02/27,327487440884210
2022/02/28,-213524538384272
2022/03/01,139276516974578
2022/03/02,211839099438354
2022/03/03,-30722749299594
2022/03/04,-61572365895890
2022/03/05,-64805638154790
2022/03/06,-362475684638288
2022/03/07,-483339533857488
2022/03/08,-209921447899000
2022/03/09,-496771574346008
2022/03/10,195211122573654
2022/03/11,10581582638530
2022/03/12,396968816447448
2022/03/13,156432698167988
2022/03/14,462819001097186
2022/03/15,20570228622168
2022/03/16,357975447128426
2022/03/17,-90736672379428
2022/03/18,28448303369590
2022/03/19,48998187228862
2022/03/20,-9190433401926
2022/03/21,359739945455190
2022/03/22,185538508874436
2022/03/23,147058292048834
2022/03/24,109482750065146
2022/03/25,373520608953832
2022/03/26,-141164153026052
2022/03/27,80704770597110
2022/03/28,11361402463912
2022/03/29,189940044694766
2022/03/30,299343594687988
2022/03/31,128864487647186
2022/04/01,179644839526
2022/04/02,223254571173622
2022/04/03,239074338052178
2022/04/04,17978824099838
2022/04/05,110624740570086
2022/04/06,-101113834002954
2022/04/07,284184565941026
2022/04/08,120932807816370
2022/04/09,31349556916886
2022/04/10,47081419764754
2022/04/11,341184769699598
2022/04/12,-91190513862636
2022/04/13,166224409426366
2022/04/14,-22529009537896
2022/04/15,-142552763695738
2022/04/16,-40899656193870
2022/04/17,328353092618716
2022/04/18,172126718147366
2022/04/19,518813241522772
2022/04/20,-52512709093832
2022/04/21,269968558343250
2022/04/22,294889694193258
2022/04/23,565075137410268
2022/04/24,150805385378468
2022/04/25,-9552252716954
2022/04/26,-211479939462756
2022/04/27,-20900116095314
2022/04/28,-142288845693192
2022/04/29,-99411612291498
2022/04/30,-30070652630256
2022/05/01,219233070540044
2022/05/02,187100424736170
2022/05/03,701146738440766
2022/05/04,726271356123560
2022/05/05,507877162328956
2022/05/06,490159510265566
2022/05/07,146193177835836
2022/05/08,156745278267706
2022/05/09,662229592971502
2022/05/10,-15562937628184
2022/05/11,414049894108134
2022/05/12,343010449079744
2022/05/13,652204533529300
2022/05/14,305188265711766
2022/05/15,381888484551782
2022/05/16,-203191749522506
2022/05/17,176830777500490
2022/05/18,104085127404292
2022/05/19,362684672690202
2022/05/20,174200456395070
2022/05/21,627434772017514
2022/05/22,-26538528784418
2022/05/23,176700572635530
2022/05/24,431856812725368
2022/05/25,-82214858811462
2022/05/26,-316890960105376
2022/05/27,-62109699188390
2022/05/28,-407951650283458
2022/05/29,190362833325088
2022/05/30,74970959271068
2022/05/31,-161931485514418
2022/06/01,-174426840089460
2022/06/02,79632405233974
2022/06/03,-127168004669332
2022/06/04,796055434062900
2022/06/05,303216617672152
2022/06/06,249049543996718
2022/06/07,298644846001106
2022/06/08,909013370241504
2022/06/09,618497426775130
2022/06/10,342322478649216
2022/06/11,-303189849015552
2022/06/12,97014604807068
2022/06/13,-121575060540506
2022/06/14,-480366994459482
2022/06/15,-1439371305847332
2022/06/16,-1188632305144452
2022/06/17,-923520156740774
2022/06/18,-828584036567462
2022/06/19,-1328164192556282
2022/06/20,-1302525683192564
2022/06/21,148977028510178
2022/06/22,839088345703932
2022/06/23,613900544423866
2022/06/24,403103942247356
2022/06/25,702820280703008
2022/06/26,500327086749640
2022/06/27,1123011726403934
2022/06/28,-195151666875028
2022/06/29,-400670700139086
2022/06/30,-1130636149084218
2022/07/01,-2682995812443428
2022/07/02,-3113442121366390
2022/07/03,-2431337870384348
2022/07/04,-2779924516840672
2022/07/05,-2500566197138286
2022/07/06,-2546184180923826
2022/07/07,-1663286082961592
2022/07/08,157078051993564
2022/07/09,126828706099768
2022/07/10,118066921658102
2022/07/11,-182517210212826
2022/07/12,39814403538496
2022/07/13,-155259733509918
2022/07/14,-163449768308976
2022/07/15,-73223146032040
2022/07/16,103906933962350
2022/07/17,-115476164076544
2022/07/18,248822010634806
2022/07/19,153084801665460
2022/07/20,417729075099368
2022/07/21,266829286736344
2022/07/22,35639557995724
2022/07/23,380246753761116
2022/07/24,368828812418642
2022/07/25,69247909878652
2022/07/26,-79479273999782
2022/07/27,-7694035629918
2022/07/28,321556833513030
2022/07/29,26819738670718
2022/07/30,-288021823819488
2022/07/31,-233403395231464
2022/08/01,-14454643483984
2022/08/02,283375376421026
2022/08/03,33519916092028
2022/08/04,-124878421033816
2022/08/05,273678055811276
2022/08/06,77618209315788
2022/08/07,55382146744156
2022/08/08,-113687600056504
2022/08/09,-229854341270592
2022/08/10,100472541616136
2022/08/11,198423963168674
2022/08/12,-107678520635704
2022/08/13,246638978766056
2022/08/14,442989337575872
2022/08/15,360557278595954
2022/08/16,338343786091954
2022/08/17,313072914755936
2022/08/18,-208604471846218
2022/08/19,-150366495343918
2022/08/20,-602724075003494
2022/08/21,-462955067536976
2022/08/22,-219448528447396
2022/08/23,-288007490786638
2022/08/24,-144289558239086
2022/08/25,123105535744592
2022/08/26,355968151957308
2022/08/27,720791093843046
2022/08/28,340818638757294
2022/08/29,733096147591052
2022/08/30,521449707293684
2022/08/31,170805473305874
2022/09/01,283616610844498
2022/09/02,514605858280232
2022/09/03,49617701731738
2022/09/04,368271764874794
2022/09/05,-404714396258852
2022/09/06,-397120425584022
2022/09/07,-13373773958244
2022/09/08,170353507472802
2022/09/09,-261597605371828
2022/09/10,79712164143214
2022/09/11,-369187094229738
2022/09/12,163912937329994
2022/09/13,304284280580592
2022/09/14,-200674519969972
2022/09/15,-9732888056610968
2022/09/16,-12354747486883810
2022/09/17,-12442122255198332
2022/09/18,-12183386481267680
2022/09/19,-12290055231356416
2022/09/20,-12365037667275712
2022/09/21,-12068348018565698
2022/09/22,-2709056071552365
2022/09/23,0
2022/09/24,0
2022/09/25,0
2022/09/26,0
2022/09/27,0
2022/09/28,0
2022/09/29,0
2022/09/30,0
2022/10/01,0
2022/10/02,0
2022/10/03,0
2022/10/04,0
2022/10/05,0
2022/10/06,0
2022/10/07,0
2022/10/08,0
2022/10/09,0
2022/10/10,0
2022/10/11,0
2022/10/12,0
2022/10/13,0
2022/10/14,0
2022/10/15,0
2022/10/16,0
2022/10/17,0
2022/10/18,0
2022/10/19,0
2022/10/20,0
2022/10/21,0
2022/10/22,0
2022/10/23,0
2022/10/24,0
2022/10/25,0
2022/10/26,0
2022/10/27,0
2022/10/28,0
2022/10/29,0
2022/10/30,0
2022/10/31,0
2022/11/01,0
2022/11/02,0
2022/11/03,0
2022/11/04,0
2022/11/05,0
2022/11/06,0
2022/11/07,0
2022/11/08,0
2022/11/09,0
2022/11/10,0
2022/11/11,0
2022/11/12,0
2022/11/13,0
2022/11/14,0
2022/11/15,0
2022/11/16,0
2022/11/17,0
2022/11/18,0
2022/11/19,0
2022/11/20,0
2022/11/21,0
2022/11/22,0
2022/11/23,0
2022/11/24,0
2022/11/25,0
2022/11/26,0
2022/11/27,0
2022/11/28,0
2022/11/29,0
