Date,fee_to_reward30stdUSD
2016/01/01,0.186
2016/01/02,0.184
2016/01/03,0.183
2016/01/04,0.182
2016/01/05,0.182
2016/01/06,0.181
2016/01/07,0.179
2016/01/08,0.176
2016/01/09,0.171
2016/01/10,0.169
2016/01/11,0.169
2016/01/12,0.167
2016/01/13,0.163
2016/01/14,0.135
2016/01/15,0.136
2016/01/16,0.138
2016/01/17,0.14
2016/01/18,0.14
2016/01/19,0.14
2016/01/20,0.142
2016/01/21,0.141
2016/01/22,0.13
2016/01/23,0.131
2016/01/24,0.131
2016/01/25,0.131
2016/01/26,0.114
2016/01/27,0.118
2016/01/28,0.119
2016/01/29,0.105
2016/01/30,0.105
2016/01/31,0.102
2016/02/01,0.1
2016/02/02,0.099
2016/02/03,0.097
2016/02/04,0.092
2016/02/05,0.083
2016/02/06,0.142
2016/02/07,0.142
2016/02/08,0.142
2016/02/09,0.143
2016/02/10,0.145
2016/02/11,0.144
2016/02/12,0.141
2016/02/13,0.141
2016/02/14,0.14
2016/02/15,0.139
2016/02/16,0.136
2016/02/17,0.136
2016/02/18,0.136
2016/02/19,0.134
2016/02/20,0.133
2016/02/21,0.133
2016/02/22,0.13
2016/02/23,0.147
2016/02/24,0.147
2016/02/25,0.148
2016/02/26,0.147
2016/02/27,0.148
2016/02/28,0.149
2016/02/29,0.149
2016/03/01,0.149
2016/03/02,0.148
2016/03/03,0.148
2016/03/04,0.147
2016/03/05,0.146
2016/03/06,0.146
2016/03/07,0.094
2016/03/08,0.094
2016/03/09,0.095
2016/03/10,0.097
2016/03/11,0.094
2016/03/12,0.095
2016/03/13,0.095
2016/03/14,0.096
2016/03/15,0.097
2016/03/16,0.099
2016/03/17,0.099
2016/03/18,0.099
2016/03/19,0.099
2016/03/20,0.099
2016/03/21,0.099
2016/03/22,0.1
2016/03/23,0.1
2016/03/24,0.056
2016/03/25,0.049
2016/03/26,0.049
2016/03/27,0.043
2016/03/28,0.044
2016/03/29,0.046
2016/03/30,0.045
2016/03/31,0.045
2016/04/01,0.044
2016/04/02,0.045
2016/04/03,0.046
2016/04/04,0.045
2016/04/05,0.041
2016/04/06,0.041
2016/04/07,0.04
2016/04/08,0.04
2016/04/09,0.04
2016/04/10,0.041
2016/04/11,0.042
2016/04/12,0.043
2016/04/13,0.042
2016/04/14,0.043
2016/04/15,0.043
2016/04/16,0.044
2016/04/17,0.044
2016/04/18,0.041
2016/04/19,0.04
2016/04/20,0.039
2016/04/21,0.04
2016/04/22,0.039
2016/04/23,0.035
2016/04/24,0.031
2016/04/25,0.028
2016/04/26,0.028
2016/04/27,0.028
2016/04/28,0.028
2016/04/29,0.024
2016/04/30,0.026
2016/05/01,0.031
2016/05/02,0.03
2016/05/03,0.029
2016/05/04,0.03
2016/05/05,0.03
2016/05/06,0.032
2016/05/07,0.032
2016/05/08,0.032
2016/05/09,0.032
2016/05/10,0.031
2016/05/11,0.031
2016/05/12,0.034
2016/05/13,0.037
2016/05/14,0.038
2016/05/15,0.038
2016/05/16,0.036
2016/05/17,0.036
2016/05/18,0.036
2016/05/19,0.035
2016/05/20,0.036
2016/05/21,0.037
2016/05/22,0.035
2016/05/23,0.034
2016/05/24,0.033
2016/05/25,0.032
2016/05/26,0.031
2016/05/27,0.029
2016/05/28,0.052
2016/05/29,0.052
2016/05/30,0.052
2016/05/31,0.051
2016/06/01,0.051
2016/06/02,0.051
2016/06/03,0.052
2016/06/04,0.053
2016/06/05,0.053
2016/06/06,0.053
2016/06/07,0.065
2016/06/08,0.065
2016/06/09,0.064
2016/06/10,0.065
2016/06/11,0.065
2016/06/12,0.064
2016/06/13,0.064
2016/06/14,0.065
2016/06/15,0.064
2016/06/16,0.064
2016/06/17,0.204
2016/06/18,0.303
2016/06/19,0.303
2016/06/20,0.302
2016/06/21,0.303
2016/06/22,0.302
2016/06/23,0.302
2016/06/24,0.301
2016/06/25,0.302
2016/06/26,0.302
2016/06/27,0.302
2016/06/28,0.303
2016/06/29,0.302
2016/06/30,0.304
2016/07/01,0.304
2016/07/02,0.304
2016/07/03,0.303
2016/07/04,0.303
2016/07/05,0.302
2016/07/06,0.302
2016/07/07,0.303
2016/07/08,0.302
2016/07/09,0.301
2016/07/10,0.301
2016/07/11,0.301
2016/07/12,0.301
2016/07/13,0.302
2016/07/14,0.302
2016/07/15,0.302
2016/07/16,0.303
2016/07/17,0.245
2016/07/18,0.092
2016/07/19,0.09
2016/07/20,0.099
2016/07/21,0.09
2016/07/22,0.089
2016/07/23,0.089
2016/07/24,0.089
2016/07/25,0.088
2016/07/26,0.089
2016/07/27,0.088
2016/07/28,0.093
2016/07/29,0.09
2016/07/30,0.07
2016/07/31,0.07
2016/08/01,0.069
2016/08/02,0.069
2016/08/03,0.068
2016/08/04,0.068
2016/08/05,0.068
2016/08/06,0.068
2016/08/07,0.068
2016/08/08,0.07
2016/08/09,0.07
2016/08/10,0.069
2016/08/11,0.069
2016/08/12,0.069
2016/08/13,0.07
2016/08/14,0.07
2016/08/15,0.07
2016/08/16,0.068
2016/08/17,0.067
2016/08/18,0.067
2016/08/19,0.05
2016/08/20,0.051
2016/08/21,0.051
2016/08/22,0.051
2016/08/23,0.066
2016/08/24,0.066
2016/08/25,0.064
2016/08/26,0.064
2016/08/27,0.056
2016/08/28,0.054
2016/08/29,0.054
2016/08/30,0.054
2016/08/31,0.054
2016/09/01,0.054
2016/09/02,0.056
2016/09/03,0.056
2016/09/04,0.059
2016/09/05,0.059
2016/09/06,0.058
2016/09/07,0.054
2016/09/08,0.054
2016/09/09,0.055
2016/09/10,0.056
2016/09/11,0.056
2016/09/12,0.055
2016/09/13,0.054
2016/09/14,0.054
2016/09/15,0.054
2016/09/16,0.055
2016/09/17,0.055
2016/09/18,0.055
2016/09/19,0.055
2016/09/20,0.055
2016/09/21,0.055
2016/09/22,0.046
2016/09/23,0.047
2016/09/24,0.058
2016/09/25,0.064
2016/09/26,0.102
2016/09/27,0.112
2016/09/28,0.115
2016/09/29,0.114
2016/09/30,0.113
2016/10/01,0.12
2016/10/02,0.124
2016/10/03,0.124
2016/10/04,0.13
2016/10/05,0.129
2016/10/06,0.127
2016/10/07,0.126
2016/10/08,0.126
2016/10/09,0.126
2016/10/10,0.123
2016/10/11,0.121
2016/10/12,0.12
2016/10/13,0.127
2016/10/14,0.127
2016/10/15,0.125
2016/10/16,0.125
2016/10/17,0.123
2016/10/18,0.124
2016/10/19,0.121
2016/10/20,0.117
2016/10/21,0.114
2016/10/22,0.12
2016/10/23,0.125
2016/10/24,0.125
2016/10/25,0.127
2016/10/26,0.116
2016/10/27,0.115
2016/10/28,0.117
2016/10/29,0.118
2016/10/30,0.12
2016/10/31,0.118
2016/11/01,0.116
2016/11/02,0.118
2016/11/03,0.114
2016/11/04,0.117
2016/11/05,0.12
2016/11/06,0.123
2016/11/07,0.124
2016/11/08,0.125
2016/11/09,0.125
2016/11/10,0.125
2016/11/11,0.125
2016/11/12,0.111
2016/11/13,0.106
2016/11/14,0.101
2016/11/15,0.098
2016/11/16,0.092
2016/11/17,0.069
2016/11/18,0.041
2016/11/19,0.037
2016/11/20,0.036
2016/11/21,0.036
2016/11/22,0.035
2016/11/23,0.059
2016/11/24,0.063
2016/11/25,0.067
2016/11/26,0.076
2016/11/27,0.106
2016/11/28,0.132
2016/11/29,0.143
2016/11/30,0.143
2016/12/01,0.145
2016/12/02,0.145
2016/12/03,0.145
2016/12/04,0.145
2016/12/05,0.144
2016/12/06,0.142
2016/12/07,0.141
2016/12/08,0.141
2016/12/09,0.141
2016/12/10,0.142
2016/12/11,0.142
2016/12/12,0.142
2016/12/13,0.142
2016/12/14,0.143
2016/12/15,0.143
2016/12/16,0.143
2016/12/17,0.143
2016/12/18,0.144
2016/12/19,0.143
2016/12/20,0.142
2016/12/21,0.142
2016/12/22,0.142
2016/12/23,0.138
2016/12/24,0.138
2016/12/25,0.139
2016/12/26,0.136
2016/12/27,0.114
2016/12/28,0.078
2016/12/29,0.038
2016/12/30,0.04
2016/12/31,0.04
2017/01/01,0.04
2017/01/02,0.04
2017/01/03,0.04
2017/01/04,0.04
2017/01/05,0.04
2017/01/06,0.04
2017/01/07,0.041
2017/01/08,0.04
2017/01/09,0.04
2017/01/10,0.04
2017/01/11,0.04
2017/01/12,0.04
2017/01/13,0.04
2017/01/14,0.041
2017/01/15,0.041
2017/01/16,0.041
2017/01/17,0.041
2017/01/18,0.041
2017/01/19,0.039
2017/01/20,0.032
2017/01/21,0.032
2017/01/22,0.032
2017/01/23,0.031
2017/01/24,0.03
2017/01/25,0.027
2017/01/26,0.027
2017/01/27,0.027
2017/01/28,0.026
2017/01/29,0.024
2017/01/30,0.023
2017/01/31,0.021
2017/02/01,0.02
2017/02/02,0.019
2017/02/03,0.019
2017/02/04,0.019
2017/02/05,0.019
2017/02/06,0.018
2017/02/07,0.022
2017/02/08,0.024
2017/02/09,0.024
2017/02/10,0.027
2017/02/11,0.027
2017/02/12,0.028
2017/02/13,0.038
2017/02/14,0.04
2017/02/15,0.049
2017/02/16,0.049
2017/02/17,0.049
2017/02/18,0.048
2017/02/19,0.048
2017/02/20,0.047
2017/02/21,0.05
2017/02/22,0.051
2017/02/23,0.051
2017/02/24,0.051
2017/02/25,0.051
2017/02/26,0.05
2017/02/27,0.05
2017/02/28,0.049
2017/03/01,0.049
2017/03/02,0.048
2017/03/03,0.048
2017/03/04,0.047
2017/03/05,0.045
2017/03/06,0.043
2017/03/07,0.042
2017/03/08,0.041
2017/03/09,0.041
2017/03/10,0.042
2017/03/11,0.042
2017/03/12,0.042
2017/03/13,0.052
2017/03/14,0.059
2017/03/15,0.06
2017/03/16,0.072
2017/03/17,0.08
2017/03/18,0.079
2017/03/19,0.078
2017/03/20,0.078
2017/03/21,0.077
2017/03/22,0.076
2017/03/23,0.076
2017/03/24,0.078
2017/03/25,0.077
2017/03/26,0.075
2017/03/27,0.078
2017/03/28,0.076
2017/03/29,0.076
2017/03/30,0.076
2017/03/31,0.079
2017/04/01,0.078
2017/04/02,0.077
2017/04/03,0.076
2017/04/04,0.072
2017/04/05,0.068
2017/04/06,0.066
2017/04/07,0.06
2017/04/08,0.059
2017/04/09,0.058
2017/04/10,0.054
2017/04/11,0.051
2017/04/12,0.053
2017/04/13,0.053
2017/04/14,0.053
2017/04/15,0.049
2017/04/16,0.046
2017/04/17,0.046
2017/04/18,0.047
2017/04/19,0.049
2017/04/20,0.049
2017/04/21,0.058
2017/04/22,0.058
2017/04/23,0.058
2017/04/24,0.057
2017/04/25,0.057
2017/04/26,0.057
2017/04/27,0.063
2017/04/28,0.064
2017/04/29,0.064
2017/04/30,0.065
2017/05/01,0.078
2017/05/02,0.092
2017/05/03,0.092
2017/05/04,0.095
2017/05/05,0.096
2017/05/06,0.096
2017/05/07,0.103
2017/05/08,0.101
2017/05/09,0.104
2017/05/10,0.107
2017/05/11,0.109
2017/05/12,0.113
2017/05/13,0.114
2017/05/14,0.114
2017/05/15,0.124
2017/05/16,0.132
2017/05/17,0.202
2017/05/18,0.215
2017/05/19,0.233
2017/05/20,0.239
2017/05/21,0.248
2017/05/22,0.261
2017/05/23,0.307
2017/05/24,0.354
2017/05/25,0.367
2017/05/26,0.372
2017/05/27,0.372
2017/05/28,0.37
2017/05/29,0.363
2017/05/30,0.403
2017/05/31,0.572
2017/06/01,0.579
2017/06/02,0.592
2017/06/03,0.587
2017/06/04,0.583
2017/06/05,0.569
2017/06/06,0.567
2017/06/07,0.561
2017/06/08,0.549
2017/06/09,0.535
2017/06/10,0.518
2017/06/11,0.513
2017/06/12,0.581
2017/06/13,0.562
2017/06/14,0.545
2017/06/15,0.529
2017/06/16,0.527
2017/06/17,0.515
2017/06/18,0.505
2017/06/19,0.489
2017/06/20,0.731
2017/06/21,1.071
2017/06/22,1.179
2017/06/23,1.197
2017/06/24,1.236
2017/06/25,1.229
2017/06/26,1.233
2017/06/27,1.214
2017/06/28,1.22
2017/06/29,1.222
2017/06/30,1.216
2017/07/01,1.207
2017/07/02,1.205
2017/07/03,1.191
2017/07/04,1.18
2017/07/05,1.16
2017/07/06,1.154
2017/07/07,1.145
2017/07/08,1.128
2017/07/09,1.126
2017/07/10,1.108
2017/07/11,1.106
2017/07/12,1.103
2017/07/13,1.093
2017/07/14,1.081
2017/07/15,1.072
2017/07/16,1.06
2017/07/17,1.041
2017/07/18,1.02
2017/07/19,1.005
2017/07/20,0.951
2017/07/21,0.707
2017/07/22,0.606
2017/07/23,0.59
2017/07/24,0.514
2017/07/25,0.509
2017/07/26,0.459
2017/07/27,0.464
2017/07/28,0.364
2017/07/29,0.353
2017/07/30,0.376
2017/07/31,0.385
2017/08/01,0.385
2017/08/02,0.366
2017/08/03,0.361
2017/08/04,0.346
2017/08/05,0.346
2017/08/06,0.343
2017/08/07,0.358
2017/08/08,0.374
2017/08/09,0.372
2017/08/10,0.383
2017/08/11,0.403
2017/08/12,0.418
2017/08/13,0.421
2017/08/14,0.436
2017/08/15,0.466
2017/08/16,0.821
2017/08/17,0.897
2017/08/18,1.073
2017/08/19,1.088
2017/08/20,1.083
2017/08/21,1.067
2017/08/22,1.063
2017/08/23,1.06
2017/08/24,1.061
2017/08/25,1.056
2017/08/26,1.047
2017/08/27,1.039
2017/08/28,1.013
2017/08/29,1.044
2017/08/30,1.04
2017/08/31,1.176
2017/09/01,1.193
2017/09/02,1.173
2017/09/03,1.144
2017/09/04,1.143
2017/09/05,1.183
2017/09/06,1.353
2017/09/07,1.459
2017/09/08,1.54
2017/09/09,1.52
2017/09/10,1.507
2017/09/11,1.491
2017/09/12,1.465
2017/09/13,1.445
2017/09/14,1.433
2017/09/15,1.426
2017/09/16,1.467
2017/09/17,1.45
2017/09/18,1.45
2017/09/19,1.415
2017/09/20,1.394
2017/09/21,1.377
2017/09/22,1.344
2017/09/23,1.31
2017/09/24,1.284
2017/09/25,1.247
2017/09/26,1.196
2017/09/27,1.167
2017/09/28,1.168
2017/09/29,1.169
2017/09/30,1.132
2017/10/01,1.136
2017/10/02,1.125
2017/10/03,1.081
2017/10/04,1.081
2017/10/05,1.063
2017/10/06,0.945
2017/10/07,0.843
2017/10/08,0.683
2017/10/09,0.684
2017/10/10,0.682
2017/10/11,0.687
2017/10/12,0.692
2017/10/13,0.713
2017/10/14,0.706
2017/10/15,0.657
2017/10/16,0.583
2017/10/17,0.624
2017/10/18,0.696
2017/10/19,0.762
2017/10/20,0.748
2017/10/21,0.818
2017/10/22,0.925
2017/10/23,0.98
2017/10/24,0.983
2017/10/25,1.013
2017/10/26,1.046
2017/10/27,1.069
2017/10/28,1.112
2017/10/29,1.152
2017/10/30,1.159
2017/10/31,1.168
2017/11/01,1.166
2017/11/02,1.149
2017/11/03,1.146
2017/11/04,1.157
2017/11/05,1.136
2017/11/06,1.145
2017/11/07,1.129
2017/11/08,1.093
2017/11/09,1.043
2017/11/10,0.957
2017/11/11,0.879
2017/11/12,0.726
2017/11/13,0.614
2017/11/14,0.499
2017/11/15,0.469
2017/11/16,0.468
2017/11/17,0.478
2017/11/18,0.482
2017/11/19,0.441
2017/11/20,0.452
2017/11/21,0.439
2017/11/22,0.448
2017/11/23,0.449
2017/11/24,0.449
2017/11/25,0.447
2017/11/26,0.45
2017/11/27,0.451
2017/11/28,0.464
2017/11/29,0.506
2017/11/30,0.526
2017/12/01,0.542
2017/12/02,0.539
2017/12/03,0.55
2017/12/04,0.874
2017/12/05,1.449
2017/12/06,2.17
2017/12/07,3.321
2017/12/08,4.193
2017/12/09,4.754
2017/12/10,5.1
2017/12/11,5.222
2017/12/12,5.325
2017/12/13,5.355
2017/12/14,5.466
2017/12/15,5.498
2017/12/16,5.506
2017/12/17,5.459
2017/12/18,5.371
2017/12/19,5.316
2017/12/20,5.322
2017/12/21,5.316
2017/12/22,5.256
2017/12/23,5.121
2017/12/24,4.958
2017/12/25,4.805
2017/12/26,4.669
2017/12/27,4.528
2017/12/28,4.394
2017/12/29,4.238
2017/12/30,4.059
2017/12/31,3.885
2018/01/01,3.694
2018/01/02,3.451
2018/01/03,3.361
2018/01/04,3.349
2018/01/05,3.857
2018/01/06,4.412
2018/01/07,4.547
2018/01/08,4.779
2018/01/09,5.095
2018/01/10,5.613
2018/01/11,5.862
2018/01/12,5.907
2018/01/13,5.977
2018/01/14,6.006
2018/01/15,6.044
2018/01/16,6.031
2018/01/17,5.992
2018/01/18,6
2018/01/19,6.001
2018/01/20,6.001
2018/01/21,6.026
2018/01/22,6.027
2018/01/23,5.963
2018/01/24,5.826
2018/01/25,5.725
2018/01/26,5.679
2018/01/27,5.684
2018/01/28,5.721
2018/01/29,5.652
2018/01/30,5.589
2018/01/31,5.487
2018/02/01,5.393
2018/02/02,5.398
2018/02/03,5.531
2018/02/04,5.523
2018/02/05,5.29
2018/02/06,5.218
2018/02/07,5.087
2018/02/08,4.913
2018/02/09,4.382
2018/02/10,4.013
2018/02/11,3.947
2018/02/12,3.786
2018/02/13,3.663
2018/02/14,3.44
2018/02/15,3.212
2018/02/16,2.996
2018/02/17,2.615
2018/02/18,2.327
2018/02/19,2.087
2018/02/20,2
2018/02/21,1.965
2018/02/22,1.85
2018/02/23,1.771
2018/02/24,1.759
2018/02/25,1.784
2018/02/26,1.823
2018/02/27,1.847
2018/02/28,1.709
2018/03/01,1.665
2018/03/02,1.593
2018/03/03,1.146
2018/03/04,0.917
2018/03/05,0.869
2018/03/06,0.857
2018/03/07,0.798
2018/03/08,0.687
2018/03/09,0.64
2018/03/10,0.731
2018/03/11,0.82
2018/03/12,0.799
2018/03/13,0.857
2018/03/14,0.894
2018/03/15,0.939
2018/03/16,0.979
2018/03/17,1.052
2018/03/18,1.089
2018/03/19,1.1
2018/03/20,1.063
2018/03/21,1.049
2018/03/22,0.992
2018/03/23,0.935
2018/03/24,0.933
2018/03/25,0.941
2018/03/26,0.922
2018/03/27,0.928
2018/03/28,0.931
2018/03/29,0.923
2018/03/30,0.817
2018/03/31,0.83
2018/04/01,0.754
2018/04/02,0.758
2018/04/03,0.74
2018/04/04,0.69
2018/04/05,0.678
2018/04/06,0.593
2018/04/07,0.573
2018/04/08,0.55
2018/04/09,0.555
2018/04/10,0.567
2018/04/11,0.51
2018/04/12,0.509
2018/04/13,0.514
2018/04/14,0.514
2018/04/15,0.521
2018/04/16,0.517
2018/04/17,0.517
2018/04/18,0.527
2018/04/19,0.543
2018/04/20,0.542
2018/04/21,0.529
2018/04/22,0.501
2018/04/23,0.503
2018/04/24,0.541
2018/04/25,0.559
2018/04/26,0.579
2018/04/27,0.612
2018/04/28,0.63
2018/04/29,0.685
2018/04/30,0.729
2018/05/01,0.706
2018/05/02,0.704
2018/05/03,0.744
2018/05/04,0.751
2018/05/05,0.741
2018/05/06,0.732
2018/05/07,0.685
2018/05/08,0.657
2018/05/09,0.649
2018/05/10,0.768
2018/05/11,0.85
2018/05/12,0.845
2018/05/13,0.851
2018/05/14,0.876
2018/05/15,0.879
2018/05/16,0.91
2018/05/17,0.975
2018/05/18,1.021
2018/05/19,1.029
2018/05/20,1.025
2018/05/21,1.002
2018/05/22,1.01
2018/05/23,1.017
2018/05/24,1.033
2018/05/25,1.023
2018/05/26,1.001
2018/05/27,0.99
2018/05/28,1.035
2018/05/29,1.076
2018/05/30,1.132
2018/05/31,1.265
2018/06/01,1.277
2018/06/02,1.272
2018/06/03,1.264
2018/06/04,1.208
2018/06/05,1.117
2018/06/06,1.058
2018/06/07,1.006
2018/06/08,0.999
2018/06/09,1.079
2018/06/10,1.144
2018/06/11,1.16
2018/06/12,1.186
2018/06/13,1.221
2018/06/14,1.241
2018/06/15,1.241
2018/06/16,1.299
2018/06/17,1.391
2018/06/18,1.466
2018/06/19,1.485
2018/06/20,1.507
2018/06/21,1.513
2018/06/22,1.493
2018/06/23,1.525
2018/06/24,1.546
2018/06/25,1.548
2018/06/26,1.574
2018/06/27,1.533
2018/06/28,1.496
2018/06/29,1.421
2018/06/30,2.125
2018/07/01,3.997
2018/07/02,7.02
2018/07/03,8.147
2018/07/04,8.619
2018/07/05,8.902
2018/07/06,9.446
2018/07/07,9.778
2018/07/08,9.745
2018/07/09,9.684
2018/07/10,9.642
2018/07/11,9.594
2018/07/12,9.532
2018/07/13,9.478
2018/07/14,9.666
2018/07/15,9.933
2018/07/16,9.886
2018/07/17,9.843
2018/07/18,9.805
2018/07/19,9.813
2018/07/20,9.783
2018/07/21,9.745
2018/07/22,9.806
2018/07/23,9.754
2018/07/24,9.733
2018/07/25,9.75
2018/07/26,9.747
2018/07/27,9.753
2018/07/28,9.736
2018/07/29,9.762
2018/07/30,9.883
2018/07/31,9.74
2018/08/01,8.514
2018/08/02,7.781
2018/08/03,7.407
2018/08/04,7.12
2018/08/05,6.331
2018/08/06,5.559
2018/08/07,5.542
2018/08/08,6.265
2018/08/09,6.696
2018/08/10,6.769
2018/08/11,6.742
2018/08/12,6.684
2018/08/13,5.975
2018/08/14,4.768
2018/08/15,4.768
2018/08/16,4.767
2018/08/17,5.025
2018/08/18,5.026
2018/08/19,5.045
2018/08/20,5.06
2018/08/21,5.057
2018/08/22,5.055
2018/08/23,5.055
2018/08/24,5.045
2018/08/25,5.054
2018/08/26,5.038
2018/08/27,5.047
2018/08/28,5.033
2018/08/29,5.018
2018/08/30,5.007
2018/08/31,4.99
2018/09/01,4.984
2018/09/02,4.986
2018/09/03,4.977
2018/09/04,4.943
2018/09/05,4.951
2018/09/06,4.871
2018/09/07,3.721
2018/09/08,2.534
2018/09/09,2.051
2018/09/10,2.052
2018/09/11,2.042
2018/09/12,2.042
2018/09/13,2.037
2018/09/14,2.037
2018/09/15,2.043
2018/09/16,0.784
2018/09/17,0.784
2018/09/18,0.775
2018/09/19,0.858
2018/09/20,0.852
2018/09/21,0.833
2018/09/22,0.833
2018/09/23,0.698
2018/09/24,0.688
2018/09/25,0.693
2018/09/26,0.693
2018/09/27,0.708
2018/09/28,0.757
2018/09/29,0.803
2018/09/30,0.806
2018/10/01,0.815
2018/10/02,0.816
2018/10/03,0.793
2018/10/04,0.793
2018/10/05,0.769
2018/10/06,0.837
2018/10/07,0.883
2018/10/08,0.878
2018/10/09,0.887
2018/10/10,0.886
2018/10/11,0.885
2018/10/12,0.885
2018/10/13,0.914
2018/10/14,0.953
2018/10/15,0.946
2018/10/16,0.949
2018/10/17,0.957
2018/10/18,0.972
2018/10/19,0.912
2018/10/20,0.923
2018/10/21,0.904
2018/10/22,0.905
2018/10/23,0.9
2018/10/24,0.892
2018/10/25,0.901
2018/10/26,0.891
2018/10/27,0.877
2018/10/28,0.834
2018/10/29,0.759
2018/10/30,0.739
2018/10/31,0.659
2018/11/01,0.53
2018/11/02,0.531
2018/11/03,0.528
2018/11/04,0.528
2018/11/05,0.525
2018/11/06,0.531
2018/11/07,0.537
2018/11/08,0.557
2018/11/09,0.553
2018/11/10,0.576
2018/11/11,0.608
2018/11/12,0.6
2018/11/13,0.578
2018/11/14,0.641
2018/11/15,0.724
2018/11/16,0.745
2018/11/17,0.736
2018/11/18,0.737
2018/11/19,0.799
2018/11/20,0.848
2018/11/21,0.852
2018/11/22,0.85
2018/11/23,0.858
2018/11/24,0.849
2018/11/25,0.857
2018/11/26,0.841
2018/11/27,0.809
2018/11/28,0.853
2018/11/29,0.935
2018/11/30,1.131
2018/12/01,1.128
2018/12/02,1.123
2018/12/03,1.108
2018/12/04,1.081
2018/12/05,1.102
2018/12/06,1.101
2018/12/07,1.094
2018/12/08,1.129
2018/12/09,1.149
2018/12/10,1.095
2018/12/11,1.029
2018/12/12,1.049
2018/12/13,1.062
2018/12/14,1.076
2018/12/15,1.106
2018/12/16,1.155
2018/12/17,1.154
2018/12/18,1.151
2018/12/19,1.135
2018/12/20,1.111
2018/12/21,1.112
2018/12/22,1.141
2018/12/23,1.153
2018/12/24,1.153
2018/12/25,1.151
2018/12/26,1.158
2018/12/27,1.175
2018/12/28,1.151
2018/12/29,1.091
2018/12/30,0.853
2018/12/31,0.83
2019/01/01,0.84
2019/01/02,0.788
2019/01/03,0.717
2019/01/04,0.583
2019/01/05,0.553
2019/01/06,0.538
2019/01/07,0.54
2019/01/08,0.539
2019/01/09,0.549
2019/01/10,0.549
2019/01/11,0.55
2019/01/12,0.58
2019/01/13,0.599
2019/01/14,0.662
2019/01/15,0.657
2019/01/16,0.659
2019/01/17,0.651
2019/01/18,0.638
2019/01/19,0.625
2019/01/20,0.619
2019/01/21,0.619
2019/01/22,0.657
2019/01/23,0.654
2019/01/24,0.65
2019/01/25,0.65
2019/01/26,0.653
2019/01/27,0.658
2019/01/28,0.669
2019/01/29,0.588
2019/01/30,0.593
2019/01/31,0.603
2019/02/01,0.611
2019/02/02,0.611
2019/02/03,0.621
2019/02/04,0.628
2019/02/05,0.623
2019/02/06,0.618
2019/02/07,0.613
2019/02/08,0.602
2019/02/09,0.604
2019/02/10,0.601
2019/02/11,0.576
2019/02/12,0.548
2019/02/13,0.539
2019/02/14,0.564
2019/02/15,0.661
2019/02/16,0.683
2019/02/17,0.712
2019/02/18,0.857
2019/02/19,0.956
2019/02/20,1.03
2019/02/21,1.084
2019/02/22,1.118
2019/02/23,1.124
2019/02/24,1.165
2019/02/25,1.226
2019/02/26,1.267
2019/02/27,1.3
2019/02/28,1.364
2019/03/01,1.358
2019/03/02,1.356
2019/03/03,1.354
2019/03/04,1.32
2019/03/05,1.264
2019/03/06,1.203
2019/03/07,1.136
2019/03/08,1.074
2019/03/09,1.018
2019/03/10,1.006
2019/03/11,0.945
2019/03/12,0.9
2019/03/13,0.894
2019/03/14,0.898
2019/03/15,0.919
2019/03/16,0.978
2019/03/17,1.033
2019/03/18,1.03
2019/03/19,1.028
2019/03/20,1.002
2019/03/21,1.03
2019/03/22,1.022
2019/03/23,1.022
2019/03/24,1.026
2019/03/25,1.029
2019/03/26,1.019
2019/03/27,0.982
2019/03/28,0.926
2019/03/29,0.926
2019/03/30,0.835
2019/03/31,0.832
2019/04/01,0.856
2019/04/02,0.93
2019/04/03,1.11
2019/04/04,1.13
2019/04/05,1.131
2019/04/06,1.142
2019/04/07,1.151
2019/04/08,1.15
2019/04/09,1.124
2019/04/10,1.242
2019/04/11,2.939
2019/04/12,3.621
2019/04/13,3.846
2019/04/14,3.984
2019/04/15,4.191
2019/04/16,4.589
2019/04/17,5.062
2019/04/18,5.597
2019/04/19,5.568
2019/04/20,5.644
2019/04/21,5.692
2019/04/22,5.688
2019/04/23,5.676
2019/04/24,5.698
2019/04/25,5.74
2019/04/26,5.76
2019/04/27,5.819
2019/04/28,5.882
2019/04/29,5.907
2019/04/30,5.924
2019/05/01,5.962
2019/05/02,5.991
2019/05/03,6.028
2019/05/04,6.074
2019/05/05,6.094
2019/05/06,6.079
2019/05/07,6.051
2019/05/08,6.062
2019/05/09,6.064
2019/05/10,6.086
2019/05/11,5.691
2019/05/12,5.395
2019/05/13,5.252
2019/05/14,5.127
2019/05/15,4.892
2019/05/16,4.452
2019/05/17,3.691
2019/05/18,2.172
2019/05/19,1.829
2019/05/20,1.84
2019/05/21,1.821
2019/05/22,1.877
2019/05/23,1.891
2019/05/24,1.914
2019/05/25,1.885
2019/05/26,1.896
2019/05/27,1.871
2019/05/28,1.836
2019/05/29,1.815
2019/05/30,1.84
2019/05/31,1.813
2019/06/01,1.803
2019/06/02,1.784
2019/06/03,1.707
2019/06/04,1.63
2019/06/05,1.597
2019/06/06,1.594
2019/06/07,1.57
2019/06/08,1.583
2019/06/09,1.625
2019/06/10,1.623
2019/06/11,1.55
2019/06/12,1.583
2019/06/13,1.635
2019/06/14,1.623
2019/06/15,1.414
2019/06/16,1.393
2019/06/17,1.454
2019/06/18,1.456
2019/06/19,1.456
2019/06/20,1.54
2019/06/21,1.56
2019/06/22,1.608
2019/06/23,1.636
2019/06/24,1.627
2019/06/25,1.621
2019/06/26,1.65
2019/06/27,1.712
2019/06/28,1.767
2019/06/29,1.738
2019/06/30,1.74
2019/07/01,1.822
2019/07/02,1.797
2019/07/03,1.824
2019/07/04,1.87
2019/07/05,1.87
2019/07/06,1.88
2019/07/07,1.966
2019/07/08,1.914
2019/07/09,1.877
2019/07/10,1.844
2019/07/11,1.896
2019/07/12,1.888
2019/07/13,1.932
2019/07/14,1.964
2019/07/15,1.94
2019/07/16,2.228
2019/07/17,2.236
2019/07/18,2.265
2019/07/19,2.268
2019/07/20,2.27
2019/07/21,2.331
2019/07/22,2.357
2019/07/23,2.376
2019/07/24,2.426
2019/07/25,2.432
2019/07/26,2.425
2019/07/27,2.388
2019/07/28,2.367
2019/07/29,2.386
2019/07/30,2.4
2019/07/31,2.283
2019/08/01,2.335
2019/08/02,2.333
2019/08/03,2.335
2019/08/04,2.383
2019/08/05,2.394
2019/08/06,2.362
2019/08/07,2.366
2019/08/08,2.371
2019/08/09,2.365
2019/08/10,2.295
2019/08/11,2.324
2019/08/12,2.308
2019/08/13,2.319
2019/08/14,2.314
2019/08/15,1.862
2019/08/16,1.703
2019/08/17,1.727
2019/08/18,1.68
2019/08/19,1.664
2019/08/20,1.641
2019/08/21,1.659
2019/08/22,1.66
2019/08/23,1.489
2019/08/24,1.275
2019/08/25,1.294
2019/08/26,1.38
2019/08/27,1.34
2019/08/28,1.341
2019/08/29,1.345
2019/08/30,1.353
2019/08/31,1.192
2019/09/01,1.185
2019/09/02,1.179
2019/09/03,1.148
2019/09/04,1.163
2019/09/05,1.269
2019/09/06,1.408
2019/09/07,1.487
2019/09/08,1.602
2019/09/09,1.75
2019/09/10,1.935
2019/09/11,2.07
2019/09/12,2.225
2019/09/13,2.324
2019/09/14,2.477
2019/09/15,2.577
2019/09/16,2.603
2019/09/17,2.795
2019/09/18,3.071
2019/09/19,3.476
2019/09/20,3.811
2019/09/21,3.865
2019/09/22,3.796
2019/09/23,3.838
2019/09/24,4.066
2019/09/25,4.297
2019/09/26,4.259
2019/09/27,4.212
2019/09/28,4.134
2019/09/29,4.003
2019/09/30,3.795
2019/10/01,3.744
2019/10/02,3.791
2019/10/03,3.741
2019/10/04,3.783
2019/10/05,3.942
2019/10/06,4.143
2019/10/07,4.274
2019/10/08,4.397
2019/10/09,4.481
2019/10/10,4.602
2019/10/11,4.728
2019/10/12,4.883
2019/10/13,5.034
2019/10/14,5.132
2019/10/15,5.212
2019/10/16,5.276
2019/10/17,5.272
2019/10/18,5.212
2019/10/19,5.029
2019/10/20,4.799
2019/10/21,4.714
2019/10/22,4.698
2019/10/23,4.471
2019/10/24,3.997
2019/10/25,3.395
2019/10/26,3.061
2019/10/27,2.624
2019/10/28,2.087
2019/10/29,1.516
2019/10/30,0.918
2019/10/31,0.927
2019/11/01,0.927
2019/11/02,0.875
2019/11/03,0.888
2019/11/04,0.874
2019/11/05,0.843
2019/11/06,0.834
2019/11/07,0.938
2019/11/08,0.925
2019/11/09,0.937
2019/11/10,0.947
2019/11/11,0.917
2019/11/12,0.867
2019/11/13,0.857
2019/11/14,0.849
2019/11/15,0.84
2019/11/16,0.858
2019/11/17,0.877
2019/11/18,0.849
2019/11/19,0.841
2019/11/20,0.837
2019/11/21,1.007
2019/11/22,1.779
2019/11/23,1.79
2019/11/24,1.799
2019/11/25,2.114
2019/11/26,2.176
2019/11/27,2.182
2019/11/28,2.188
2019/11/29,2.188
2019/11/30,2.202
2019/12/01,2.197
2019/12/02,2.163
2019/12/03,2.141
2019/12/04,2.134
2019/12/05,2.141
2019/12/06,2.157
2019/12/07,2.199
2019/12/08,2.277
2019/12/09,2.277
2019/12/10,2.267
2019/12/11,2.274
2019/12/12,2.28
2019/12/13,2.286
2019/12/14,2.3
2019/12/15,2.31
2019/12/16,2.289
2019/12/17,2.344
2019/12/18,2.363
2019/12/19,2.363
2019/12/20,2.362
2019/12/21,2.335
2019/12/22,1.851
2019/12/23,1.842
2019/12/24,1.834
2019/12/25,1.446
2019/12/26,1.297
2019/12/27,1.27
2019/12/28,1.258
2019/12/29,1.283
2019/12/30,1.283
2019/12/31,1.272
2020/01/01,1.276
2020/01/02,1.327
2020/01/03,1.352
2020/01/04,1.434
2020/01/05,1.508
2020/01/06,1.509
2020/01/07,1.487
2020/01/08,1.489
2020/01/09,1.514
2020/01/10,1.518
2020/01/11,1.554
2020/01/12,1.598
2020/01/13,1.616
2020/01/14,1.615
2020/01/15,1.566
2020/01/16,1.282
2020/01/17,1.085
2020/01/18,1.019
2020/01/19,0.933
2020/01/20,0.948
2020/01/21,0.978
2020/01/22,0.906
2020/01/23,0.9
2020/01/24,0.897
2020/01/25,0.925
2020/01/26,0.948
2020/01/27,0.966
2020/01/28,0.97
2020/01/29,0.918
2020/01/30,0.849
2020/01/31,0.825
2020/02/01,0.828
2020/02/02,0.83
2020/02/03,0.826
2020/02/04,0.826
2020/02/05,0.871
2020/02/06,0.945
2020/02/07,0.997
2020/02/08,1.011
2020/02/09,0.996
2020/02/10,1.008
2020/02/11,1.03
2020/02/12,1.183
2020/02/13,1.26
2020/02/14,1.322
2020/02/15,1.37
2020/02/16,1.435
2020/02/17,1.467
2020/02/18,1.48
2020/02/19,1.497
2020/02/20,1.503
2020/02/21,1.476
2020/02/22,1.454
2020/02/23,1.42
2020/02/24,1.336
2020/02/25,1.25
2020/02/26,1.296
2020/02/27,1.254
2020/02/28,1.198
2020/02/29,1.19
2020/03/01,1.169
2020/03/02,1.123
2020/03/03,1.061
2020/03/04,1.035
2020/03/05,1.014
2020/03/06,1.019
2020/03/07,1.03
2020/03/08,1.052
2020/03/09,1.214
2020/03/10,1.197
2020/03/11,1.204
2020/03/12,6.966
2020/03/13,9.026
2020/03/14,9.024
2020/03/15,9.024
2020/03/16,9.155
2020/03/17,9.15
2020/03/18,9.14
2020/03/19,9.131
2020/03/20,9.117
2020/03/21,9.115
2020/03/22,9.087
2020/03/23,9.042
2020/03/24,9.01
2020/03/25,8.991
2020/03/26,8.981
2020/03/27,8.996
2020/03/28,9.012
2020/03/29,9.032
2020/03/30,9.006
2020/03/31,8.977
2020/04/01,8.956
2020/04/02,8.93
2020/04/03,8.909
2020/04/04,8.925
2020/04/05,8.935
2020/04/06,8.896
2020/04/07,8.891
2020/04/08,8.906
2020/04/09,8.903
2020/04/10,8.905
2020/04/11,6.19
2020/04/12,2.352
2020/04/13,2.353
2020/04/14,2.353
2020/04/15,1.427
2020/04/16,1.386
2020/04/17,1.369
2020/04/18,1.129
2020/04/19,1.014
2020/04/20,1.082
2020/04/21,1.144
2020/04/22,1.184
2020/04/23,1.25
2020/04/24,1.299
2020/04/25,1.305
2020/04/26,1.328
2020/04/27,1.326
2020/04/28,1.257
2020/04/29,1.557
2020/04/30,2.183
2020/05/01,2.172
2020/05/02,2.17
2020/05/03,2.156
2020/05/04,2.106
2020/05/05,2.053
2020/05/06,2.192
2020/05/07,2.499
2020/05/08,2.705
2020/05/09,2.743
2020/05/10,3.353
2020/05/11,3.486
2020/05/12,3.683
2020/05/13,4.233
2020/05/14,5.03
2020/05/15,5.238
2020/05/16,5.305
2020/05/17,5.333
2020/05/18,5.651
2020/05/19,5.745
2020/05/20,6.005
2020/05/21,6.715
2020/05/22,6.79
2020/05/23,6.682
2020/05/24,6.601
2020/05/25,6.608
2020/05/26,6.613
2020/05/27,6.651
2020/05/28,6.593
2020/05/29,6.558
2020/05/30,6.576
2020/05/31,6.292
2020/06/01,5.85
2020/06/02,5.456
2020/06/03,5.056
2020/06/04,4.646
2020/06/05,4.339
2020/06/06,4.186
2020/06/07,4.037
2020/06/08,3.664
2020/06/09,3.661
2020/06/10,3.56
2020/06/11,3.527
2020/06/12,3.523
2020/06/13,3.564
2020/06/14,3.738
2020/06/15,3.685
2020/06/16,3.606
2020/06/17,3.707
2020/06/18,3.706
2020/06/19,3.795
2020/06/20,3.539
2020/06/21,3.539
2020/06/22,3.445
2020/06/23,3.851
2020/06/24,4.361
2020/06/25,4.576
2020/06/26,4.655
2020/06/27,4.696
2020/06/28,4.69
2020/06/29,4.737
2020/06/30,5.027
2020/07/01,5.173
2020/07/02,5.24
2020/07/03,5.148
2020/07/04,4.991
2020/07/05,4.879
2020/07/06,4.835
2020/07/07,4.838
2020/07/08,5.122
2020/07/09,5.197
2020/07/10,5.188
2020/07/11,5.211
2020/07/12,5.193
2020/07/13,5.046
2020/07/14,4.385
2020/07/15,4.565
2020/07/16,4.858
2020/07/17,5.182
2020/07/18,5.216
2020/07/19,5.454
2020/07/20,6.001
2020/07/21,6.524
2020/07/22,7.161
2020/07/23,8.073
2020/07/24,8.725
2020/07/25,9.532
2020/07/26,9.824
2020/07/27,10.757
2020/07/28,10.793
2020/07/29,10.931
2020/07/30,11.097
2020/07/31,11.341
2020/08/01,11.262
2020/08/02,11.317
2020/08/03,10.954
2020/08/04,10.359
2020/08/05,10.041
2020/08/06,9.698
2020/08/07,9.726
2020/08/08,9.551
2020/08/09,9.186
2020/08/10,9.465
2020/08/11,9.731
2020/08/12,13.315
2020/08/13,16.085
2020/08/14,17.567
2020/08/15,17.556
2020/08/16,17.361
2020/08/17,17.066
2020/08/18,17.013
2020/08/19,17.197
2020/08/20,17.201
2020/08/21,17.577
2020/08/22,17.505
2020/08/23,17.408
2020/08/24,17.355
2020/08/25,17.186
2020/08/26,17.192
2020/08/27,16.998
2020/08/28,16.84
2020/08/29,16.598
2020/08/30,17.395
2020/08/31,18.199
2020/09/01,21.041
2020/09/02,23.351
2020/09/03,24.32
2020/09/04,23.654
2020/09/05,23.164
2020/09/06,22.549
2020/09/07,21.785
2020/09/08,21.386
2020/09/09,21.363
2020/09/10,21.354
2020/09/11,21.098
2020/09/12,20.834
2020/09/13,20.693
2020/09/14,20.766
2020/09/15,20.638
2020/09/16,20.514
2020/09/17,22.452
2020/09/18,23.117
2020/09/19,22.993
2020/09/20,23.064
2020/09/21,22.771
2020/09/22,22.14
2020/09/23,21.848
2020/09/24,21.811
2020/09/25,21.637
2020/09/26,21.88
2020/09/27,22.032
2020/09/28,21.852
2020/09/29,21.823
2020/09/30,21.786
2020/10/01,20.572
2020/10/02,18.871
2020/10/03,17.87
2020/10/04,18.017
2020/10/05,17.577
2020/10/06,17.687
2020/10/07,18.034
2020/10/08,18.381
2020/10/09,18.827
2020/10/10,19.374
2020/10/11,20.371
2020/10/12,20.714
2020/10/13,21.01
2020/10/14,20.763
2020/10/15,20.534
2020/10/16,20.663
2020/10/17,17.531
2020/10/18,15.482
2020/10/19,14.856
2020/10/20,14.689
2020/10/21,13.669
2020/10/22,12.691
2020/10/23,12.225
2020/10/24,12.935
2020/10/25,13.519
2020/10/26,13.575
2020/10/27,13.842
2020/10/28,13.18
2020/10/29,11.647
2020/10/30,10.707
2020/10/31,10.608
2020/11/01,10.763
2020/11/02,10.68
2020/11/03,10.591
2020/11/04,10.501
2020/11/05,9.565
2020/11/06,9.151
2020/11/07,8.79
2020/11/08,8.969
2020/11/09,8.993
2020/11/10,8.983
2020/11/11,8.714
2020/11/12,8.389
2020/11/13,8.012
2020/11/14,7.852
2020/11/15,7.894
2020/11/16,7.74
2020/11/17,8.188
2020/11/18,8.851
2020/11/19,8.812
2020/11/20,8.66
2020/11/21,8.667
2020/11/22,8.798
2020/11/23,8.882
2020/11/24,9.362
2020/11/25,9.408
2020/11/26,10.736
2020/11/27,10.823
2020/11/28,11.224
2020/11/29,11.735
2020/11/30,11.828
2020/12/01,11.818
2020/12/02,11.888
2020/12/03,11.876
2020/12/04,11.683
2020/12/05,11.886
2020/12/06,12.101
2020/12/07,12.116
2020/12/08,11.754
2020/12/09,11.712
2020/12/10,11.694
2020/12/11,11.698
2020/12/12,11.819
2020/12/13,11.893
2020/12/14,11.543
2020/12/15,11.515
2020/12/16,11.693
2020/12/17,13.237
2020/12/18,13.146
2020/12/19,13.08
2020/12/20,13.166
2020/12/21,13.294
2020/12/22,13.321
2020/12/23,13.864
2020/12/24,13.768
2020/12/25,14.038
2020/12/26,13.307
2020/12/27,13.466
2020/12/28,13.343
2020/12/29,12.714
2020/12/30,13.369
2020/12/31,13.647
2021/01/01,13.295
2021/01/02,13.187
2021/01/03,14.079
2021/01/04,15.978
2021/01/05,15.738
2021/01/06,15.646
2021/01/07,15.905
2021/01/08,16.159
2021/01/09,15.793
2021/01/10,15.541
2021/01/11,15.915
2021/01/12,14.945
2021/01/13,14.772
2021/01/14,14.777
2021/01/15,14.733
2021/01/16,14.556
2021/01/17,14.7
2021/01/18,14.444
2021/01/19,13.407
2021/01/20,13.325
2021/01/21,13.062
2021/01/22,13.16
2021/01/23,13.162
2021/01/24,13.211
2021/01/25,12.827
2021/01/26,12.866
2021/01/27,12.871
2021/01/28,12.881
2021/01/29,13.078
2021/01/30,13.087
2021/01/31,12.791
2021/02/01,13.157
2021/02/02,13.597
2021/02/03,12.814
2021/02/04,14.25
2021/02/05,15.743
2021/02/06,16.158
2021/02/07,16.308
2021/02/08,16.818
2021/02/09,17.593
2021/02/10,17.745
2021/02/11,17.776
2021/02/12,17.437
2021/02/13,17.411
2021/02/14,17.135
2021/02/15,16.761
2021/02/16,15.792
2021/02/17,15.019
2021/02/18,14.896
2021/02/19,14.32
2021/02/20,14.365
2021/02/21,14.241
2021/02/22,13.636
2021/02/23,13.79
2021/02/24,13.355
2021/02/25,12.07
2021/02/26,11.03
2021/02/27,10.142
2021/02/28,10.453
2021/03/01,10.222
2021/03/02,10.315
2021/03/03,10.578
2021/03/04,11.169
2021/03/05,11.301
2021/03/06,11.838
2021/03/07,11.518
2021/03/08,11.586
2021/03/09,11.628
2021/03/10,11.629
2021/03/11,11.302
2021/03/12,11.023
2021/03/13,11.022
2021/03/14,10.98
2021/03/15,11.026
2021/03/16,11.135
2021/03/17,11.281
2021/03/18,11.329
2021/03/19,11.315
2021/03/20,11.239
2021/03/21,11.148
2021/03/22,11.038
2021/03/23,11.048
2021/03/24,10.597
2021/03/25,8.559
2021/03/26,8.253
2021/03/27,8.344
2021/03/28,8.419
2021/03/29,8.27
2021/03/30,8.098
2021/03/31,8.31
2021/04/01,8.436
2021/04/02,8.439
2021/04/03,7.986
2021/04/04,8.359
2021/04/05,7.442
2021/04/06,7.288
2021/04/07,7.176
2021/04/08,7.417
2021/04/09,7.639
2021/04/10,8.306
2021/04/11,9.537
2021/04/12,9.934
2021/04/13,10.159
2021/04/14,9.944
2021/04/15,10.2
2021/04/16,10.028
2021/04/17,9.841
2021/04/18,9.855
2021/04/19,10.152
2021/04/20,11.379
2021/04/21,11.411
2021/04/22,11.419
2021/04/23,11.328
2021/04/24,12.092
2021/04/25,13.487
2021/04/26,14.376
2021/04/27,15.072
2021/04/28,15.445
2021/04/29,15.76
2021/04/30,16.05
2021/05/01,16.469
2021/05/02,17.263
2021/05/03,17.471
2021/05/04,17.695
2021/05/05,17.919
2021/05/06,17.868
2021/05/07,17.735
2021/05/08,17.901
2021/05/09,18.114
2021/05/10,19.516
2021/05/11,21.615
2021/05/12,23.207
2021/05/13,23.581
2021/05/14,23.641
2021/05/15,23.598
2021/05/16,23.475
2021/05/17,23.395
2021/05/18,23.247
2021/05/19,23.776
2021/05/20,22.743
2021/05/21,22.338
2021/05/22,22.43
2021/05/23,22.348
2021/05/24,22.378
2021/05/25,22.459
2021/05/26,22.727
2021/05/27,23.338
2021/05/28,23.961
2021/05/29,24.833
2021/05/30,25.664
2021/05/31,26.196
2021/06/01,26.573
2021/06/02,27.252
2021/06/03,27.868
2021/06/04,28.583
2021/06/05,29.632
2021/06/06,30.774
2021/06/07,31.26
2021/06/08,31.345
2021/06/09,30.323
2021/06/10,28.012
2021/06/11,25.32
2021/06/12,24.056
2021/06/13,23.409
2021/06/14,23.12
2021/06/15,22.993
2021/06/16,22.474
2021/06/17,21.948
2021/06/18,17.449
2021/06/19,15.389
2021/06/20,13.58
2021/06/21,13.203
2021/06/22,10.67
2021/06/23,9.364
2021/06/24,8.695
2021/06/25,7.999
2021/06/26,7.911
2021/06/27,7.592
2021/06/28,7.48
2021/06/29,7.448
2021/06/30,7.374
2021/07/01,7.295
2021/07/02,7.258
2021/07/03,7.212
2021/07/04,7.363
2021/07/05,7.402
2021/07/06,8.316
2021/07/07,8.735
2021/07/08,8.952
2021/07/09,8.984
2021/07/10,9.057
2021/07/11,9.26
2021/07/12,9.261
2021/07/13,9.212
2021/07/14,9.7
2021/07/15,10.101
2021/07/16,10.339
2021/07/17,10.313
2021/07/18,10.279
2021/07/19,10.066
2021/07/20,9.934
2021/07/21,9.667
2021/07/22,8.679
2021/07/23,8.66
2021/07/24,8.624
2021/07/25,8.673
2021/07/26,8.686
2021/07/27,8.655
2021/07/28,8.84
2021/07/29,8.822
2021/07/30,8.953
2021/07/31,8.959
2021/08/01,8.76
2021/08/02,8.461
2021/08/03,8.09
2021/08/04,7.807
2021/08/05,8.189
2021/08/06,8.421
2021/08/07,8.723
2021/08/08,8.798
2021/08/09,8.501
2021/08/10,7.827
2021/08/11,8.236
2021/08/12,8.428
2021/08/13,8.624
2021/08/14,8.683
2021/08/15,8.739
2021/08/16,8.773
2021/08/17,8.621
2021/08/18,8.404
2021/08/19,8.28
2021/08/20,9.508
2021/08/21,10.98
2021/08/22,12.224
2021/08/23,12.823
2021/08/24,13.232
2021/08/25,13.873
2021/08/26,14.456
2021/08/27,14.933
2021/08/28,15.498
2021/08/29,15.951
2021/08/30,16.246
2021/08/31,16.511
2021/09/01,16.718
2021/09/02,16.861
2021/09/03,16.864
2021/09/04,16.584
2021/09/05,16.476
2021/09/06,16.273
2021/09/07,16.034
2021/09/08,15.611
2021/09/09,15.016
2021/09/10,14.117
2021/09/11,13.513
2021/09/12,12.797
2021/09/13,12.049
2021/09/14,11.274
2021/09/15,9.78
2021/09/16,8.019
2021/09/17,6.121
2021/09/18,4.024
2021/09/19,4.1
2021/09/20,3.985
2021/09/21,3.838
2021/09/22,3.907
2021/09/23,3.955
2021/09/24,4.017
2021/09/25,4.259
2021/09/26,4.267
2021/09/27,4.281
2021/09/28,4.303
2021/09/29,4.294
2021/09/30,4.232
2021/10/01,4.204
2021/10/02,4.287
2021/10/03,4.171
2021/10/04,4.059
2021/10/05,4.043
2021/10/06,4.054
2021/10/07,3.697
2021/10/08,3.343
2021/10/09,3.017
2021/10/10,2.917
2021/10/11,2.92
2021/10/12,2.859
2021/10/13,2.817
2021/10/14,2.9
2021/10/15,3.123
2021/10/16,3.156
2021/10/17,3.185
2021/10/18,3.069
2021/10/19,3.04
2021/10/20,3.031
2021/10/21,3.018
2021/10/22,3.003
2021/10/23,3.041
2021/10/24,3.041
2021/10/25,2.873
2021/10/26,2.928
2021/10/27,3.358
2021/10/28,3.714
2021/10/29,3.864
2021/10/30,4.017
2021/10/31,4.037
2021/11/01,3.953
2021/11/02,3.909
2021/11/03,3.985
2021/11/04,4.004
2021/11/05,3.992
2021/11/06,3.871
2021/11/07,3.905
2021/11/08,3.766
2021/11/09,3.734
2021/11/10,3.798
2021/11/11,3.802
2021/11/12,3.769
2021/11/13,3.771
2021/11/14,3.767
2021/11/15,3.624
2021/11/16,3.435
2021/11/17,3.389
2021/11/18,3.253
2021/11/19,3.135
2021/11/20,3.22
2021/11/21,3.196
2021/11/22,2.956
2021/11/23,2.783
2021/11/24,2.716
2021/11/25,2.719
2021/11/26,2.551
2021/11/27,2.376
2021/11/28,2.382
2021/11/29,2.302
2021/11/30,2.283
2021/12/01,2.27
2021/12/02,2.158
2021/12/03,2.065
2021/12/04,2.081
2021/12/05,2.201
2021/12/06,2.207
2021/12/07,2.207
2021/12/08,2.321
2021/12/09,2.32
2021/12/10,2.163
2021/12/11,2.233
2021/12/12,2.422
2021/12/13,2.445
2021/12/14,2.538
2021/12/15,2.49
2021/12/16,2.451
2021/12/17,2.477
2021/12/18,2.605
2021/12/19,2.697
2021/12/20,2.753
2021/12/21,2.855
2021/12/22,2.849
2021/12/23,2.794
2021/12/24,2.725
2021/12/25,2.709
2021/12/26,2.726
2021/12/27,2.697
2021/12/28,2.687
2021/12/29,2.626
2021/12/30,2.462
2021/12/31,2.366
2022/01/01,2.347
2022/01/02,2.308
2022/01/03,1.751
2022/01/04,1.752
2022/01/05,1.681
2022/01/06,1.664
2022/01/07,1.758
2022/01/08,1.74
2022/01/09,1.609
2022/01/10,1.78
2022/01/11,1.82
2022/01/12,1.934
2022/01/13,1.945
2022/01/14,1.959
2022/01/15,1.977
2022/01/16,1.99
2022/01/17,1.934
2022/01/18,1.916
2022/01/19,1.918
2022/01/20,1.895
2022/01/21,2.109
2022/01/22,2.243
2022/01/23,2.248
2022/01/24,2.217
2022/01/25,2.051
2022/01/26,2.003
2022/01/27,2.001
2022/01/28,2.002
2022/01/29,2.021
2022/01/30,1.998
2022/01/31,1.898
2022/02/01,1.849
2022/02/02,1.807
2022/02/03,1.825
2022/02/04,1.827
2022/02/05,1.842
2022/02/06,1.966
2022/02/07,1.96
2022/02/08,1.992
2022/02/09,1.922
2022/02/10,1.895
2022/02/11,1.825
2022/02/12,1.908
2022/02/13,2.024
2022/02/14,2.079
2022/02/15,2.088
2022/02/16,2.092
2022/02/17,2.107
2022/02/18,2.15
2022/02/19,2.186
2022/02/20,1.9
2022/02/21,1.602
2022/02/22,1.61
2022/02/23,1.453
2022/02/24,1.434
2022/02/25,1.395
2022/02/26,1.378
2022/02/27,1.44
2022/02/28,1.463
2022/03/01,1.457
2022/03/02,1.46
2022/03/03,1.393
2022/03/04,1.327
2022/03/05,1.359
2022/03/06,1.362
2022/03/07,1.3
2022/03/08,1.293
2022/03/09,1.233
2022/03/10,1.237
2022/03/11,1.215
2022/03/12,1.224
2022/03/13,1.248
2022/03/14,1.261
2022/03/15,1.277
2022/03/16,1.274
2022/03/17,1.256
2022/03/18,1.24
2022/03/19,1.207
2022/03/20,1.217
2022/03/21,1.219
2022/03/22,1.208
2022/03/23,1.205
2022/03/24,1.149
2022/03/25,1.098
2022/03/26,0.941
2022/03/27,0.956
2022/03/28,1.075
2022/03/29,1.089
2022/03/30,1.091
2022/03/31,1.091
2022/04/01,1.094
2022/04/02,1.113
2022/04/03,1.114
2022/04/04,1.138
2022/04/05,1.191
2022/04/06,1.197
2022/04/07,1.194
2022/04/08,1.184
2022/04/09,1.224
2022/04/10,1.221
2022/04/11,1.148
2022/04/12,1.109
2022/04/13,1.105
2022/04/14,1.093
2022/04/15,1.152
2022/04/16,1.128
2022/04/17,1.106
2022/04/18,1.089
2022/04/19,1.075
2022/04/20,1.083
2022/04/21,1.081
2022/04/22,1.06
2022/04/23,1.139
2022/04/24,1.186
2022/04/25,1.148
2022/04/26,1.151
2022/04/27,1.067
2022/04/28,1.051
2022/04/29,1.051
2022/04/30,1.049
2022/05/01,2.997
2022/05/02,2.998
2022/05/03,3.009
2022/05/04,3
2022/05/05,2.991
2022/05/06,2.99
2022/05/07,3.031
2022/05/08,3.055
2022/05/09,3.079
2022/05/10,3.117
2022/05/11,3.71
2022/05/12,4.556
2022/05/13,4.555
2022/05/14,4.555
2022/05/15,4.54
2022/05/16,4.541
2022/05/17,4.526
2022/05/18,4.539
2022/05/19,4.545
2022/05/20,4.567
2022/05/21,4.595
2022/05/22,4.639
2022/05/23,4.622
2022/05/24,4.612
2022/05/25,4.634
2022/05/26,4.622
2022/05/27,4.62
2022/05/28,4.663
2022/05/29,4.711
2022/05/30,4.719
2022/05/31,3.857
2022/06/01,3.86
2022/06/02,3.866
2022/06/03,3.869
2022/06/04,3.866
2022/06/05,3.873
2022/06/06,3.836
2022/06/07,3.809
2022/06/08,3.783
2022/06/09,3.749
2022/06/10,3.115
2022/06/11,1.134
2022/06/12,0.914
2022/06/13,2.018
2022/06/14,2.248
2022/06/15,2.453
2022/06/16,2.455
2022/06/17,2.449
2022/06/18,2.517
2022/06/19,2.514
2022/06/20,2.488
2022/06/21,2.436
2022/06/22,2.414
2022/06/23,2.39
2022/06/24,2.365
2022/06/25,2.384
2022/06/26,2.399
2022/06/27,2.331
2022/06/28,2.247
2022/06/29,2.248
2022/06/30,2.254
2022/07/01,2.249
2022/07/02,2.276
2022/07/03,2.318
2022/07/04,2.339
2022/07/05,2.331
2022/07/06,2.333
2022/07/07,2.345
2022/07/08,2.37
2022/07/09,2.393
2022/07/10,2.438
2022/07/11,2.442
2022/07/12,2.451
2022/07/13,1.834
2022/07/14,1.608
2022/07/15,1.305
2022/07/16,1.296
2022/07/17,1.309
2022/07/18,1.138
2022/07/19,1.107
2022/07/20,1.103
2022/07/21,1.083
2022/07/22,1.092
2022/07/23,1.115
2022/07/24,1.115
2022/07/25,1.113
2022/07/26,1.117
2022/07/27,1.12
2022/07/28,1.088
2022/07/29,0.906
2022/07/30,0.78
2022/07/31,0.817
2022/08/01,0.795
2022/08/02,0.768
2022/08/03,0.785
2022/08/04,0.819
2022/08/05,0.848
2022/08/06,0.919
2022/08/07,0.971
2022/08/08,0.972
2022/08/09,0.958
2022/08/10,0.977
2022/08/11,0.974
2022/08/12,0.957
2022/08/13,0.974
2022/08/14,0.985
2022/08/15,0.967
2022/08/16,0.993
2022/08/17,0.959
2022/08/18,0.902
2022/08/19,0.873
2022/08/20,0.877
2022/08/21,0.907
2022/08/22,0.901
2022/08/23,0.901
2022/08/24,0.891
2022/08/25,0.888
2022/08/26,0.832
2022/08/27,0.801
2022/08/28,0.8
2022/08/29,0.799
2022/08/30,0.816
2022/08/31,0.777
2022/09/01,0.765
2022/09/02,0.77
2022/09/03,0.831
2022/09/04,0.867
2022/09/05,0.852
2022/09/06,0.84
2022/09/07,0.859
2022/09/08,0.898
2022/09/09,0.82
2022/09/10,0.81
2022/09/11,0.811
2022/09/12,0.82
2022/09/13,0.924
2022/09/14,0.911
2022/09/15,0.962
2022/09/16,0.961
2022/09/17,0.986
2022/09/18,0.971
2022/09/19,0.962
2022/09/20,0.943
2022/09/21,0.975
2022/09/22,0.975
2022/09/23,0.973
2022/09/24,1
2022/09/25,1.009
2022/09/26,0.992
2022/09/27,0.969
2022/09/28,0.972
2022/09/29,0.957
2022/09/30,0.945
2022/10/01,0.973
2022/10/02,0.996
2022/10/03,0.946
2022/10/04,0.908
2022/10/05,0.9
2022/10/06,0.904
2022/10/07,0.886
2022/10/08,0.877
2022/10/09,0.902
2022/10/10,0.896
2022/10/11,0.901
2022/10/12,0.894
2022/10/13,0.779
2022/10/14,0.773
2022/10/15,0.702
2022/10/16,0.702
2022/10/17,0.716
2022/10/18,0.746
2022/10/19,0.757
2022/10/20,0.825
2022/10/21,0.848
2022/10/22,0.853
2022/10/23,0.852
2022/10/24,0.833
2022/10/25,0.835
2022/10/26,0.844
2022/10/27,0.841
2022/10/28,0.837
2022/10/29,0.837
2022/10/30,0.863
2022/10/31,0.853
2022/11/01,0.826
2022/11/02,0.838
2022/11/03,0.84
2022/11/04,0.851
2022/11/05,0.889
2022/11/06,0.906
2022/11/07,0.871
2022/11/08,1.383
2022/11/09,1.995
2022/11/10,2.261
2022/11/11,2.293
2022/11/12,2.292
2022/11/13,2.276
2022/11/14,2.235
2022/11/15,2.209
2022/11/16,2.22
2022/11/17,2.232
2022/11/18,2.263
2022/11/19,2.318
2022/11/20,2.335
2022/11/21,2.324
2022/11/22,2.314
2022/11/23,2.338
2022/11/24,2.371
2022/11/25,2.416
2022/11/26,2.462
2022/11/27,2.513
2022/11/28,2.527
2022/11/29,2.527
