Date,fee_to_rewardUSD
2016/01/01,0.0582
2016/01/02,0.0684
2016/01/03,0.0679
2016/01/04,0.0751
2016/01/05,0.206
2016/01/06,0.231
2016/01/07,0.231
2016/01/08,0.0898
2016/01/09,0.137
2016/01/10,0.0933
2016/01/11,0.0918
2016/01/12,0.0965
2016/01/13,0.217
2016/01/14,0.0966
2016/01/15,0.0842
2016/01/16,0.0831
2016/01/17,0.0622
2016/01/18,0.113
2016/01/19,0.132
2016/01/20,0.0697
2016/01/21,0.0757
2016/01/22,0.115
2016/01/23,0.0657
2016/01/24,0.0845
2016/01/25,0.152
2016/01/26,0.137
2016/01/27,0.21
2016/01/28,0.151
2016/01/29,0.139
2016/01/30,0.129
2016/01/31,0.127
2016/02/01,0.117
2016/02/02,0.11
2016/02/03,0.0984
2016/02/04,0.118
2016/02/05,0.137
2016/02/06,0.455
2016/02/07,0.171
2016/02/08,0.131
2016/02/09,0.178
2016/02/10,0.213
2016/02/11,0.166
2016/02/12,0.121
2016/02/13,0.13
2016/02/14,0.102
2016/02/15,0.114
2016/02/16,0.122
2016/02/17,0.152
2016/02/18,0.108
2016/02/19,0.133
2016/02/20,0.0978
2016/02/21,0.101
2016/02/22,0.117
2016/02/23,0.343
2016/02/24,0.189
2016/02/25,0.114
2016/02/26,0.184
2016/02/27,0.105
2016/02/28,0.107
2016/02/29,0.126
2016/03/01,0.123
2016/03/02,0.139
2016/03/03,0.131
2016/03/04,0.126
2016/03/05,0.124
2016/03/06,0.143
2016/03/07,0.113
2016/03/08,0.118
2016/03/09,0.0984
2016/03/10,0.0751
2016/03/11,0.0719
2016/03/12,0.0903
2016/03/13,0.0919
2016/03/14,0.103
2016/03/15,0.0754
2016/03/16,0.0742
2016/03/17,0.0955
2016/03/18,0.0855
2016/03/19,0.134
2016/03/20,0.11
2016/03/21,0.101
2016/03/22,0.0805
2016/03/23,0.101
2016/03/24,0.125
2016/03/25,0.123
2016/03/26,0.106
2016/03/27,0.0595
2016/03/28,0.0824
2016/03/29,0.0744
2016/03/30,0.108
2016/03/31,0.078
2016/04/01,0.0741
2016/04/02,0.0569
2016/04/03,0.0553
2016/04/04,0.0758
2016/04/05,0.0879
2016/04/06,0.0678
2016/04/07,0.0672
2016/04/08,0.0769
2016/04/09,0.0633
2016/04/10,0.0598
2016/04/11,0.0591
2016/04/12,0.0715
2016/04/13,0.101
2016/04/14,0.0973
2016/04/15,0.0717
2016/04/16,0.0535
2016/04/17,0.0912
2016/04/18,0.0617
2016/04/19,0.0596
2016/04/20,0.0731
2016/04/21,0.0937
2016/04/22,0.0638
2016/04/23,0.0603
2016/04/24,0.0696
2016/04/25,0.0722
2016/04/26,0.0678
2016/04/27,0.0628
2016/04/28,0.0698
2016/04/29,0.0724
2016/04/30,0.098
2016/05/01,0.115
2016/05/02,0.0839
2016/05/03,0.0823
2016/05/04,0.0847
2016/05/05,0.095
2016/05/06,0.108
2016/05/07,0.0747
2016/05/08,0.0884
2016/05/09,0.0809
2016/05/10,0.0852
2016/05/11,0.0985
2016/05/12,0.118
2016/05/13,0.13
2016/05/14,0.108
2016/05/15,0.0958
2016/05/16,0.0854
2016/05/17,0.086
2016/05/18,0.106
2016/05/19,0.102
2016/05/20,0.116
2016/05/21,0.11
2016/05/22,0.0877
2016/05/23,0.0905
2016/05/24,0.0875
2016/05/25,0.0987
2016/05/26,0.109
2016/05/27,0.115
2016/05/28,0.221
2016/05/29,0.119
2016/05/30,0.0975
2016/05/31,0.0969
2016/06/01,0.0953
2016/06/02,0.079
2016/06/03,0.0768
2016/06/04,0.0745
2016/06/05,0.0744
2016/06/06,0.0785
2016/06/07,0.205
2016/06/08,0.0863
2016/06/09,0.0881
2016/06/10,0.0912
2016/06/11,0.0828
2016/06/12,0.0888
2016/06/13,0.112
2016/06/14,0.117
2016/06/15,0.0938
2016/06/16,0.125
2016/06/17,0.643
2016/06/18,0.746
2016/06/19,0.159
2016/06/20,0.159
2016/06/21,0.221
2016/06/22,0.153
2016/06/23,0.0984
2016/06/24,0.12
2016/06/25,0.0878
2016/06/26,0.0834
2016/06/27,0.0849
2016/06/28,0.0981
2016/06/29,0.174
2016/06/30,0.267
2016/07/01,0.136
2016/07/02,0.0751
2016/07/03,0.0941
2016/07/04,0.0819
2016/07/05,0.0936
2016/07/06,0.09
2016/07/07,0.082
2016/07/08,0.12
2016/07/09,0.145
2016/07/10,0.0851
2016/07/11,0.0875
2016/07/12,0.101
2016/07/13,0.0758
2016/07/14,0.0997
2016/07/15,0.0895
2016/07/16,0.0729
2016/07/17,0.061
2016/07/18,0.0773
2016/07/19,0.0897
2016/07/20,0.23
2016/07/21,0.102
2016/07/22,0.116
2016/07/23,0.0998
2016/07/24,0.116
2016/07/25,0.121
2016/07/26,0.144
2016/07/27,0.113
2016/07/28,0.19
2016/07/29,0.139
2016/07/30,0.0928
2016/07/31,0.0922
2016/08/01,0.0944
2016/08/02,0.106
2016/08/03,0.102
2016/08/04,0.0966
2016/08/05,0.0893
2016/08/06,0.081
2016/08/07,0.084
2016/08/08,0.164
2016/08/09,0.0941
2016/08/10,0.102
2016/08/11,0.0976
2016/08/12,0.0914
2016/08/13,0.0768
2016/08/14,0.0742
2016/08/15,0.0824
2016/08/16,0.0953
2016/08/17,0.0877
2016/08/18,0.107
2016/08/19,0.0916
2016/08/20,0.0806
2016/08/21,0.0863
2016/08/22,0.0904
2016/08/23,0.217
2016/08/24,0.0908
2016/08/25,0.099
2016/08/26,0.0968
2016/08/27,0.0864
2016/08/28,0.0785
2016/08/29,0.0899
2016/08/30,0.099
2016/08/31,0.0913
2016/09/01,0.0978
2016/09/02,0.136
2016/09/03,0.0845
2016/09/04,0.151
2016/09/05,0.0869
2016/09/06,0.103
2016/09/07,0.104
2016/09/08,0.126
2016/09/09,0.127
2016/09/10,0.0843
2016/09/11,0.0862
2016/09/12,0.106
2016/09/13,0.0932
2016/09/14,0.109
2016/09/15,0.11
2016/09/16,0.142
2016/09/17,0.107
2016/09/18,0.0976
2016/09/19,0.0772
2016/09/20,0.0982
2016/09/21,0.0916
2016/09/22,0.183
2016/09/23,0.137
2016/09/24,0.201
2016/09/25,0.185
2016/09/26,0.338
2016/09/27,0.258
2016/09/28,0.204
2016/09/29,0.124
2016/09/30,0.124
2016/10/01,0.247
2016/10/02,0.23
2016/10/03,0.19
2016/10/04,0.256
2016/10/05,0.18
2016/10/06,0.145
2016/10/07,0.133
2016/10/08,0.147
2016/10/09,0.172
2016/10/10,0.158
2016/10/11,0.116
2016/10/12,0.126
2016/10/13,0.297
2016/10/14,0.218
2016/10/15,0.207
2016/10/16,0.195
2016/10/17,0.212
2016/10/18,0.278
2016/10/19,0.262
2016/10/20,0.152
2016/10/21,0.126
2016/10/22,0.0851
2016/10/23,0.082
2016/10/24,0.147
2016/10/25,0.133
2016/10/26,0.107
2016/10/27,0.103
2016/10/28,0.113
2016/10/29,0.102
2016/10/30,0.0929
2016/10/31,0.102
2016/11/01,0.132
2016/11/02,0.0916
2016/11/03,0.0927
2016/11/04,0.0687
2016/11/05,0.0764
2016/11/06,0.0716
2016/11/07,0.085
2016/11/08,0.0949
2016/11/09,0.11
2016/11/10,0.11
2016/11/11,0.132
2016/11/12,0.0938
2016/11/13,0.102
2016/11/14,0.117
2016/11/15,0.115
2016/11/16,0.108
2016/11/17,0.0963
2016/11/18,0.102
2016/11/19,0.0842
2016/11/20,0.098
2016/11/21,0.108
2016/11/22,0.119
2016/11/23,0.24
2016/11/24,0.173
2016/11/25,0.17
2016/11/26,0.213
2016/11/27,0.32
2016/11/28,0.339
2016/11/29,0.293
2016/11/30,0.108
2016/12/01,0.0836
2016/12/02,0.0862
2016/12/03,0.0789
2016/12/04,0.0824
2016/12/05,0.0976
2016/12/06,0.106
2016/12/07,0.108
2016/12/08,0.109
2016/12/09,0.0968
2016/12/10,0.0895
2016/12/11,0.113
2016/12/12,0.0971
2016/12/13,0.095
2016/12/14,0.107
2016/12/15,0.107
2016/12/16,0.0942
2016/12/17,0.1
2016/12/18,0.085
2016/12/19,0.113
2016/12/20,0.134
2016/12/21,0.166
2016/12/22,0.122
2016/12/23,0.0932
2016/12/24,0.0806
2016/12/25,0.074
2016/12/26,0.0716
2016/12/27,0.114
2016/12/28,0.0977
2016/12/29,0.124
2016/12/30,0.137
2016/12/31,0.0895
2017/01/01,0.078
2017/01/02,0.0873
2017/01/03,0.124
2017/01/04,0.12
2017/01/05,0.107
2017/01/06,0.0976
2017/01/07,0.0924
2017/01/08,0.102
2017/01/09,0.11
2017/01/10,0.12
2017/01/11,0.107
2017/01/12,0.115
2017/01/13,0.11
2017/01/14,0.0895
2017/01/15,0.0925
2017/01/16,0.101
2017/01/17,0.123
2017/01/18,0.105
2017/01/19,0.0952
2017/01/20,0.106
2017/01/21,0.0951
2017/01/22,0.111
2017/01/23,0.109
2017/01/24,0.128
2017/01/25,0.117
2017/01/26,0.112
2017/01/27,0.111
2017/01/28,0.103
2017/01/29,0.096
2017/01/30,0.1
2017/01/31,0.0995
2017/02/01,0.119
2017/02/02,0.11
2017/02/03,0.106
2017/02/04,0.101
2017/02/05,0.108
2017/02/06,0.111
2017/02/07,0.142
2017/02/08,0.134
2017/02/09,0.126
2017/02/10,0.143
2017/02/11,0.119
2017/02/12,0.125
2017/02/13,0.188
2017/02/14,0.154
2017/02/15,0.2
2017/02/16,0.122
2017/02/17,0.121
2017/02/18,0.14
2017/02/19,0.114
2017/02/20,0.128
2017/02/21,0.17
2017/02/22,0.16
2017/02/23,0.136
2017/02/24,0.129
2017/02/25,0.138
2017/02/26,0.121
2017/02/27,0.141
2017/02/28,0.156
2017/03/01,0.163
2017/03/02,0.169
2017/03/03,0.145
2017/03/04,0.133
2017/03/05,0.134
2017/03/06,0.13
2017/03/07,0.138
2017/03/08,0.126
2017/03/09,0.158
2017/03/10,0.169
2017/03/11,0.15
2017/03/12,0.153
2017/03/13,0.234
2017/03/14,0.232
2017/03/15,0.199
2017/03/16,0.263
2017/03/17,0.259
2017/03/18,0.187
2017/03/19,0.18
2017/03/20,0.175
2017/03/21,0.201
2017/03/22,0.187
2017/03/23,0.191
2017/03/24,0.214
2017/03/25,0.182
2017/03/26,0.182
2017/03/27,0.244
2017/03/28,0.204
2017/03/29,0.216
2017/03/30,0.224
2017/03/31,0.241
2017/04/01,0.181
2017/04/02,0.212
2017/04/03,0.234
2017/04/04,0.204
2017/04/05,0.213
2017/04/06,0.233
2017/04/07,0.227
2017/04/08,0.165
2017/04/09,0.183
2017/04/10,0.204
2017/04/11,0.189
2017/04/12,0.259
2017/04/13,0.198
2017/04/14,0.198
2017/04/15,0.188
2017/04/16,0.176
2017/04/17,0.192
2017/04/18,0.235
2017/04/19,0.258
2017/04/20,0.23
2017/04/21,0.295
2017/04/22,0.243
2017/04/23,0.208
2017/04/24,0.239
2017/04/25,0.249
2017/04/26,0.248
2017/04/27,0.289
2017/04/28,0.26
2017/04/29,0.234
2017/04/30,0.262
2017/05/01,0.349
2017/05/02,0.37
2017/05/03,0.255
2017/05/04,0.306
2017/05/05,0.276
2017/05/06,0.276
2017/05/07,0.343
2017/05/08,0.316
2017/05/09,0.348
2017/05/10,0.344
2017/05/11,0.358
2017/05/12,0.354
2017/05/13,0.355
2017/05/14,0.366
2017/05/15,0.449
2017/05/16,0.462
2017/05/17,0.744
2017/05/18,0.54
2017/05/19,0.594
2017/05/20,0.527
2017/05/21,0.542
2017/05/22,0.614
2017/05/23,0.855
2017/05/24,0.915
2017/05/25,0.731
2017/05/26,0.686
2017/05/27,0.611
2017/05/28,0.644
2017/05/29,0.612
2017/05/30,1.021
2017/05/31,1.656
2017/06/01,0.866
2017/06/02,1.046
2017/06/03,0.797
2017/06/04,0.9
2017/06/05,0.762
2017/06/06,0.928
2017/06/07,0.96
2017/06/08,0.832
2017/06/09,0.871
2017/06/10,0.735
2017/06/11,1.076
2017/06/12,1.639
2017/06/13,0.991
2017/06/14,0.865
2017/06/15,0.949
2017/06/16,0.872
2017/06/17,0.806
2017/06/18,0.846
2017/06/19,0.947
2017/06/20,2.454
2017/06/21,3.168
2017/06/22,2.426
2017/06/23,1.705
2017/06/24,2.072
2017/06/25,1.481
2017/06/26,1.861
2017/06/27,1.195
2017/06/28,2.008
2017/06/29,1.631
2017/06/30,1.236
2017/07/01,1.125
2017/07/02,1.132
2017/07/03,1.478
2017/07/04,1.3
2017/07/05,1.428
2017/07/06,1.076
2017/07/07,1.229
2017/07/08,1.261
2017/07/09,0.906
2017/07/10,1.026
2017/07/11,1.132
2017/07/12,1.308
2017/07/13,1.308
2017/07/14,1.107
2017/07/15,1.127
2017/07/16,1.097
2017/07/17,1.121
2017/07/18,1.671
2017/07/19,1.256
2017/07/20,0.995
2017/07/21,1.07
2017/07/22,0.888
2017/07/23,1.123
2017/07/24,1.207
2017/07/25,1.369
2017/07/26,1.129
2017/07/27,1.037
2017/07/28,1.085
2017/07/29,0.799
2017/07/30,0.804
2017/07/31,0.917
2017/08/01,1.174
2017/08/02,1.073
2017/08/03,1.08
2017/08/04,0.985
2017/08/05,1.072
2017/08/06,1.103
2017/08/07,1.424
2017/08/08,1.49
2017/08/09,1.179
2017/08/10,1.387
2017/08/11,1.532
2017/08/12,1.49
2017/08/13,1.324
2017/08/14,1.488
2017/08/15,1.649
2017/08/16,3.083
2017/08/17,2.341
2017/08/18,2.926
2017/08/19,1.97
2017/08/20,1.268
2017/08/21,1.384
2017/08/22,1.357
2017/08/23,1.322
2017/08/24,1.36
2017/08/25,1.542
2017/08/26,1.493
2017/08/27,1.398
2017/08/28,1.657
2017/08/29,2.49
2017/08/30,2.133
2017/08/31,3.17
2017/09/01,2.467
2017/09/02,1.849
2017/09/03,1.514
2017/09/04,2.418
2017/09/05,2.897
2017/09/06,3.721
2017/09/07,3.508
2017/09/08,3.608
2017/09/09,2.182
2017/09/10,2.001
2017/09/11,1.943
2017/09/12,2.418
2017/09/13,2.256
2017/09/14,2
2017/09/15,3.001
2017/09/16,3.152
2017/09/17,1.803
2017/09/18,1.979
2017/09/19,1.86
2017/09/20,2.724
2017/09/21,1.59
2017/09/22,1.802
2017/09/23,1.895
2017/09/24,2.553
2017/09/25,2.336
2017/09/26,2.37
2017/09/27,2.25
2017/09/28,2.25
2017/09/29,2.094
2017/09/30,2.301
2017/10/01,2.071
2017/10/02,2.118
2017/10/03,2.361
2017/10/04,2.343
2017/10/05,2.355
2017/10/06,2.668
2017/10/07,1.985
2017/10/08,2.213
2017/10/09,2.351
2017/10/10,2.437
2017/10/11,2.656
2017/10/12,2.544
2017/10/13,2.755
2017/10/14,2.409
2017/10/15,2.327
2017/10/16,1.961
2017/10/17,1.492
2017/10/18,1.344
2017/10/19,1.283
2017/10/20,1.823
2017/10/21,1.082
2017/10/22,0.909
2017/10/23,1.195
2017/10/24,1.559
2017/10/25,1.31
2017/10/26,1.209
2017/10/27,1.3
2017/10/28,1.046
2017/10/29,1.049
2017/10/30,1.31
2017/10/31,1.375
2017/11/01,1.591
2017/11/02,1.639
2017/11/03,1.243
2017/11/04,0.948
2017/11/05,0.877
2017/11/06,1.103
2017/11/07,1.261
2017/11/08,1.438
2017/11/09,1.387
2017/11/10,1.229
2017/11/11,1.064
2017/11/12,1.282
2017/11/13,1.362
2017/11/14,1.541
2017/11/15,1.772
2017/11/16,1.47
2017/11/17,1.577
2017/11/18,1.152
2017/11/19,1.257
2017/11/20,1.631
2017/11/21,1.6
2017/11/22,1.612
2017/11/23,1.575
2017/11/24,1.385
2017/11/25,1.28
2017/11/26,1.499
2017/11/27,1.684
2017/11/28,1.836
2017/11/29,1.974
2017/11/30,1.824
2017/12/01,1.831
2017/12/02,1.574
2017/12/03,1.809
2017/12/04,3.444
2017/12/05,4.861
2017/12/06,6.235
2017/12/07,8.898
2017/12/08,9.287
2017/12/09,8.723
2017/12/10,7.99
2017/12/11,6.524
2017/12/12,6.489
2017/12/13,5.713
2017/12/14,6.963
2017/12/15,6.033
2017/12/16,6.138
2017/12/17,5.044
2017/12/18,4.939
2017/12/19,6.113
2017/12/20,7.076
2017/12/21,7.306
2017/12/22,6.813
2017/12/23,5.099
2017/12/24,4.462
2017/12/25,3.344
2017/12/26,3.309
2017/12/27,3.637
2017/12/28,3.679
2017/12/29,4.372
2017/12/30,4.199
2017/12/31,3.821
2018/01/01,3.371
2018/01/02,4.504
2018/01/03,5.14
2018/01/04,5.958
2018/01/05,11.041
2018/01/06,12.506
2018/01/07,10.462
2018/01/08,10.887
2018/01/09,11.329
2018/01/10,12.765
2018/01/11,11.125
2018/01/12,8.805
2018/01/13,9.224
2018/01/14,8.579
2018/01/15,8.888
2018/01/16,8.588
2018/01/17,8.179
2018/01/18,8.563
2018/01/19,7.527
2018/01/20,7.075
2018/01/21,5.674
2018/01/22,5.079
2018/01/23,5.863
2018/01/24,5.418
2018/01/25,4.603
2018/01/26,4.215
2018/01/27,3.616
2018/01/28,3.891
2018/01/29,5.32
2018/01/30,4.648
2018/01/31,4.604
2018/02/01,6.334
2018/02/02,5.057
2018/02/03,3.855
2018/02/04,3.718
2018/02/05,3.799
2018/02/06,4.063
2018/02/07,3.706
2018/02/08,2.866
2018/02/09,3.141
2018/02/10,3.324
2018/02/11,2.877
2018/02/12,2.849
2018/02/13,2.807
2018/02/14,2.913
2018/02/15,2.804
2018/02/16,2.692
2018/02/17,2.993
2018/02/18,3.418
2018/02/19,2.907
2018/02/20,3.305
2018/02/21,3.194
2018/02/22,2.744
2018/02/23,2.742
2018/02/24,2.782
2018/02/25,2.489
2018/02/26,2.451
2018/02/27,2.532
2018/02/28,3.274
2018/03/01,2.537
2018/03/02,3.133
2018/03/03,2.286
2018/03/04,2.404
2018/03/05,2.699
2018/03/06,2.312
2018/03/07,2.699
2018/03/08,2.443
2018/03/09,2.259
2018/03/10,1.804
2018/03/11,1.643
2018/03/12,2.317
2018/03/13,1.78
2018/03/14,1.891
2018/03/15,1.778
2018/03/16,1.713
2018/03/17,1.417
2018/03/18,1.668
2018/03/19,1.732
2018/03/20,1.7
2018/03/21,2.022
2018/03/22,1.923
2018/03/23,2.063
2018/03/24,1.728
2018/03/25,1.536
2018/03/26,1.801
2018/03/27,1.65
2018/03/28,1.671
2018/03/29,1.754
2018/03/30,1.605
2018/03/31,1.294
2018/04/01,1.178
2018/04/02,1.416
2018/04/03,1.52
2018/04/04,1.315
2018/04/05,2.174
2018/04/06,1.5
2018/04/07,1.134
2018/04/08,1.307
2018/04/09,1.415
2018/04/10,1.34
2018/04/11,1.509
2018/04/12,1.74
2018/04/13,1.958
2018/04/14,1.45
2018/04/15,1.349
2018/04/16,1.513
2018/04/17,1.626
2018/04/18,1.909
2018/04/19,1.975
2018/04/20,2.013
2018/04/21,1.574
2018/04/22,1.631
2018/04/23,1.764
2018/04/24,2.152
2018/04/25,2.035
2018/04/26,2.038
2018/04/27,2.18
2018/04/28,2.071
2018/04/29,2.409
2018/04/30,2.504
2018/05/01,1.991
2018/05/02,2.077
2018/05/03,2.495
2018/05/04,2.404
2018/05/05,1.902
2018/05/06,1.714
2018/05/07,1.96
2018/05/08,2.104
2018/05/09,2.315
2018/05/10,3.238
2018/05/11,3.132
2018/05/12,2.22
2018/05/13,2.35
2018/05/14,2.959
2018/05/15,2.965
2018/05/16,3.149
2018/05/17,3.404
2018/05/18,3.229
2018/05/19,2.859
2018/05/20,2.647
2018/05/21,2.988
2018/05/22,3.358
2018/05/23,3.332
2018/05/24,3.189
2018/05/25,2.979
2018/05/26,2.626
2018/05/27,2.439
2018/05/28,3.679
2018/05/29,3.566
2018/05/30,3.741
2018/05/31,4.56
2018/06/01,3.813
2018/06/02,2.633
2018/06/03,2.59
2018/06/04,3.17
2018/06/05,2.817
2018/06/06,3.431
2018/06/07,2.726
2018/06/08,2.394
2018/06/09,1.914
2018/06/10,1.959
2018/06/11,2.057
2018/06/12,2.062
2018/06/13,2.166
2018/06/14,2.333
2018/06/15,2.656
2018/06/16,1.714
2018/06/17,1.399
2018/06/18,1.499
2018/06/19,2.088
2018/06/20,1.959
2018/06/21,1.884
2018/06/22,2.78
2018/06/23,1.56
2018/06/24,1.745
2018/06/25,2.28
2018/06/26,1.73
2018/06/27,1.737
2018/06/28,1.675
2018/06/29,1.775
2018/06/30,7.207
2018/07/01,11.886
2018/07/02,18.736
2018/07/03,14.753
2018/07/04,11.463
2018/07/05,10.216
2018/07/06,12.979
2018/07/07,11.767
2018/07/08,5.802
2018/07/09,4.716
2018/07/10,3.263
2018/07/11,3.647
2018/07/12,5.817
2018/07/13,6.573
2018/07/14,11.539
2018/07/15,12.812
2018/07/16,2.628
2018/07/17,2.163
2018/07/18,2.152
2018/07/19,1.954
2018/07/20,2.537
2018/07/21,2.604
2018/07/22,1.631
2018/07/23,2.502
2018/07/24,2.117
2018/07/25,1.963
2018/07/26,1.777
2018/07/27,1.643
2018/07/28,1.961
2018/07/29,1.361
2018/07/30,1.567
2018/07/31,1.596
2018/08/01,1.51
2018/08/02,1.498
2018/08/03,1.557
2018/08/04,1.456
2018/08/05,1.191
2018/08/06,1.903
2018/08/07,5.527
2018/08/08,11.413
2018/08/09,9.984
2018/08/10,6.371
2018/08/11,2.239
2018/08/12,1.635
2018/08/13,2.238
2018/08/14,2.634
2018/08/15,2.645
2018/08/16,2.21
2018/08/17,7.27
2018/08/18,1.9
2018/08/19,1.687
2018/08/20,1.777
2018/08/21,1.72
2018/08/22,2.951
2018/08/23,2.129
2018/08/24,3.318
2018/08/25,1.515
2018/08/26,2.22
2018/08/27,1.673
2018/08/28,1.734
2018/08/29,2.04
2018/08/30,1.949
2018/08/31,2.01
2018/09/01,1.647
2018/09/02,1.517
2018/09/03,1.698
2018/09/04,2.067
2018/09/05,1.673
2018/09/06,2.248
2018/09/07,2.237
2018/09/08,1.864
2018/09/09,1.979
2018/09/10,2.032
2018/09/11,2.339
2018/09/12,2.335
2018/09/13,2.354
2018/09/14,1.803
2018/09/15,1.751
2018/09/16,1.683
2018/09/17,1.982
2018/09/18,2.05
2018/09/19,3.068
2018/09/20,2.264
2018/09/21,2.801
2018/09/22,1.944
2018/09/23,1.721
2018/09/24,2.413
2018/09/25,2.321
2018/09/26,2.441
2018/09/27,2.603
2018/09/28,2.844
2018/09/29,2.898
2018/09/30,2.393
2018/10/01,2.821
2018/10/02,2.943
2018/10/03,2.06
2018/10/04,2.05
2018/10/05,2.014
2018/10/06,1.355
2018/10/07,1.458
2018/10/08,1.985
2018/10/09,1.801
2018/10/10,2.073
2018/10/11,2.162
2018/10/12,2.084
2018/10/13,1.537
2018/10/14,1.348
2018/10/15,1.9
2018/10/16,1.636
2018/10/17,1.774
2018/10/18,1.682
2018/10/19,1.927
2018/10/20,1.679
2018/10/21,1.548
2018/10/22,1.861
2018/10/23,1.853
2018/10/24,2.18
2018/10/25,2.489
2018/10/26,2.2
2018/10/27,1.629
2018/10/28,1.545
2018/10/29,1.97
2018/10/30,1.958
2018/10/31,1.932
2018/11/01,1.892
2018/11/02,2.078
2018/11/03,1.728
2018/11/04,1.65
2018/11/05,2.311
2018/11/06,2.35
2018/11/07,2.137
2018/11/08,2.318
2018/11/09,1.917
2018/11/10,1.383
2018/11/11,1.297
2018/11/12,2.052
2018/11/13,2.208
2018/11/14,2.674
2018/11/15,2.921
2018/11/16,2.511
2018/11/17,1.929
2018/11/18,2.116
2018/11/19,2.951
2018/11/20,3.017
2018/11/21,2.446
2018/11/22,2.366
2018/11/23,2.462
2018/11/24,2.139
2018/11/25,2.476
2018/11/26,2.436
2018/11/27,2.308
2018/11/28,2.992
2018/11/29,3.344
2018/11/30,4.101
2018/12/01,2.773
2018/12/02,2.477
2018/12/03,2.875
2018/12/04,2.913
2018/12/05,3.092
2018/12/06,2.422
2018/12/07,2.366
2018/12/08,1.714
2018/12/09,1.666
2018/12/10,1.926
2018/12/11,1.864
2018/12/12,1.795
2018/12/13,1.965
2018/12/14,1.982
2018/12/15,1.612
2018/12/16,1.498
2018/12/17,1.964
2018/12/18,2.19
2018/12/19,2.242
2018/12/20,2.235
2018/12/21,2.153
2018/12/22,1.642
2018/12/23,1.827
2018/12/24,2.153
2018/12/25,2.187
2018/12/26,1.916
2018/12/27,1.718
2018/12/28,1.834
2018/12/29,1.607
2018/12/30,2.766
2018/12/31,1.678
2019/01/01,1.514
2019/01/02,1.73
2019/01/03,1.753
2019/01/04,1.909
2019/01/05,1.94
2019/01/06,1.591
2019/01/07,1.672
2019/01/08,1.686
2019/01/09,1.592
2019/01/10,1.936
2019/01/11,1.783
2019/01/12,1.344
2019/01/13,1.421
2019/01/14,2.663
2019/01/15,2.197
2019/01/16,2.048
2019/01/17,1.785
2019/01/18,1.97
2019/01/19,1.758
2019/01/20,1.666
2019/01/21,2.061
2019/01/22,2.469
2019/01/23,2.095
2019/01/24,2.112
2019/01/25,1.931
2019/01/26,1.64
2019/01/27,1.646
2019/01/28,2.311
2019/01/29,2.04
2019/01/30,2.158
2019/01/31,2.383
2019/02/01,2.24
2019/02/02,1.765
2019/02/03,1.608
2019/02/04,1.656
2019/02/05,1.679
2019/02/06,1.784
2019/02/07,1.838
2019/02/08,2.03
2019/02/09,1.824
2019/02/10,1.97
2019/02/11,2.334
2019/02/12,2.268
2019/02/13,2.606
2019/02/14,2.497
2019/02/15,2.965
2019/02/16,2.588
2019/02/17,2.636
2019/02/18,3.468
2019/02/19,3.436
2019/02/20,3.283
2019/02/21,3.204
2019/02/22,3.055
2019/02/23,2.694
2019/02/24,3.271
2019/02/25,3.688
2019/02/26,3.66
2019/02/27,3.338
2019/02/28,3.809
2019/03/01,2.869
2019/03/02,2.483
2019/03/03,2.307
2019/03/04,2.951
2019/03/05,2.932
2019/03/06,2.853
2019/03/07,2.824
2019/03/08,2.79
2019/03/09,2.522
2019/03/10,2.149
2019/03/11,2.442
2019/03/12,2.449
2019/03/13,2.404
2019/03/14,2.23
2019/03/15,2.271
2019/03/16,1.872
2019/03/17,1.912
2019/03/18,2.84
2019/03/19,2.937
2019/03/20,2.646
2019/03/21,3.709
2019/03/22,3.132
2019/03/23,2.39
2019/03/24,2.392
2019/03/25,3.002
2019/03/26,3.084
2019/03/27,3.315
2019/03/28,2.964
2019/03/29,3.34
2019/03/30,2.646
2019/03/31,2.643
2019/04/01,3.281
2019/04/02,3.815
2019/04/03,4.454
2019/04/04,3.406
2019/04/05,2.702
2019/04/06,2.378
2019/04/07,2.418
2019/04/08,3.06
2019/04/09,2.72
2019/04/10,4.368
2019/04/11,10.34
2019/04/12,9.126
2019/04/13,7.223
2019/04/14,6.768
2019/04/15,7.843
2019/04/16,9.561
2019/04/17,10.298
2019/04/18,11.273
2019/04/19,6.129
2019/04/20,2.028
2019/04/21,2.156
2019/04/22,2.466
2019/04/23,2.616
2019/04/24,2.527
2019/04/25,2.198
2019/04/26,2.775
2019/04/27,1.828
2019/04/28,1.928
2019/04/29,2.121
2019/04/30,2.284
2019/05/01,2.314
2019/05/02,2.742
2019/05/03,2.595
2019/05/04,2.132
2019/05/05,2.222
2019/05/06,2.737
2019/05/07,3.241
2019/05/08,2.745
2019/05/09,2.667
2019/05/10,2.932
2019/05/11,2.501
2019/05/12,2.501
2019/05/13,3.093
2019/05/14,3.599
2019/05/15,4.437
2019/05/16,6.033
2019/05/17,4.929
2019/05/18,3.809
2019/05/19,3.292
2019/05/20,3.896
2019/05/21,3.219
2019/05/22,4.322
2019/05/23,3.776
2019/05/24,4.052
2019/05/25,3.037
2019/05/26,2.473
2019/05/27,4.179
2019/05/28,4.09
2019/05/29,4.196
2019/05/30,4.752
2019/05/31,4.172
2019/06/01,4.054
2019/06/02,2.915
2019/06/03,3.637
2019/06/04,3.678
2019/06/05,3.517
2019/06/06,3.342
2019/06/07,3.134
2019/06/08,4.896
2019/06/09,2.446
2019/06/10,5.026
2019/06/11,4.062
2019/06/12,2.689
2019/06/13,2.698
2019/06/14,3.469
2019/06/15,4.383
2019/06/16,2.665
2019/06/17,4.823
2019/06/18,3.247
2019/06/19,3.888
2019/06/20,5.192
2019/06/21,2.836
2019/06/22,2.614
2019/06/23,2.738
2019/06/24,3.267
2019/06/25,4.82
2019/06/26,4.684
2019/06/27,5.036
2019/06/28,5.048
2019/06/29,3.301
2019/06/30,3.224
2019/07/01,5.241
2019/07/02,3.985
2019/07/03,2.893
2019/07/04,2.614
2019/07/05,3.564
2019/07/06,3.071
2019/07/07,2.025
2019/07/08,3.61
2019/07/09,3
2019/07/10,2.589
2019/07/11,4.886
2019/07/12,2.821
2019/07/13,2.157
2019/07/14,2.612
2019/07/15,3.429
2019/07/16,6.74
2019/07/17,4.936
2019/07/18,2.598
2019/07/19,4.073
2019/07/20,1.992
2019/07/21,1.924
2019/07/22,2.196
2019/07/23,2.385
2019/07/24,4.893
2019/07/25,4.905
2019/07/26,2.466
2019/07/27,2.308
2019/07/28,1.84
2019/07/29,2.431
2019/07/30,2.545
2019/07/31,2.818
2019/08/01,4.731
2019/08/02,3.315
2019/08/03,3.851
2019/08/04,1.838
2019/08/05,2.533
2019/08/06,2.767
2019/08/07,2.558
2019/08/08,2.713
2019/08/09,2.842
2019/08/10,2.21
2019/08/11,2.004
2019/08/12,2.596
2019/08/13,2.294
2019/08/14,2.855
2019/08/15,3.405
2019/08/16,2.617
2019/08/17,1.99
2019/08/18,2.045
2019/08/19,3.156
2019/08/20,3.218
2019/08/21,3.759
2019/08/22,3.4
2019/08/23,3.121
2019/08/24,2.77
2019/08/25,3.461
2019/08/26,4.247
2019/08/27,3.432
2019/08/28,3.454
2019/08/29,3.477
2019/08/30,3.419
2019/08/31,3.076
2019/09/01,3.059
2019/09/02,3.797
2019/09/03,3.825
2019/09/04,3.729
2019/09/05,4.499
2019/09/06,4.907
2019/09/07,4.612
2019/09/08,4.97
2019/09/09,5.617
2019/09/10,6.206
2019/09/11,5.883
2019/09/12,6.413
2019/09/13,5.957
2019/09/14,6.381
2019/09/15,6.521
2019/09/16,6.678
2019/09/17,8.054
2019/09/18,8.358
2019/09/19,9.507
2019/09/20,9.428
2019/09/21,7.624
2019/09/22,6.068
2019/09/23,8.476
2019/09/24,9.868
2019/09/25,9.931
2019/09/26,8.005
2019/09/27,8.194
2019/09/28,8.032
2019/09/29,7.491
2019/09/30,6.779
2019/10/01,3.484
2019/10/02,3.365
2019/10/03,4.385
2019/10/04,3.349
2019/10/05,2.908
2019/10/06,2.693
2019/10/07,3.051
2019/10/08,3.248
2019/10/09,3.88
2019/10/10,3.424
2019/10/11,3.218
2019/10/12,2.734
2019/10/13,2.629
2019/10/14,3.092
2019/10/15,3.163
2019/10/16,3.168
2019/10/17,3.019
2019/10/18,3.226
2019/10/19,2.893
2019/10/20,3.085
2019/10/21,3.258
2019/10/22,3.674
2019/10/23,4.357
2019/10/24,3.747
2019/10/25,3.995
2019/10/26,3.89
2019/10/27,3.202
2019/10/28,3.741
2019/10/29,3.892
2019/10/30,3.938
2019/10/31,3.767
2019/11/01,3.441
2019/11/02,2.815
2019/11/03,2.931
2019/11/04,3.419
2019/11/05,3.588
2019/11/06,3.296
2019/11/07,4.601
2019/11/08,3.572
2019/11/09,3.009
2019/11/10,2.992
2019/11/11,3.648
2019/11/12,3.519
2019/11/13,3.601
2019/11/14,3.537
2019/11/15,3.53
2019/11/16,2.826
2019/11/17,2.929
2019/11/18,3.622
2019/11/19,3.816
2019/11/20,3.731
2019/11/21,5.115
2019/11/22,7.734
2019/11/23,3.144
2019/11/24,3.118
2019/11/25,6.762
2019/11/26,5.324
2019/11/27,4.289
2019/11/28,4.311
2019/11/29,3.696
2019/11/30,3.174
2019/12/01,3.893
2019/12/02,3.913
2019/12/03,3.427
2019/12/04,3.842
2019/12/05,3.315
2019/12/06,2.978
2019/12/07,2.479
2019/12/08,2.163
2019/12/09,3.025
2019/12/10,3.22
2019/12/11,3.279
2019/12/12,3.271
2019/12/13,3.275
2019/12/14,3.032
2019/12/15,3.096
2019/12/16,4.102
2019/12/17,5.443
2019/12/18,4.729
2019/12/19,3.875
2019/12/20,3.944
2019/12/21,3.069
2019/12/22,2.942
2019/12/23,3.882
2019/12/24,3.335
2019/12/25,3.226
2019/12/26,3.303
2019/12/27,3.163
2019/12/28,2.743
2019/12/29,2.658
2019/12/30,3.173
2019/12/31,3.168
2020/01/01,2.728
2020/01/02,2.307
2020/01/03,2.349
2020/01/04,1.906
2020/01/05,1.882
2020/01/06,2.47
2020/01/07,2.442
2020/01/08,2.925
2020/01/09,2.401
2020/01/10,2.79
2020/01/11,2.179
2020/01/12,2.015
2020/01/13,2.389
2020/01/14,3.01
2020/01/15,2.817
2020/01/16,2.392
2020/01/17,2.538
2020/01/18,2.378
2020/01/19,2.234
2020/01/20,2.079
2020/01/21,1.915
2020/01/22,1.788
2020/01/23,1.779
2020/01/24,1.76
2020/01/25,1.35
2020/01/26,1.378
2020/01/27,1.644
2020/01/28,1.842
2020/01/29,1.887
2020/01/30,2.17
2020/01/31,2.136
2020/02/01,1.938
2020/02/02,1.9
2020/02/03,2.242
2020/02/04,2.443
2020/02/05,2.993
2020/02/06,3.237
2020/02/07,3.34
2020/02/08,2.737
2020/02/09,2.501
2020/02/10,2.681
2020/02/11,2.899
2020/02/12,3.896
2020/02/13,3.704
2020/02/14,3.552
2020/02/15,3.383
2020/02/16,3.603
2020/02/17,3.302
2020/02/18,3.086
2020/02/19,3.28
2020/02/20,3.33
2020/02/21,2.396
2020/02/22,2.131
2020/02/23,2.502
2020/02/24,2.849
2020/02/25,3.119
2020/02/26,4.29
2020/02/27,3.39
2020/02/28,3.094
2020/02/29,2.276
2020/03/01,2.415
2020/03/02,2.459
2020/03/03,2.58
2020/03/04,2.599
2020/03/05,3.038
2020/03/06,2.745
2020/03/07,2.535
2020/03/08,3.674
2020/03/09,4.723
2020/03/10,3.21
2020/03/11,3.669
2020/03/12,22.245
2020/03/13,19.752
2020/03/14,3.975
2020/03/15,3.536
2020/03/16,8.734
2020/03/17,4.959
2020/03/18,4.113
2020/03/19,5.633
2020/03/20,4.775
2020/03/21,3.478
2020/03/22,3.427
2020/03/23,3.889
2020/03/24,3.795
2020/03/25,3.662
2020/03/26,3.585
2020/03/27,3.321
2020/03/28,2.774
2020/03/29,2.42
2020/03/30,3.134
2020/03/31,3.418
2020/04/01,3.124
2020/04/02,3.52
2020/04/03,3.319
2020/04/04,2.537
2020/04/05,2.454
2020/04/06,4.224
2020/04/07,3.936
2020/04/08,3.522
2020/04/09,3.361
2020/04/10,3.544
2020/04/11,2.739
2020/04/12,2.542
2020/04/13,3.379
2020/04/14,3.608
2020/04/15,3.381
2020/04/16,4.615
2020/04/17,3.64
2020/04/18,3.922
2020/04/19,3.521
2020/04/20,4.444
2020/04/21,4.458
2020/04/22,4.411
2020/04/23,4.628
2020/04/24,4.501
2020/04/25,3.882
2020/04/26,4.269
2020/04/27,4.406
2020/04/28,4.091
2020/04/29,6.325
2020/04/30,8.081
2020/05/01,4.57
2020/05/02,3.568
2020/05/03,4.088
2020/05/04,4.914
2020/05/05,5.25
2020/05/06,6.334
2020/05/07,7.633
2020/05/08,7.439
2020/05/09,6.299
2020/05/10,10.139
2020/05/11,8.333
2020/05/12,9.302
2020/05/13,11.437
2020/05/14,13.401
2020/05/15,10.729
2020/05/16,8.937
2020/05/17,9.404
2020/05/18,12.322
2020/05/19,11.188
2020/05/20,12.568
2020/05/21,16.174
2020/05/22,12.076
2020/05/23,7.927
2020/05/24,10.262
2020/05/25,12.85
2020/05/26,13.033
2020/05/27,13.851
2020/05/28,13.804
2020/05/29,12.086
2020/05/30,11.741
2020/05/31,9.981
2020/06/01,11.262
2020/06/02,12.586
2020/06/03,10.359
2020/06/04,10.963
2020/06/05,11.265
2020/06/06,12.459
2020/06/07,13.526
2020/06/08,13.736
2020/06/09,13.092
2020/06/10,14.33
2020/06/11,14.286
2020/06/12,12.545
2020/06/13,10.031
2020/06/14,8.627
2020/06/15,14.547
2020/06/16,14.002
2020/06/17,14.641
2020/06/18,13.529
2020/06/19,14.675
2020/06/20,12.033
2020/06/21,12.073
2020/06/22,16.454
2020/06/23,18.08
2020/06/24,18.584
2020/06/25,16.931
2020/06/26,15.655
2020/06/27,15.067
2020/06/28,14.393
2020/06/29,15.963
2020/06/30,19.592
2020/07/01,18.256
2020/07/02,16.914
2020/07/03,17.283
2020/07/04,13.768
2020/07/05,12.947
2020/07/06,15.928
2020/07/07,16.076
2020/07/08,19.649
2020/07/09,18.215
2020/07/10,15.298
2020/07/11,13.563
2020/07/12,12.825
2020/07/13,19.458
2020/07/14,17.21
2020/07/15,19.593
2020/07/16,21.07
2020/07/17,21.521
2020/07/18,19.941
2020/07/19,21.576
2020/07/20,25.608
2020/07/21,26.459
2020/07/22,26.183
2020/07/23,28.503
2020/07/24,27.684
2020/07/25,29.694
2020/07/26,26.881
2020/07/27,32.792
2020/07/28,26.811
2020/07/29,27.525
2020/07/30,26.523
2020/07/31,28.473
2020/08/01,24.699
2020/08/02,27.552
2020/08/03,25.906
2020/08/04,23.124
2020/08/05,21.956
2020/08/06,23.259
2020/08/07,27.759
2020/08/08,25.948
2020/08/09,29.148
2020/08/10,37.486
2020/08/11,39.705
2020/08/12,52.432
2020/08/13,54.582
2020/08/14,50.301
2020/08/15,38.069
2020/08/16,35.012
2020/08/17,36.907
2020/08/18,40.219
2020/08/19,41.105
2020/08/20,38.194
2020/08/21,44.694
2020/08/22,34.999
2020/08/23,30.719
2020/08/24,34.114
2020/08/25,35.415
2020/08/26,32.198
2020/08/27,33.036
2020/08/28,32.233
2020/08/29,34.573
2020/08/30,50.435
2020/08/31,53.992
2020/09/01,67.203
2020/09/02,68.538
2020/09/03,64.452
2020/09/04,51.513
2020/09/05,54.904
2020/09/06,39.832
2020/09/07,37.1
2020/09/08,34.924
2020/09/09,38.169
2020/09/10,46.764
2020/09/11,43.128
2020/09/12,35.666
2020/09/13,38.136
2020/09/14,48.821
2020/09/15,47.287
2020/09/16,43.316
2020/09/17,68.89
2020/09/18,59.909
2020/09/19,46.366
2020/09/20,40.009
2020/09/21,44.553
2020/09/22,43.576
2020/09/23,39.497
2020/09/24,36.029
2020/09/25,34.451
2020/09/26,30.249
2020/09/27,30.492
2020/09/28,37.626
2020/09/29,42.168
2020/09/30,37.361
2020/10/01,32.981
2020/10/02,31.656
2020/10/03,26.986
2020/10/04,28.815
2020/10/05,30.377
2020/10/06,34.35
2020/10/07,29.587
2020/10/08,28.621
2020/10/09,27.836
2020/10/10,23.44
2020/10/11,19.596
2020/10/12,26.768
2020/10/13,27.083
2020/10/14,27.299
2020/10/15,27.451
2020/10/16,24.434
2020/10/17,15.294
2020/10/18,15.767
2020/10/19,21.156
2020/10/20,22.566
2020/10/21,27.371
2020/10/22,24.866
2020/10/23,22.554
2020/10/24,13.596
2020/10/25,14.043
2020/10/26,21.648
2020/10/27,17.706
2020/10/28,23.398
2020/10/29,24.831
2020/10/30,23.565
2020/10/31,16.475
2020/11/01,14.272
2020/11/02,23.182
2020/11/03,18.807
2020/11/04,16.001
2020/11/05,19.625
2020/11/06,23.183
2020/11/07,21.938
2020/11/08,13.1
2020/11/09,17.864
2020/11/10,20.359
2020/11/11,20.198
2020/11/12,21.496
2020/11/13,21.607
2020/11/14,14.08
2020/11/15,14.403
2020/11/16,19.209
2020/11/17,28.207
2020/11/18,29.443
2020/11/19,20.11
2020/11/20,25.814
2020/11/21,24.963
2020/11/22,24.98
2020/11/23,28.189
2020/11/24,31.769
2020/11/25,23.944
2020/11/26,36.465
2020/11/27,17.942
2020/11/28,12.94
2020/11/29,11.614
2020/11/30,27.526
2020/12/01,28.982
2020/12/02,18.069
2020/12/03,19.214
2020/12/04,21.36
2020/12/05,15.483
2020/12/06,15.275
2020/12/07,19.808
2020/12/08,24.613
2020/12/09,25.059
2020/12/10,22.391
2020/12/11,24.435
2020/12/12,17.563
2020/12/13,18.452
2020/12/14,24.522
2020/12/15,30.699
2020/12/16,29.965
2020/12/17,41.16
2020/12/18,27.562
2020/12/19,24.363
2020/12/20,19.113
2020/12/21,28.876
2020/12/22,26.396
2020/12/23,35.269
2020/12/24,30.355
2020/12/25,31.617
2020/12/26,26.032
2020/12/27,32.518
2020/12/28,35.463
2020/12/29,33.847
2020/12/30,37.445
2020/12/31,34.259
2021/01/01,26.226
2021/01/02,32.987
2021/01/03,42.266
2021/01/04,52.827
2021/01/05,41.51
2021/01/06,39.606
2021/01/07,40.852
2021/01/08,41.465
2021/01/09,33.096
2021/01/10,31.669
2021/01/11,50.732
2021/01/12,31.431
2021/01/13,26.894
2021/01/14,30.525
2021/01/15,31.513
2021/01/16,29.695
2021/01/17,25.322
2021/01/18,28.227
2021/01/19,34.798
2021/01/20,30.788
2021/01/21,37.793
2021/01/22,39.079
2021/01/23,30.318
2021/01/24,30.296
2021/01/25,36.312
2021/01/26,31.293
2021/01/27,33.861
2021/01/28,33.126
2021/01/29,41.627
2021/01/30,36.599
2021/01/31,40.357
2021/02/01,44.639
2021/02/02,47.306
2021/02/03,47.307
2021/02/04,54.039
2021/02/05,55.183
2021/02/06,47.669
2021/02/07,44.58
2021/02/08,49.557
2021/02/09,53.658
2021/02/10,52.287
2021/02/11,46.692
2021/02/12,47.535
2021/02/13,49.208
2021/02/14,43.781
2021/02/15,46.868
2021/02/16,47.343
2021/02/17,47.037
2021/02/18,49.154
2021/02/19,49.407
2021/02/20,50.984
2021/02/21,43.45
2021/02/22,53.858
2021/02/23,62.093
2021/02/24,50.254
2021/02/25,46.724
2021/02/26,45.58
2021/02/27,39.26
2021/02/28,38.497
2021/03/01,38.343
2021/03/02,39.451
2021/03/03,40.557
2021/03/04,37.61
2021/03/05,42.464
2021/03/06,34.707
2021/03/07,41.315
2021/03/08,42.041
2021/03/09,42.839
2021/03/10,41.646
2021/03/11,41.58
2021/03/12,47.534
2021/03/13,46.619
2021/03/14,44.396
2021/03/15,50.001
2021/03/16,49.341
2021/03/17,50.366
2021/03/18,48.757
2021/03/19,46.22
2021/03/20,43.124
2021/03/21,42.529
2021/03/22,49.303
2021/03/23,46.585
2021/03/24,47.981
2021/03/25,48.971
2021/03/26,43.904
2021/03/27,39.374
2021/03/28,39.959
2021/03/29,43.844
2021/03/30,46.43
2021/03/31,51.889
2021/04/01,51.054
2021/04/02,49.313
2021/04/03,44.074
2021/04/04,37.902
2021/04/05,43.569
2021/04/06,44.893
2021/04/07,44.973
2021/04/08,39.764
2021/04/09,39.174
2021/04/10,35.654
2021/04/11,31.906
2021/04/12,36.671
2021/04/13,38.477
2021/04/14,42.464
2021/04/15,35.326
2021/04/16,48.112
2021/04/17,44.589
2021/04/18,46.549
2021/04/19,50.075
2021/04/20,57.896
2021/04/21,49.807
2021/04/22,46.842
2021/04/23,43.204
2021/04/24,30.814
2021/04/25,26.611
2021/04/26,28.539
2021/04/27,29.574
2021/04/28,32.344
2021/04/29,31.402
2021/04/30,26.751
2021/05/01,24.744
2021/05/02,21.366
2021/05/03,28.809
2021/05/04,30.14
2021/05/05,27.558
2021/05/06,29.854
2021/05/07,30.293
2021/05/08,43.776
2021/05/09,44.473
2021/05/10,56.772
2021/05/11,63.825
2021/05/12,61.891
2021/05/13,50.793
2021/05/14,45.015
2021/05/15,37.824
2021/05/16,33.814
2021/05/17,37.502
2021/05/18,35.861
2021/05/19,56.473
2021/05/20,42.265
2021/05/21,38.076
2021/05/22,26.774
2021/05/23,40.153
2021/05/24,30.054
2021/05/25,25.389
2021/05/26,24.247
2021/05/27,20.569
2021/05/28,21.013
2021/05/29,17.57
2021/05/30,15.777
2021/05/31,17.463
2021/06/01,16.716
2021/06/02,17.209
2021/06/03,17.913
2021/06/04,15.468
2021/06/05,11.809
2021/06/06,9.997
2021/06/07,12.959
2021/06/08,16.219
2021/06/09,14.023
2021/06/10,12.452
2021/06/11,13.757
2021/06/12,11.482
2021/06/13,9.303
2021/06/14,11.876
2021/06/15,12.482
2021/06/16,12.147
2021/06/17,12.81
2021/06/18,12.815
2021/06/19,9.528
2021/06/20,10.419
2021/06/21,21.879
2021/06/22,27.045
2021/06/23,13.148
2021/06/24,11.92
2021/06/25,14.545
2021/06/26,9.509
2021/06/27,11.181
2021/06/28,13.429
2021/06/29,13.745
2021/06/30,16.072
2021/07/01,13.394
2021/07/02,10.543
2021/07/03,9.31
2021/07/04,8.332
2021/07/05,10.545
2021/07/06,23.971
2021/07/07,20.825
2021/07/08,19.618
2021/07/09,15.878
2021/07/10,10.367
2021/07/11,8.351
2021/07/12,15.764
2021/07/13,17.533
2021/07/14,22.77
2021/07/15,22.476
2021/07/16,21.415
2021/07/17,16.031
2021/07/18,15.319
2021/07/19,15.963
2021/07/20,17.944
2021/07/21,14.301
2021/07/22,17.232
2021/07/23,16.262
2021/07/24,12.738
2021/07/25,12.553
2021/07/26,21.248
2021/07/27,19.632
2021/07/28,21.437
2021/07/29,17.927
2021/07/30,20.449
2021/07/31,19.616
2021/08/01,20.094
2021/08/02,21.727
2021/08/03,23.742
2021/08/04,22.665
2021/08/05,27.108
2021/08/06,24.272
2021/08/07,24.835
2021/08/08,22.938
2021/08/09,25.165
2021/08/10,26.278
2021/08/11,28.39
2021/08/12,26.186
2021/08/13,26.108
2021/08/14,24.015
2021/08/15,23.605
2021/08/16,26.455
2021/08/17,25.485
2021/08/18,23.909
2021/08/19,22.039
2021/08/20,6.982
2021/08/21,5.875
2021/08/22,5.644
2021/08/23,7.506
2021/08/24,8.621
2021/08/25,9.014
2021/08/26,8.944
2021/08/27,9.291
2021/08/28,7.887
2021/08/29,8.523
2021/08/30,10.104
2021/08/31,10.01
2021/09/01,9.779
2021/09/02,8.775
2021/09/03,11.32
2021/09/04,10.141
2021/09/05,9.601
2021/09/06,9.451
2021/09/07,13.298
2021/09/08,11.757
2021/09/09,11.45
2021/09/10,9.232
2021/09/11,6.119
2021/09/12,5.431
2021/09/13,8.431
2021/09/14,6.965
2021/09/15,6.692
2021/09/16,7.66
2021/09/17,6.295
2021/09/18,4.869
2021/09/19,5.874
2021/09/20,8.238
2021/09/21,8.23
2021/09/22,6.337
2021/09/23,6.905
2021/09/24,6.524
2021/09/25,4.48
2021/09/26,7.04
2021/09/27,7.229
2021/09/28,6.974
2021/09/29,6.263
2021/09/30,7.948
2021/10/01,6.618
2021/10/02,5.321
2021/10/03,5.191
2021/10/04,7.333
2021/10/05,9.366
2021/10/06,9.599
2021/10/07,11.14
2021/10/08,8.281
2021/10/09,5.491
2021/10/10,6.368
2021/10/11,7.954
2021/10/12,7.132
2021/10/13,7.324
2021/10/14,8.976
2021/10/15,10.394
2021/10/16,5.885
2021/10/17,5.709
2021/10/18,7.368
2021/10/19,6.485
2021/10/20,6.462
2021/10/21,7.883
2021/10/22,6.921
2021/10/23,5.857
2021/10/24,6.549
2021/10/25,7.679
2021/10/26,8.893
2021/10/27,11.937
2021/10/28,11.983
2021/10/29,11.036
2021/10/30,10.896
2021/10/31,9.737
2021/11/01,9.783
2021/11/02,10.913
2021/11/03,10.831
2021/11/04,9.885
2021/11/05,9.19
2021/11/06,8.172
2021/11/07,6.962
2021/11/08,9.15
2021/11/09,10.261
2021/11/10,10.676
2021/11/11,10.435
2021/11/12,9.513
2021/11/13,8.468
2021/11/14,7.307
2021/11/15,9.669
2021/11/16,9.664
2021/11/17,8.367
2021/11/18,9.206
2021/11/19,7.876
2021/11/20,6.783
2021/11/21,7.194
2021/11/22,8.771
2021/11/23,8.98
2021/11/24,9.08
2021/11/25,8.772
2021/11/26,9.008
2021/11/27,8.136
2021/11/28,7.099
2021/11/29,8.036
2021/11/30,8.845
2021/12/01,8.267
2021/12/02,7.923
2021/12/03,7.428
2021/12/04,10.074
2021/12/05,6.551
2021/12/06,7.967
2021/12/07,6.964
2021/12/08,6.428
2021/12/09,6.542
2021/12/10,7.628
2021/12/11,5.403
2021/12/12,5.001
2021/12/13,6.798
2021/12/14,5.899
2021/12/15,6.408
2021/12/16,6.007
2021/12/17,6.276
2021/12/18,4.603
2021/12/19,5.32
2021/12/20,5.674
2021/12/21,5.125
2021/12/22,5.541
2021/12/23,5.755
2021/12/24,5.501
2021/12/25,4.939
2021/12/26,4.093
2021/12/27,5.267
2021/12/28,6.169
2021/12/29,6.896
2021/12/30,6.137
2021/12/31,5.422
2022/01/01,4.545
2022/01/02,5.316
2022/01/03,5.478
2022/01/04,6.569
2022/01/05,7.485
2022/01/06,6.754
2022/01/07,7.505
2022/01/08,5.759
2022/01/09,5.817
2022/01/10,7.948
2022/01/11,7.282
2022/01/12,7.941
2022/01/13,6.554
2022/01/14,6.771
2022/01/15,5.265
2022/01/16,5.291
2022/01/17,6.505
2022/01/18,5.975
2022/01/19,6.502
2022/01/20,6.64
2022/01/21,8.784
2022/01/22,8.432
2022/01/23,5.404
2022/01/24,7.329
2022/01/25,6.035
2022/01/26,6.587
2022/01/27,6.764
2022/01/28,6.108
2022/01/29,5.656
2022/01/30,5.818
2022/01/31,5.535
2022/02/01,6.211
2022/02/02,6.341
2022/02/03,5.873
2022/02/04,5.553
2022/02/05,5.773
2022/02/06,4.232
2022/02/07,5.941
2022/02/08,5.238
2022/02/09,5.49
2022/02/10,5.68
2022/02/11,5.056
2022/02/12,4.48
2022/02/13,3.991
2022/02/14,4.466
2022/02/15,5.106
2022/02/16,5.186
2022/02/17,5.164
2022/02/18,4.453
2022/02/19,4.327
2022/02/20,4.552
2022/02/21,4.596
2022/02/22,4.986
2022/02/23,4.93
2022/02/24,5.611
2022/02/25,4.35
2022/02/26,3.753
2022/02/27,3.585
2022/02/28,4.098
2022/03/01,4.23
2022/03/02,4.3
2022/03/03,4.314
2022/03/04,3.82
2022/03/05,3.335
2022/03/06,3.72
2022/03/07,4.249
2022/03/08,4.563
2022/03/09,3.654
2022/03/10,3.686
2022/03/11,3.571
2022/03/12,2.954
2022/03/13,3.244
2022/03/14,3.677
2022/03/15,3.619
2022/03/16,4.048
2022/03/17,4.898
2022/03/18,5.025
2022/03/19,3.502
2022/03/20,3.555
2022/03/21,3.785
2022/03/22,3.87
2022/03/23,3.522
2022/03/24,4.041
2022/03/25,3.702
2022/03/26,3.182
2022/03/27,4.531
2022/03/28,5.247
2022/03/29,4.521
2022/03/30,4.204
2022/03/31,4.21
2022/04/01,4.373
2022/04/02,4.622
2022/04/03,4.183
2022/04/04,4.919
2022/04/05,5.072
2022/04/06,4.45
2022/04/07,4.51
2022/04/08,4.064
2022/04/09,3.145
2022/04/10,3.622
2022/04/11,4.055
2022/04/12,3.79
2022/04/13,3.759
2022/04/14,4.45
2022/04/15,3.15
2022/04/16,3.658
2022/04/17,3.311
2022/04/18,3.945
2022/04/19,3.923
2022/04/20,4.542
2022/04/21,4.231
2022/04/22,4.11
2022/04/23,2.952
2022/04/24,3.1
2022/04/25,4.482
2022/04/26,3.605
2022/04/27,3.86
2022/04/28,3.961
2022/04/29,4.217
2022/04/30,3.965
2022/05/01,11.819
2022/05/02,3.818
2022/05/03,3.501
2022/05/04,3.823
2022/05/05,4.812
2022/05/06,3.933
2022/05/07,2.693
2022/05/08,3.006
2022/05/09,5.482
2022/05/10,5.597
2022/05/11,9.792
2022/05/12,11.791
2022/05/13,5.544
2022/05/14,4.618
2022/05/15,3.5
2022/05/16,3.647
2022/05/17,3.726
2022/05/18,3.49
2022/05/19,3.725
2022/05/20,3.456
2022/05/21,3.189
2022/05/22,2.81
2022/05/23,3.364
2022/05/24,3.352
2022/05/25,3.357
2022/05/26,4.184
2022/05/27,3.985
2022/05/28,2.738
2022/05/29,2.678
2022/05/30,3.578
2022/05/31,4.187
2022/06/01,3.694
2022/06/02,3.292
2022/06/03,3.619
2022/06/04,3.825
2022/06/05,3.485
2022/06/06,3.848
2022/06/07,4.329
2022/06/08,4.397
2022/06/09,4.036
2022/06/10,3.897
2022/06/11,3.85
2022/06/12,3.971
2022/06/13,8.734
2022/06/14,6.585
2022/06/15,6.655
2022/06/16,4.43
2022/06/17,4.32
2022/06/18,5.714
2022/06/19,4.756
2022/06/20,4.136
2022/06/21,4.479
2022/06/22,4.175
2022/06/23,4.472
2022/06/24,4.577
2022/06/25,3.51
2022/06/26,3.518
2022/06/27,3.942
2022/06/28,4.489
2022/06/29,5.33
2022/06/30,5.051
2022/07/01,3.814
2022/07/02,2.959
2022/07/03,3.003
2022/07/04,3.403
2022/07/05,3.625
2022/07/06,3.812
2022/07/07,3.791
2022/07/08,3.494
2022/07/09,3.421
2022/07/10,3.011
2022/07/11,3.737
2022/07/12,3.661
2022/07/13,4.056
2022/07/14,3.847
2022/07/15,3.707
2022/07/16,3.909
2022/07/17,3.355
2022/07/18,4.108
2022/07/19,4.352
2022/07/20,3.973
2022/07/21,3.711
2022/07/22,3.331
2022/07/23,2.905
2022/07/24,2.928
2022/07/25,3.603
2022/07/26,3.38
2022/07/27,4.023
2022/07/28,3.976
2022/07/29,3.651
2022/07/30,2.942
2022/07/31,2.856
2022/08/01,3.883
2022/08/02,3.422
2022/08/03,3.103
2022/08/04,2.931
2022/08/05,2.898
2022/08/06,2.495
2022/08/07,2.618
2022/08/08,3.346
2022/08/09,3.367
2022/08/10,4.053
2022/08/11,3.48
2022/08/12,3.136
2022/08/13,2.77
2022/08/14,2.883
2022/08/15,3.512
2022/08/16,2.741
2022/08/17,2.975
2022/08/18,2.691
2022/08/19,3.621
2022/08/20,2.685
2022/08/21,2.546
2022/08/22,3.194
2022/08/23,2.943
2022/08/24,2.953
2022/08/25,3.131
2022/08/26,3.353
2022/08/27,2.508
2022/08/28,2.499
2022/08/29,3.108
2022/08/30,3.564
2022/08/31,3.504
2022/09/01,3.036
2022/09/02,2.824
2022/09/03,2.164
2022/09/04,2.331
2022/09/05,2.735
2022/09/06,3.045
2022/09/07,3.615
2022/09/08,3.826
2022/09/09,3.238
2022/09/10,2.704
2022/09/11,2.783
2022/09/12,3.392
2022/09/13,4.198
2022/09/14,3.248
2022/09/15,3.96
2022/09/16,3.104
2022/09/17,2.357
2022/09/18,2.756
2022/09/19,3.11
2022/09/20,3.141
2022/09/21,3.771
2022/09/22,2.956
2022/09/23,3.073
2022/09/24,2.454
2022/09/25,2.6
2022/09/26,3.305
2022/09/27,3.21
2022/09/28,3.297
2022/09/29,3.135
2022/09/30,3.097
2022/10/01,2.441
2022/10/02,2.424
2022/10/03,2.781
2022/10/04,2.907
2022/10/05,3.256
2022/10/06,2.888
2022/10/07,2.887
2022/10/08,2.357
2022/10/09,2.395
2022/10/10,2.947
2022/10/11,2.668
2022/10/12,2.731
2022/10/13,3.236
2022/10/14,2.774
2022/10/15,2.34
2022/10/16,2.646
2022/10/17,3.537
2022/10/18,3.518
2022/10/19,3.33
2022/10/20,3.865
2022/10/21,3.932
2022/10/22,2.714
2022/10/23,2.841
2022/10/24,3.077
2022/10/25,3.389
2022/10/26,3.465
2022/10/27,3.088
2022/10/28,3.193
2022/10/29,3.141
2022/10/30,2.405
2022/10/31,3.406
2022/11/01,2.991
2022/11/02,3.502
2022/11/03,3.274
2022/11/04,3.487
2022/11/05,2.332
2022/11/06,2.541
2022/11/07,2.999
2022/11/08,6.152
2022/11/09,7.206
2022/11/10,6.389
2022/11/11,4.766
2022/11/12,3.309
2022/11/13,3.326
2022/11/14,3.863
2022/11/15,3.361
2022/11/16,2.984
2022/11/17,2.948
2022/11/18,2.514
2022/11/19,2.103
2022/11/20,2.571
2022/11/21,3.063
2022/11/22,3.214
2022/11/23,2.476
2022/11/24,2.351
2022/11/25,2.118
2022/11/26,2.03
2022/11/27,1.92
2022/11/28,2.55
2022/11/29,2.403
