Date,hashrate7var
2016/01/01,5.3584465715878E+19
2016/01/02,5.6997235513174E+19
2016/01/03,5.5721442191688E+19
2016/01/04,4.9263796834041E+19
2016/01/05,6.4402619272163E+19
2016/01/06,8.4802017362696E+19
2016/01/07,1.0803049069831E+20
2016/01/08,9.6837821102142E+19
2016/01/09,7.2801342192271E+19
2016/01/10,7.9142730250574E+19
2016/01/11,1.1346787303211E+20
2016/01/12,1.1679376811688E+20
2016/01/13,1.3535322497855E+20
2016/01/14,9.748933091931E+19
2016/01/15,1.4907052957072E+20
2016/01/16,2.2695695564278E+20
2016/01/17,2.1520119842486E+20
2016/01/18,3.6687082989943E+20
2016/01/19,3.535740379007E+20
2016/01/20,1.571091320764E+20
2016/01/21,8.2214201787228E+19
2016/01/22,1.574265022233E+20
2016/01/23,1.8724985062755E+20
2016/01/24,4.8580027334842E+20
2016/01/25,5.14325215904E+20
2016/01/26,8.9914709474688E+20
2016/01/27,9.0901068525469E+20
2016/01/28,5.6918665909841E+20
2016/01/29,4.9418153254267E+20
2016/01/30,2.4569311439035E+20
2016/01/31,2.5547486995166E+20
2016/02/01,1.1528231006717E+20
2016/02/02,1.3072246176441E+20
2016/02/03,2.8725553676872E+20
2016/02/04,3.3743351100537E+20
2016/02/05,4.2080246188095E+20
2016/02/06,4.1278908523898E+20
2016/02/07,2.7581720975463E+20
2016/02/08,4.5917691431014E+20
2016/02/09,1.7573546607543E+20
2016/02/10,2.2879696501449E+20
2016/02/11,4.857613320983E+20
2016/02/12,4.877572722121E+20
2016/02/13,5.58280106378E+20
2016/02/14,6.6121036823137E+20
2016/02/15,1.0316302257433E+21
2016/02/16,8.2706747063171E+20
2016/02/17,5.5186524385665E+20
2016/02/18,5.350703299069E+20
2016/02/19,2.3437774912005E+20
2016/02/20,2.6701321031443E+20
2016/02/21,3.3819205534188E+20
2016/02/22,7.5286437345352E+20
2016/02/23,1.1139245146566E+21
2016/02/24,1.1170341409463E+21
2016/02/25,5.8515666991241E+20
2016/02/26,6.6870992805327E+20
2016/02/27,6.8587250594938E+20
2016/02/28,6.8097981072009E+20
2016/02/29,5.8914625144412E+20
2016/03/01,5.2122552708085E+20
2016/03/02,5.9845673766417E+20
2016/03/03,6.7900197913767E+20
2016/03/04,1.0829196690394E+21
2016/03/05,2.1656885508438E+21
2016/03/06,2.9644017246695E+21
2016/03/07,2.6570390673358E+21
2016/03/08,1.9338060668872E+21
2016/03/09,1.6201482484805E+21
2016/03/10,1.6661945115816E+21
2016/03/11,1.8421050477748E+21
2016/03/12,3.6260572078601E+21
2016/03/13,6.7677767344546E+21
2016/03/14,6.4194348754216E+21
2016/03/15,5.9995108447483E+21
2016/03/16,4.8589035435272E+21
2016/03/17,4.4311345114144E+21
2016/03/18,2.6199015682039E+21
2016/03/19,2.8434318357454E+21
2016/03/20,4.2774868593197E+21
2016/03/21,2.8943788729729E+21
2016/03/22,2.4717959103702E+21
2016/03/23,1.4974328016424E+21
2016/03/24,2.1206337231141E+21
2016/03/25,3.2500166684078E+21
2016/03/26,5.7562600333887E+21
2016/03/27,8.0461307777457E+21
2016/03/28,7.4188967061512E+21
2016/03/29,8.0220785128554E+21
2016/03/30,3.8520603105049E+21
2016/03/31,3.7964011957364E+21
2016/04/01,4.4077938252811E+21
2016/04/02,3.7619966201931E+21
2016/04/03,4.7093648948211E+21
2016/04/04,5.4145733310765E+21
2016/04/05,5.7632011764292E+21
2016/04/06,4.8752285605029E+21
2016/04/07,4.3062291959962E+21
2016/04/08,5.8102658477989E+21
2016/04/09,3.219207789207E+21
2016/04/10,4.2594262201282E+21
2016/04/11,4.3779713110739E+21
2016/04/12,4.327537163478E+21
2016/04/13,4.7650888130391E+21
2016/04/14,1.5990984105238E+21
2016/04/15,3.5381823735498E+21
2016/04/16,5.1334851847008E+21
2016/04/17,5.5548672220288E+21
2016/04/18,7.8115510154054E+21
2016/04/19,5.3885230549345E+21
2016/04/20,5.6861415698636E+21
2016/04/21,4.6503550218512E+21
2016/04/22,3.7239543820474E+21
2016/04/23,4.1949322512869E+21
2016/04/24,1.2323393456117E+21
2016/04/25,3.1325459061245E+21
2016/04/26,2.6333110076158E+21
2016/04/27,2.6613979739269E+21
2016/04/28,3.445988105494E+21
2016/04/29,2.8009465494864E+21
2016/04/30,6.2502933366416E+21
2016/05/01,5.782679406187E+21
2016/05/02,5.6651215388034E+21
2016/05/03,5.7804324006682E+21
2016/05/04,3.702740782815E+21
2016/05/05,2.3941875588065E+21
2016/05/06,1.7307032207219E+21
2016/05/07,1.7514834796316E+21
2016/05/08,2.2207381009012E+21
2016/05/09,7.3993015030857E+20
2016/05/10,2.2276966627192E+21
2016/05/11,1.9341265811426E+21
2016/05/12,1.8999873719303E+21
2016/05/13,6.6632291679015E+21
2016/05/14,6.8464228826683E+21
2016/05/15,7.299167654092E+21
2016/05/16,6.884575384615E+21
2016/05/17,6.8765810704709E+21
2016/05/18,4.7859332573457E+21
2016/05/19,4.4808942421373E+21
2016/05/20,8.9601127014701E+21
2016/05/21,1.1396410954945E+22
2016/05/22,1.1323610526922E+22
2016/05/23,8.7424214139216E+21
2016/05/24,3.8728480717448E+21
2016/05/25,2.5023181929228E+21
2016/05/26,2.4397330079185E+21
2016/05/27,2.9155584694552E+21
2016/05/28,5.0309341199342E+21
2016/05/29,5.6904074171359E+21
2016/05/30,4.3832360581117E+21
2016/05/31,2.8796383692936E+21
2016/06/01,2.0462543473413E+21
2016/06/02,1.5240902417683E+21
2016/06/03,4.7720991419466E+21
2016/06/04,6.8725841254827E+21
2016/06/05,7.0634440986036E+21
2016/06/06,9.5835645240824E+21
2016/06/07,1.0439882165653E+22
2016/06/08,6.1602494677515E+21
2016/06/09,8.0809712381806E+21
2016/06/10,7.9818968031321E+21
2016/06/11,8.5202778272912E+21
2016/06/12,5.5783894468069E+21
2016/06/13,9.2299273783384E+21
2016/06/14,1.2140372230827E+22
2016/06/15,1.1405081010374E+22
2016/06/16,1.243687517902E+22
2016/06/17,8.9712041835017E+21
2016/06/18,5.7467320267736E+21
2016/06/19,3.3567717311961E+21
2016/06/20,3.0653605663416E+21
2016/06/21,3.0160030138942E+21
2016/06/22,4.1109231371512E+21
2016/06/23,6.0906026026825E+21
2016/06/24,8.4409919515091E+21
2016/06/25,7.4629531248673E+21
2016/06/26,1.1300253688019E+22
2016/06/27,1.451510003118E+22
2016/06/28,1.0595477685581E+22
2016/06/29,7.8311740201995E+21
2016/06/30,6.9465175697573E+21
2016/07/01,6.6456357074984E+21
2016/07/02,3.2036271511746E+21
2016/07/03,5.1331786792818E+21
2016/07/04,6.5016267779636E+21
2016/07/05,7.6574010998933E+21
2016/07/06,5.1881272534094E+21
2016/07/07,1.8286227293622E+21
2016/07/08,1.0329659630995E+21
2016/07/09,1.0365659473234E+20
2016/07/10,3.8250425198066E+20
2016/07/11,1.7961676250859E+21
2016/07/12,2.5998353292184E+21
2016/07/13,4.4076177799242E+21
2016/07/14,3.5783089992465E+21
2016/07/15,2.6676024559522E+21
2016/07/16,1.6825900325921E+21
2016/07/17,1.1138855969215E+21
2016/07/18,2.7812768637649E+21
2016/07/19,2.9549663544538E+21
2016/07/20,2.9582730422459E+21
2016/07/21,5.2591859885263E+21
2016/07/22,4.634684588362E+21
2016/07/23,5.8484081731755E+21
2016/07/24,5.1293718568267E+21
2016/07/25,8.0132283646676E+21
2016/07/26,2.2183196727946E+22
2016/07/27,4.8912769174554E+22
2016/07/28,4.1815455614904E+22
2016/07/29,4.3135265349386E+22
2016/07/30,2.7200421199502E+22
2016/07/31,1.2536378057449E+22
2016/08/01,6.1561259466251E+21
2016/08/02,2.1318001628402E+22
2016/08/03,4.4077688748781E+22
2016/08/04,3.444374815266E+22
2016/08/05,3.006595482302E+22
2016/08/06,2.747148432951E+22
2016/08/07,2.4254548151728E+22
2016/08/08,2.9368315639701E+22
2016/08/09,4.3673115174822E+22
2016/08/10,3.4599809184795E+22
2016/08/11,4.646894327101E+22
2016/08/12,5.0998043829226E+22
2016/08/13,3.1840843419608E+22
2016/08/14,1.7059809872153E+22
2016/08/15,3.4871110833675E+21
2016/08/16,2.7949211390207E+21
2016/08/17,2.8447152974573E+21
2016/08/18,6.6189811477094E+21
2016/08/19,7.4485918145688E+21
2016/08/20,1.0692985489673E+22
2016/08/21,1.2265468577094E+22
2016/08/22,1.0956339055418E+22
2016/08/23,1.4557110124532E+22
2016/08/24,1.2183633998127E+22
2016/08/25,1.522479358223E+22
2016/08/26,1.8541143120803E+22
2016/08/27,2.0883051834565E+22
2016/08/28,1.7061983238773E+22
2016/08/29,1.0979363999536E+22
2016/08/30,8.1121501923942E+21
2016/08/31,4.0678122595409E+21
2016/09/01,3.5981692331849E+21
2016/09/02,6.1216465345596E+21
2016/09/03,8.2179781851803E+21
2016/09/04,1.621627891478E+22
2016/09/05,1.6155627305841E+22
2016/09/06,1.6809629683571E+22
2016/09/07,1.6447357779739E+22
2016/09/08,1.3833360930029E+22
2016/09/09,6.6462905142782E+21
2016/09/10,8.0291972498738E+21
2016/09/11,1.0725273444093E+22
2016/09/12,1.4810649549573E+22
2016/09/13,1.218464020829E+22
2016/09/14,2.0000687783129E+22
2016/09/15,1.8566274422964E+22
2016/09/16,1.2025550878674E+22
2016/09/17,1.1616793643902E+22
2016/09/18,3.7825674636392E+22
2016/09/19,4.8237153909003E+22
2016/09/20,6.1485597121498E+22
2016/09/21,8.727898952771E+22
2016/09/22,8.8528321075852E+22
2016/09/23,1.1571992394579E+23
2016/09/24,1.3689104969656E+23
2016/09/25,1.1613796031805E+23
2016/09/26,5.2992176059214E+22
2016/09/27,6.0849682645773E+22
2016/09/28,7.2346597167967E+22
2016/09/29,2.922437725268E+22
2016/09/30,2.5905519272376E+22
2016/10/01,2.8760839679273E+22
2016/10/02,4.7492320262656E+22
2016/10/03,2.1123314945568E+22
2016/10/04,2.2023295412407E+22
2016/10/05,1.8452943551834E+22
2016/10/06,1.9729070009499E+22
2016/10/07,7.4242894255611E+21
2016/10/08,7.7110145050882E+21
2016/10/09,1.4783047245151E+22
2016/10/10,1.8525275276746E+22
2016/10/11,2.7274976794467E+22
2016/10/12,2.4761715034679E+22
2016/10/13,2.9350228116231E+22
2016/10/14,2.8726247251487E+22
2016/10/15,4.1110501494948E+22
2016/10/16,6.7238436748331E+22
2016/10/17,5.9946423774043E+22
2016/10/18,6.3424513959267E+22
2016/10/19,2.8693513094727E+22
2016/10/20,2.5084697144962E+22
2016/10/21,3.8408347370479E+22
2016/10/22,4.6407271210103E+22
2016/10/23,4.6637909757982E+22
2016/10/24,2.2795099966584E+22
2016/10/25,1.9313381415038E+22
2016/10/26,1.0746589198077E+22
2016/10/27,9.2465981106702E+21
2016/10/28,2.055336151634E+22
2016/10/29,4.0088529840555E+23
2016/10/30,7.3620823047689E+23
2016/10/31,7.9727794781173E+23
2016/11/01,9.7701975817694E+23
2016/11/02,1.0304229539527E+24
2016/11/03,8.3001492568941E+23
2016/11/04,5.048218632015E+23
2016/11/05,5.9134630090257E+23
2016/11/06,5.8237438829203E+23
2016/11/07,2.0989240784445E+23
2016/11/08,1.7983710031351E+23
2016/11/09,2.1143405907557E+23
2016/11/10,2.133489922196E+23
2016/11/11,1.9812737221613E+23
2016/11/12,1.4114781365902E+23
2016/11/13,5.7193952001192E+22
2016/11/14,6.7446249138345E+22
2016/11/15,7.0009565769781E+22
2016/11/16,7.2674786149911E+22
2016/11/17,6.2942582618636E+22
2016/11/18,4.3278262672838E+22
2016/11/19,3.6325536187691E+22
2016/11/20,1.1951694417449E+23
2016/11/21,2.4870363866449E+23
2016/11/22,2.6361580985093E+23
2016/11/23,2.3146718146268E+23
2016/11/24,1.4906064585113E+23
2016/11/25,1.3413759481448E+23
2016/11/26,1.4497581662521E+23
2016/11/27,1.481135997184E+23
2016/11/28,7.0126313417755E+22
2016/11/29,3.9781939008096E+22
2016/11/30,1.0486779457019E+22
2016/12/01,1.0979564868778E+22
2016/12/02,1.0516685850459E+22
2016/12/03,1.8386020971818E+22
2016/12/04,2.0627164980623E+22
2016/12/05,1.831756899856E+22
2016/12/06,1.8103925409124E+22
2016/12/07,1.3033876789073E+22
2016/12/08,2.0912149292575E+22
2016/12/09,3.3656128709254E+22
2016/12/10,5.8731017760663E+22
2016/12/11,9.2293585215349E+22
2016/12/12,7.7212243296245E+22
2016/12/13,5.0778048514008E+22
2016/12/14,1.9694903511786E+22
2016/12/15,9.5290145073399E+21
2016/12/16,9.4415222449885E+21
2016/12/17,1.4301732117304E+22
2016/12/18,3.6100942468096E+22
2016/12/19,3.6891608981304E+22
2016/12/20,5.3003458202032E+22
2016/12/21,4.8417615249541E+22
2016/12/22,2.4184499449089E+22
2016/12/23,5.1809442397569E+22
2016/12/24,1.3734044791151E+23
2016/12/25,1.5335984240503E+23
2016/12/26,1.4170149041341E+23
2016/12/27,1.0479393159383E+23
2016/12/28,5.2878952243146E+22
2016/12/29,1.7926636515303E+22
2016/12/30,1.6591702805396E+22
2016/12/31,6.9396296671069E+21
2017/01/01,6.9158092036363E+21
2017/01/02,1.2147229982255E+21
2017/01/03,1.5425022932544E+21
2017/01/04,5.469601881943E+22
2017/01/05,1.0840026480016E+23
2017/01/06,1.3705455235713E+23
2017/01/07,1.7567735594458E+23
2017/01/08,1.7210261334925E+23
2017/01/09,1.5010971956476E+23
2017/01/10,6.0348397299534E+22
2017/01/11,5.1348304971992E+22
2017/01/12,4.4721190614941E+22
2017/01/13,3.2661784940634E+22
2017/01/14,2.960542106068E+22
2017/01/15,2.6000907120498E+22
2017/01/16,2.7452144577034E+22
2017/01/17,1.8278032554145E+22
2017/01/18,9.8548629736774E+21
2017/01/19,3.0524469243067E+22
2017/01/20,2.8268106908455E+22
2017/01/21,3.2329484553675E+22
2017/01/22,3.9269106847096E+22
2017/01/23,5.0947219163687E+22
2017/01/24,4.0312624489444E+22
2017/01/25,1.2852980946953E+22
2017/01/26,2.294660261159E+22
2017/01/27,1.0537950330127E+22
2017/01/28,8.3518399586818E+21
2017/01/29,7.3030412586747E+21
2017/01/30,9.335270884915E+21
2017/01/31,8.4311653985988E+21
2017/02/01,6.5408277002145E+21
2017/02/02,7.8244554960827E+21
2017/02/03,7.6312689745746E+21
2017/02/04,1.0172700066951E+22
2017/02/05,2.7889756420265E+22
2017/02/06,5.4177541042211E+22
2017/02/07,6.7731724429186E+22
2017/02/08,6.7827701145719E+22
2017/02/09,6.4784035306786E+22
2017/02/10,4.9131105136873E+22
2017/02/11,2.9980963018138E+22
2017/02/12,3.8542127911602E+22
2017/02/13,5.2150994442343E+22
2017/02/14,5.7061122959719E+22
2017/02/15,5.6403015810714E+22
2017/02/16,2.9089511169624E+22
2017/02/17,2.8300226746405E+22
2017/02/18,2.5451851851192E+22
2017/02/19,3.165507432199E+22
2017/02/20,3.6143151703941E+22
2017/02/21,5.6864072413794E+22
2017/02/22,5.1928533773201E+22
2017/02/23,3.093971402112E+22
2017/02/24,1.9408107087698E+22
2017/02/25,2.6773770033996E+22
2017/02/26,8.5491793036879E+22
2017/02/27,1.1760755088798E+23
2017/02/28,2.3192290515247E+23
2017/03/01,2.0753689687178E+23
2017/03/02,1.645816195811E+23
2017/03/03,1.2808833848628E+23
2017/03/04,7.40691397105E+22
2017/03/05,1.1892921740941E+23
2017/03/06,1.2332210555838E+23
2017/03/07,1.4006285864691E+23
2017/03/08,1.3871470758386E+23
2017/03/09,1.0864473655611E+23
2017/03/10,1.0664148131972E+23
2017/03/11,6.944148000733E+22
2017/03/12,7.7420402447495E+22
2017/03/13,1.3903419766627E+23
2017/03/14,9.9476603939058E+22
2017/03/15,1.3851855600833E+23
2017/03/16,1.5964288654341E+23
2017/03/17,2.7831912607929E+23
2017/03/18,3.6471199065132E+23
2017/03/19,2.479899151358E+23
2017/03/20,3.11465992267E+23
2017/03/21,2.0634785772556E+23
2017/03/22,1.6847306029219E+23
2017/03/23,1.809920576889E+23
2017/03/24,2.2049350207073E+23
2017/03/25,2.6274430676072E+23
2017/03/26,2.5109327969797E+23
2017/03/27,5.3030881295888E+23
2017/03/28,4.4024137808934E+23
2017/03/29,4.7534680025482E+23
2017/03/30,4.9976067423671E+23
2017/03/31,4.6144328096021E+23
2017/04/01,2.1287965216488E+23
2017/04/02,1.2189451133104E+23
2017/04/03,1.5845454430449E+23
2017/04/04,1.103400985294E+23
2017/04/05,1.9060728442254E+23
2017/04/06,2.19255235191E+23
2017/04/07,2.8913443790283E+23
2017/04/08,3.4097010395984E+23
2017/04/09,3.1769698324101E+23
2017/04/10,4.9754511886286E+22
2017/04/11,5.1974900676279E+22
2017/04/12,6.4224218479445E+22
2017/04/13,5.0800801155709E+22
2017/04/14,3.3631425017504E+23
2017/04/15,3.9090955707927E+23
2017/04/16,4.0412907659613E+23
2017/04/17,3.8649530003888E+23
2017/04/18,4.9062693026623E+23
2017/04/19,4.1818588018712E+23
2017/04/20,1.2145856078886E+23
2017/04/21,2.2085923344571E+23
2017/04/22,1.8896336866028E+23
2017/04/23,2.3949320961658E+23
2017/04/24,1.7304461697525E+23
2017/04/25,2.5195011392926E+23
2017/04/26,1.7684367533144E+23
2017/04/27,1.267781614892E+23
2017/04/28,4.6215316263341E+23
2017/04/29,8.3942383921061E+23
2017/04/30,9.2834004163149E+23
2017/05/01,6.975909579281E+23
2017/05/02,6.3021657054301E+23
2017/05/03,3.7414403943233E+23
2017/05/04,5.2317359889709E+22
2017/05/05,2.0752807470917E+23
2017/05/06,3.1999705919147E+23
2017/05/07,4.1321543426046E+23
2017/05/08,3.7099187679476E+23
2017/05/09,5.106060769128E+23
2017/05/10,4.9613028824414E+23
2017/05/11,2.911580777328E+23
2017/05/12,5.6176595277881E+23
2017/05/13,4.688119841036E+23
2017/05/14,5.723221294909E+23
2017/05/15,6.4160656288113E+23
2017/05/16,9.5391653814258E+23
2017/05/17,6.5805312412782E+23
2017/05/18,5.1254976090065E+23
2017/05/19,7.7751473169005E+23
2017/05/20,8.8275119319601E+23
2017/05/21,1.3512184374428E+24
2017/05/22,2.2147824705562E+24
2017/05/23,2.2626920356419E+24
2017/05/24,1.3936044911668E+24
2017/05/25,7.1530880498499E+23
2017/05/26,3.4789852321454E+23
2017/05/27,3.2976415322236E+23
2017/05/28,3.4336413054619E+23
2017/05/29,1.2645673416466E+24
2017/05/30,3.2511678352352E+24
2017/05/31,3.631164258523E+24
2017/06/01,4.6980209775576E+24
2017/06/02,3.7779816316206E+24
2017/06/03,3.2541789307913E+24
2017/06/04,1.7849158650325E+24
2017/06/05,1.5799999102461E+24
2017/06/06,2.2157213678039E+24
2017/06/07,2.6913639902469E+24
2017/06/08,3.54860762142E+24
2017/06/09,2.6523764448663E+24
2017/06/10,3.0414352148525E+24
2017/06/11,3.6042749961414E+24
2017/06/12,3.3557026639186E+24
2017/06/13,3.3724413260796E+24
2017/06/14,4.2084544094459E+24
2017/06/15,4.5326592148972E+24
2017/06/16,3.5224560867627E+24
2017/06/17,4.3060562348647E+24
2017/06/18,5.1734840160968E+24
2017/06/19,4.4213823875919E+24
2017/06/20,4.2246856898792E+24
2017/06/21,3.7501623790911E+24
2017/06/22,3.0277492672135E+24
2017/06/23,1.6267210078337E+24
2017/06/24,1.3737775477151E+24
2017/06/25,1.3943356461087E+24
2017/06/26,2.3698417589442E+24
2017/06/27,2.7787944932157E+24
2017/06/28,3.7818084477712E+24
2017/06/29,5.3751804611238E+24
2017/06/30,4.675104463955E+24
2017/07/01,4.2594055876102E+24
2017/07/02,3.1776103794737E+24
2017/07/03,4.0225403301073E+24
2017/07/04,4.3118402572829E+24
2017/07/05,3.0866926310797E+24
2017/07/06,2.8775189007757E+24
2017/07/07,2.4686350049498E+24
2017/07/08,1.9847914956537E+24
2017/07/09,1.2818816413837E+24
2017/07/10,1.6782936482236E+24
2017/07/11,1.9409696599082E+24
2017/07/12,9.8721520957268E+23
2017/07/13,5.547386546469E+23
2017/07/14,8.5742856302554E+23
2017/07/15,9.4003565392782E+23
2017/07/16,1.6279423529453E+24
2017/07/17,1.6969413461491E+24
2017/07/18,1.6502627236632E+24
2017/07/19,2.8068445401031E+24
2017/07/20,5.6128247746302E+24
2017/07/21,5.4630006646064E+24
2017/07/22,5.7518085731258E+24
2017/07/23,8.4021279924134E+24
2017/07/24,4.4778167908259E+24
2017/07/25,3.2805635760921E+24
2017/07/26,2.8225542216352E+24
2017/07/27,2.6130635619111E+24
2017/07/28,2.6589033487429E+24
2017/07/29,1.5095779403273E+24
2017/07/30,2.4422281307204E+24
2017/07/31,2.6426830257523E+24
2017/08/01,3.7630464376597E+24
2017/08/02,3.6565708407538E+24
2017/08/03,2.8826540210737E+24
2017/08/04,2.7198975040996E+24
2017/08/05,1.7318404744069E+24
2017/08/06,1.7474639673413E+24
2017/08/07,2.5706704619327E+24
2017/08/08,4.0772184522861E+24
2017/08/09,6.8347658785141E+24
2017/08/10,4.3503841791185E+24
2017/08/11,4.3715199676497E+24
2017/08/12,4.4199137242832E+24
2017/08/13,3.5014078108913E+24
2017/08/14,4.849240301854E+24
2017/08/15,6.3605012361285E+24
2017/08/16,7.7007799874986E+24
2017/08/17,6.4595760687299E+24
2017/08/18,3.5461317825227E+24
2017/08/19,5.051284397937E+24
2017/08/20,3.0558445405391E+24
2017/08/21,3.288832633038E+24
2017/08/22,3.3680479567772E+24
2017/08/23,4.4680498380512E+24
2017/08/24,4.2464945362005E+24
2017/08/25,2.1305359528502E+24
2017/08/26,2.094552640536E+24
2017/08/27,9.930094689276E+23
2017/08/28,2.7173024475024E+24
2017/08/29,4.1440712297255E+24
2017/08/30,5.1735235761811E+24
2017/08/31,5.3873430354082E+24
2017/09/01,5.67710871011E+24
2017/09/02,5.7570806738787E+24
2017/09/03,5.0955647135601E+24
2017/09/04,4.1724066746322E+23
2017/09/05,6.7958930568934E+23
2017/09/06,6.6902517437195E+23
2017/09/07,1.1031299231983E+24
2017/09/08,6.7768308641657E+24
2017/09/09,7.1660062075031E+24
2017/09/10,5.5459423660736E+24
2017/09/11,4.7702059113426E+24
2017/09/12,7.4087585355284E+24
2017/09/13,4.7942297292597E+24
2017/09/14,3.9623805100953E+24
2017/09/15,6.1884651720151E+24
2017/09/16,6.4770366305364E+24
2017/09/17,5.4389737293808E+24
2017/09/18,3.1789474499697E+24
2017/09/19,3.427049846384E+24
2017/09/20,1.5939094589118E+24
2017/09/21,1.3737126660623E+24
2017/09/22,1.151344083156E+24
2017/09/23,3.0420142739553E+24
2017/09/24,3.0037386700578E+24
2017/09/25,6.9155872375212E+24
2017/09/26,7.4977613973704E+24
2017/09/27,7.047731514377E+24
2017/09/28,5.6880943543832E+24
2017/09/29,7.5564896798353E+24
2017/09/30,1.1095318122561E+25
2017/10/01,7.3768218706183E+24
2017/10/02,7.3727940497977E+24
2017/10/03,6.8937682195969E+24
2017/10/04,5.2866758545081E+24
2017/10/05,1.1219769685363E+25
2017/10/06,8.6879384502811E+24
2017/10/07,5.1046345484123E+24
2017/10/08,5.056312242725E+24
2017/10/09,4.7475442461918E+24
2017/10/10,4.3743371641711E+24
2017/10/11,7.364193237282E+24
2017/10/12,6.2597290447673E+24
2017/10/13,8.7761735413812E+24
2017/10/14,4.7190345197652E+24
2017/10/15,4.2100874155218E+24
2017/10/16,5.540383309714E+24
2017/10/17,9.4423331505103E+24
2017/10/18,1.1945286548141E+25
2017/10/19,1.5306488752155E+25
2017/10/20,1.8325041371545E+25
2017/10/21,9.61011275532E+24
2017/10/22,5.6730064242421E+24
2017/10/23,3.0768665225173E+24
2017/10/24,4.8368194927388E+24
2017/10/25,2.2526388909647E+24
2017/10/26,3.9037766565928E+24
2017/10/27,1.7107263491965E+27
2017/10/28,2.8618175180393E+27
2017/10/29,3.4254750105156E+27
2017/10/30,3.4343525520126E+27
2017/10/31,2.7815673965993E+27
2017/11/01,2.8384854051935E+27
2017/11/02,2.8567908402195E+27
2017/11/03,3.3460387621523E+27
2017/11/04,3.2791832498032E+27
2017/11/05,2.7477219692561E+27
2017/11/06,1.6453383592761E+27
2017/11/07,7.2760354577746E+24
2017/11/08,2.451298683071E+24
2017/11/09,2.3639956123513E+24
2017/11/10,2.4627469039674E+24
2017/11/11,1.141243000093E+24
2017/11/12,1.9097927189087E+24
2017/11/13,2.1732977808545E+24
2017/11/14,1.7936124640111E+24
2017/11/15,1.8451847530355E+24
2017/11/16,3.8269139269609E+24
2017/11/17,4.8647471261604E+24
2017/11/18,6.2968125322162E+24
2017/11/19,4.0624731580839E+24
2017/11/20,7.8704582662266E+24
2017/11/21,1.0542649879012E+25
2017/11/22,1.2214207606966E+25
2017/11/23,1.5212094519898E+25
2017/11/24,1.9318193074742E+25
2017/11/25,1.549998841204E+25
2017/11/26,7.9303677174788E+24
2017/11/27,7.4373502090558E+24
2017/11/28,5.4391803799546E+24
2017/11/29,1.9889099836424E+24
2017/11/30,1.706872862729E+24
2017/12/01,1.91556867114E+24
2017/12/02,2.0218067469722E+24
2017/12/03,2.4379736360241E+24
2017/12/04,2.9551386429044E+24
2017/12/05,1.8954215127164E+24
2017/12/06,1.8433243255842E+24
2017/12/07,1.8994543624107E+24
2017/12/08,2.8603867926341E+24
2017/12/09,4.4461838769255E+24
2017/12/10,2.8666079976933E+24
2017/12/11,3.6694807895816E+24
2017/12/12,3.1804453947201E+24
2017/12/13,6.6667990994035E+24
2017/12/14,1.4114471153697E+25
2017/12/15,3.3656671682442E+25
2017/12/16,4.0028973754677E+25
2017/12/17,3.6215176042758E+25
2017/12/18,3.4527187904798E+25
2017/12/19,1.7500165530286E+25
2017/12/20,7.5996419545649E+24
2017/12/21,2.4728694236654E+24
2017/12/22,2.5521925428165E+24
2017/12/23,5.2031233611578E+24
2017/12/24,5.9212607171543E+24
2017/12/25,8.5804803270337E+24
2017/12/26,1.0955116455669E+25
2017/12/27,1.1386573581916E+25
2017/12/28,1.4105466005561E+25
2017/12/29,5.9737459267448E+24
2017/12/30,5.7544465747429E+24
2017/12/31,5.0599166906516E+24
2018/01/01,6.5769180963271E+24
2018/01/02,5.9041826481455E+24
2018/01/03,4.2427185399827E+24
2018/01/04,7.8732130880602E+24
2018/01/05,1.2336671835902E+25
2018/01/06,9.0505658974263E+24
2018/01/07,1.3162665768079E+25
2018/01/08,1.5296044631105E+25
2018/01/09,1.5857495314044E+25
2018/01/10,1.4989185411166E+25
2018/01/11,2.5234230050833E+25
2018/01/12,3.358755938382E+25
2018/01/13,2.6008119860007E+25
2018/01/14,3.1396701933027E+25
2018/01/15,2.0522331764783E+25
2018/01/16,1.4783362389751E+25
2018/01/17,1.5148762041673E+25
2018/01/18,1.5474205223003E+25
2018/01/19,1.270381663705E+25
2018/01/20,1.8981603379977E+25
2018/01/21,1.8712340832663E+25
2018/01/22,1.2612787293026E+25
2018/01/23,1.0997952802242E+25
2018/01/24,1.8460176654592E+25
2018/01/25,2.153233194524E+25
2018/01/26,1.4938506377833E+25
2018/01/27,1.5230009018852E+25
2018/01/28,8.9725118437792E+24
2018/01/29,2.0918671914117E+25
2018/01/30,1.6676798326122E+25
2018/01/31,2.5651296230887E+25
2018/02/01,4.248012054587E+25
2018/02/02,5.6369470370795E+25
2018/02/03,4.5668024083177E+25
2018/02/04,2.7689821155624E+25
2018/02/05,3.3163326633494E+25
2018/02/06,1.555355813438E+25
2018/02/07,1.2344981273528E+25
2018/02/08,9.4909154355328E+24
2018/02/09,1.1859100432192E+25
2018/02/10,1.2108460081789E+25
2018/02/11,9.6320767498293E+24
2018/02/12,1.8983219199004E+25
2018/02/13,1.9859318284642E+25
2018/02/14,1.7742436820401E+25
2018/02/15,1.0531804541278E+25
2018/02/16,9.8962764507881E+24
2018/02/17,8.3903705135219E+24
2018/02/18,6.9155378831028E+24
2018/02/19,7.2238457490304E+24
2018/02/20,7.3496412239385E+24
2018/02/21,3.5624825611276E+24
2018/02/22,1.8369880601252E+24
2018/02/23,3.2692258544837E+24
2018/02/24,3.521960011637E+24
2018/02/25,9.8744528694684E+24
2018/02/26,1.090594565568E+25
2018/02/27,7.2332409007419E+24
2018/02/28,9.7731505554996E+24
2018/03/01,1.2499970250653E+25
2018/03/02,1.6935469453672E+25
2018/03/03,2.5546523570264E+25
2018/03/04,2.5521813770983E+25
2018/03/05,2.2229290429472E+25
2018/03/06,6.1564994601387E+24
2018/03/07,1.3002415065697E+25
2018/03/08,1.5080105897501E+25
2018/03/09,1.414942227562E+25
2018/03/10,1.3488160545488E+25
2018/03/11,1.0430596391569E+25
2018/03/12,7.8634040906569E+24
2018/03/13,5.1236622277888E+24
2018/03/14,3.7924325885267E+24
2018/03/15,1.6696246801041E+24
2018/03/16,1.3539922106315E+25
2018/03/17,1.8854088908733E+25
2018/03/18,1.8158229983052E+25
2018/03/19,1.8416869037566E+25
2018/03/20,1.7226714581873E+25
2018/03/21,7.6970076504258E+24
2018/03/22,3.5226777731267E+24
2018/03/23,2.1186009978287E+24
2018/03/24,2.1513058424572E+24
2018/03/25,2.1782369647169E+24
2018/03/26,7.6194138621141E+24
2018/03/27,6.9435401865955E+24
2018/03/28,6.7726875081741E+24
2018/03/29,9.7668473422573E+24
2018/03/30,1.0066245312516E+25
2018/03/31,1.299854943703E+25
2018/04/01,1.5022577998783E+25
2018/04/02,5.1079230722554E+24
2018/04/03,9.4192934586692E+24
2018/04/04,7.1746732587753E+24
2018/04/05,7.0775334611846E+24
2018/04/06,9.0569630283174E+24
2018/04/07,9.1961558122855E+24
2018/04/08,9.1228193983603E+24
2018/04/09,1.8051667832685E+25
2018/04/10,1.6667685593481E+25
2018/04/11,1.8480281989641E+25
2018/04/12,2.1127542069642E+25
2018/04/13,1.030297510259E+25
2018/04/14,6.3184333757611E+24
2018/04/15,4.1924939243901E+24
2018/04/16,1.6925712962672E+24
2018/04/17,1.6229934526441E+24
2018/04/18,5.125337589421E+24
2018/04/19,5.0845171218628E+24
2018/04/20,7.4154152554963E+24
2018/04/21,1.165968172261E+25
2018/04/22,1.2142738849948E+25
2018/04/23,1.6481688040327E+25
2018/04/24,1.6478669894033E+25
2018/04/25,1.0101394792545E+25
2018/04/26,2.3673873509037E+25
2018/04/27,1.3193289730125E+25
2018/04/28,1.6366729081851E+25
2018/04/29,2.1164303304238E+25
2018/04/30,2.3392980702236E+25
2018/05/01,2.2306778458794E+25
2018/05/02,2.1229507240732E+25
2018/05/03,1.5729808042871E+25
2018/05/04,1.7763243063828E+25
2018/05/05,1.5505491822426E+25
2018/05/06,2.128079673086E+25
2018/05/07,3.8088049081144E+25
2018/05/08,2.5390655019786E+25
2018/05/09,1.7414983228745E+25
2018/05/10,9.2392203645865E+24
2018/05/11,5.0674850258542E+24
2018/05/12,9.789966701452E+24
2018/05/13,1.1436444986479E+25
2018/05/14,1.0810448015525E+25
2018/05/15,1.3210753589335E+25
2018/05/16,1.3473637992824E+25
2018/05/17,1.1950474085785E+25
2018/05/18,1.307819395786E+25
2018/05/19,7.8231042074618E+24
2018/05/20,4.121673534085E+24
2018/05/21,9.163208217902E+24
2018/05/22,7.9101890843254E+24
2018/05/23,5.7529335323366E+24
2018/05/24,1.7488118906292E+25
2018/05/25,2.2291898586437E+25
2018/05/26,2.2563293589441E+25
2018/05/27,2.658030348438E+25
2018/05/28,1.6598698345809E+25
2018/05/29,1.0928422505315E+25
2018/05/30,5.0052763526011E+24
2018/05/31,6.6628273622037E+24
2018/06/01,1.2643147183367E+25
2018/06/02,1.0881878106517E+25
2018/06/03,9.9636912076113E+24
2018/06/04,9.447664881383E+24
2018/06/05,9.2503636189983E+24
2018/06/06,9.553073036374E+24
2018/06/07,4.7579680166278E+24
2018/06/08,1.3753604749028E+24
2018/06/09,2.2865515695145E+25
2018/06/10,2.1682662402706E+25
2018/06/11,2.3582205149341E+25
2018/06/12,2.7241790194523E+25
2018/06/13,2.0341291608064E+25
2018/06/14,1.7576187166996E+25
2018/06/15,1.7334691771599E+25
2018/06/16,8.6786641355528E+24
2018/06/17,8.6792193806741E+24
2018/06/18,1.6484992771557E+25
2018/06/19,2.5953940389662E+25
2018/06/20,2.797370033571E+25
2018/06/21,3.1108840195504E+25
2018/06/22,2.811718766565E+25
2018/06/23,2.042855057728E+25
2018/06/24,3.0367347242728E+24
2018/06/25,2.6301876606525E+24
2018/06/26,2.9972124399165E+24
2018/06/27,6.4183315887347E+24
2018/06/28,7.9742082238569E+24
2018/06/29,1.0216672693132E+25
2018/06/30,1.4810327662424E+25
2018/07/01,1.9608165062385E+25
2018/07/02,1.943580726422E+25
2018/07/03,2.0883189072402E+25
2018/07/04,1.5305417564149E+25
2018/07/05,2.8285913983942E+25
2018/07/06,2.3433033282106E+25
2018/07/07,2.7430615224484E+25
2018/07/08,1.4274159428444E+25
2018/07/09,1.2780302522143E+25
2018/07/10,1.2700147535016E+25
2018/07/11,2.4132721143464E+25
2018/07/12,2.4265400311381E+25
2018/07/13,3.0487091258929E+25
2018/07/14,2.6189422043849E+25
2018/07/15,2.5557753402086E+25
2018/07/16,6.0647254430572E+24
2018/07/17,7.8620779415703E+24
2018/07/18,8.1201651381449E+24
2018/07/19,8.1067300013726E+24
2018/07/20,1.0117060678057E+25
2018/07/21,4.0733250888062E+25
2018/07/22,4.068427251794E+25
2018/07/23,4.9885988239126E+25
2018/07/24,4.416587607211E+25
2018/07/25,5.6368302117454E+25
2018/07/26,6.3242434003641E+25
2018/07/27,6.2804728904113E+25
2018/07/28,1.4667765302007E+25
2018/07/29,4.9929273895537E+24
2018/07/30,5.3074192744942E+24
2018/07/31,1.3757091086391E+24
2018/08/01,1.4199979610419E+24
2018/08/02,3.4114677024063E+24
2018/08/03,4.4135256619122E+24
2018/08/04,6.1379424853447E+24
2018/08/05,7.5514508421828E+24
2018/08/06,8.4958201742853E+24
2018/08/07,8.635756260281E+24
2018/08/08,7.5932938789084E+24
2018/08/09,9.4099474796685E+24
2018/08/10,1.8251588670809E+24
2018/08/11,1.7753313919086E+24
2018/08/12,1.0042732426297E+25
2018/08/13,1.6047136993073E+25
2018/08/14,1.862682865629E+25
2018/08/15,2.0156575317006E+25
2018/08/16,2.1072109805852E+25
2018/08/17,1.5690569502637E+25
2018/08/18,6.7396736114362E+24
2018/08/19,6.3844664394073E+24
2018/08/20,5.7661805277513E+24
2018/08/21,5.3949166951047E+24
2018/08/22,1.1380195446513E+25
2018/08/23,1.1261098786817E+25
2018/08/24,1.106274426684E+25
2018/08/25,9.5445485667131E+24
2018/08/26,1.1503852107651E+25
2018/08/27,1.1324657259309E+25
2018/08/28,1.1638378014911E+25
2018/08/29,1.1349467671988E+25
2018/08/30,1.086370585969E+25
2018/08/31,1.1741393219122E+25
2018/09/01,1.4602816299431E+25
2018/09/02,1.0451395661734E+25
2018/09/03,7.3094843700802E+24
2018/09/04,3.8543506895846E+24
2018/09/05,3.8117914768827E+24
2018/09/06,2.9361859923959E+24
2018/09/07,2.9656076437941E+24
2018/09/08,4.6114042938967E+24
2018/09/09,4.0453208559293E+25
2018/09/10,5.4951351014658E+25
2018/09/11,7.1203490449641E+25
2018/09/12,7.6964471123778E+25
2018/09/13,7.7545365307173E+25
2018/09/14,5.2039086713951E+25
2018/09/15,1.7438094295995E+25
2018/09/16,1.5643271256993E+25
2018/09/17,7.9413617803826E+24
2018/09/18,6.8741551540351E+24
2018/09/19,1.0096766682153E+25
2018/09/20,2.5086594009974E+24
2018/09/21,2.2855969769453E+24
2018/09/22,9.5420434894262E+24
2018/09/23,9.6832365672767E+24
2018/09/24,1.0082240382354E+25
2018/09/25,6.3518966351344E+24
2018/09/26,1.2542353986867E+25
2018/09/27,1.2529555586637E+25
2018/09/28,6.2387186759716E+24
2018/09/29,7.3956763048229E+24
2018/09/30,6.6680645456098E+24
2018/10/01,8.5758011759934E+24
2018/10/02,8.4914164553673E+24
2018/10/03,7.6552246749979E+24
2018/10/04,5.0011820766116E+24
2018/10/05,2.8859783309077E+24
2018/10/06,3.1736114205189E+24
2018/10/07,3.2017550704182E+24
2018/10/08,6.3355589584145E+24
2018/10/09,5.987437580046E+24
2018/10/10,3.5048596472504E+24
2018/10/11,4.6511150828014E+24
2018/10/12,5.2367160311805E+24
2018/10/13,9.2357715307562E+24
2018/10/14,9.2509380622875E+24
2018/10/15,6.6909583339424E+24
2018/10/16,4.9942449469508E+24
2018/10/17,1.7772645285267E+24
2018/10/18,2.2780869031047E+24
2018/10/19,2.0929078673965E+24
2018/10/20,3.7614994177966E+24
2018/10/21,7.5751475608619E+24
2018/10/22,1.4363862350993E+25
2018/10/23,1.4606528835679E+25
2018/10/24,1.4095818574328E+25
2018/10/25,7.9537137837468E+24
2018/10/26,5.0284024179635E+24
2018/10/27,3.0085340431451E+24
2018/10/28,3.4516597246014E+24
2018/10/29,5.7047339462032E+24
2018/10/30,5.1837142623323E+24
2018/10/31,3.2851962533125E+24
2018/11/01,4.8172629489796E+24
2018/11/02,1.4291157477389E+25
2018/11/03,1.8774339268284E+25
2018/11/04,1.7565626827786E+25
2018/11/05,1.8221667186492E+25
2018/11/06,1.673936880483E+25
2018/11/07,4.0528029587667E+24
2018/11/08,4.3661351954257E+24
2018/11/09,3.7212480406565E+24
2018/11/10,2.2792971293785E+24
2018/11/11,5.3405860125403E+24
2018/11/12,5.471954167318E+24
2018/11/13,5.1073577158405E+24
2018/11/14,5.1252195054346E+24
2018/11/15,4.516062703584E+24
2018/11/16,4.7909181604709E+24
2018/11/17,9.4435605048487E+24
2018/11/18,8.4863152479309E+24
2018/11/19,1.3395730193755E+25
2018/11/20,2.3813446515623E+25
2018/11/21,5.2767835104251E+25
2018/11/22,8.9524220200452E+25
2018/11/23,7.1114596539691E+25
2018/11/24,7.0808461474018E+25
2018/11/25,5.8313068669668E+25
2018/11/26,3.4454375178845E+25
2018/11/27,6.3051288466273E+25
2018/11/28,1.2161878706599E+26
2018/11/29,1.4460570136988E+26
2018/11/30,1.3212896822108E+26
2018/12/01,9.3246899477563E+25
2018/12/02,6.590850665463E+25
2018/12/03,1.2209195439404E+25
2018/12/04,7.7723127836504E+24
2018/12/05,9.5509902044144E+24
2018/12/06,8.9820079212375E+24
2018/12/07,1.7071016865737E+25
2018/12/08,1.9247959593967E+25
2018/12/09,2.9772158569047E+25
2018/12/10,2.9024961100559E+25
2018/12/11,2.258307490191E+25
2018/12/12,2.6685035410534E+25
2018/12/13,1.7699717247126E+25
2018/12/14,2.4296627485042E+25
2018/12/15,2.5015567224246E+25
2018/12/16,2.7968011638778E+25
2018/12/17,1.1190771146329E+25
2018/12/18,9.4163606148837E+24
2018/12/19,8.4147536724439E+24
2018/12/20,7.9852059255175E+24
2018/12/21,7.8914384692699E+24
2018/12/22,4.0586732008139E+24
2018/12/23,3.9553802201282E+24
2018/12/24,1.8786338335677E+25
2018/12/25,4.023002747358E+25
2018/12/26,7.7038692300065E+25
2018/12/27,7.1309354478356E+25
2018/12/28,5.3357573043578E+25
2018/12/29,3.4633951757586E+25
2018/12/30,1.206250200985E+25
2018/12/31,6.7958039033713E+24
2019/01/01,1.7560777974132E+25
2019/01/02,1.0371462682428E+25
2019/01/03,9.1308332042173E+24
2019/01/04,9.2168140789949E+24
2019/01/05,1.1543738285654E+25
2019/01/06,1.5243987728766E+25
2019/01/07,2.2523785932029E+25
2019/01/08,1.1744916356488E+25
2019/01/09,1.3127019191957E+25
2019/01/10,9.8351910382665E+24
2019/01/11,3.9257342176001E+24
2019/01/12,8.516882566058E+24
2019/01/13,1.0536476704086E+25
2019/01/14,7.5084089579941E+24
2019/01/15,8.9089787972695E+24
2019/01/16,9.4204590491426E+24
2019/01/17,1.3486893815932E+25
2019/01/18,1.3834286487014E+25
2019/01/19,1.4626564444543E+25
2019/01/20,1.5281467819627E+25
2019/01/21,1.6237712647983E+25
2019/01/22,7.7204437910899E+24
2019/01/23,2.5118056057909E+25
2019/01/24,2.6580104799423E+25
2019/01/25,2.7507867786377E+25
2019/01/26,2.5065563957539E+25
2019/01/27,1.7927231387064E+25
2019/01/28,5.121629856303E+25
2019/01/29,9.7635257880179E+25
2019/01/30,1.4688896465657E+26
2019/01/31,1.3410848272485E+26
2019/02/01,1.0961219608028E+26
2019/02/02,7.2896302666815E+25
2019/02/03,2.5745982203488E+25
2019/02/04,1.1427429556258E+25
2019/02/05,1.0623059223472E+25
2019/02/06,1.15253894158E+25
2019/02/07,2.4582980832869E+24
2019/02/08,2.1120036268442E+24
2019/02/09,1.3952455033551E+24
2019/02/10,3.2553456651617E+24
2019/02/11,3.2866406705317E+24
2019/02/12,7.549043805489E+24
2019/02/13,6.0180880970481E+24
2019/02/14,5.2384352206172E+24
2019/02/15,6.4407051575222E+24
2019/02/16,6.1902518251081E+24
2019/02/17,6.1378003431027E+24
2019/02/18,6.7762590393173E+24
2019/02/19,2.0859968361285E+25
2019/02/20,3.0483961205806E+25
2019/02/21,3.087111825303E+25
2019/02/22,2.3331192236374E+25
2019/02/23,3.4824854545384E+25
2019/02/24,1.9586405033039E+25
2019/02/25,8.6891298668709E+24
2019/02/26,9.2972624407516E+24
2019/02/27,9.0652618925167E+24
2019/02/28,8.1950707401843E+24
2019/03/01,4.4804922620444E+24
2019/03/02,2.8512686426176E+24
2019/03/03,4.2427323147215E+24
2019/03/04,6.3691570552703E+24
2019/03/05,5.4908511246444E+24
2019/03/06,4.7560338262113E+24
2019/03/07,8.4805083783827E+23
2019/03/08,1.0047541887805E+24
2019/03/09,2.1376437076963E+24
2019/03/10,2.2274766814967E+24
2019/03/11,3.1428388203339E+24
2019/03/12,3.9526279134824E+24
2019/03/13,5.8638867082917E+24
2019/03/14,5.7060974163604E+24
2019/03/15,2.9968903610529E+24
2019/03/16,5.7113726430535E+24
2019/03/17,4.6490282977324E+24
2019/03/18,4.6533041618451E+24
2019/03/19,7.3021357414593E+24
2019/03/20,7.0225996432892E+24
2019/03/21,6.8788219643417E+24
2019/03/22,7.1778577080418E+24
2019/03/23,4.2047924462421E+24
2019/03/24,2.8822085364302E+24
2019/03/25,2.6890650606194E+24
2019/03/26,4.5877327692908E+24
2019/03/27,5.8604457926031E+24
2019/03/28,6.9766510350142E+24
2019/03/29,7.1535779950397E+24
2019/03/30,1.1104548978201E+25
2019/03/31,9.6173125936778E+24
2019/04/01,6.8931440746064E+24
2019/04/02,7.3861415096546E+24
2019/04/03,7.4838950265456E+24
2019/04/04,1.1154140368084E+25
2019/04/05,1.2640067641492E+25
2019/04/06,8.5182212069733E+24
2019/04/07,2.4405772730518E+24
2019/04/08,2.7429446133693E+24
2019/04/09,2.7808836499978E+24
2019/04/10,3.0314437728262E+24
2019/04/11,4.2665496505342E+24
2019/04/12,3.668368649203E+24
2019/04/13,4.8508436392645E+24
2019/04/14,5.4349580188386E+24
2019/04/15,4.9165566622382E+24
2019/04/16,2.8158460719823E+24
2019/04/17,4.65685037471E+24
2019/04/18,6.4467504346297E+24
2019/04/19,6.0053425214825E+24
2019/04/20,6.2189719735126E+24
2019/04/21,4.6706970651585E+24
2019/04/22,2.7415330272859E+24
2019/04/23,2.3141642948784E+24
2019/04/24,2.5201051464423E+24
2019/04/25,2.2466778322961E+24
2019/04/26,2.1841110142893E+24
2019/04/27,2.6444354801711E+24
2019/04/28,2.5802486552208E+24
2019/04/29,2.7950074794989E+24
2019/04/30,4.9456370137833E+24
2019/05/01,4.6799615464398E+24
2019/05/02,2.9993241176913E+24
2019/05/03,2.3661048082425E+24
2019/05/04,5.7040078116774E+24
2019/05/05,5.5530078053439E+24
2019/05/06,5.5974754164879E+24
2019/05/07,5.9028150025093E+24
2019/05/08,5.9015497601525E+24
2019/05/09,5.5044469005273E+24
2019/05/10,2.2742116516787E+24
2019/05/11,1.3194758363833E+24
2019/05/12,2.3380380722118E+24
2019/05/13,1.4518823880006E+24
2019/05/14,5.3932384050684E+24
2019/05/15,9.863584871609E+24
2019/05/16,9.777015279955E+24
2019/05/17,2.5136934682722E+25
2019/05/18,3.2272349504224E+25
2019/05/19,2.9839666394388E+25
2019/05/20,1.6914524157887E+25
2019/05/21,1.433177535814E+25
2019/05/22,1.2993275458375E+25
2019/05/23,1.1584153886405E+25
2019/05/24,1.3391972528386E+25
2019/05/25,6.4591331626412E+24
2019/05/26,3.5998603799601E+24
2019/05/27,3.827331857312E+24
2019/05/28,4.0273574277275E+24
2019/05/29,1.3915137706427E+25
2019/05/30,1.613050340864E+25
2019/05/31,1.4748930725036E+25
2019/06/01,1.3919778564543E+25
2019/06/02,9.9529806538621E+24
2019/06/03,1.2342242016397E+25
2019/06/04,7.9876541168612E+24
2019/06/05,9.3212311029829E+24
2019/06/06,9.496517256621E+24
2019/06/07,8.7841905496385E+24
2019/06/08,8.8217088095662E+24
2019/06/09,8.0049658505275E+24
2019/06/10,7.8998151945055E+24
2019/06/11,8.6759444729278E+24
2019/06/12,9.1521570310128E+24
2019/06/13,7.4258089231642E+24
2019/06/14,2.8538227858836E+24
2019/06/15,2.3105259865721E+24
2019/06/16,2.161667495843E+24
2019/06/17,9.9179548683199E+23
2019/06/18,8.5179525957197E+23
2019/06/19,1.6568525650018E+24
2019/06/20,1.2434695272346E+24
2019/06/21,1.4168814506912E+24
2019/06/22,1.5158757228475E+24
2019/06/23,1.7303904291428E+24
2019/06/24,4.8106893649661E+24
2019/06/25,7.1755082469445E+24
2019/06/26,2.3778145143297E+25
2019/06/27,3.0132732286542E+25
2019/06/28,2.4026270525925E+25
2019/06/29,1.8510970491621E+25
2019/06/30,1.1366069197937E+25
2019/07/01,6.886191193993E+24
2019/07/02,2.8748507001779E+24
2019/07/03,4.4752702723058E+24
2019/07/04,6.2064050610174E+24
2019/07/05,6.9125971683622E+24
2019/07/06,6.6923617168818E+24
2019/07/07,5.66639928875E+24
2019/07/08,5.6247952587075E+24
2019/07/09,5.0036402464631E+24
2019/07/10,6.0182257041653E+24
2019/07/11,9.8310522043221E+24
2019/07/12,9.33984058718E+24
2019/07/13,1.0790916086584E+25
2019/07/14,1.2576023669859E+25
2019/07/15,6.1048234829874E+24
2019/07/16,5.8183418109512E+24
2019/07/17,4.0655192242375E+24
2019/07/18,4.1149417838152E+24
2019/07/19,7.8587526171961E+24
2019/07/20,7.8686707516266E+24
2019/07/21,7.8165040026488E+24
2019/07/22,8.0052050059086E+24
2019/07/23,7.845694509712E+24
2019/07/24,5.9450459439641E+24
2019/07/25,3.1349866221649E+24
2019/07/26,2.9094348815862E+24
2019/07/27,4.3622859307503E+24
2019/07/28,3.6727001246347E+24
2019/07/29,2.1977221436822E+24
2019/07/30,4.0444056943241E+24
2019/07/31,4.5326375103846E+24
2019/08/01,5.8591417356299E+24
2019/08/02,5.281892929557E+24
2019/08/03,4.6289347530857E+24
2019/08/04,6.90018563319E+24
2019/08/05,1.0908531418956E+25
2019/08/06,1.3243321795129E+25
2019/08/07,1.4447387803885E+25
2019/08/08,7.6489993184159E+24
2019/08/09,3.3702074519542E+24
2019/08/10,2.9746279057923E+24
2019/08/11,2.4450452386684E+24
2019/08/12,2.6601723356186E+24
2019/08/13,2.6411062355102E+24
2019/08/14,2.5757888507468E+24
2019/08/15,2.5887213171956E+24
2019/08/16,1.9003539983496E+24
2019/08/17,2.1781235839267E+24
2019/08/18,3.9159507977576E+24
2019/08/19,4.8745738029411E+24
2019/08/20,6.2095080554587E+24
2019/08/21,8.1754673815048E+24
2019/08/22,1.8908294585559E+25
2019/08/23,1.7389065970621E+25
2019/08/24,9.5344845210907E+24
2019/08/25,8.6146688728179E+24
2019/08/26,6.5086915481009E+24
2019/08/27,7.8010288520618E+24
2019/08/28,6.3009202685677E+24
2019/08/29,7.8575799515281E+24
2019/08/30,1.0915572068098E+25
2019/08/31,1.0415648250702E+25
2019/09/01,1.0059142251633E+25
2019/09/02,1.0574791960934E+25
2019/09/03,4.1574512302415E+24
2019/09/04,2.72514695952E+24
2019/09/05,2.5444412868474E+24
2019/09/06,4.4385435880592E+24
2019/09/07,6.5882934283569E+24
2019/09/08,7.6212250663276E+24
2019/09/09,7.5916363152381E+24
2019/09/10,7.3882895200875E+24
2019/09/11,6.4876335606067E+24
2019/09/12,1.3190914633677E+25
2019/09/13,6.3618267180633E+24
2019/09/14,8.7427989210576E+24
2019/09/15,9.4886616748017E+24
2019/09/16,1.2686947491554E+25
2019/09/17,1.6868243623794E+25
2019/09/18,2.277656819392E+25
2019/09/19,2.2961513142024E+25
2019/09/20,1.752195596524E+25
2019/09/21,2.1075081502882E+25
2019/09/22,9.3426842236157E+24
2019/09/23,1.0179937322783E+25
2019/09/24,1.0788587900491E+25
2019/09/25,1.1102495482465E+25
2019/09/26,8.5087011068703E+24
2019/09/27,8.0733239329735E+24
2019/09/28,6.486626950591E+24
2019/09/29,5.5272798762044E+24
2019/09/30,3.5986144502435E+24
2019/10/01,1.7898581641594E+24
2019/10/02,7.0757004852291E+24
2019/10/03,1.0384163410691E+25
2019/10/04,1.1410648300695E+25
2019/10/05,9.0473734187474E+24
2019/10/06,6.5180662834692E+24
2019/10/07,4.9639262461533E+24
2019/10/08,1.1624416037598E+24
2019/10/09,1.782947447763E+24
2019/10/10,1.8685754462023E+24
2019/10/11,6.3002454301428E+24
2019/10/12,6.5858825172568E+24
2019/10/13,9.004665419446E+24
2019/10/14,8.7204827331475E+24
2019/10/15,1.9902374209304E+25
2019/10/16,1.5765881504444E+25
2019/10/17,1.3991253598547E+25
2019/10/18,1.7585469629246E+25
2019/10/19,1.395941311902E+25
2019/10/20,1.4053219580676E+25
2019/10/21,1.8093533557143E+25
2019/10/22,1.0845490435385E+25
2019/10/23,1.1249501748968E+25
2019/10/24,1.0302657214959E+25
2019/10/25,1.6049328854624E+25
2019/10/26,1.4188242617547E+25
2019/10/27,1.4415917445238E+25
2019/10/28,1.5064866495573E+25
2019/10/29,1.5184542162199E+25
2019/10/30,6.9171817811015E+24
2019/10/31,6.3628457563514E+24
2019/11/01,6.9535296717308E+24
2019/11/02,6.9378755484201E+24
2019/11/03,3.6034155826828E+24
2019/11/04,5.1819980851617E+24
2019/11/05,5.2085816314769E+24
2019/11/06,4.9048648732841E+24
2019/11/07,4.5191179748534E+24
2019/11/08,2.5744362295192E+24
2019/11/09,2.4151085987969E+24
2019/11/10,2.4067515847217E+24
2019/11/11,1.8753322147377E+24
2019/11/12,1.8320253564006E+24
2019/11/13,3.0504490921297E+24
2019/11/14,2.7789242220512E+24
2019/11/15,3.2229778524997E+24
2019/11/16,6.6725857441082E+24
2019/11/17,6.620494885666E+24
2019/11/18,6.3491725666212E+24
2019/11/19,1.8622664269533E+25
2019/11/20,2.353442134459E+25
2019/11/21,2.1305400844749E+25
2019/11/22,2.0652360606971E+25
2019/11/23,2.0639873492583E+25
2019/11/24,1.6048443898428E+25
2019/11/25,1.2038933902819E+25
2019/11/26,2.4306794355734E+25
2019/11/27,2.2915637986416E+25
2019/11/28,2.0834589938142E+25
2019/11/29,2.189275450068E+25
2019/11/30,1.9422088611549E+25
2019/12/01,1.7385976081096E+25
2019/12/02,5.5231876077472E+24
2019/12/03,3.7479408617633E+24
2019/12/04,3.7333035844905E+24
2019/12/05,4.4753958702623E+24
2019/12/06,6.2679749947518E+24
2019/12/07,6.2140966576571E+24
2019/12/08,9.19835069102E+24
2019/12/09,9.1532750254618E+24
2019/12/10,9.6805255646956E+24
2019/12/11,9.693284452805E+24
2019/12/12,9.7267032293022E+24
2019/12/13,8.9251608576722E+24
2019/12/14,8.7226975754859E+24
2019/12/15,5.3479126096266E+24
2019/12/16,4.924642996311E+24
2019/12/17,1.131147938329E+25
2019/12/18,3.8625858122519E+25
2019/12/19,5.6639461985833E+25
2019/12/20,7.7989461760261E+25
2019/12/21,6.4212091591809E+25
2019/12/22,4.4217887250049E+25
2019/12/23,1.503802054122E+25
2019/12/24,3.5438859745757E+24
2019/12/25,4.4394300750617E+24
2019/12/26,4.4297175405975E+24
2019/12/27,4.7986055032497E+24
2019/12/28,3.4832283624176E+24
2019/12/29,3.9722864484877E+24
2019/12/30,4.0682924044914E+24
2019/12/31,3.5660664056356E+24
2020/01/01,6.699856379365E+24
2020/01/02,6.03619040025E+24
2020/01/03,8.7389827117216E+24
2020/01/04,2.8106169238679E+25
2020/01/05,3.1734898092829E+25
2020/01/06,3.7529854038527E+25
2020/01/07,4.3565142923201E+25
2020/01/08,1.9954537089848E+25
2020/01/09,9.7734853455752E+24
2020/01/10,6.3927482544298E+24
2020/01/11,6.8289527196769E+24
2020/01/12,5.3263422056322E+24
2020/01/13,5.177491399623E+24
2020/01/14,4.2543479853124E+24
2020/01/15,5.3757960861092E+24
2020/01/16,8.8355693608497E+23
2020/01/17,1.0738821151658E+24
2020/01/18,1.2745463766202E+24
2020/01/19,1.2327298655907E+24
2020/01/20,1.1769849248921E+24
2020/01/21,1.2903860573132E+24
2020/01/22,1.1505960191786E+24
2020/01/23,1.1668136391771E+24
2020/01/24,1.690971480808E+24
2020/01/25,1.202815165836E+24
2020/01/26,1.9954436161774E+24
2020/01/27,2.0367792859012E+24
2020/01/28,3.2472378724482E+24
2020/01/29,3.2639577467414E+24
2020/01/30,4.4049764351593E+24
2020/01/31,2.493698152773E+24
2020/02/01,2.8989955390046E+24
2020/02/02,3.8760517348766E+24
2020/02/03,4.1069976900257E+24
2020/02/04,6.5710782571531E+24
2020/02/05,6.6269033240138E+24
2020/02/06,5.4698406286198E+24
2020/02/07,5.0158432091394E+24
2020/02/08,1.9287120787098E+24
2020/02/09,1.771409583202E+24
2020/02/10,1.5841872827135E+24
2020/02/11,2.6128677030219E+24
2020/02/12,3.4794815355418E+24
2020/02/13,6.430042272563E+24
2020/02/14,8.6016531487406E+24
2020/02/15,1.0374963612716E+25
2020/02/16,8.226334815096E+24
2020/02/17,5.3877054692193E+24
2020/02/18,3.6994760343706E+24
2020/02/19,1.2859552662912E+25
2020/02/20,1.1200424032736E+25
2020/02/21,1.0759958111658E+25
2020/02/22,1.0064796167661E+25
2020/02/23,9.3062114099365E+24
2020/02/24,8.2829295966991E+24
2020/02/25,8.720557707702E+24
2020/02/26,3.3210301212135E+24
2020/02/27,8.1531078512861E+24
2020/02/28,5.8173941263277E+24
2020/02/29,5.8719447500084E+24
2020/03/01,5.9477985546601E+24
2020/03/02,6.6360004485203E+24
2020/03/03,4.9758640863659E+24
2020/03/04,4.8635324401487E+24
2020/03/05,1.6948394965107E+24
2020/03/06,2.3016081371507E+24
2020/03/07,2.0143173168406E+24
2020/03/08,5.6354005800329E+24
2020/03/09,4.5689636556558E+24
2020/03/10,4.3364477832579E+24
2020/03/11,4.8765213215495E+24
2020/03/12,4.8716912939491E+24
2020/03/13,8.3936284938425E+24
2020/03/14,1.7113274120229E+25
2020/03/15,1.4273934760699E+25
2020/03/16,1.3036626664911E+25
2020/03/17,1.3898629659272E+25
2020/03/18,1.1299093293425E+25
2020/03/19,3.0616057570561E+24
2020/03/20,2.567554591467E+24
2020/03/21,7.4736021176658E+24
2020/03/22,8.9308948648411E+24
2020/03/23,8.9976377351774E+24
2020/03/24,7.0846991242712E+24
2020/03/25,6.9107805656302E+24
2020/03/26,6.8538701704634E+24
2020/03/27,6.3945195557742E+24
2020/03/28,3.7319849407275E+24
2020/03/29,2.0475505103326E+24
2020/03/30,2.0073722439164E+24
2020/03/31,3.0521390441316E+24
2020/04/01,3.1248327992147E+24
2020/04/02,4.0441487009721E+24
2020/04/03,4.0027221485727E+24
2020/04/04,5.8041459727491E+24
2020/04/05,4.5458396476775E+24
2020/04/06,8.7517361420752E+24
2020/04/07,8.6409746673534E+24
2020/04/08,8.6129491770385E+24
2020/04/09,5.6311717666924E+24
2020/04/10,8.6724981994774E+24
2020/04/11,8.8067859237775E+24
2020/04/12,1.1057559496868E+25
2020/04/13,4.9116407313776E+24
2020/04/14,6.255604456476E+24
2020/04/15,6.0150716839666E+24
2020/04/16,6.3839596361339E+24
2020/04/17,6.1786759815331E+24
2020/04/18,1.6900750237243E+24
2020/04/19,3.8209668402177E+24
2020/04/20,5.6404626988633E+24
2020/04/21,4.7128309368229E+24
2020/04/22,4.0686115746586E+24
2020/04/23,3.5779320065929E+24
2020/04/24,3.5602942516717E+24
2020/04/25,3.3041068481675E+24
2020/04/26,2.6949595057806E+24
2020/04/27,3.5626318988244E+24
2020/04/28,5.4443736316963E+24
2020/04/29,6.873584716258E+24
2020/04/30,9.0581255070322E+24
2020/05/01,2.190260317897E+25
2020/05/02,2.6838179371743E+25
2020/05/03,2.5733356064338E+25
2020/05/04,2.2719100676853E+25
2020/05/05,9.466817785942E+24
2020/05/06,8.0061377542691E+24
2020/05/07,1.1338028444008E+25
2020/05/08,9.7234354374897E+24
2020/05/09,9.1800221713843E+24
2020/05/10,9.8996425718244E+24
2020/05/11,6.107459523896E+24
2020/05/12,1.4470129266488E+24
2020/05/13,1.4912869234929E+24
2020/05/14,1.6157565279527E+24
2020/05/15,3.2971467372887E+24
2020/05/16,3.4880124791052E+24
2020/05/17,6.0671401645017E+24
2020/05/18,6.3713650078269E+24
2020/05/19,8.8438882245718E+24
2020/05/20,8.540553481429E+24
2020/05/21,9.914632069348E+24
2020/05/22,8.5663920240727E+24
2020/05/23,9.8346829752827E+24
2020/05/24,6.1114194719517E+24
2020/05/25,6.7176645702521E+24
2020/05/26,5.4952756638178E+24
2020/05/27,5.3284278575929E+24
2020/05/28,5.2090819179141E+24
2020/05/29,4.357795317943E+24
2020/05/30,4.1102817701838E+24
2020/05/31,7.6955007840864E+24
2020/06/01,6.0863454569986E+24
2020/06/02,5.5901936593154E+24
2020/06/03,7.2515526150197E+24
2020/06/04,4.6987185502384E+24
2020/06/05,2.5917073057304E+24
2020/06/06,1.9919646984863E+24
2020/06/07,2.9646924452092E+24
2020/06/08,1.3518210874492E+24
2020/06/09,2.4164467727583E+24
2020/06/10,8.3870686216449E+24
2020/06/11,8.7696721641325E+24
2020/06/12,8.4997563268555E+24
2020/06/13,7.5953533973909E+24
2020/06/14,3.031929424403E+24
2020/06/15,2.1612483983428E+24
2020/06/16,4.0550112155142E+24
2020/06/17,2.2290851707041E+24
2020/06/18,1.8211218933494E+24
2020/06/19,3.3042407144295E+24
2020/06/20,4.8109707128788E+24
2020/06/21,5.5318641730935E+24
2020/06/22,5.1625551709308E+24
2020/06/23,5.7684536750626E+24
2020/06/24,4.0618969512923E+24
2020/06/25,4.2875101988946E+24
2020/06/26,5.6960774166856E+24
2020/06/27,5.7295601133793E+24
2020/06/28,5.6392692760826E+24
2020/06/29,2.5021627224126E+24
2020/06/30,2.0380957713757E+24
2020/07/01,4.0733188980412E+24
2020/07/02,3.3849976858256E+24
2020/07/03,2.5613613755362E+24
2020/07/04,3.0499815472092E+24
2020/07/05,2.994562916748E+24
2020/07/06,3.1046569630144E+24
2020/07/07,3.1306224793411E+24
2020/07/08,4.899556918176E+24
2020/07/09,3.4903261658412E+24
2020/07/10,3.9910935410927E+24
2020/07/11,4.582097031431E+24
2020/07/12,5.0360667305257E+24
2020/07/13,6.5975274658061E+24
2020/07/14,4.5382616990269E+24
2020/07/15,4.2301661493005E+24
2020/07/16,4.3730933793268E+24
2020/07/17,6.3459624972824E+24
2020/07/18,6.4889612483498E+24
2020/07/19,5.7684353355605E+24
2020/07/20,3.8959847966356E+24
2020/07/21,1.0622251716215E+25
2020/07/22,1.8380631329186E+25
2020/07/23,1.773721212655E+25
2020/07/24,2.5856819432392E+25
2020/07/25,2.3215005916263E+25
2020/07/26,2.7174208616426E+25
2020/07/27,3.1933596853708E+25
2020/07/28,3.7052619697751E+25
2020/07/29,2.3825058813343E+25
2020/07/30,1.9636948599143E+25
2020/07/31,2.2432805101699E+25
2020/08/01,1.1589817201521E+25
2020/08/02,1.3086243887388E+25
2020/08/03,1.3727395275282E+25
2020/08/04,1.188623141415E+25
2020/08/05,7.2539684819221E+24
2020/08/06,7.612202158535E+24
2020/08/07,6.7852899827368E+24
2020/08/08,8.6848502675589E+24
2020/08/09,1.8410913156955E+25
2020/08/10,1.812202446985E+25
2020/08/11,1.4324331210977E+25
2020/08/12,8.7051446044473E+24
2020/08/13,4.8376963166461E+24
2020/08/14,1.346038384192E+25
2020/08/15,2.406583816704E+25
2020/08/16,2.5469281925444E+25
2020/08/17,2.85906322657E+25
2020/08/18,3.4262768894999E+25
2020/08/19,3.3444814726851E+25
2020/08/20,3.3846386015189E+25
2020/08/21,3.9542549590745E+25
2020/08/22,3.4120270754004E+25
2020/08/23,4.6536982844876E+25
2020/08/24,3.9401663298339E+25
2020/08/25,1.2750488403667E+25
2020/08/26,6.8606848422674E+24
2020/08/27,3.8759441331458E+24
2020/08/28,6.160813936694E+24
2020/08/29,4.6819867872514E+24
2020/08/30,4.6988455106218E+24
2020/08/31,4.8013076756221E+24
2020/09/01,1.6951559659061E+25
2020/09/02,2.4875864678891E+25
2020/09/03,2.0721154124582E+25
2020/09/04,3.9557834288498E+25
2020/09/05,3.3500404986591E+25
2020/09/06,4.7076127880698E+25
2020/09/07,4.2496217955488E+25
2020/09/08,4.3024046081985E+25
2020/09/09,3.5908919828903E+25
2020/09/10,1.0365165768719E+25
2020/09/11,1.0811622632805E+25
2020/09/12,1.3208612335863E+25
2020/09/13,1.6863380680633E+25
2020/09/14,1.740034611829E+25
2020/09/15,1.9664101473736E+25
2020/09/16,1.6761892964401E+25
2020/09/17,1.7195361558001E+25
2020/09/18,1.5261281332448E+25
2020/09/19,1.6599835928132E+25
2020/09/20,2.0780555439153E+25
2020/09/21,2.5266130836427E+25
2020/09/22,2.4123600242762E+25
2020/09/23,1.4738247032703E+25
2020/09/24,1.4873999407492E+25
2020/09/25,1.0609614293112E+25
2020/09/26,1.0783370237027E+25
2020/09/27,1.0825018551853E+25
2020/09/28,8.7062044504102E+24
2020/09/29,8.1210865343601E+24
2020/09/30,5.1771246376931E+24
2020/10/01,3.8357722376254E+24
2020/10/02,1.4727407561638E+24
2020/10/03,2.3315255540317E+24
2020/10/04,2.3695891749725E+24
2020/10/05,3.3691991622278E+24
2020/10/06,2.256611753818E+25
2020/10/07,2.4900847988973E+25
2020/10/08,2.4116316165989E+25
2020/10/09,2.429118098996E+25
2020/10/10,2.0303388998603E+25
2020/10/11,1.3231855688303E+25
2020/10/12,1.0070663064044E+25
2020/10/13,1.0945146429835E+25
2020/10/14,1.0861117141938E+25
2020/10/15,7.9675533830314E+24
2020/10/16,5.3008965079729E+24
2020/10/17,5.6673592388567E+24
2020/10/18,1.552006270247E+25
2020/10/19,1.8578334658124E+25
2020/10/20,1.7439681511108E+25
2020/10/21,1.6444615635725E+25
2020/10/22,1.5890011247516E+25
2020/10/23,1.6580341682814E+25
2020/10/24,2.3444081846295E+25
2020/10/25,6.3360700350982E+24
2020/10/26,1.822114832136E+25
2020/10/27,1.8807696929514E+25
2020/10/28,1.8931665748811E+25
2020/10/29,2.4050749665386E+25
2020/10/30,2.4043832418555E+25
2020/10/31,1.6839229166439E+25
2020/11/01,2.0728145471294E+25
2020/11/02,1.5056425320216E+25
2020/11/03,1.3688448092502E+25
2020/11/04,1.4058976348817E+25
2020/11/05,9.7794821652041E+24
2020/11/06,1.4008820527798E+25
2020/11/07,1.9811260127836E+25
2020/11/08,1.8365676148243E+25
2020/11/09,1.1842210629226E+25
2020/11/10,1.1814520893351E+25
2020/11/11,1.2302022495178E+25
2020/11/12,8.8683163000346E+24
2020/11/13,1.0536077035638E+25
2020/11/14,7.519515448748E+24
2020/11/15,1.040782413581E+25
2020/11/16,1.0789328877021E+25
2020/11/17,1.0564381688995E+25
2020/11/18,1.070136750315E+25
2020/11/19,1.4808579880826E+25
2020/11/20,1.8649612078425E+25
2020/11/21,2.2151019939252E+25
2020/11/22,3.0947812461583E+25
2020/11/23,2.1908016634519E+25
2020/11/24,2.4355329477552E+25
2020/11/25,1.5413660808368E+25
2020/11/26,1.5079094206356E+25
2020/11/27,1.4408472712787E+25
2020/11/28,1.4314994159747E+25
2020/11/29,2.196431944402E+25
2020/11/30,1.7282762676953E+25
2020/12/01,3.220403079916E+25
2020/12/02,3.9931838034693E+25
2020/12/03,3.959434204704E+25
2020/12/04,3.3302209995838E+25
2020/12/05,2.4614500478484E+25
2020/12/06,2.568765404413E+25
2020/12/07,2.4783771574959E+25
2020/12/08,1.6828866080037E+25
2020/12/09,4.5434494113278E+24
2020/12/10,4.5287355099693E+24
2020/12/11,8.5909422366341E+24
2020/12/12,8.9957442077883E+24
2020/12/13,7.9051419299626E+24
2020/12/14,1.2701643887764E+25
2020/12/15,1.4822449214625E+25
2020/12/16,7.7918742200846E+24
2020/12/17,5.7825522107649E+24
2020/12/18,6.7079124096967E+24
2020/12/19,6.8749721646923E+24
2020/12/20,8.0088945137655E+24
2020/12/21,1.072882481167E+25
2020/12/22,8.612254246877E+24
2020/12/23,1.7714813758507E+25
2020/12/24,1.5784195455555E+25
2020/12/25,1.9539614622367E+25
2020/12/26,1.5704028347431E+25
2020/12/27,1.5716389690539E+25
2020/12/28,3.4167624247195E+25
2020/12/29,3.3823397904179E+25
2020/12/30,3.0838783881464E+25
2020/12/31,2.9943372246203E+25
2021/01/01,1.5731944366062E+25
2021/01/02,3.7715060075937E+25
2021/01/03,3.4390622373188E+25
2021/01/04,3.7630399590177E+25
2021/01/05,4.1138574646278E+25
2021/01/06,3.0712801782208E+25
2021/01/07,1.9992750840371E+25
2021/01/08,1.1756888282766E+25
2021/01/09,1.441820915151E+25
2021/01/10,2.1860639952284E+25
2021/01/11,2.9666239103269E+25
2021/01/12,3.8114408993858E+25
2021/01/13,4.1810533653099E+25
2021/01/14,3.192154970545E+25
2021/01/15,2.85542341196E+25
2021/01/16,1.9051871445908E+25
2021/01/17,1.0218214812277E+25
2021/01/18,7.5520849954537E+24
2021/01/19,7.9086902051727E+24
2021/01/20,1.9483692606456E+25
2021/01/21,2.0809315734676E+25
2021/01/22,2.229832806471E+25
2021/01/23,3.6701823781458E+25
2021/01/24,2.9881782086583E+25
2021/01/25,3.5191464005928E+25
2021/01/26,3.4143730903318E+25
2021/01/27,5.2665261606688E+25
2021/01/28,3.813261102144E+25
2021/01/29,2.0483178174295E+25
2021/01/30,1.7427185708124E+25
2021/01/31,1.6742466635837E+25
2021/02/01,3.4450854160818E+25
2021/02/02,4.6021520905011E+25
2021/02/03,4.9040185002858E+25
2021/02/04,6.8303500922003E+25
2021/02/05,5.8066390309622E+25
2021/02/06,2.1214117169744E+25
2021/02/07,4.9091365646938E+25
2021/02/08,6.3017450725484E+25
2021/02/09,6.0678994399423E+25
2021/02/10,3.749718003768E+25
2021/02/11,3.8698419337048E+25
2021/02/12,5.0658488024291E+25
2021/02/13,2.7763597801101E+25
2021/02/14,4.9878803972343E+25
2021/02/15,5.5848528377466E+25
2021/02/16,4.2575707805546E+25
2021/02/17,3.2375246110678E+25
2021/02/18,1.7241773047253E+25
2021/02/19,3.5736126792799E+25
2021/02/20,1.9811879891138E+25
2021/02/21,2.4086233410777E+25
2021/02/22,3.6730657603629E+25
2021/02/23,3.6589740616922E+25
2021/02/24,5.6097732244613E+25
2021/02/25,4.6235659024233E+25
2021/02/26,5.4223756091264E+25
2021/02/27,5.8289808936536E+25
2021/02/28,1.3083180108415E+25
2021/03/01,1.3930687421582E+25
2021/03/02,9.1203012010849E+24
2021/03/03,1.99356070049E+25
2021/03/04,2.0492487955877E+25
2021/03/05,2.7756876185078E+25
2021/03/06,7.4487421213809E+25
2021/03/07,8.8240016878054E+25
2021/03/08,1.0077873555364E+26
2021/03/09,1.028050423951E+26
2021/03/10,5.5988282039775E+25
2021/03/11,1.402525814234E+25
2021/03/12,1.1775377479652E+25
2021/03/13,1.0044077816925E+25
2021/03/14,3.8729394585586E+25
2021/03/15,4.4022121709455E+25
2021/03/16,5.943202539739E+25
2021/03/17,7.8773106987611E+25
2021/03/18,6.2499576011736E+25
2021/03/19,2.8496844796625E+25
2021/03/20,4.7831507828088E+25
2021/03/21,5.224657335285E+25
2021/03/22,3.1559223977657E+25
2021/03/23,2.9544032087871E+25
2021/03/24,2.8098818892247E+25
2021/03/25,2.3475444869029E+25
2021/03/26,5.9723913608629E+25
2021/03/27,7.5556982280762E+25
2021/03/28,8.8628139004523E+25
2021/03/29,1.0438207656554E+26
2021/03/30,9.9697617576154E+25
2021/03/31,4.4936110020383E+25
2021/04/01,2.8073268878981E+25
2021/04/02,3.4380624918137E+25
2021/04/03,2.5758288972719E+25
2021/04/04,4.4422613251593E+25
2021/04/05,1.0982906529041E+26
2021/04/06,1.170262215051E+26
2021/04/07,1.235373090292E+26
2021/04/08,1.1565335484957E+26
2021/04/09,7.1435030777744E+25
2021/04/10,2.9981479843413E+25
2021/04/11,1.9006118348713E+25
2021/04/12,9.7606116672644E+25
2021/04/13,1.1288588268867E+26
2021/04/14,1.2890492141404E+26
2021/04/15,1.3633341207661E+26
2021/04/16,1.2901299773371E+26
2021/04/17,1.20797976E+26
2021/04/18,7.1156598157835E+25
2021/04/19,9.7747927179112E+25
2021/04/20,8.5353188356078E+25
2021/04/21,1.0788676560516E+26
2021/04/22,1.201788218981E+26
2021/04/23,1.0476698219399E+26
2021/04/24,1.0418092688234E+26
2021/04/25,1.7719155815419E+26
2021/04/26,1.1108444376307E+26
2021/04/27,9.2208119298148E+25
2021/04/28,1.636774247154E+26
2021/04/29,1.4939111537302E+26
2021/04/30,9.7540631026837E+25
2021/05/01,3.9359911078652E+25
2021/05/02,3.3550798530152E+25
2021/05/03,3.1683852017595E+25
2021/05/04,4.2329150379358E+25
2021/05/05,5.4351376975711E+25
2021/05/06,9.8153814874475E+25
2021/05/07,7.1912381840818E+25
2021/05/08,7.2967019387283E+25
2021/05/09,8.0428589984691E+25
2021/05/10,6.5166492846791E+25
2021/05/11,7.7989980163008E+25
2021/05/12,6.6206527516429E+25
2021/05/13,1.1989926449317E+26
2021/05/14,7.972509169811E+25
2021/05/15,5.0578478815501E+25
2021/05/16,8.5637989785944E+25
2021/05/17,6.931262521742E+25
2021/05/18,6.842296355826E+25
2021/05/19,5.5958408071354E+25
2021/05/20,1.0780899332396E+26
2021/05/21,1.045743945846E+26
2021/05/22,7.9826917059357E+25
2021/05/23,9.9920364658222E+25
2021/05/24,1.1966025250712E+26
2021/05/25,1.5979082156683E+26
2021/05/26,1.5627734961348E+26
2021/05/27,5.8750417752486E+25
2021/05/28,5.2954877237959E+25
2021/05/29,3.0020940623974E+25
2021/05/30,1.5317111035281E+25
2021/05/31,1.3280876510341E+25
2021/06/01,4.2165494697796E+25
2021/06/02,3.174549845249E+25
2021/06/03,3.0666396130404E+25
2021/06/04,6.3260817491668E+25
2021/06/05,7.7202472353923E+25
2021/06/06,1.1314003434305E+26
2021/06/07,1.2397789710997E+26
2021/06/08,6.5386154934369E+25
2021/06/09,4.3743394230399E+25
2021/06/10,7.8916485183211E+25
2021/06/11,1.028154213324E+26
2021/06/12,1.6993106826247E+26
2021/06/13,2.1191151417568E+26
2021/06/14,2.1022166245104E+26
2021/06/15,1.0374453502553E+26
2021/06/16,6.6493135329444E+25
2021/06/17,7.0308629388714E+25
2021/06/18,4.2088366486371E+25
2021/06/19,7.9341916002339E+25
2021/06/20,1.7977353492426E+26
2021/06/21,4.5931263091252E+26
2021/06/22,5.7855172619659E+26
2021/06/23,8.6476520322179E+26
2021/06/24,9.3282287210024E+26
2021/06/25,7.6086563906489E+26
2021/06/26,5.607669182118E+26
2021/06/27,2.9346250573111E+26
2021/06/28,1.5031938072524E+26
2021/06/29,5.2273823897259E+25
2021/06/30,5.431291007418E+25
2021/07/01,4.7153621809473E+25
2021/07/02,5.1642524733571E+25
2021/07/03,3.3446958767268E+25
2021/07/04,1.6122624427995E+25
2021/07/05,2.8331271808958E+25
2021/07/06,6.0189568153913E+25
2021/07/07,6.8756132573804E+25
2021/07/08,4.9270609974781E+25
2021/07/09,3.8713330517585E+25
2021/07/10,6.9574323514956E+25
2021/07/11,5.9022972669E+25
2021/07/12,6.3075675639983E+25
2021/07/13,7.6453980843056E+25
2021/07/14,7.7639403181198E+25
2021/07/15,7.4731808719213E+25
2021/07/16,6.3625769194323E+25
2021/07/17,4.4226898145448E+25
2021/07/18,3.9241050085851E+25
2021/07/19,3.1023348571278E+25
2021/07/20,1.95566469341E+25
2021/07/21,1.9161832494685E+25
2021/07/22,2.411019477741E+25
2021/07/23,2.7419746913686E+25
2021/07/24,5.8187945357919E+25
2021/07/25,8.5317165355544E+25
2021/07/26,1.1704446632328E+26
2021/07/27,8.1010874886468E+25
2021/07/28,8.3372899376599E+25
2021/07/29,6.121861633814E+25
2021/07/30,4.1707188214546E+25
2021/07/31,4.0488342591983E+25
2021/08/01,5.7383130801813E+25
2021/08/02,1.165184941085E+26
2021/08/03,1.9913889259547E+26
2021/08/04,2.9426450307423E+26
2021/08/05,3.2863100405714E+26
2021/08/06,1.516704839909E+26
2021/08/07,1.0336153985022E+26
2021/08/08,3.9600892415851E+25
2021/08/09,6.0469279123074E+25
2021/08/10,1.4504666611312E+26
2021/08/11,1.3825279306819E+26
2021/08/12,1.4049133085516E+26
2021/08/13,9.3645382332028E+25
2021/08/14,7.5143655465541E+25
2021/08/15,4.7117261816752E+25
2021/08/16,5.2810439300402E+25
2021/08/17,3.3798005206907E+25
2021/08/18,2.8802017100361E+25
2021/08/19,1.4979689431064E+26
2021/08/20,1.5520208579042E+26
2021/08/21,2.0020945337598E+26
2021/08/22,1.8442856555104E+26
2021/08/23,1.0596256104703E+26
2021/08/24,9.8047198030072E+25
2021/08/25,8.2965568080135E+25
2021/08/26,1.1523163147121E+26
2021/08/27,8.595780201287E+25
2021/08/28,8.0121783971656E+25
2021/08/29,7.8747353465368E+25
2021/08/30,2.0481253815975E+25
2021/08/31,4.4408242380798E+25
2021/09/01,4.311112739958E+25
2021/09/02,1.1682545623459E+26
2021/09/03,1.7032287612115E+26
2021/09/04,1.2526230476635E+26
2021/09/05,1.5236990990188E+26
2021/09/06,1.5221556614354E+26
2021/09/07,1.5025535217061E+26
2021/09/08,8.5086368583483E+25
2021/09/09,8.2913493742677E+25
2021/09/10,8.1741672309292E+25
2021/09/11,1.5076820733717E+25
2021/09/12,8.7064079428203E+25
2021/09/13,7.7295451145662E+25
2021/09/14,5.9205120590387E+25
2021/09/15,6.1238339720133E+25
2021/09/16,5.2629506366843E+25
2021/09/17,4.5740525722401E+25
2021/09/18,4.8410509125821E+25
2021/09/19,4.0966649660082E+25
2021/09/20,3.4367561100146E+25
2021/09/21,8.2556798484328E+25
2021/09/22,7.3010877984636E+25
2021/09/23,9.5977175752698E+25
2021/09/24,8.4723773933529E+25
2021/09/25,1.610308841559E+26
2021/09/26,1.6128801179813E+26
2021/09/27,1.5190166448502E+26
2021/09/28,1.4503111350743E+26
2021/09/29,1.4499557829282E+26
2021/09/30,1.0845946685143E+26
2021/10/01,1.2211053579914E+26
2021/10/02,8.7665486805189E+25
2021/10/03,9.0326503481586E+25
2021/10/04,8.9996697229187E+25
2021/10/05,1.378345053995E+26
2021/10/06,1.7046011169319E+26
2021/10/07,9.0358122514501E+25
2021/10/08,1.5494623021826E+26
2021/10/09,1.4845209019386E+26
2021/10/10,1.1588769720813E+26
2021/10/11,7.2500884205567E+25
2021/10/12,8.1650352942723E+25
2021/10/13,9.7361129918169E+25
2021/10/14,7.2645772120845E+25
2021/10/15,9.6855894780882E+25
2021/10/16,8.26793645269E+25
2021/10/17,6.0174882376373E+25
2021/10/18,5.8256274197666E+25
2021/10/19,5.5510054638103E+25
2021/10/20,5.4469332217784E+25
2021/10/21,9.4796564714429E+25
2021/10/22,1.0497297608266E+26
2021/10/23,1.051759277467E+26
2021/10/24,1.1803643276049E+26
2021/10/25,1.7409426039613E+26
2021/10/26,2.0061335935968E+26
2021/10/27,1.719862347821E+26
2021/10/28,1.3796042525547E+26
2021/10/29,1.3217488044591E+26
2021/10/30,7.7965475760214E+25
2021/10/31,4.8995775012686E+25
2021/11/01,1.1871046133962E+26
2021/11/02,1.7478581695863E+26
2021/11/03,2.5886736011865E+26
2021/11/04,2.394025555419E+26
2021/11/05,2.0847791784056E+26
2021/11/06,2.0520466332897E+26
2021/11/07,1.6004204826618E+26
2021/11/08,1.9758324262877E+26
2021/11/09,3.1342048227341E+26
2021/11/10,3.2509631405561E+26
2021/11/11,2.6035354842437E+26
2021/11/12,2.5540822062978E+26
2021/11/13,1.4644777864274E+26
2021/11/14,1.239773375128E+26
2021/11/15,1.0595098431985E+26
2021/11/16,1.125142313779E+26
2021/11/17,1.1662410105967E+26
2021/11/18,2.7816791586598E+26
2021/11/19,2.9613860932883E+26
2021/11/20,3.4110142888932E+26
2021/11/21,3.7711057244524E+26
2021/11/22,3.8215585369362E+26
2021/11/23,3.3775955833025E+26
2021/11/24,2.9795459339068E+26
2021/11/25,1.4131153686793E+26
2021/11/26,3.3566177074144E+26
2021/11/27,3.3298073740815E+26
2021/11/28,3.2731266727526E+26
2021/11/29,3.0198036298333E+26
2021/11/30,2.7732112319846E+26
2021/12/01,2.9297919771765E+26
2021/12/02,4.432309724083E+26
2021/12/03,1.8514447914842E+26
2021/12/04,1.3634333566336E+26
2021/12/05,2.0274318515197E+26
2021/12/06,2.4184418624191E+26
2021/12/07,2.2507021670403E+26
2021/12/08,1.7136848013785E+26
2021/12/09,1.7388919791788E+26
2021/12/10,1.4425562380784E+26
2021/12/11,5.8806210654172E+25
2021/12/12,6.0844082876947E+25
2021/12/13,1.3301604652997E+26
2021/12/14,2.4838262738385E+26
2021/12/15,2.9201968540124E+26
2021/12/16,2.953326067901E+26
2021/12/17,2.5238147425076E+26
2021/12/18,1.9098704407066E+26
2021/12/19,1.2380278213076E+26
2021/12/20,2.4021284943419E+26
2021/12/21,3.0937414477912E+26
2021/12/22,3.1386945526356E+26
2021/12/23,2.2326022224603E+26
2021/12/24,1.0690397371686E+26
2021/12/25,1.0666585349046E+26
2021/12/26,8.3924030716054E+25
2021/12/27,4.6674197210845E+25
2021/12/28,7.17345644896E+24
2021/12/29,4.3457459995799E+25
2021/12/30,9.0437650031786E+25
2021/12/31,1.0076370996983E+26
2022/01/01,9.492872755436E+25
2022/01/02,1.1579623384874E+26
2022/01/03,2.0118472052435E+26
2022/01/04,3.0902030919043E+26
2022/01/05,3.3468464277522E+26
2022/01/06,3.360511890677E+26
2022/01/07,3.2102240548486E+26
2022/01/08,2.8018056794534E+26
2022/01/09,3.8664988745653E+26
2022/01/10,3.8660328271704E+26
2022/01/11,3.0110087836396E+26
2022/01/12,3.4720284865314E+26
2022/01/13,3.7182642561995E+26
2022/01/14,2.2507958241838E+26
2022/01/15,1.8063944653645E+26
2022/01/16,1.2315153652706E+26
2022/01/17,9.9534236280305E+25
2022/01/18,1.8708861482173E+26
2022/01/19,1.801469090611E+26
2022/01/20,1.8988493467401E+26
2022/01/21,2.0464522940306E+26
2022/01/22,2.7667693067089E+26
2022/01/23,1.9788723878372E+26
2022/01/24,1.3681751020367E+26
2022/01/25,1.7637961326863E+26
2022/01/26,1.698195175522E+26
2022/01/27,1.5676966176305E+26
2022/01/28,1.5224985846119E+26
2022/01/29,7.7676322108421E+25
2022/01/30,9.3511227356398E+25
2022/01/31,9.3346721541453E+25
2022/02/01,6.5887106239879E+25
2022/02/02,1.2155673885626E+26
2022/02/03,2.0729197678031E+26
2022/02/04,2.03505935055E+26
2022/02/05,1.9645011836435E+26
2022/02/06,2.744383667285E+26
2022/02/07,2.484487994383E+26
2022/02/08,2.4467287134591E+26
2022/02/09,2.7571371987222E+26
2022/02/10,1.0045523286596E+26
2022/02/11,1.2007550763703E+26
2022/02/12,1.1150873131163E+26
2022/02/13,1.297199374906E+26
2022/02/14,1.1213431383697E+26
2022/02/15,1.2653982142737E+26
2022/02/16,1.7120304636423E+26
2022/02/17,1.736550454047E+26
2022/02/18,1.4129558907713E+26
2022/02/19,1.7296254030383E+26
2022/02/20,1.3684717603028E+26
2022/02/21,1.1295988640942E+26
2022/02/22,5.6614821323544E+25
2022/02/23,4.5361787448183E+25
2022/02/24,4.5218469825364E+25
2022/02/25,4.3968693130723E+25
2022/02/26,3.1708009676432E+25
2022/02/27,8.5992196965376E+25
2022/02/28,8.3449306197846E+25
2022/03/01,7.4103102590267E+25
2022/03/02,7.3301698624902E+25
2022/03/03,9.3811377529029E+25
2022/03/04,1.0218556527698E+26
2022/03/05,1.8173461717734E+26
2022/03/06,1.2621753632632E+26
2022/03/07,2.3785419319474E+26
2022/03/08,1.9888163886276E+26
2022/03/09,1.6279606149679E+26
2022/03/10,2.4344693588902E+26
2022/03/11,1.6398033196674E+26
2022/03/12,4.3067131508135E+26
2022/03/13,4.3030304403623E+26
2022/03/14,3.0297202301409E+26
2022/03/15,3.0549038824512E+26
2022/03/16,2.7960090834026E+26
2022/03/17,2.5877926618193E+26
2022/03/18,2.286225050982E+26
2022/03/19,1.2321105844189E+26
2022/03/20,1.0193188134197E+26
2022/03/21,1.2900871424805E+26
2022/03/22,9.0273082765083E+25
2022/03/23,8.2996666912391E+25
2022/03/24,7.0812194000373E+25
2022/03/25,1.494539151833E+26
2022/03/26,1.4456503711507E+26
2022/03/27,1.3320579030078E+26
2022/03/28,1.7191375899231E+26
2022/03/29,1.6092869500999E+26
2022/03/30,1.9525910574131E+26
2022/03/31,1.7732922593926E+26
2022/04/01,1.713657348768E+26
2022/04/02,1.4600079156678E+26
2022/04/03,7.3080339644528E+25
2022/04/04,9.6812901072745E+25
2022/04/05,1.0227008044064E+26
2022/04/06,8.5417701797731E+25
2022/04/07,9.2672039199528E+25
2022/04/08,8.9535935137869E+25
2022/04/09,6.7808771952694E+25
2022/04/10,6.7617401840445E+25
2022/04/11,1.0911936887013E+26
2022/04/12,1.2678577661023E+26
2022/04/13,1.2733381012644E+26
2022/04/14,1.2618007329677E+26
2022/04/15,1.271693306204E+26
2022/04/16,1.4124370871534E+26
2022/04/17,2.1265907528005E+26
2022/04/18,2.3299978191037E+26
2022/04/19,2.3198342430082E+26
2022/04/20,2.1034144168418E+26
2022/04/21,2.1720072270615E+26
2022/04/22,1.9122269252313E+26
2022/04/23,1.0387914735887E+26
2022/04/24,1.0434537999715E+26
2022/04/25,8.8468072732536E+25
2022/04/26,1.3396298250784E+26
2022/04/27,1.5801161089796E+26
2022/04/28,1.4754528495707E+26
2022/04/29,1.5209254479788E+26
2022/04/30,1.6764674857294E+26
2022/05/01,3.1656706657634E+26
2022/05/02,3.5605058202694E+26
2022/05/03,3.9116245191512E+26
2022/05/04,2.7246842139143E+26
2022/05/05,1.8060661827697E+26
2022/05/06,7.7380412503666E+25
2022/05/07,8.4462018055818E+25
2022/05/08,9.6391174617855E+25
2022/05/09,1.9875090873673E+26
2022/05/10,1.8378974282722E+26
2022/05/11,3.8260617326807E+26
2022/05/12,3.3843748972474E+26
2022/05/13,4.5171049497755E+26
2022/05/14,3.6220544543431E+26
2022/05/15,3.5608993523934E+26
2022/05/16,3.5573808930494E+26
2022/05/17,2.9851155495947E+26
2022/05/18,2.8492816178766E+26
2022/05/19,2.5602661335056E+26
2022/05/20,1.3395906228241E+26
2022/05/21,4.971637988433E+25
2022/05/22,1.5238347254972E+26
2022/05/23,1.5067463583224E+26
2022/05/24,1.6448150966807E+26
2022/05/25,8.2801066629951E+25
2022/05/26,1.4530333316638E+26
2022/05/27,1.7953577845974E+26
2022/05/28,1.6768207778966E+26
2022/05/29,1.4489591088953E+26
2022/05/30,1.456287775634E+26
2022/05/31,1.4611295000876E+26
2022/06/01,1.7968454825919E+26
2022/06/02,1.4897570605456E+26
2022/06/03,6.1030515242564E+25
2022/06/04,5.6200758669191E+25
2022/06/05,4.8892013036397E+25
2022/06/06,2.0988148571214E+26
2022/06/07,1.7609655593164E+26
2022/06/08,1.8276143888092E+26
2022/06/09,2.1743365016001E+26
2022/06/10,1.8722303595714E+26
2022/06/11,1.4045862712584E+26
2022/06/12,1.3281215333044E+26
2022/06/13,1.1357950054639E+26
2022/06/14,4.3285579031708E+26
2022/06/15,1.2171729893641E+27
2022/06/16,1.5506159333674E+27
2022/06/17,1.4471212969978E+27
2022/06/18,1.0817176027637E+27
2022/06/19,8.2155456530793E+26
2022/06/20,4.3525599952487E+26
2022/06/21,3.1476305634291E+26
2022/06/22,3.7067100538373E+26
2022/06/23,5.3194185749021E+26
2022/06/24,4.3117905357608E+26
2022/06/25,1.1070203313775E+26
2022/06/26,2.3727535764467E+26
2022/06/27,2.1465089684556E+26
2022/06/28,2.3433156685092E+26
2022/06/29,2.2092440900106E+26
2022/06/30,2.6701524504961E+26
2022/07/01,2.7428232359735E+26
2022/07/02,1.3523772348219E+26
2022/07/03,1.4648796129462E+26
2022/07/04,4.1223378163406E+25
2022/07/05,5.4379593988201E+25
2022/07/06,5.3559244047706E+25
2022/07/07,7.0662291135507E+25
2022/07/08,1.0427341456153E+26
2022/07/09,1.1712840767019E+26
2022/07/10,1.186796630857E+26
2022/07/11,1.506917252771E+26
2022/07/12,1.7451590765016E+26
2022/07/13,2.9969602412472E+26
2022/07/14,2.9473251625347E+26
2022/07/15,2.3063644545615E+26
2022/07/16,2.5069550226482E+26
2022/07/17,2.074572676004E+26
2022/07/18,2.2229843303743E+26
2022/07/19,2.7924093380259E+26
2022/07/20,1.3620579098043E+26
2022/07/21,8.1412938001284E+25
2022/07/22,6.966859659292E+25
2022/07/23,2.0941448551342E+26
2022/07/24,1.6723413104686E+26
2022/07/25,2.0068146936392E+26
2022/07/26,1.9138234879177E+26
2022/07/27,1.912528968695E+26
2022/07/28,1.9166653561466E+26
2022/07/29,1.9268082955481E+26
2022/07/30,8.8000609255136E+25
2022/07/31,6.4008360327612E+25
2022/08/01,4.8187326606995E+25
2022/08/02,1.0893747821726E+26
2022/08/03,1.254033549827E+26
2022/08/04,1.0031269383727E+26
2022/08/05,1.6437751020008E+26
2022/08/06,1.675419782991E+26
2022/08/07,1.5180982037697E+26
2022/08/08,2.2355171957402E+26
2022/08/09,1.7094143677631E+26
2022/08/10,1.6331527270568E+26
2022/08/11,1.6419029855199E+26
2022/08/12,5.1617618951611E+25
2022/08/13,1.2831771938962E+26
2022/08/14,1.9132805832723E+26
2022/08/15,1.4068854507176E+26
2022/08/16,1.673913254792E+26
2022/08/17,1.5317309315347E+26
2022/08/18,1.9545703302608E+26
2022/08/19,3.2441091892132E+26
2022/08/20,3.8692299189886E+26
2022/08/21,2.9360684215458E+26
2022/08/22,3.3808443502997E+26
2022/08/23,1.7597501243671E+26
2022/08/24,1.1810242040759E+26
2022/08/25,1.1872456199958E+26
2022/08/26,1.1331370087651E+26
2022/08/27,1.4494191416809E+26
2022/08/28,1.4690361584182E+26
2022/08/29,2.9593743135965E+26
2022/08/30,3.0169604948741E+26
2022/08/31,2.9832917841731E+26
2022/09/01,1.6909126044639E+26
2022/09/02,2.3738988549656E+26
2022/09/03,2.4353586942915E+26
2022/09/04,2.0693892360268E+26
2022/09/05,3.2920593880799E+26
2022/09/06,3.8660396896021E+26
2022/09/07,3.9685608640816E+26
2022/09/08,4.0558920640855E+26
2022/09/09,3.2216666975368E+26
2022/09/10,3.3076020781887E+26
2022/09/11,2.0726172627387E+26
2022/09/12,2.0579918505137E+26
2022/09/13,2.0693691782143E+26
2022/09/14,4.3807828511147E+26
2022/09/15,5.7075535899065E+28
2022/09/16,1.3149201385138E+29
2022/09/17,1.7131213767436E+29
2022/09/18,1.794438626893E+29
2022/09/19,1.5276503576396E+29
2022/09/20,9.1088820628557E+28
2022/09/21,6.0338508181045E+27
2022/09/22,-5.4033142850706E+14
2022/09/23,-5.4033142850706E+14
2022/09/24,-5.4033142850706E+14
2022/09/25,-5.4033142850706E+14
2022/09/26,-5.4033142850706E+14
2022/09/27,-5.4033142850706E+14
2022/09/28,-5.4033142850706E+14
2022/09/29,-5.4033142850706E+14
2022/09/30,-5.4033142850706E+14
2022/10/01,-5.4033142850706E+14
2022/10/02,-5.4033142850706E+14
2022/10/03,-5.4033142850706E+14
2022/10/04,-5.4033142850706E+14
2022/10/05,-5.4033142850706E+14
2022/10/06,-5.4033142850706E+14
2022/10/07,-5.4033142850706E+14
2022/10/08,-5.4033142850706E+14
2022/10/09,-5.4033142850706E+14
2022/10/10,-5.4033142850706E+14
2022/10/11,-5.4033142850706E+14
2022/10/12,-5.4033142850706E+14
2022/10/13,-5.4033142850706E+14
2022/10/14,-5.4033142850706E+14
2022/10/15,-5.4033142850706E+14
2022/10/16,-5.4033142850706E+14
2022/10/17,-5.4033142850706E+14
2022/10/18,-5.4033142850706E+14
2022/10/19,-5.4033142850706E+14
2022/10/20,-5.4033142850706E+14
2022/10/21,-5.4033142850706E+14
2022/10/22,-5.4033142850706E+14
2022/10/23,-5.4033142850706E+14
2022/10/24,-5.4033142850706E+14
2022/10/25,-5.4033142850706E+14
2022/10/26,-5.4033142850706E+14
2022/10/27,-5.4033142850706E+14
2022/10/28,-5.4033142850706E+14
2022/10/29,-5.4033142850706E+14
2022/10/30,-5.4033142850706E+14
2022/10/31,-5.4033142850706E+14
2022/11/01,-5.4033142850706E+14
2022/11/02,-5.4033142850706E+14
2022/11/03,-5.4033142850706E+14
2022/11/04,-5.4033142850706E+14
2022/11/05,-5.4033142850706E+14
2022/11/06,-5.4033142850706E+14
2022/11/07,-5.4033142850706E+14
2022/11/08,-5.4033142850706E+14
2022/11/09,-5.4033142850706E+14
2022/11/10,-5.4033142850706E+14
2022/11/11,-5.4033142850706E+14
2022/11/12,-5.4033142850706E+14
2022/11/13,-5.4033142850706E+14
2022/11/14,-5.4033142850706E+14
2022/11/15,-5.4033142850706E+14
2022/11/16,-5.4033142850706E+14
2022/11/17,-5.4033142850706E+14
2022/11/18,-5.4033142850706E+14
2022/11/19,-5.4033142850706E+14
2022/11/20,-5.4033142850706E+14
2022/11/21,-5.4033142850706E+14
2022/11/22,-5.4033142850706E+14
2022/11/23,-5.4033142850706E+14
2022/11/24,-5.4033142850706E+14
2022/11/25,-5.4033142850706E+14
2022/11/26,-5.4033142850706E+14
2022/11/27,-5.4033142850706E+14
2022/11/28,-5.4033142850706E+14
2022/11/29,-5.4033142850706E+14
