Date,hashrate30wma
2016/01/01,537391551517
2016/01/02,537361992116
2016/01/03,538364393545
2016/01/04,539026713244
2016/01/05,540114269275
2016/01/06,541284501268
2016/01/07,540632298976
2016/01/08,541436831654
2016/01/09,542182667777
2016/01/10,541943250576
2016/01/11,543183271939
2016/01/12,543002415478
2016/01/13,542175852559
2016/01/14,542868383877
2016/01/15,544437494223
2016/01/16,546383649430
2016/01/17,547914707628
2016/01/18,550906356698
2016/01/19,553379201637
2016/01/20,555950111293
2016/01/21,558141845309
2016/01/22,562003294149
2016/01/23,565621137722
2016/01/24,571790211811
2016/01/25,576039770617
2016/01/26,583211128949
2016/01/27,589495829672
2016/01/28,594795160821
2016/01/29,601004056077
2016/01/30,606841073756
2016/01/31,610980997103
2016/02/01,616961656110
2016/02/02,620642567374
2016/02/03,627207537015
2016/02/04,633272235112
2016/02/05,639306225937
2016/02/06,643472648040
2016/02/07,648533794011
2016/02/08,655226618402
2016/02/09,659998633703
2016/02/10,665631240448
2016/02/11,672830044400
2016/02/12,677863721927
2016/02/13,685396626024
2016/02/14,693076292206
2016/02/15,701560807498
2016/02/16,709243572104
2016/02/17,715188402387
2016/02/18,719514756072
2016/02/19,726312235900
2016/02/20,733020935126
2016/02/21,739816469082
2016/02/22,748495178587
2016/02/23,756979517411
2016/02/24,764848957672
2016/02/25,772840168101
2016/02/26,782101319053
2016/02/27,791874342802
2016/02/28,802344560699
2016/02/29,810360574478
2016/03/01,818851347225
2016/03/02,829284605738
2016/03/03,840329207189
2016/03/04,852358342695
2016/03/05,866819703080
2016/03/06,880989750412
2016/03/07,895116902175
2016/03/08,909273962245
2016/03/09,923979088888
2016/03/10,940715310875
2016/03/11,958334953969
2016/03/12,979116631118
2016/03/13,1003754520522
2016/03/14,1024294042750
2016/03/15,1046956180233
2016/03/16,1070225736473
2016/03/17,1095386165305
2016/03/18,1118378748192
2016/03/19,1144297430955
2016/03/20,1170818661651
2016/03/21,1194496986428
2016/03/22,1219230212067
2016/03/23,1237571372285
2016/03/24,1262218352987
2016/03/25,1289909256752
2016/03/26,1319032531917
2016/03/27,1347875606488
2016/03/28,1372909900833
2016/03/29,1400455950593
2016/03/30,1429049882422
2016/03/31,1459534740476
2016/04/01,1489492666530
2016/04/02,1513565197456
2016/04/03,1542362924260
2016/04/04,1574725198080
2016/04/05,1605790383497
2016/04/06,1633413854536
2016/04/07,1653939444668
2016/04/08,1683194583473
2016/04/09,1709701654332
2016/04/10,1739368348298
2016/04/11,1762909697462
2016/04/12,1782173731400
2016/04/13,1806317447175
2016/04/14,1829617614241
2016/04/15,1856592784260
2016/04/16,1883712661289
2016/04/17,1905809371446
2016/04/18,1934403231694
2016/04/19,1961198816163
2016/04/20,1989300829777
2016/04/21,2016852555611
2016/04/22,2038107193730
2016/04/23,2063730394818
2016/04/24,2085521781342
2016/04/25,2113254906594
2016/04/26,2134806967793
2016/04/27,2155893405990
2016/04/28,2178910748541
2016/04/29,2203431694140
2016/04/30,2232555133149
2016/05/01,2258633315430
2016/05/02,2277687043124
2016/05/03,2303939589094
2016/05/04,2326651196913
2016/05/05,2348544620248
2016/05/06,2369716264578
2016/05/07,2388704289855
2016/05/08,2409332619999
2016/05/09,2430105787105
2016/05/10,2453265295747
2016/05/11,2468456816687
2016/05/12,2486478410674
2016/05/13,2514136549383
2016/05/14,2537197451961
2016/05/15,2559978438716
2016/05/16,2580877943818
2016/05/17,2600136249708
2016/05/18,2625398025125
2016/05/19,2653494167313
2016/05/20,2683927144960
2016/05/21,2714274520825
2016/05/22,2742367832305
2016/05/23,2769626529060
2016/05/24,2798512969546
2016/05/25,2827502675539
2016/05/26,2857181667212
2016/05/27,2885969078078
2016/05/28,2917981880115
2016/05/29,2949621096844
2016/05/30,2978868613649
2016/05/31,3003994871916
2016/06/01,3023936914822
2016/06/02,3046840259933
2016/06/03,3079474525688
2016/06/04,3109169009431
2016/06/05,3132479801632
2016/06/06,3161604295026
2016/06/07,3190323240627
2016/06/08,3217995352348
2016/06/09,3254243368379
2016/06/10,3274478432348
2016/06/11,3301423736308
2016/06/12,3328031731082
2016/06/13,3361640066717
2016/06/14,3395423017189
2016/06/15,3425138196433
2016/06/16,3452752028231
2016/06/17,3487356672865
2016/06/18,3513850356848
2016/06/19,3544480348561
2016/06/20,3570705715658
2016/06/21,3591507209053
2016/06/22,3620997760805
2016/06/23,3653767595898
2016/06/24,3684227420106
2016/06/25,3711768318842
2016/06/26,3745255216952
2016/06/27,3781597341989
2016/06/28,3819258580059
2016/06/29,3848395390580
2016/06/30,3877191603770
2016/07/01,3910228358611
2016/07/02,3941752255171
2016/07/03,3977385591972
2016/07/04,4010319623282
2016/07/05,4041326701738
2016/07/06,4070354064549
2016/07/07,4096446918882
2016/07/08,4122271881175
2016/07/09,4146880379727
2016/07/10,4171889351969
2016/07/11,4199288006270
2016/07/12,4224699505381
2016/07/13,4252316875943
2016/07/14,4275247240174
2016/07/15,4292138282984
2016/07/16,4309222739710
2016/07/17,4325913845996
2016/07/18,4349364108073
2016/07/19,4367490874930
2016/07/20,4378498627273
2016/07/21,4399521195708
2016/07/22,4407933269033
2016/07/23,4427250015470
2016/07/24,4437297083810
2016/07/25,4436902761718
2016/07/26,4422444869788
2016/07/27,4396718908211
2016/07/28,4387925514412
2016/07/29,4373080939485
2016/07/30,4353056708710
2016/07/31,4337216522445
2016/08/01,4316016434883
2016/08/02,4276110470151
2016/08/03,4229658580477
2016/08/04,4205475036477
2016/08/05,4188297623671
2016/08/06,4164914842081
2016/08/07,4150949645154
2016/08/08,4142721350689
2016/08/09,4148927220083
2016/08/10,4160949150242
2016/08/11,4179293969390
2016/08/12,4196695301326
2016/08/13,4210898589106
2016/08/14,4225774066441
2016/08/15,4241844665594
2016/08/16,4264919427762
2016/08/17,4287245151795
2016/08/18,4315921932015
2016/08/19,4340897720296
2016/08/20,4374568501366
2016/08/21,4411032194674
2016/08/22,4448623807785
2016/08/23,4491352339078
2016/08/24,4532343704947
2016/08/25,4578980959282
2016/08/26,4634293596650
2016/08/27,4686805512833
2016/08/28,4732879700241
2016/08/29,4772518673888
2016/08/30,4809613829792
2016/08/31,4851496801605
2016/09/01,4894219397803
2016/09/02,4938469808700
2016/09/03,4961265171121
2016/09/04,4972774329777
2016/09/05,4994557282127
2016/09/06,5010562418467
2016/09/07,5032518022321
2016/09/08,5048571633806
2016/09/09,5064872634018
2016/09/10,5082653903038
2016/09/11,5111998572944
2016/09/12,5138375903621
2016/09/13,5160921785955
2016/09/14,5193307266179
2016/09/15,5222669620377
2016/09/16,5247868274117
2016/09/17,5284128882068
2016/09/18,5275213332999
2016/09/19,5273002709680
2016/09/20,5308302597259
2016/09/21,5352716611198
2016/09/22,5361919968476
2016/09/23,5406308619115
2016/09/24,5449853927508
2016/09/25,5505895505520
2016/09/26,5537253260582
2016/09/27,5588092111153
2016/09/28,5640606079772
2016/09/29,5699673506457
2016/09/30,5744981016618
2016/10/01,5802209214157
2016/10/02,5868542821998
2016/10/03,5923481904572
2016/10/04,5984550099732
2016/10/05,6039499557552
2016/10/06,6094818112265
2016/10/07,6132950341447
2016/10/08,6185951504249
2016/10/09,6243495881597
2016/10/10,6300266700716
2016/10/11,6358723074145
2016/10/12,6398469862766
2016/10/13,6451992395911
2016/10/14,6519484652663
2016/10/15,6588420081461
2016/10/16,6665801429759
2016/10/17,6715173188999
2016/10/18,6778688472554
2016/10/19,6836812150735
2016/10/20,6906682648452
2016/10/21,6979995823193
2016/10/22,7050014708251
2016/10/23,7101439324850
2016/10/24,7159392155988
2016/10/25,7220415617266
2016/10/26,7283108666912
2016/10/27,7332242089429
2016/10/28,7358166064954
2016/10/29,7283870990043
2016/10/30,7199770701078
2016/10/31,7142623228805
2016/11/01,7027594694150
2016/11/02,6881885429438
2016/11/03,6725982643260
2016/11/04,6551086848642
2016/11/05,6366053670389
2016/11/06,6183229127969
2016/11/07,6052974614985
2016/11/08,5961142956035
2016/11/09,5864818460908
2016/11/10,5746425722157
2016/11/11,5624954932894
2016/11/12,5513777471710
2016/11/13,5432299760614
2016/11/14,5367721843757
2016/11/15,5309960396415
2016/11/16,5250435116377
2016/11/17,5181666637797
2016/11/18,5141294532501
2016/11/19,5124209721828
2016/11/20,5144548688892
2016/11/21,5190323341626
2016/11/22,5215393900026
2016/11/23,5240430778662
2016/11/24,5229982997620
2016/11/25,5225457037055
2016/11/26,5230610640877
2016/11/27,5240038980379
2016/11/28,5266572113531
2016/11/29,5288035240490
2016/11/30,5294545385836
2016/12/01,5306910487583
2016/12/02,5323978342588
2016/12/03,5357351941345
2016/12/04,5384349283527
2016/12/05,5399248059893
2016/12/06,5408170770836
2016/12/07,5422271186949
2016/12/08,5452924205237
2016/12/09,5490618147733
2016/12/10,5534477601690
2016/12/11,5585861117883
2016/12/12,5618603066984
2016/12/13,5660862756129
2016/12/14,5698119540616
2016/12/15,5730929947041
2016/12/16,5774139204674
2016/12/17,5819820880303
2016/12/18,5876777377859
2016/12/19,5930212670266
2016/12/20,5991666683672
2016/12/21,6048165172294
2016/12/22,6089570562468
2016/12/23,6100648378649
2016/12/24,6088810279566
2016/12/25,6093437898968
2016/12/26,6110098364156
2016/12/27,6111958523294
2016/12/28,6110070762261
2016/12/29,6106076518319
2016/12/30,6101573895153
2016/12/31,6099813822870
2017/01/01,6096935315634
2017/01/02,6093833356813
2017/01/03,6090199796354
2017/01/04,6125600116719
2017/01/05,6167820654762
2017/01/06,6209257174573
2017/01/07,6263579073768
2017/01/08,6316942449744
2017/01/09,6382620095604
2017/01/10,6445756601409
2017/01/11,6511337600152
2017/01/12,6578809826986
2017/01/13,6652358260226
2017/01/14,6724066114032
2017/01/15,6802483095160
2017/01/16,6877359553565
2017/01/17,6944308384425
2017/01/18,7004839001175
2017/01/19,7096595393865
2017/01/20,7167861997792
2017/01/21,7249911087881
2017/01/22,7331164138460
2017/01/23,7417592516149
2017/01/24,7491523621840
2017/01/25,7562079626954
2017/01/26,7642669898994
2017/01/27,7710038164513
2017/01/28,7774692662256
2017/01/29,7823723796345
2017/01/30,7882582577425
2017/01/31,7936045935369
2017/02/01,7977090166890
2017/02/02,8025049492036
2017/02/03,8059005390030
2017/02/04,8099479550780
2017/02/05,8158716769772
2017/02/06,8220171792168
2017/02/07,8277005209283
2017/02/08,8337518510630
2017/02/09,8391954501314
2017/02/10,8460372641145
2017/02/11,8528466503884
2017/02/12,8600194263985
2017/02/13,8676394228981
2017/02/14,8755500214833
2017/02/15,8833040666963
2017/02/16,8904028557353
2017/02/17,8982368403471
2017/02/18,9062183883036
2017/02/19,9148815199324
2017/02/20,9233336426733
2017/02/21,9328102848870
2017/02/22,9410012003293
2017/02/23,9489461333957
2017/02/24,9567590003390
2017/02/25,9661224218566
2017/02/26,9777501590279
2017/02/27,9890338353550
2017/02/28,10029436870615
2017/03/01,10136171568061
2017/03/02,10248265696072
2017/03/03,10380890505355
2017/03/04,10496264403367
2017/03/05,10638746818322
2017/03/06,10774894230158
2017/03/07,10898084031960
2017/03/08,11042421907367
2017/03/09,11180586951719
2017/03/10,11312647233487
2017/03/11,11452887868414
2017/03/12,11587315588296
2017/03/13,11747648185027
2017/03/14,11887276595498
2017/03/15,12042856781849
2017/03/16,12200090164085
2017/03/17,12395302197602
2017/03/18,12591509959866
2017/03/19,12726346499640
2017/03/20,12913563240949
2017/03/21,13070696944124
2017/03/22,13240745892765
2017/03/23,13433674786652
2017/03/24,13609759534950
2017/03/25,13781587960447
2017/03/26,13992845437130
2017/03/27,14234565538786
2017/03/28,14434819380664
2017/03/29,14667442354935
2017/03/30,14889751057418
2017/03/31,15129631712510
2017/04/01,15336239171814
2017/04/02,15528635891383
2017/04/03,15660272779717
2017/04/04,15847705985966
2017/04/05,16055885797957
2017/04/06,16243160220018
2017/04/07,16436311927328
2017/04/08,16623121871397
2017/04/09,16775809284310
2017/04/10,16921143807926
2017/04/11,17093878286315
2017/04/12,17247023667084
2017/04/13,17366165960352
2017/04/14,17580133064608
2017/04/15,17743460787895
2017/04/16,17916672405423
2017/04/17,18097981208937
2017/04/18,18294554123780
2017/04/19,18463233608022
2017/04/20,18634218136459
2017/04/21,18826178738573
2017/04/22,19011649810951
2017/04/23,19216869002830
2017/04/24,19362586304793
2017/04/25,19555906087729
2017/04/26,19719152269694
2017/04/27,19893727225834
2017/04/28,20143491374911
2017/04/29,20413912969761
2017/04/30,20636756905855
2017/05/01,20865335521281
2017/05/02,21083998818645
2017/05/03,21313633393077
2017/05/04,21505822593330
2017/05/05,21763001811637
2017/05/06,22003231726855
2017/05/07,22258406535490
2017/05/08,22474905019731
2017/05/09,22750681491749
2017/05/10,22993659323521
2017/05/11,23249692591387
2017/05/12,23548477883893
2017/05/13,23788219367080
2017/05/14,24064756738472
2017/05/15,24386233547728
2017/05/16,24716091312622
2017/05/17,24932786812839
2017/05/18,25197682240205
2017/05/19,25516144309372
2017/05/20,25866696872442
2017/05/21,26254774835766
2017/05/22,26678939219647
2017/05/23,27006594520105
2017/05/24,27363285494249
2017/05/25,27707870439303
2017/05/26,28036260865864
2017/05/27,28404182398536
2017/05/28,28736060943761
2017/05/29,29182766487404
2017/05/30,29751651991153
2017/05/31,30230112780555
2017/06/01,30807847328891
2017/06/02,31293946485148
2017/06/03,31823771888120
2017/06/04,32386189567777
2017/06/05,32978034866157
2017/06/06,33572557112089
2017/06/07,34240625945107
2017/06/08,34895517986138
2017/06/09,35511066627954
2017/06/10,36231918626825
2017/06/11,36983768554292
2017/06/12,37692529243191
2017/06/13,38460852353997
2017/06/14,39259814754647
2017/06/15,40072262722284
2017/06/16,40895397056773
2017/06/17,41774578704897
2017/06/18,42668910945045
2017/06/19,43550506052931
2017/06/20,44450064839403
2017/06/21,45331107964160
2017/06/22,46204635503462
2017/06/23,46999514612223
2017/06/24,47831706604168
2017/06/25,48656243180979
2017/06/26,49557162219258
2017/06/27,50395383789275
2017/06/28,51281197608132
2017/06/29,52214672997887
2017/06/30,53100803132269
2017/07/01,53989392146948
2017/07/02,54857995051876
2017/07/03,55791696979793
2017/07/04,56766805344775
2017/07/05,57568743653429
2017/07/06,58390266309048
2017/07/07,59226727460194
2017/07/08,60033801326330
2017/07/09,60822381705189
2017/07/10,61622918007939
2017/07/11,62339089018957
2017/07/12,62894689998327
2017/07/13,63444064080555
2017/07/14,63857021786905
2017/07/15,64388059137413
2017/07/16,64979752965658
2017/07/17,65299867750300
2017/07/18,65696211951190
2017/07/19,66236041867108
2017/07/20,66881122926490
2017/07/21,67467444466236
2017/07/22,67999305872175
2017/07/23,68667507368226
2017/07/24,69155771540306
2017/07/25,69834533149152
2017/07/26,70448054948426
2017/07/27,70942051929583
2017/07/28,71523468833812
2017/07/29,72005801286558
2017/07/30,72613745204847
2017/07/31,73302635197204
2017/08/01,73949389359122
2017/08/02,74483317826906
2017/08/03,74792720407170
2017/08/04,75278762801678
2017/08/05,75682079904394
2017/08/06,76125046740734
2017/08/07,76690117285449
2017/08/08,77284928016082
2017/08/09,77953467139664
2017/08/10,78489387663449
2017/08/11,79070423377938
2017/08/12,79786199225572
2017/08/13,80481817141592
2017/08/14,81256781610470
2017/08/15,82067609218831
2017/08/16,82860660840512
2017/08/17,83683962835593
2017/08/18,84406220349232
2017/08/19,85319703583762
2017/08/20,86047173751143
2017/08/21,86891636696187
2017/08/22,87700216596676
2017/08/23,88614342462030
2017/08/24,89408416984423
2017/08/25,90034492156266
2017/08/26,90664037846072
2017/08/27,91218487248029
2017/08/28,91546264132456
2017/08/29,92268942207528
2017/08/30,92977154354024
2017/08/31,93533854868756
2017/09/01,94119381036704
2017/09/02,94657567718339
2017/09/03,95119846244396
2017/09/04,95642241823933
2017/09/05,96149872401756
2017/09/06,96556824879882
2017/09/07,97066752651505
2017/09/08,97856979026053
2017/09/09,98428784925463
2017/09/10,98854358736765
2017/09/11,99242786967712
2017/09/12,99957816664404
2017/09/13,1.0033707018246E+14
2017/09/14,1.0081844314174E+14
2017/09/15,1.0150333770007E+14
2017/09/16,1.0201623322307E+14
2017/09/17,102553170029530
2017/09/18,1.0291163166967E+14
2017/09/19,1.0343009870244E+14
2017/09/20,1.0383698228034E+14
2017/09/21,1.0434452234303E+14
2017/09/22,1.0476076798523E+14
2017/09/23,1.0486755567532E+14
2017/09/24,1.051398482179E+14
2017/09/25,1.0505276378192E+14
2017/09/26,1.0504707861642E+14
2017/09/27,1.0519824863386E+14
2017/09/28,1.0507602601063E+14
2017/09/29,1.0468219855048E+14
2017/09/30,1.0426062928925E+14
2017/10/01,1.0413769199635E+14
2017/10/02,1.0398429860970E+14
2017/10/03,1.0381543021004E+14
2017/10/04,1.0383062775506E+14
2017/10/05,1.0405885784456E+14
2017/10/06,1.0395478325638E+14
2017/10/07,1.0370501431961E+14
2017/10/08,1.0367671226686E+14
2017/10/09,1.0369460621227E+14
2017/10/10,1.038028596199E+14
2017/10/11,1.0410821393873E+14
2017/10/12,1.0415153736108E+14
2017/10/13,1.0450011619201E+14
2017/10/14,1.0451290128116E+14
2017/10/15,1.0475221338035E+14
2017/10/16,1.0519509240362E+14
2017/10/17,1.0580411331962E+14
2017/10/18,1.0635415919663E+14
2017/10/19,1.0716003648026E+14
2017/10/20,1.0789735220438E+14
2017/10/21,1.08576770116E+14
2017/10/22,1.0938413843843E+14
2017/10/23,1.1009483949777E+14
2017/10/24,1.1102710614856E+14
2017/10/25,1.1173580802683E+14
2017/10/26,1.1215601961632E+14
2017/10/27,1.0514615509668E+14
2017/10/28,98363528930494
2017/10/29,91799966990251
2017/10/30,85446605308777
2017/10/31,79302381063368
2017/11/01,81182465179063
2017/11/02,82670825300249
2017/11/03,84022780894641
2017/11/04,85226448521840
2017/11/05,86750932963583
2017/11/06,88085357679360
2017/11/07,89346481307784
2017/11/08,90729111170484
2017/11/09,91957428758799
2017/11/10,93274889822384
2017/11/11,94575420081367
2017/11/12,96017565304206
2017/11/13,97390860079459
2017/11/14,98560808940572
2017/11/15,99757927761123
2017/11/16,1.0071045216672E+14
2017/11/17,1.0172918890319E+14
2017/11/18,1.0268010093611E+14
2017/11/19,1.0373913792446E+14
2017/11/20,1.0527288045984E+14
2017/11/21,1.067072715381E+14
2017/11/22,1.0811719826183E+14
2017/11/23,1.0976837259025E+14
2017/11/24,1.1158996472468E+14
2017/11/25,1.1343136200745E+14
2017/11/26,1.1523949919395E+14
2017/11/27,1.1666668745449E+14
2017/11/28,1.1769644264322E+14
2017/11/29,1.1859641752064E+14
2017/11/30,1.1932179608122E+14
2017/12/01,1.1982258491499E+14
2017/12/02,1.2032063105338E+14
2017/12/03,1.2055526988721E+14
2017/12/04,1.2103001174308E+14
2017/12/05,1.2131971767592E+14
2017/12/06,1.2160769372506E+14
2017/12/07,1.2197507366452E+14
2017/12/08,1.2245777816048E+14
2017/12/09,1.2297924885045E+14
2017/12/10,1.2336805130119E+14
2017/12/11,1.2383716744832E+14
2017/12/12,1.243219110882E+14
2017/12/13,1.2510970606722E+14
2017/12/14,1.2609257653638E+14
2017/12/15,1.2742061424555E+14
2017/12/16,1.2857451668287E+14
2017/12/17,1.2972427000988E+14
2017/12/18,1.3109623977319E+14
2017/12/19,1.3222132489708E+14
2017/12/20,1.3321610280145E+14
2017/12/21,1.3416919101449E+14
2017/12/22,1.3502316586116E+14
2017/12/23,1.3623132855954E+14
2017/12/24,1.3734047594909E+14
2017/12/25,1.3850902703387E+14
2017/12/26,1.3967703813019E+14
2017/12/27,1.4085626720223E+14
2017/12/28,1.4223595119415E+14
2017/12/29,1.4334875602033E+14
2017/12/30,1.4446599825651E+14
2017/12/31,1.4566037337835E+14
2018/01/01,1.4694779707459E+14
2018/01/02,1.4814112446303E+14
2018/01/03,1.4923296782741E+14
2018/01/04,1.5049982373593E+14
2018/01/05,1.5192820022483E+14
2018/01/06,1.530531748424E+14
2018/01/07,1.544750327483E+14
2018/01/08,155792539365252
2018/01/09,1.5715639769876E+14
2018/01/10,1.5865113800957E+14
2018/01/11,1.6039751162868E+14
2018/01/12,1.6207624323971E+14
2018/01/13,1.6370197766632E+14
2018/01/14,1.6551142977083E+14
2018/01/15,1.669855803272E+14
2018/01/16,1.6873428723674E+14
2018/01/17,1.7063518939693E+14
2018/01/18,172340212716537
2018/01/19,1.7391167228598E+14
2018/01/20,1.758912495651E+14
2018/01/21,1.7748989660564E+14
2018/01/22,1.7927529653747E+14
2018/01/23,1.8092908120065E+14
2018/01/24,1.8281068283842E+14
2018/01/25,1.8469708995892E+14
2018/01/26,1.8647246788074E+14
2018/01/27,1.8804574486025E+14
2018/01/28,1.8969742853466E+14
2018/01/29,1.917740367879E+14
2018/01/30,1.9355561917683E+14
2018/01/31,1.9557410281218E+14
2018/02/01,1.97797791975E+14
2018/02/02,2.0010716236847E+14
2018/02/03,2.0223714162138E+14
2018/02/04,2.0422297667857E+14
2018/02/05,2.0645822962399E+14
2018/02/06,2.0837639453743E+14
2018/02/07,2.1051760531459E+14
2018/02/08,2.1236319375898E+14
2018/02/09,2.1429717012989E+14
2018/02/10,2.1620507447118E+14
2018/02/11,2.1812774598818E+14
2018/02/12,2.2023000278502E+14
2018/02/13,2.2230004294228E+14
2018/02/14,2.2383931152531E+14
2018/02/15,2.2539963734483E+14
2018/02/16,2.2714848996364E+14
2018/02/17,2.2881821373223E+14
2018/02/18,2.3036922751745E+14
2018/02/19,2.3175750721262E+14
2018/02/20,2.3283923400842E+14
2018/02/21,2.3394798005582E+14
2018/02/22,2.3508835783072E+14
2018/02/23,2.3627859779416E+14
2018/02/24,2.3727855730627E+14
2018/02/25,2.3856275672881E+14
2018/02/26,2.3956807128166E+14
2018/02/27,2.4020602084296E+14
2018/02/28,2.4132528425634E+14
2018/03/01,2.4243580597444E+14
2018/03/02,2.4356859891612E+14
2018/03/03,2.4496512172314E+14
2018/03/04,2.4583288952061E+14
2018/03/05,2.4670153627264E+14
2018/03/06,2.4754341905206E+14
2018/03/07,2.4885465918943E+14
2018/03/08,2.5003677054015E+14
2018/03/09,2.5075223781866E+14
2018/03/10,2.5158346593436E+14
2018/03/11,2.5227277742582E+14
2018/03/12,2.5302543572467E+14
2018/03/13,2.5368602621764E+14
2018/03/14,2.5412568610111E+14
2018/03/15,2.5473161872186E+14
2018/03/16,2.5589262672258E+14
2018/03/17,2.5686837615774E+14
2018/03/18,2.5764417099379E+14
2018/03/19,2.5844055503784E+14
2018/03/20,2.5926936904921E+14
2018/03/21,2.5982441678228E+14
2018/03/22,2.6029984168982E+14
2018/03/23,2.6080458728531E+14
2018/03/24,2.6114806755904E+14
2018/03/25,2.6153105599972E+14
2018/03/26,2.6233734613473E+14
2018/03/27,2.6268745100049E+14
2018/03/28,2.6297966601037E+14
2018/03/29,2.6293933420465E+14
2018/03/30,2.6305944636741E+14
2018/03/31,2.6292241988937E+14
2018/04/01,2.6279789032016E+14
2018/04/02,2.6267474933931E+14
2018/04/03,2.6217069032103E+14
2018/04/04,2.618178834097E+14
2018/04/05,2.6156080510907E+14
2018/04/06,2.6171603878013E+14
2018/04/07,2.6158462623424E+14
2018/04/08,2.6134064489878E+14
2018/04/09,2.6055568153228E+14
2018/04/10,2.6019768740727E+14
2018/04/11,2.5968522708876E+14
2018/04/12,2.5909778805792E+14
2018/04/13,2.5870117165348E+14
2018/04/14,2.5832729915132E+14
2018/04/15,2.5796077330338E+14
2018/04/16,2.576837796984E+14
2018/04/17,2.5741148086472E+14
2018/04/18,2.5674394957775E+14
2018/04/19,2.5657760379268E+14
2018/04/20,2.5603042443056E+14
2018/04/21,2.5613051595662E+14
2018/04/22,2.5603150156271E+14
2018/04/23,2.562171723085E+14
2018/04/24,2.5607096248026E+14
2018/04/25,2.5608541406189E+14
2018/04/26,2.5674383514963E+14
2018/04/27,2.5678516004981E+14
2018/04/28,256605374223228
2018/04/29,2.5717186159634E+14
2018/04/30,2.5763727809993E+14
2018/05/01,257596315342205
2018/05/02,2.5791695789961E+14
2018/05/03,2.5829759000577E+14
2018/05/04,2.5885238443906E+14
2018/05/05,2.5966718239226E+14
2018/05/06,2.6048459089099E+14
2018/05/07,2.6165498272965E+14
2018/05/08,2.6260887973767E+14
2018/05/09,2.6329785606631E+14
2018/05/10,2.6393953674265E+14
2018/05/11,2.6473845986349E+14
2018/05/12,2.6587706167564E+14
2018/05/13,2.6692537229692E+14
2018/05/14,2.6757635447638E+14
2018/05/15,2.6796088229079E+14
2018/05/16,2.683378805963E+14
2018/05/17,2.6886747859394E+14
2018/05/18,2.6922679105567E+14
2018/05/19,2.696256257953E+14
2018/05/20,2.7024218557458E+14
2018/05/21,2.7096267265816E+14
2018/05/22,2.7143565283068E+14
2018/05/23,2.7182024108285E+14
2018/05/24,2.7153759874964E+14
2018/05/25,2.7137012030764E+14
2018/05/26,2.7146475879996E+14
2018/05/27,2.7113842676289E+14
2018/05/28,2.7109767446472E+14
2018/05/29,2.7096477095926E+14
2018/05/30,2.7068387109395E+14
2018/05/31,2.708088518801E+14
2018/06/01,2.7018481179429E+14
2018/06/02,2.700094998458E+14
2018/06/03,2.6969774780873E+14
2018/06/04,2.6946670051728E+14
2018/06/05,2.6919143568183E+14
2018/06/06,2.6882444194777E+14
2018/06/07,2.6864036809964E+14
2018/06/08,2.6855616066747E+14
2018/06/09,2.6920872440208E+14
2018/06/10,2.6915778243391E+14
2018/06/11,2.6940615718098E+14
2018/06/12,2.6990203942899E+14
2018/06/13,2.6991037640256E+14
2018/06/14,2.6989516283115E+14
2018/06/15,2.6982871468283E+14
2018/06/16,2.699397024763E+14
2018/06/17,2.6991569180208E+14
2018/06/18,2.7055233489912E+14
2018/06/19,2.7133924966761E+14
2018/06/20,2.7189670847616E+14
2018/06/21,2.7268854211506E+14
2018/06/22,2.7358055072762E+14
2018/06/23,274193021228965
2018/06/24,2.7483921234122E+14
2018/06/25,2.7552053004378E+14
2018/06/26,2.7600727284739E+14
2018/06/27,2.7697856249546E+14
2018/06/28,2.773452627702E+14
2018/06/29,2.7754274902586E+14
2018/06/30,2.783979237543E+14
2018/07/01,2.7847753296101E+14
2018/07/02,2.788344753177E+14
2018/07/03,2.7944378461466E+14
2018/07/04,2.7985659236086E+14
2018/07/05,2.8083849809776E+14
2018/07/06,2.8145992378805E+14
2018/07/07,2.8224993996956E+14
2018/07/08,282620491139593
2018/07/09,2.834398514315E+14
2018/07/10,2.8376477086446E+14
2018/07/11,2.8354942898311E+14
2018/07/12,2.8353041624222E+14
2018/07/13,2.8332713002885E+14
2018/07/14,2.8313773610408E+14
2018/07/15,2.8303833623922E+14
2018/07/16,2.8293333028103E+14
2018/07/17,2.8320283726311E+14
2018/07/18,2.8328367934765E+14
2018/07/19,2.8314224669689E+14
2018/07/20,2.82705081333E+14
2018/07/21,2.8156982181813E+14
2018/07/22,2.8128228489869E+14
2018/07/23,2.816224672944E+14
2018/07/24,2.8163839444557E+14
2018/07/25,2.8212559828754E+14
2018/07/26,2.82437481985E+14
2018/07/27,2.8270107948669E+14
2018/07/28,2.8305272084292E+14
2018/07/29,2.834655310095E+14
2018/07/30,2.8382189617167E+14
2018/07/31,2.8425573213816E+14
2018/08/01,2.8445438019142E+14
2018/08/02,2.8500038374253E+14
2018/08/03,2.8507587028469E+14
2018/08/04,2.8561210683622E+14
2018/08/05,2.8615527497097E+14
2018/08/06,2.8670608658018E+14
2018/08/07,2.8716413514753E+14
2018/08/08,2.8780264306451E+14
2018/08/09,2.8849484843865E+14
2018/08/10,2.8892231443875E+14
2018/08/11,2.8939838523024E+14
2018/08/12,2.8933105007899E+14
2018/08/13,2.8923726738405E+14
2018/08/14,2.8921246393844E+14
2018/08/15,2.8897585172864E+14
2018/08/16,288447397481030
2018/08/17,2.8831601155472E+14
2018/08/18,2.8789238835825E+14
2018/08/19,2.8757054625208E+14
2018/08/20,2.8735519312163E+14
2018/08/21,2.8724969765501E+14
2018/08/22,2.8735904486998E+14
2018/08/23,2.8677704106782E+14
2018/08/24,2.8645260203329E+14
2018/08/25,2.8617937180206E+14
2018/08/26,2.8625421928634E+14
2018/08/27,2.8609872576242E+14
2018/08/28,2.8579468286964E+14
2018/08/29,2.8518909228015E+14
2018/08/30,2.8470843215068E+14
2018/08/31,2.84300625442E+14
2018/09/01,2.8372651447733E+14
2018/09/02,2.8301069857963E+14
2018/09/03,2.8232209126044E+14
2018/09/04,2.817931066368E+14
2018/09/05,2.8131344171622E+14
2018/09/06,2.8086380827941E+14
2018/09/07,2.8014742295779E+14
2018/09/08,2.7941214838963E+14
2018/09/09,277859605459854
2018/09/10,2.7657366630113E+14
2018/09/11,275026667599447
2018/09/12,2.7334902432003E+14
2018/09/13,2.7133743668396E+14
2018/09/14,2.6988169898686E+14
2018/09/15,2.6854477720633E+14
2018/09/16,2.6718734418198E+14
2018/09/17,2.6596005910992E+14
2018/09/18,2.6474658817773E+14
2018/09/19,2.6385932501038E+14
2018/09/20,2.6296084737023E+14
2018/09/21,2.6204365939964E+14
2018/09/22,2.6168370038374E+14
2018/09/23,2.6119649684477E+14
2018/09/24,2.6084494247627E+14
2018/09/25,2.6038867382184E+14
2018/09/26,2.6046922917368E+14
2018/09/27,260509974175854
2018/09/28,2.6052131025479E+14
2018/09/29,2.6027156452514E+14
2018/09/30,2.6031022139611E+14
2018/10/01,2.6008024820772E+14
2018/10/02,2.5991747575852E+14
2018/10/03,2.5970107669766E+14
2018/10/04,2.5972583728338E+14
2018/10/05,2.5969589961542E+14
2018/10/06,2.5982532898308E+14
2018/10/07,2.6011299349176E+14
2018/10/08,2.6056674696855E+14
2018/10/09,2.6086657599279E+14
2018/10/10,2.6117113414003E+14
2018/10/11,2.6119762562972E+14
2018/10/12,2.6119460522272E+14
2018/10/13,2.6102491516765E+14
2018/10/14,2.609827688223E+14
2018/10/15,2.6078304655926E+14
2018/10/16,2.6059669933515E+14
2018/10/17,2.6031818665613E+14
2018/10/18,2.6032403079959E+14
2018/10/19,2.600936173235E+14
2018/10/20,2.5967186691927E+14
2018/10/21,2.5905594635486E+14
2018/10/22,2.5828852954213E+14
2018/10/23,2.5773935814144E+14
2018/10/24,2.5729560508248E+14
2018/10/25,2.5660727735291E+14
2018/10/26,2.5587120278574E+14
2018/10/27,2.552853588562E+14
2018/10/28,2.5461399407629E+14
2018/10/29,2.5383298185965E+14
2018/10/30,2.5316192234255E+14
2018/10/31,2.5283388410818E+14
2018/11/01,2.5207716496182E+14
2018/11/02,2.5098409252939E+14
2018/11/03,2.4992213852782E+14
2018/11/04,2.4917345758897E+14
2018/11/05,2.4834832645379E+14
2018/11/06,2.4758245216486E+14
2018/11/07,2.4697751645613E+14
2018/11/08,2.4655318718334E+14
2018/11/09,2.4584629588363E+14
2018/11/10,2.4533536454012E+14
2018/11/11,245181906104090
2018/11/12,2.4464783811192E+14
2018/11/13,2.4427230789208E+14
2018/11/14,2.4397512230994E+14
2018/11/15,2.4363095001326E+14
2018/11/16,243600661871599
2018/11/17,2.4300655253037E+14
2018/11/18,242503238219378
2018/11/19,2.418658259416E+14
2018/11/20,2.4099015244654E+14
2018/11/21,2.3959565106079E+14
2018/11/22,2.3787966893046E+14
2018/11/23,2.3641706125907E+14
2018/11/24,2.3487338213226E+14
2018/11/25,2.331552361253E+14
2018/11/26,2.3150338045212E+14
2018/11/27,2.2883385037116E+14
2018/11/28,2.2579076615862E+14
2018/11/29,2.2306951985688E+14
2018/11/30,2.2040531638508E+14
2018/12/01,2.1818103986579E+14
2018/12/02,2.1552774876986E+14
2018/12/03,2.1295741401662E+14
2018/12/04,2.1076242495275E+14
2018/12/05,2.0838331463583E+14
2018/12/06,2.0633575159751E+14
2018/12/07,2.0385653306858E+14
2018/12/08,2.0127211490205E+14
2018/12/09,1.9873391107108E+14
2018/12/10,1.9696613846225E+14
2018/12/11,1.9487841181434E+14
2018/12/12,1.9261927855502E+14
2018/12/13,1.9040268046778E+14
2018/12/14,1.8813032268182E+14
2018/12/15,1.8627825238504E+14
2018/12/16,1.8441154287733E+14
2018/12/17,1.8254043510386E+14
2018/12/18,1.8059498086444E+14
2018/12/19,1.7893003959235E+14
2018/12/20,1.7735119163507E+14
2018/12/21,1.7603725734268E+14
2018/12/22,1.7498382566333E+14
2018/12/23,1.7409609789532E+14
2018/12/24,1.7381758427489E+14
2018/12/25,1.7397350163662E+14
2018/12/26,1.7465090162105E+14
2018/12/27,1.7504391832466E+14
2018/12/28,1.7526264739344E+14
2018/12/29,1.75536986211E+14
2018/12/30,1.7589316916306E+14
2018/12/31,1.7642282746741E+14
2019/01/01,1.7628016252776E+14
2019/01/02,1.7655076360324E+14
2019/01/03,1.7685596257162E+14
2019/01/04,1.771270304496E+14
2019/01/05,1.777354291286E+14
2019/01/06,1.7845697909821E+14
2019/01/07,1.7936655283814E+14
2019/01/08,1.7990260211496E+14
2019/01/09,1.8075412848928E+14
2019/01/10,1.8133833585698E+14
2019/01/11,1.8193971347075E+14
2019/01/12,1.8214528364948E+14
2019/01/13,1.824185200977E+14
2019/01/14,1.8281724882804E+14
2019/01/15,1.8343076404964E+14
2019/01/16,1.8341015670048E+14
2019/01/17,1.8324653722278E+14
2019/01/18,1.8305248658644E+14
2019/01/19,1.8326812601055E+14
2019/01/20,1.8344158903308E+14
2019/01/21,1.8316393064329E+14
2019/01/22,1.8298569727001E+14
2019/01/23,1.820407401019E+14
2019/01/24,1.8155084428974E+14
2019/01/25,1.8110131245207E+14
2019/01/26,1.8038245026014E+14
2019/01/27,1.7954195988784E+14
2019/01/28,1.7790920869322E+14
2019/01/29,1.7574695310277E+14
2019/01/30,1.7356059755628E+14
2019/01/31,1.717656658438E+14
2019/02/01,1.6957852904601E+14
2019/02/02,1.6746743100102E+14
2019/02/03,1.651881399794E+14
2019/02/04,1.6312066448833E+14
2019/02/05,1.6118314112252E+14
2019/02/06,1.5920454824808E+14
2019/02/07,1.5733607688952E+14
2019/02/08,1.5575976236678E+14
2019/02/09,1.542038858242E+14
2019/02/10,1.5299885480108E+14
2019/02/11,1.5169752099009E+14
2019/02/12,1.5082242142936E+14
2019/02/13,149700962842398
2019/02/14,1.4852619633425E+14
2019/02/15,1.4743140386667E+14
2019/02/16,1.4668331208263E+14
2019/02/17,1.4578262934961E+14
2019/02/18,1.4523714666193E+14
2019/02/19,145377459494897
2019/02/20,1.4550771870646E+14
2019/02/21,1.4563516525754E+14
2019/02/22,1.4569735716946E+14
2019/02/23,1.4643877616357E+14
2019/02/24,1.4696563857474E+14
2019/02/25,1.4740094125221E+14
2019/02/26,1.4802418201981E+14
2019/02/27,1.4865123596212E+14
2019/02/28,1.4937977432459E+14
2019/03/01,1.4978317312935E+14
2019/03/02,1.5017574339004E+14
2019/03/03,1.5046076671588E+14
2019/03/04,1.5065761905487E+14
2019/03/05,1.5099006372013E+14
2019/03/06,1.5119910503822E+14
2019/03/07,1.5142123398012E+14
2019/03/08,1.5172359134398E+14
2019/03/09,1.5168460842432E+14
2019/03/10,1.5186112534782E+14
2019/03/11,1.517856430862E+14
2019/03/12,151644863959249
2019/03/13,1.5140123824736E+14
2019/03/14,1.5122214394698E+14
2019/03/15,1.5102944074503E+14
2019/03/16,1.5119602382114E+14
2019/03/17,1.5119028631789E+14
2019/03/18,1.5101698960243E+14
2019/03/19,1.5055013211128E+14
2019/03/20,1.5046105832516E+14
2019/03/21,1.5022134980871E+14
2019/03/22,1.4991314686056E+14
2019/03/23,1.4965975595756E+14
2019/03/24,1.4940412388652E+14
2019/03/25,1.4913887563967E+14
2019/03/26,148609662490039
2019/03/27,1.4805251313842E+14
2019/03/28,1.4751137820637E+14
2019/03/29,1.4703791965103E+14
2019/03/30,1.4625972075125E+14
2019/03/31,1.4559144086204E+14
2019/04/01,1.4542471068879E+14
2019/04/02,1.4516913344738E+14
2019/04/03,1.4484703519345E+14
2019/04/04,1.4483693517775E+14
2019/04/05,1.4476163315323E+14
2019/04/06,1.4477475558968E+14
2019/04/07,1.4474276357392E+14
2019/04/08,1.4478043756535E+14
2019/04/09,1.4489655308696E+14
2019/04/10,1.4523731008373E+14
2019/04/11,1.4553204024771E+14
2019/04/12,1.4575197018537E+14
2019/04/13,1.4614330213314E+14
2019/04/14,1.4664149635156E+14
2019/04/15,1.4715736464755E+14
2019/04/16,1.4750191551304E+14
2019/04/17,1.4760061819378E+14
2019/04/18,1.4767410158614E+14
2019/04/19,1.4795042676106E+14
2019/04/20,1.4813362211818E+14
2019/04/21,1.4838838398389E+14
2019/04/22,1.4873994813479E+14
2019/04/23,1.489720255859E+14
2019/04/24,149012336918038
2019/04/25,1.4907793531722E+14
2019/04/26,1.491850917155E+14
2019/04/27,1.49451441243E+14
2019/04/28,1.4959575025106E+14
2019/04/29,1.49881393525E+14
2019/04/30,1.5023238465342E+14
2019/05/01,1.5052697369696E+14
2019/05/02,1.5071271220781E+14
2019/05/03,1.5071303318749E+14
2019/05/04,1.5118506731756E+14
2019/05/05,1.515691620107E+14
2019/05/06,1.5167770245633E+14
2019/05/07,1.5195933394162E+14
2019/05/08,1.5212303171221E+14
2019/05/09,1.5230435659546E+14
2019/05/10,1.5250441567137E+14
2019/05/11,1.5271321808177E+14
2019/05/12,1.5308981909943E+14
2019/05/13,1.5331655174648E+14
2019/05/14,1.5386800586254E+14
2019/05/15,1.545412615701E+14
2019/05/16,1.5509066955866E+14
2019/05/17,1.5623583335002E+14
2019/05/18,1.5738187089917E+14
2019/05/19,1.582497513962E+14
2019/05/20,1.5890814489567E+14
2019/05/21,1.5937371774847E+14
2019/05/22,1.5993227805198E+14
2019/05/23,1.6030107581127E+14
2019/05/24,1.6046955597021E+14
2019/05/25,1.6077413138317E+14
2019/05/26,1.6097073527588E+14
2019/05/27,1.6144946922701E+14
2019/05/28,1.6161045714462E+14
2019/05/29,1.624029852456E+14
2019/05/30,1.6292909019481E+14
2019/05/31,1.6349210581586E+14
2019/06/01,164020766625354
2019/06/02,1.6460631463058E+14
2019/06/03,1.6467750137043E+14
2019/06/04,1.6482108855758E+14
2019/06/05,1.647909185096E+14
2019/06/06,165147421697846
2019/06/07,1.6542634639685E+14
2019/06/08,1.6537712709996E+14
2019/06/09,1.6509946838473E+14
2019/06/10,1.6506732477594E+14
2019/06/11,1.648757141479E+14
2019/06/12,1.6465641959389E+14
2019/06/13,1.642610486903E+14
2019/06/14,1.6394203966329E+14
2019/06/15,1.6365127239603E+14
2019/06/16,1.6340280204908E+14
2019/06/17,1.6323593044604E+14
2019/06/18,162978602806308
2019/06/19,1.6293270949554E+14
2019/06/20,1.6283494612684E+14
2019/06/21,1.6256648174231E+14
2019/06/22,1.6233641085521E+14
2019/06/23,1.6227432379763E+14
2019/06/24,1.6245280379892E+14
2019/06/25,1.6267914606689E+14
2019/06/26,1.6337161496341E+14
2019/06/27,1.639252224936E+14
2019/06/28,1.6428856195993E+14
2019/06/29,1.6495556011851E+14
2019/06/30,165597207380677
2019/07/01,1.660958284633E+14
2019/07/02,1.6676279251423E+14
2019/07/03,1.6704775852067E+14
2019/07/04,1.6728866373711E+14
2019/07/05,1.6752679466521E+14
2019/07/06,1.6809257219287E+14
2019/07/07,1.6849335975906E+14
2019/07/08,1.6880221996839E+14
2019/07/09,1.6934284235555E+14
2019/07/10,1.6989379136445E+14
2019/07/11,1.7068661627587E+14
2019/07/12,1.7143782089437E+14
2019/07/13,1.7211381414439E+14
2019/07/14,1.7296249485976E+14
2019/07/15,1.7363009911346E+14
2019/07/16,1.7392072008242E+14
2019/07/17,1.7449235200859E+14
2019/07/18,1.7503369202155E+14
2019/07/19,1.7513679328111E+14
2019/07/20,1.7548750158864E+14
2019/07/21,1.7550655942507E+14
2019/07/22,1.7546642291482E+14
2019/07/23,1.7557315451803E+14
2019/07/24,1.7574299012916E+14
2019/07/25,1.7578875139716E+14
2019/07/26,1.7575615735038E+14
2019/07/27,1.760439096268E+14
2019/07/28,1.7612724910891E+14
2019/07/29,1.7614485364677E+14
2019/07/30,1.7646366990189E+14
2019/07/31,1.7642131792201E+14
2019/08/01,1.7626456752656E+14
2019/08/02,176296744591046
2019/08/03,1.7646456464297E+14
2019/08/04,176762014914300
2019/08/05,1.7719590642319E+14
2019/08/06,1.7758396260395E+14
2019/08/07,1.7804427274925E+14
2019/08/08,1.7838578640506E+14
2019/08/09,1.7859391830523E+14
2019/08/10,1.7911828676534E+14
2019/08/11,1.793365383835E+14
2019/08/12,1.7973035748955E+14
2019/08/13,1.8007695202418E+14
2019/08/14,1.8034992762178E+14
2019/08/15,1.8061187020011E+14
2019/08/16,1.808502788329E+14
2019/08/17,1.8133050770708E+14
2019/08/18,1.8134321020401E+14
2019/08/19,1.813689320705E+14
2019/08/20,1.8131395798116E+14
2019/08/21,1.8116896776135E+14
2019/08/22,1.806091299727E+14
2019/08/23,1.8046514544187E+14
2019/08/24,1.8002901759104E+14
2019/08/25,1.7970604292509E+14
2019/08/26,1.7953253914958E+14
2019/08/27,1.7893378618077E+14
2019/08/28,1.7856012007738E+14
2019/08/29,178545093639740
2019/08/30,1.7861442715212E+14
2019/08/31,1.7851019387005E+14
2019/09/01,1.7831311884377E+14
2019/09/02,1.7823615895901E+14
2019/09/03,1.781891116015E+14
2019/09/04,1.7789017060366E+14
2019/09/05,1.7780887064484E+14
2019/09/06,1.7738457228721E+14
2019/09/07,1.7752559889705E+14
2019/09/08,1.7762922108645E+14
2019/09/09,1.7751899989189E+14
2019/09/10,1.7751113509362E+14
2019/09/11,1.7755198117687E+14
2019/09/12,1.7802346516939E+14
2019/09/13,1.7822633212897E+14
2019/09/14,1.7865038901197E+14
2019/09/15,1.7899210227872E+14
2019/09/16,1.7969978224214E+14
2019/09/17,1.8057668320416E+14
2019/09/18,1.8168554191027E+14
2019/09/19,1.8240273960867E+14
2019/09/20,1.8330146811471E+14
2019/09/21,1.8450461289636E+14
2019/09/22,1.8524579897344E+14
2019/09/23,1.8638223622331E+14
2019/09/24,1.8694412972149E+14
2019/09/25,1.8781716150925E+14
2019/09/26,1.8868752285598E+14
2019/09/27,1.8932850518157E+14
2019/09/28,1.8999338567556E+14
2019/09/29,1.9054220213391E+14
2019/09/30,1.9098593837745E+14
2019/10/01,1.9145012849702E+14
2019/10/02,1.9148937865623E+14
2019/10/03,1.9142871965019E+14
2019/10/04,1.9143888578221E+14
2019/10/05,1.9145597148379E+14
2019/10/06,1.9150992462871E+14
2019/10/07,191386516830867
2019/10/08,1.9116643570593E+14
2019/10/09,1.9089476449848E+14
2019/10/10,1.9081236572925E+14
2019/10/11,1.9102820562464E+14
2019/10/12,1.9077822876526E+14
2019/10/13,1.9089872951402E+14
2019/10/14,1.9072645497625E+14
2019/10/15,1.9124694042019E+14
2019/10/16,1.9137071297711E+14
2019/10/17,1.9143150086998E+14
2019/10/18,1.9109323587955E+14
2019/10/19,1.9116896690667E+14
2019/10/20,1.9126415343917E+14
2019/10/21,1.9087416576851E+14
2019/10/22,1.9061618378563E+14
2019/10/23,1.9080604969044E+14
2019/10/24,1.9069200851632E+14
2019/10/25,1.9015662560783E+14
2019/10/26,1.89952253037E+14
2019/10/27,1.8942837779518E+14
2019/10/28,1.8908478584201E+14
2019/10/29,1.8882850648028E+14
2019/10/30,1.8880192140629E+14
2019/10/31,1.8878258019294E+14
2019/11/01,1.8887263025579E+14
2019/11/02,1.8876770504405E+14
2019/11/03,1.8858838139752E+14
2019/11/04,1.8820324885881E+14
2019/11/05,1.8799239479057E+14
2019/11/06,1.8795356391497E+14
2019/11/07,1.8789667057192E+14
2019/11/08,1.8772074225416E+14
2019/11/09,1.8751202240374E+14
2019/11/10,1.8733421592638E+14
2019/11/11,1.870329501139E+14
2019/11/12,1.8691156704526E+14
2019/11/13,1.8701831627121E+14
2019/11/14,1.8685986741898E+14
2019/11/15,1.8664051963269E+14
2019/11/16,1.8620783548592E+14
2019/11/17,1.8612248982092E+14
2019/11/18,1.8607177047138E+14
2019/11/19,1.853372512444E+14
2019/11/20,1.8453531493556E+14
2019/11/21,1.843663951466E+14
2019/11/22,1.8388346481319E+14
2019/11/23,1.8359400381202E+14
2019/11/24,1.833179423285E+14
2019/11/25,1.8325111276179E+14
2019/11/26,1.8224487655627E+14
2019/11/27,1.8165226042384E+14
2019/11/28,1.8104506550014E+14
2019/11/29,1.8044298338368E+14
2019/11/30,1.80026223481E+14
2019/12/01,1.7937275439918E+14
2019/12/02,1.7898868275785E+14
2019/12/03,1.7882484985513E+14
2019/12/04,1.7842828284336E+14
2019/12/05,1.7789934259977E+14
2019/12/06,177299856799315
2019/12/07,1.7706467042282E+14
2019/12/08,1.7640909739161E+14
2019/12/09,1.7596284824689E+14
2019/12/10,1.7600894880713E+14
2019/12/11,175594864018553
2019/12/12,1.7535262774264E+14
2019/12/13,1.7515683986516E+14
2019/12/14,1.7509102041217E+14
2019/12/15,1.7495654429854E+14
2019/12/16,1.7472328911252E+14
2019/12/17,1.7400999831498E+14
2019/12/18,1.7287920462362E+14
2019/12/19,1.7177430618553E+14
2019/12/20,1.7037778304892E+14
2019/12/21,1.692934350612E+14
2019/12/22,1.6809922470651E+14
2019/12/23,1.6700533323523E+14
2019/12/24,1.6598270967428E+14
2019/12/25,1.6475689083689E+14
2019/12/26,1.6356093366381E+14
2019/12/27,1.6248279801492E+14
2019/12/28,1.6166323971812E+14
2019/12/29,1.609135107095E+14
2019/12/30,1.6019051262569E+14
2019/12/31,1.5938356180372E+14
2020/01/01,1.5828298944864E+14
2020/01/02,1.5763414073447E+14
2020/01/03,1.5732604206829E+14
2020/01/04,1.5758370671852E+14
2020/01/05,157515209377337
2020/01/06,1.5764063165174E+14
2020/01/07,1.5803101776160E+14
2020/01/08,1.5820890611359E+14
2020/01/09,1.5814498486682E+14
2020/01/10,1.5849393699833E+14
2020/01/11,1.5893225756958E+14
2020/01/12,1.5928757619305E+14
2020/01/13,1.5966325319686E+14
2020/01/14,1.6004787977028E+14
2020/01/15,1.6062833734657E+14
2020/01/16,1.6106368672139E+14
2020/01/17,1.6161774285098E+14
2020/01/18,1.6197559979189E+14
2020/01/19,1.6240852172266E+14
2020/01/20,1.6282140191948E+14
2020/01/21,1.6331237264602E+14
2020/01/22,1.6359412765237E+14
2020/01/23,1.6397896270785E+14
2020/01/24,1.6444428208137E+14
2020/01/25,1.6472108744366E+14
2020/01/26,1.6482947920852E+14
2020/01/27,1.650187832363E+14
2020/01/28,1.6497376943294E+14
2020/01/29,1.6516859090214E+14
2020/01/30,1.6506824813077E+14
2020/01/31,1.6507298387917E+14
2020/02/01,1.6487012518895E+14
2020/02/02,1.6497864962625E+14
2020/02/03,1.6504247639242E+14
2020/02/04,1.6531770167882E+14
2020/02/05,1.6538923552663E+14
2020/02/06,1.6551120277443E+14
2020/02/07,1.6561564507953E+14
2020/02/08,1.6589562445606E+14
2020/02/09,1.6598358308607E+14
2020/02/10,1.661960251462E+14
2020/02/11,1.6652501976746E+14
2020/02/12,1.6690440373123E+14
2020/02/13,1.6744262076944E+14
2020/02/14,1.6805837512152E+14
2020/02/15,1.6863931835843E+14
2020/02/16,1.6929599953755E+14
2020/02/17,1.6990291088912E+14
2020/02/18,1.7055524498316E+14
2020/02/19,1.717104020313E+14
2020/02/20,172391184633066
2020/02/21,1.7286399879801E+14
2020/02/22,1.7361510717964E+14
2020/02/23,1.7424166490391E+14
2020/02/24,1.749834965512E+14
2020/02/25,1.7538394862454E+14
2020/02/26,1.7590612135305E+14
2020/02/27,1.7678972556574E+14
2020/02/28,1.7735580050816E+14
2020/02/29,1.7789709873103E+14
2020/03/01,1.7826079505682E+14
2020/03/02,1.785045446377E+14
2020/03/03,1.7882450422622E+14
2020/03/04,1.7926365871992E+14
2020/03/05,1.7955923798792E+14
2020/03/06,1.7965302331733E+14
2020/03/07,1.799099076582E+14
2020/03/08,1.8043360377228E+14
2020/03/09,1.8065517009653E+14
2020/03/10,1.8087753990897E+14
2020/03/11,1.8088808927542E+14
2020/03/12,1.8103253028918E+14
2020/03/13,1.807452208307E+14
2020/03/14,1.8026628746191E+14
2020/03/15,1.7987238204544E+14
2020/03/16,179543978740151
2020/03/17,1.7890198378676E+14
2020/03/18,178557298177354
2020/03/19,1.7825247475232E+14
2020/03/20,1.7789969542578E+14
2020/03/21,1.7796445408198E+14
2020/03/22,1.7745325147399E+14
2020/03/23,1.7721262812838E+14
2020/03/24,177164160577906
2020/03/25,1.7697213940446E+14
2020/03/26,1.7682300552585E+14
2020/03/27,1.7670223473182E+14
2020/03/28,1.7654178940717E+14
2020/03/29,1.7664815194475E+14
2020/03/30,1.7669488748961E+14
2020/03/31,1.7645265044011E+14
2020/04/01,1.7631794526306E+14
2020/04/02,1.7644786202514E+14
2020/04/03,1.7641892072295E+14
2020/04/04,1.7616091928392E+14
2020/04/05,1.760623741931E+14
2020/04/06,1.7557135299478E+14
2020/04/07,175483733994951
2020/04/08,1.754268624333E+14
2020/04/09,1.7543815428450E+14
2020/04/10,1.7570661835242E+14
2020/04/11,1.755315290643E+14
2020/04/12,1.757704902594E+14
2020/04/13,1.7587319951673E+14
2020/04/14,1.7617956734217E+14
2020/04/15,1.7641191236721E+14
2020/04/16,1.7672446037112E+14
2020/04/17,1.7679754624146E+14
2020/04/18,1.7692226729889E+14
2020/04/19,1.7680579646725E+14
2020/04/20,1.7666615728548E+14
2020/04/21,1.7670007698491E+14
2020/04/22,1.7671845695164E+14
2020/04/23,176957899269743
2020/04/24,1.7699711398776E+14
2020/04/25,1.7695181214274E+14
2020/04/26,1.769716788715E+14
2020/04/27,1.7675438178356E+14
2020/04/28,1.7651089561519E+14
2020/04/29,1.7671706054421E+14
2020/04/30,1.7707643292996E+14
2020/05/01,1.7774360965112E+14
2020/05/02,1.7828711225925E+14
2020/05/03,1.7850437921072E+14
2020/05/04,179153526185286
2020/05/05,1.7973226153914E+14
2020/05/06,1.7989864708815E+14
2020/05/07,179910029255015
2020/05/08,1.8017062063525E+14
2020/05/09,1.8032337088916E+14
2020/05/10,1.8034980508674E+14
2020/05/11,1.8042283875146E+14
2020/05/12,1.8045675856774E+14
2020/05/13,1.8047702172163E+14
2020/05/14,1.8068157532486E+14
2020/05/15,1.810216403251E+14
2020/05/16,1.8102983309619E+14
2020/05/17,1.8144001001908E+14
2020/05/18,1.8141771410205E+14
2020/05/19,1.8122659357191E+14
2020/05/20,1.8140664543141E+14
2020/05/21,1.8126724581319E+14
2020/05/22,1.8111460002704E+14
2020/05/23,1.81313256986E+14
2020/05/24,1.8143936205498E+14
2020/05/25,1.8126174572843E+14
2020/05/26,1.8114330890758E+14
2020/05/27,1.8125357816628E+14
2020/05/28,1.8107170210294E+14
2020/05/29,1.8103152111299E+14
2020/05/30,1.8114455019482E+14
2020/05/31,1.8144545658552E+14
2020/06/01,1.8150545699375E+14
2020/06/02,1.8172861438499E+14
2020/06/03,1.8203736359789E+14
2020/06/04,1.8240033536753E+14
2020/06/05,1.8267857943414E+14
2020/06/06,1.8294468742132E+14
2020/06/07,1.8335649472202E+14
2020/06/08,1.8352802482692E+14
2020/06/09,1.8358000327727E+14
2020/06/10,1.8335137557645E+14
2020/06/11,1.8328006124734E+14
2020/06/12,1.8326211220786E+14
2020/06/13,1.8326511952312E+14
2020/06/14,1.8332451574252E+14
2020/06/15,1.8336832038222E+14
2020/06/16,1.8359054542029E+14
2020/06/17,1.8351522176965E+14
2020/06/18,1.8353033971955E+14
2020/06/19,1.8379211161992E+14
2020/06/20,1.8410028200166E+14
2020/06/21,1.843666142609E+14
2020/06/22,1.8439127785374E+14
2020/06/23,1.8464127384618E+14
2020/06/24,1.8496797986548E+14
2020/06/25,1.8544046716593E+14
2020/06/26,1.8587854576962E+14
2020/06/27,1.8605494263923E+14
2020/06/28,1.8623179736121E+14
2020/06/29,1.8651878506735E+14
2020/06/30,1.8674120504918E+14
2020/07/01,1.8672188198028E+14
2020/07/02,1.8678416239312E+14
2020/07/03,1.8706749122412E+14
2020/07/04,1.8734519235918E+14
2020/07/05,1.8752027425736E+14
2020/07/06,1.8777463764409E+14
2020/07/07,1.8788025598304E+14
2020/07/08,1.8839501792112E+14
2020/07/09,1.8869287583338E+14
2020/07/10,1.887913032335E+14
2020/07/11,1.8912235624607E+14
2020/07/12,1.8950145889088E+14
2020/07/13,1.8995850412733E+14
2020/07/14,1.9010282198944E+14
2020/07/15,1.9019254323695E+14
2020/07/16,1.9029933832327E+14
2020/07/17,1.9014671391857E+14
2020/07/18,1.9037737089029E+14
2020/07/19,1.9051848446781E+14
2020/07/20,1.9039768915128E+14
2020/07/21,1.8993254983175E+14
2020/07/22,189356073168323
2020/07/23,1.8937444784709E+14
2020/07/24,189775763440133
2020/07/25,1.8959305581891E+14
2020/07/26,1.899097707644E+14
2020/07/27,1.9022585277935E+14
2020/07/28,1.9090860904304E+14
2020/07/29,1.9163068245505E+14
2020/07/30,1.9199630826004E+14
2020/07/31,1.9199580492977E+14
2020/08/01,1.9225090528868E+14
2020/08/02,1.9283954201388E+14
2020/08/03,1.9297077787516E+14
2020/08/04,1.9317290024939E+14
2020/08/05,1.9331743141778E+14
2020/08/06,1.9363806938908E+14
2020/08/07,1.9414038530115E+14
2020/08/08,1.946858920768E+14
2020/08/09,1.9555827510854E+14
2020/08/10,1.9623671283733E+14
2020/08/11,1.9670601231974E+14
2020/08/12,1.9739157688322E+14
2020/08/13,1.9805043527639E+14
2020/08/14,1.992010526234E+14
2020/08/15,2.0051200821768E+14
2020/08/16,2.0142577957129E+14
2020/08/17,201705111068439
2020/08/18,2.0175732248082E+14
2020/08/19,2.0234052531676E+14
2020/08/20,2.03167272357E+14
2020/08/21,2.0424044965521E+14
2020/08/22,2.0502138609636E+14
2020/08/23,2.0611108896522E+14
2020/08/24,2.0696148101007E+14
2020/08/25,2.0780962398379E+14
2020/08/26,2.0880230520946E+14
2020/08/27,2.0948944622052E+14
2020/08/28,2.1047916325778E+14
2020/08/29,2.1102218028386E+14
2020/08/30,2.1179093192898E+14
2020/08/31,2.1257527731612E+14
2020/09/01,2.1385174652264E+14
2020/09/02,2.150306478185E+14
2020/09/03,2.1583675909476E+14
2020/09/04,2.1732045716796E+14
2020/09/05,2.186537795729E+14
2020/09/06,2.2044205704611E+14
2020/09/07,2.2211503898097E+14
2020/09/08,2.2357471697815E+14
2020/09/09,2.2484740954254E+14
2020/09/10,2.2582942807991E+14
2020/09/11,2.2723993424436E+14
2020/09/12,2.2888016260973E+14
2020/09/13,2.3037730128298E+14
2020/09/14,2.3162331092921E+14
2020/09/15,2.3302430267398E+14
2020/09/16,2.3397639758857E+14
2020/09/17,2.3572170541035E+14
2020/09/18,2.3673829241804E+14
2020/09/19,2.3796496420682E+14
2020/09/20,2.3930404775099E+14
2020/09/21,2.4078495646222E+14
2020/09/22,2.4177727653944E+14
2020/09/23,2.4314820446458E+14
2020/09/24,2.4390423054425E+14
2020/09/25,2.4457196553784E+14
2020/09/26,2.4559320142417E+14
2020/09/27,2.4642291619597E+14
2020/09/28,2.4711172476962E+14
2020/09/29,2.4768947082562E+14
2020/09/30,2.4834719675538E+14
2020/10/01,2.4891961725495E+14
2020/10/02,249526560845510
2020/10/03,2.4975906919424E+14
2020/10/04,2.5005574640068E+14
2020/10/05,2.5055128880296E+14
2020/10/06,2.5167159512041E+14
2020/10/07,2.5235407459555E+14
2020/10/08,2.5268906563978E+14
2020/10/09,2.5319514015992E+14
2020/10/10,2.5396541938703E+14
2020/10/11,2.545591200207E+14
2020/10/12,2.5505038421355E+14
2020/10/13,2.5590962627665E+14
2020/10/14,2.5634797517934E+14
2020/10/15,2.5710014085404E+14
2020/10/16,2.5761159118564E+14
2020/10/17,2.581873034586E+14
2020/10/18,2.580696939154E+14
2020/10/19,2.5881565757747E+14
2020/10/20,2.5932306742032E+14
2020/10/21,2.5971133831707E+14
2020/10/22,2.6019597368822E+14
2020/10/23,2.6068930249431E+14
2020/10/24,2.6150780960113E+14
2020/10/25,2.617960773087E+14
2020/10/26,2.615281840478E+14
2020/10/27,2.6166193813924E+14
2020/10/28,2.6197938968513E+14
2020/10/29,2.626217040218E+14
2020/10/30,2.6277084480339E+14
2020/10/31,2.6299426045579E+14
2020/11/01,2.6346809774621E+14
2020/11/02,2.6320243315247E+14
2020/11/03,2.6335695891555E+14
2020/11/04,2.6338432925355E+14
2020/11/05,2.6326909875371E+14
2020/11/06,2.6368519305212E+14
2020/11/07,2.6419620670164E+14
2020/11/08,2.6408048690949E+14
2020/11/09,2.6413311503972E+14
2020/11/10,2.6423331363579E+14
2020/11/11,2.6453732769887E+14
2020/11/12,2.645725258902E+14
2020/11/13,2.6500456718606E+14
2020/11/14,2.6507312515832E+14
2020/11/15,2.6565008114479E+14
2020/11/16,2.6560050739226E+14
2020/11/17,2.6593705692496E+14
2020/11/18,2.6603792569303E+14
2020/11/19,2.6668459599014E+14
2020/11/20,2.6728679624027E+14
2020/11/21,2.6807450199905E+14
2020/11/22,268959836231772
2020/11/23,269065743350923
2020/11/24,2.6991461996098E+14
2020/11/25,2.707297577042E+14
2020/11/26,2.7132944441932E+14
2020/11/27,2.7182605835491E+14
2020/11/28,2.7230121437953E+14
2020/11/29,2.7332066411736E+14
2020/11/30,2.7447837836368E+14
2020/12/01,2.7581776574738E+14
2020/12/02,2.7598093052536E+14
2020/12/03,2.7688246793002E+14
2020/12/04,2.7761445085106E+14
2020/12/05,2.7831997479971E+14
2020/12/06,2.7918107891026E+14
2020/12/07,2.7969160564914E+14
2020/12/08,2.8032642597341E+14
2020/12/09,2.8119704720425E+14
2020/12/10,2.817667925417E+14
2020/12/11,2.8190944759639E+14
2020/12/12,2.8224090629171E+14
2020/12/13,2.8268798077438E+14
2020/12/14,2.8262982758276E+14
2020/12/15,2.826104552551E+14
2020/12/16,2.827180699946E+14
2020/12/17,2.8289999111064E+14
2020/12/18,2.8318185990122E+14
2020/12/19,2.8312825598798E+14
2020/12/20,283443895441776
2020/12/21,2.8390669698151E+14
2020/12/22,2.8422294982676E+14
2020/12/23,2.8500624918736E+14
2020/12/24,285183859937793
2020/12/25,2.8503599534155E+14
2020/12/26,2.8555000002638E+14
2020/12/27,2.8569137258491E+14
2020/12/28,2.8670476136902E+14
2020/12/29,2.8716303455321E+14
2020/12/30,2.8739172337127E+14
2020/12/31,2.8787848927714E+14
2021/01/01,2.8836252495302E+14
2021/01/02,2.8962069992479E+14
2021/01/03,2.9067610084261E+14
2021/01/04,2.9164864970265E+14
2021/01/05,2.9276419939616E+14
2021/01/06,2.9396833176687E+14
2021/01/07,2.9503007365325E+14
2021/01/08,2.9654967108433E+14
2021/01/09,2.9784251106244E+14
2021/01/10,2.9944185210217E+14
2021/01/11,3.0123911185966E+14
2021/01/12,3.0312766414345E+14
2021/01/13,3.0502389895509E+14
2021/01/14,3.0696492322651E+14
2021/01/15,3.0868276487283E+14
2021/01/16,3.1069618694064E+14
2021/01/17,3.12032124924E+14
2021/01/18,3.1361223165789E+14
2021/01/19,3.1524178902497E+14
2021/01/20,3.1725576930598E+14
2021/01/21,3.1887107415932E+14
2021/01/22,3.2061345217714E+14
2021/01/23,3.2262931082062E+14
2021/01/24,3.2462077367852E+14
2021/01/25,3.2679953126379E+14
2021/01/26,3.2893915282648E+14
2021/01/27,3.3130112046389E+14
2021/01/28,3.3339846963889E+14
2021/01/29,3.3489946541236E+14
2021/01/30,3.3615450112265E+14
2021/01/31,3.3800236190152E+14
2021/02/01,3.4022156687268E+14
2021/02/02,3.4232382208193E+14
2021/02/03,3.440579702756E+14
2021/02/04,3.46217665162E+14
2021/02/05,3.4821821830822E+14
2021/02/06,3.5017029562547E+14
2021/02/07,3.5290177893266E+14
2021/02/08,3.5530661205163E+14
2021/02/09,3.5741045837487E+14
2021/02/10,3.5949345333869E+14
2021/02/11,3.6179916669684E+14
2021/02/12,3.6457191794577E+14
2021/02/13,366797662590038
2021/02/14,3.6951272121542E+14
2021/02/15,3.7201980334444E+14
2021/02/16,3.7438939772635E+14
2021/02/17,3.7700159413090E+14
2021/02/18,3.789560786025E+14
2021/02/19,3.8163492468176E+14
2021/02/20,3.837484872041E+14
2021/02/21,3.8517154140225E+14
2021/02/22,3.8755357402514E+14
2021/02/23,3.895997011769E+14
2021/02/24,3.9202391068791E+14
2021/02/25,3.9414138015382E+14
2021/02/26,3.9626922967702E+14
2021/02/27,3.9847308153216E+14
2021/02/28,4.0048207229196E+14
2021/03/01,4.0245573608146E+14
2021/03/02,4.0449821421774E+14
2021/03/03,4.0543487459134E+14
2021/03/04,406554745207774
2021/03/05,4.0833190646724E+14
2021/03/06,4.107908570769E+14
2021/03/07,4.1276124018755E+14
2021/03/08,4.1470081762147E+14
2021/03/09,4.1620575879177E+14
2021/03/10,4.1778058228551E+14
2021/03/11,4.1905738675198E+14
2021/03/12,4.2003397833545E+14
2021/03/13,4.2157688872394E+14
2021/03/14,4.2365826768114E+14
2021/03/15,4.2519926960946E+14
2021/03/16,4.2712576991184E+14
2021/03/17,4.2919089911966E+14
2021/03/18,4.307538723712E+14
2021/03/19,4.3265919098765E+14
2021/03/20,4.3519274634057E+14
2021/03/21,4.3714829828243E+14
2021/03/22,4.3878023034628E+14
2021/03/23,4.4063564335515E+14
2021/03/24,4.4221519555542E+14
2021/03/25,4.4435464622093E+14
2021/03/26,447090192549339
2021/03/27,4.4938960523759E+14
2021/03/28,4.5181667184259E+14
2021/03/29,4.5474956013345E+14
2021/03/30,4.5747767010742E+14
2021/03/31,4.5979716635175E+14
2021/04/01,4.6236676867083E+14
2021/04/02,4.6496851720067E+14
2021/04/03,467593204204088
2021/04/04,4.7072690938354E+14
2021/04/05,4.7432796710484E+14
2021/04/06,4.7733748864751E+14
2021/04/07,4.8091362560404E+14
2021/04/08,4.8436425203759E+14
2021/04/09,4.8711583102469E+14
2021/04/10,4.900737571213E+14
2021/04/11,4.9233142547566E+14
2021/04/12,4.9632585745728E+14
2021/04/13,4.9987047339695E+14
2021/04/14,5.031202069786E+14
2021/04/15,5.061555936217E+14
2021/04/16,5.0767717386369E+14
2021/04/17,5.0958428305062E+14
2021/04/18,5.1189637310594E+14
2021/04/19,512712166812616
2021/04/20,514742876589449
2021/04/21,5.1729108321027E+14
2021/04/22,5.1949640884704E+14
2021/04/23,5.2153963324185E+14
2021/04/24,5.2355789242756E+14
2021/04/25,5.2649917396146E+14
2021/04/26,5.2954001338921E+14
2021/04/27,5.3204518821332E+14
2021/04/28,5.3553654169298E+14
2021/04/29,5.3839789771158E+14
2021/04/30,5.409446667432E+14
2021/05/01,5.4370190753041E+14
2021/05/02,5.4627075114818E+14
2021/05/03,5.4872746203966E+14
2021/05/04,5.5197521601879E+14
2021/05/05,5.5474842564885E+14
2021/05/06,5.5819816766051E+14
2021/05/07,5.6043118386157E+14
2021/05/08,5.6332416123391E+14
2021/05/09,5.6661643631005E+14
2021/05/10,5.6985669862761E+14
2021/05/11,5.7296729338981E+14
2021/05/12,5.7590435993665E+14
2021/05/13,5.7961161331797E+14
2021/05/14,5.8319402202516E+14
2021/05/15,5.8616303167974E+14
2021/05/16,5.90063476077E+14
2021/05/17,5.9268717627674E+14
2021/05/18,5.9606531079268E+14
2021/05/19,5.9951001745914E+14
2021/05/20,6.0340250111405E+14
2021/05/21,6.0560555398016E+14
2021/05/22,6.0766015529768E+14
2021/05/23,6.0903063246126E+14
2021/05/24,6.099018358663E+14
2021/05/25,6.1039157644202E+14
2021/05/26,610876307423548
2021/05/27,6.1085994085698E+14
2021/05/28,6.1070276127554E+14
2021/05/29,6.10339142086E+14
2021/05/30,6.1040573109221E+14
2021/05/31,609896009150190
2021/06/01,6.0854960545758E+14
2021/06/02,6.080325773733E+14
2021/06/03,6.074722179336E+14
2021/06/04,6.0785057444229E+14
2021/06/05,6.0797609638023E+14
2021/06/06,6.0856718546061E+14
2021/06/07,6.0891103838249E+14
2021/06/08,6.0942649249459E+14
2021/06/09,6.0916429759318E+14
2021/06/10,6.0782764435487E+14
2021/06/11,6.0683912447659E+14
2021/06/12,605117054927565
2021/06/13,6.0305002856877E+14
2021/06/14,6.0099843502956E+14
2021/06/15,6.0020295662372E+14
2021/06/16,5.9823276545868E+14
2021/06/17,5.9633534328943E+14
2021/06/18,5.9487677187575E+14
2021/06/19,5.9235463665226E+14
2021/06/20,5.891497024258E+14
2021/06/21,5.8455801017911E+14
2021/06/22,5.7955221503725E+14
2021/06/23,573581051674363
2021/06/24,5.6765583927434E+14
2021/06/25,5.6114170403301E+14
2021/06/26,5.5466597348886E+14
2021/06/27,5.4855460083195E+14
2021/06/28,5.4335772138237E+14
2021/06/29,5.385809742723E+14
2021/06/30,5.3440055467621E+14
2021/07/01,5.2979228796136E+14
2021/07/02,5.2591748113221E+14
2021/07/03,5.2214744326196E+14
2021/07/04,5.18957489897E+14
2021/07/05,5.1641285178556E+14
2021/07/06,5.145937397295E+14
2021/07/07,5.1263933698208E+14
2021/07/08,5.1111553739526E+14
2021/07/09,5.0957962761227E+14
2021/07/10,5.0961914467334E+14
2021/07/11,5.0932404177888E+14
2021/07/12,5.0948381998228E+14
2021/07/13,5.0849690242683E+14
2021/07/14,5.0776100662491E+14
2021/07/15,5.0769504031735E+14
2021/07/16,5.0771104515983E+14
2021/07/17,5.0821017562467E+14
2021/07/18,5.0853654567909E+14
2021/07/19,5.0949489183889E+14
2021/07/20,5.1018904797469E+14
2021/07/21,5.1158853726710E+14
2021/07/22,5.1295532340715E+14
2021/07/23,5.1453118274861E+14
2021/07/24,5.166234818215E+14
2021/07/25,5.1907360305011E+14
2021/07/26,5.2157376093776E+14
2021/07/27,5.2366589922206E+14
2021/07/28,5.2609281096775E+14
2021/07/29,5.2851358676889E+14
2021/07/30,5.2954788943822E+14
2021/07/31,5.317481511478E+14
2021/08/01,5.3418956782112E+14
2021/08/02,5.3726100836849E+14
2021/08/03,5.4082742028793E+14
2021/08/04,5.4460833928707E+14
2021/08/05,5.4801427029709E+14
2021/08/06,5.5105904986104E+14
2021/08/07,5.5460008866355E+14
2021/08/08,5.5782454000659E+14
2021/08/09,5.6192298407036E+14
2021/08/10,5.6662173629066E+14
2021/08/11,5.6968519140169E+14
2021/08/12,5.7352059295127E+14
2021/08/13,5.7693957736808E+14
2021/08/14,5.8015752292241E+14
2021/08/15,5.8256334597948E+14
2021/08/16,5.8486718102353E+14
2021/08/17,5.8776192438879E+14
2021/08/18,5.9056089190576E+14
2021/08/19,5.9476330580284E+14
2021/08/20,5.9748152532697E+14
2021/08/21,6.0091167162888E+14
2021/08/22,6.0432153874803E+14
2021/08/23,606503085064037
2021/08/24,6.0972890343669E+14
2021/08/25,6.1311354906824E+14
2021/08/26,6.165536670938E+14
2021/08/27,6.1965678387859E+14
2021/08/28,622033828244314
2021/08/29,6.2443937825518E+14
2021/08/30,627226640419294
2021/08/31,630394105651037
2021/09/01,632632043063559
2021/09/02,6.3618596069059E+14
2021/09/03,6.3963917200102E+14
2021/09/04,6.4220950286786E+14
2021/09/05,6.4613048354671E+14
2021/09/06,6.496524765975E+14
2021/09/07,6.528453640503E+14
2021/09/08,6.5650026654571E+14
2021/09/09,659630410577073
2021/09/10,6.6283790922313E+14
2021/09/11,6.6599313317507E+14
2021/09/12,6.7022089051194E+14
2021/09/13,6.7294006896307E+14
2021/09/14,6.753703452807E+14
2021/09/15,678117800244681
2021/09/16,6.8075337932923E+14
2021/09/17,6.8307653662206E+14
2021/09/18,685722558403131
2021/09/19,6.8842834360786E+14
2021/09/20,6.9063101802059E+14
2021/09/21,6.9406499098665E+14
2021/09/22,6.9622351050709E+14
2021/09/23,6.9709503058744E+14
2021/09/24,6.9868544778178E+14
2021/09/25,7.0191207096938E+14
2021/09/26,7.0378339064308E+14
2021/09/27,7.0555226723342E+14
2021/09/28,706122725179999
2021/09/29,707278812247474
2021/09/30,7.077419596752E+14
2021/10/01,7.0962176873357E+14
2021/10/02,7.1132086783569E+14
2021/10/03,7.1245130616118E+14
2021/10/04,713277797589348
2021/10/05,7.1572001901202E+14
2021/10/06,7.1797138721591E+14
2021/10/07,7.1937293117896E+14
2021/10/08,7.2209762918494E+14
2021/10/09,7.233559522001E+14
2021/10/10,7.2455741349325E+14
2021/10/11,7.2687927616692E+14
2021/10/12,7.2894371231576E+14
2021/10/13,731155171494821
2021/10/14,7.3293147805158E+14
2021/10/15,7.3329270175842E+14
2021/10/16,7.3489564448486E+14
2021/10/17,7.3637867452521E+14
2021/10/18,7.3735444496016E+14
2021/10/19,7.3851672036524E+14
2021/10/20,7.4003546179315E+14
2021/10/21,7.4211291184961E+14
2021/10/22,7.4480616994126E+14
2021/10/23,7.4649301949059E+14
2021/10/24,7.4862651538867E+14
2021/10/25,7.5191795909970E+14
2021/10/26,7.5542515889724E+14
2021/10/27,7.5854725064849E+14
2021/10/28,7.60817570306E+14
2021/10/29,7.630558134841E+14
2021/10/30,7.6606026569555E+14
2021/10/31,7.6757217692203E+14
2021/11/01,7.7118925790761E+14
2021/11/02,7.7467028311214E+14
2021/11/03,7.7845586509240E+14
2021/11/04,7.7980353294518E+14
2021/11/05,7.8251510525545E+14
2021/11/06,7.846974841171E+14
2021/11/07,7.8845063831491E+14
2021/11/08,7.9193248273008E+14
2021/11/09,7.9621949206324E+14
2021/11/10,7.992185951593E+14
2021/11/11,803674906732459
2021/11/12,8.078482588121E+14
2021/11/13,8.1226571560896E+14
2021/11/14,8.1565472010608E+14
2021/11/15,8.1972475424488E+14
2021/11/16,8.2224127885992E+14
2021/11/17,8.2689855074915E+14
2021/11/18,832278382486603
2021/11/19,8.3438436503236E+14
2021/11/20,8.3596591512383E+14
2021/11/21,8.3717264213044E+14
2021/11/22,839921908176029
2021/11/23,842377942602348
2021/11/24,8.4471533234728E+14
2021/11/25,8.4508105240549E+14
2021/11/26,8.4374732949895E+14
2021/11/27,8.4465350732674E+14
2021/11/28,8.4590445125762E+14
2021/11/29,8.4722347642837E+14
2021/11/30,8.483510513526E+14
2021/12/01,8.5001526282537E+14
2021/12/02,8.5277248241299E+14
2021/12/03,855061787817289
2021/12/04,8.5660970882124E+14
2021/12/05,8.5968887507635E+14
2021/12/06,8.6289699259763E+14
2021/12/07,8.6634898534367E+14
2021/12/08,869252351807841
2021/12/09,8.7201225052839E+14
2021/12/10,873731885029910
2021/12/11,8.75098963026E+14
2021/12/12,876932650530547
2021/12/13,8.8047151368075E+14
2021/12/14,884490992447458
2021/12/15,8.8778556418293E+14
2021/12/16,8.8949822311759E+14
2021/12/17,8.9111288626048E+14
2021/12/18,8.9427755136152E+14
2021/12/19,8.9679835644167E+14
2021/12/20,9.0113923846437E+14
2021/12/21,9.0512716580765E+14
2021/12/22,9.077981639885E+14
2021/12/23,910105609901730
2021/12/24,9.1258290902624E+14
2021/12/25,914631939067161
2021/12/26,9.163459734205E+14
2021/12/27,918345031052951
2021/12/28,9.1989790981124E+14
2021/12/29,9.2237438982562E+14
2021/12/30,9.2506156979472E+14
2021/12/31,9.2580978491533E+14
2022/01/01,9.2678766611116E+14
2022/01/02,9.2911452026629E+14
2022/01/03,9.3214333123094E+14
2022/01/04,9.3581161667971E+14
2022/01/05,9.3846869469620E+14
2022/01/06,9.3990833369720E+14
2022/01/07,9.3979064634237E+14
2022/01/08,9.4032551921686E+14
2022/01/09,9.4376136491386E+14
2022/01/10,9.4470731944592E+14
2022/01/11,9.4615673008534E+14
2022/01/12,948588320571754
2022/01/13,9.5056233780293E+14
2022/01/14,952460796069561
2022/01/15,9.5258547189583E+14
2022/01/16,9.5329020152924E+14
2022/01/17,9.5445487559838E+14
2022/01/18,9.5725674562411E+14
2022/01/19,9.5871762897231E+14
2022/01/20,9.6037269197208E+14
2022/01/21,962128317772086
2022/01/22,965798175155536
2022/01/23,9.6804595154593E+14
2022/01/24,9.6980478154183E+14
2022/01/25,9.7025422429211E+14
2022/01/26,9.7239407184323E+14
2022/01/27,9.7428910140927E+14
2022/01/28,9.7525955553181E+14
2022/01/29,9.7668822034480E+14
2022/01/30,9.7860851899918E+14
2022/01/31,979602266194836
2022/02/01,9.8188969960249E+14
2022/02/02,9.8444868507939E+14
2022/02/03,9.8402950603299E+14
2022/02/04,9.8599852829183E+14
2022/02/05,9.8739318526665E+14
2022/02/06,9.9021842793101E+14
2022/02/07,9.9104053819419E+14
2022/02/08,9.9245088913515E+14
2022/02/09,9.9482401340194E+14
2022/02/10,9.9666453113151E+14
2022/02/11,9.9717218949591E+14
2022/02/12,9.9803925436022E+14
2022/02/13,1.0003680981355E+15
2022/02/14,1.0023526668407E+15
2022/02/15,1.004499380848E+15
2022/02/16,1.0043817589168E+15
2022/02/17,1.0049141659166E+15
2022/02/18,1.0055218988947E+15
2022/02/19,1.0051808933251E+15
2022/02/20,1.0057883610918E+15
2022/02/21,1.0066339599747E+15
2022/02/22,1.0062698580332E+15
2022/02/23,1.0064722679143E+15
2022/02/24,1.0067085501771E+15
2022/02/25,1.0066190482552E+15
2022/02/26,1.0064265271822E+15
2022/02/27,1.0078304383923E+15
2022/02/28,1.0073846148329E+15
2022/03/01,1.0077949681228E+15
2022/03/02,1.0079549949629E+15
2022/03/03,1.007171955538E+15
2022/03/04,1.0077999363043E+15
2022/03/05,1.0062394432323E+15
2022/03/06,1.0052735899128E+15
2022/03/07,1.0029621671293E+15
2022/03/08,1.0021115705712E+15
2022/03/09,1.0011773078058E+15
2022/03/10,1.0019611812138E+15
2022/03/11,1.0009891722369E+15
2022/03/12,1.0032963872278E+15
2022/03/13,1.0024934715658E+15
2022/03/14,1.0028005866446E+15
2022/03/15,1.0019582220049E+15
2022/03/16,1.0016577793415E+15
2022/03/17,1.0016886573747E+15
2022/03/18,1.0021500073946E+15
2022/03/19,1.003680233559E+15
2022/03/20,1.0035477468827E+15
2022/03/21,1.0046830506062E+15
2022/03/22,1004833890810932
2022/03/23,1.0059132038286E+15
2022/03/24,1.0063244189025E+15
2022/03/25,1.0086177020362E+15
2022/03/26,1.0088332659235E+15
2022/03/27,1.0087370013438E+15
2022/03/28,1.0105342823639E+15
2022/03/29,1.0119664864091E+15
2022/03/30,1.013952628568E+15
2022/03/31,1.0144652234065E+15
2022/04/01,1016410012511421
2022/04/02,1.0168575513511E+15
2022/04/03,1018052750816290
2022/04/04,1018189479462696
2022/04/05,1.0195616883872E+15
2022/04/06,1.0207264617622E+15
2022/04/07,1.0223216374961E+15
2022/04/08,1.0236706927001E+15
2022/04/09,1024182765264230
2022/04/10,1.0249146987567E+15
2022/04/11,1.0275151207647E+15
2022/04/12,1.0277786157076E+15
2022/04/13,1.0283648719559E+15
2022/04/14,1.0294230080002E+15
2022/04/15,1.029897968863E+15
2022/04/16,1.0296689253289E+15
2022/04/17,1.0318307204246E+15
2022/04/18,1.0341522689375E+15
2022/04/19,1.0359665823051E+15
2022/04/20,1036572569313080
2022/04/21,1.0368552317255E+15
2022/04/22,1.037839437897E+15
2022/04/23,1.0396478319336E+15
2022/04/24,1.0412497967671E+15
2022/04/25,1.0426545319887E+15
2022/04/26,1.0421866049437E+15
2022/04/27,1.0418154240848E+15
2022/04/28,1.0419483209782E+15
2022/04/29,1.0420981871272E+15
2022/04/30,1.0437865744673E+15
2022/05/01,1.0465213254275E+15
2022/05/02,1.0482637437025E+15
2022/05/03,1.0509470466056E+15
2022/05/04,1052239931734592
2022/05/05,1.053375298525E+15
2022/05/06,1.0542259171059E+15
2022/05/07,1.0550204155084E+15
2022/05/08,1.0573387314229E+15
2022/05/09,1.0604493424755E+15
2022/05/10,1.0620073910358E+15
2022/05/11,1.0659557456425E+15
2022/05/12,1.0675669097115E+15
2022/05/13,1.0719605399846E+15
2022/05/14,1.0726690025389E+15
2022/05/15,1.075271331459E+15
2022/05/16,1.0774143569755E+15
2022/05/17,1.0791022462578E+15
2022/05/18,1.0819440779986E+15
2022/05/19,1.0831317697273E+15
2022/05/20,1.0847165999761E+15
2022/05/21,1.086278909348E+15
2022/05/22,1.085830777145E+15
2022/05/23,1.0866661990199E+15
2022/05/24,1.0869451932548E+15
2022/05/25,1.0876703617649E+15
2022/05/26,1.0867283670689E+15
2022/05/27,1.0882568728201E+15
2022/05/28,1.087550091179E+15
2022/05/29,1087879278690808
2022/05/30,1.0873313308554E+15
2022/05/31,1.0872639103863E+15
2022/06/01,1085828045113713
2022/06/02,1085152412763319
2022/06/03,1.0848853411937E+15
2022/06/04,1084547987164342
2022/06/05,1.0833656194995E+15
2022/06/06,1.0803082245663E+15
2022/06/07,1.0792563308404E+15
2022/06/08,1.0787888895509E+15
2022/06/09,1.0766612141731E+15
2022/06/10,1.0750721738376E+15
2022/06/11,1.0738304837505E+15
2022/06/12,1.0725244284255E+15
2022/06/13,1.07017392769E+15
2022/06/14,1.0655951748601E+15
2022/06/15,1058290229859849
2022/06/16,1.0522528091294E+15
2022/06/17,1.0473490170037E+15
2022/06/18,1.0429415479646E+15
2022/06/19,1.0358185433712E+15
2022/06/20,1.029191675264E+15
2022/06/21,1.0228882167434E+15
2022/06/22,1.0164901550426E+15
2022/06/23,1.009040721748E+15
2022/06/24,1.0021561787895E+15
2022/06/25,9.9705973589955E+14
2022/06/26,9.8953127553893E+14
2022/06/27,9.8463554153573E+14
2022/06/28,9.7798807654366E+14
2022/06/29,9.7182713528576E+14
2022/06/30,9.6556481324255E+14
2022/07/01,9.6009330755175E+14
2022/07/02,9.5476666619247E+14
2022/07/03,9.5097797156114E+14
2022/07/04,9.466639673576E+14
2022/07/05,9.4334095500733E+14
2022/07/06,9.3967496155124E+14
2022/07/07,9.3539484244739E+14
2022/07/08,933494636458015
2022/07/09,9.3015632261753E+14
2022/07/10,9.2863361807569E+14
2022/07/11,9.2563360055929E+14
2022/07/12,9.2492684117721E+14
2022/07/13,921470031915855
2022/07/14,9.1951698251552E+14
2022/07/15,9.1849168794168E+14
2022/07/16,9.182473965957E+14
2022/07/17,9.1728071558987E+14
2022/07/18,9.1744454101437E+14
2022/07/19,918679930964976
2022/07/20,9.1911608946306E+14
2022/07/21,9.1919250081659E+14
2022/07/22,9.1915679800454E+14
2022/07/23,921710778153597
2022/07/24,9.2314908176581E+14
2022/07/25,9.2288887135641E+14
2022/07/26,9.2336373202823E+14
2022/07/27,9.2390826185151E+14
2022/07/28,9.2536940366218E+14
2022/07/29,9.2526843373734E+14
2022/07/30,9.2592994715093E+14
2022/07/31,9.2594759097912E+14
2022/08/01,9.2617847052371E+14
2022/08/02,9.2797890866968E+14
2022/08/03,9.2775222530931E+14
2022/08/04,9.2807978630309E+14
2022/08/05,9.3009139125100E+14
2022/08/06,9.3028781944187E+14
2022/08/07,9.3051298868217E+14
2022/08/08,9.2944670028974E+14
2022/08/09,9.2908436940896E+14
2022/08/10,9.2906253995554E+14
2022/08/11,9.2933779755188E+14
2022/08/12,9.2874076630561E+14
2022/08/13,9.3005344655997E+14
2022/08/14,9.3129638055272E+14
2022/08/15,9.3080867740758E+14
2022/08/16,932146749845249
2022/08/17,9.3237753267353E+14
2022/08/18,9.3145789215493E+14
2022/08/19,9.2940332054446E+14
2022/08/20,9.2743138925727E+14
2022/08/21,9.2683081633974E+14
2022/08/22,9.2501858396804E+14
2022/08/23,9.24926507574E+14
2022/08/24,9.2462159865532E+14
2022/08/25,9.2318206544262E+14
2022/08/26,923002408549719
2022/08/27,9.2386612323057E+14
2022/08/28,9.2371086712192E+14
2022/08/29,9.2618550814384E+14
2022/08/30,9.2684440219116E+14
2022/08/31,9.2768705534992E+14
2022/09/01,9.2781639334181E+14
2022/09/02,9.3041325502434E+14
2022/09/03,9.3083582444065E+14
2022/09/04,9.3284050325005E+14
2022/09/05,9.3148307623812E+14
2022/09/06,9.3082904206633E+14
2022/09/07,9.3072964033821E+14
2022/09/08,931871691936001
2022/09/09,930557784734884
2022/09/10,9.2978686780662E+14
2022/09/11,9.2782270484457E+14
2022/09/12,926581190262138
2022/09/13,9.2580282389658E+14
2022/09/14,9.2227911965501E+14
2022/09/15,8.7697828774438E+14
2022/09/16,818924267077334
2022/09/17,7.6288179509686E+14
2022/09/18,708813097767045
2022/09/19,6.5667862677822E+14
2022/09/20,6.064790058471E+14
2022/09/21,5.5825828980635E+14
2022/09/22,5.1197609473329E+14
2022/09/23,4.6768560272722E+14
2022/09/24,4.2537849355282E+14
2022/09/25,3.8501729578499E+14
2022/09/26,3.4664236939913E+14
2022/09/27,3.1028808233676E+14
2022/09/28,2.7592021982621E+14
2022/09/29,2.4362671827806E+14
2022/09/30,2.1334939645655E+14
2022/10/01,1.8509544045976E+14
2022/10/02,1.5884211466299E+14
2022/10/03,1.3467017254562E+14
2022/10/04,1.1251053199401E+14
2022/10/05,92416394960695
2022/10/06,74276050418243
2022/10/07,58111502418310
2022/10/08,43940434665498
2022/10/09,31805457749732
2022/10/10,21626565151601
2022/10/11,13420691217050
2022/10/12,7147074314987
2022/10/13,2828429954118
2022/10/14,477382776627
2022/10/15,18.465
2022/10/16,18.512
2022/10/17,18.56
2022/10/18,18.607
2022/10/19,18.655
2022/10/20,18.702
2022/10/21,18.75
2022/10/22,18.798
2022/10/23,18.845
2022/10/24,18.893
2022/10/25,18.94
2022/10/26,18.988
2022/10/27,19.035
2022/10/28,19.083
2022/10/29,19.131
2022/10/30,19.178
2022/10/31,19.226
2022/11/01,19.273
2022/11/02,19.321
2022/11/03,19.369
2022/11/04,19.416
2022/11/05,19.464
2022/11/06,19.511
2022/11/07,19.559
2022/11/08,19.606
2022/11/09,19.654
2022/11/10,19.702
2022/11/11,19.749
2022/11/12,19.797
2022/11/13,19.844
2022/11/14,19.892
2022/11/15,19.94
2022/11/16,19.987
2022/11/17,20.035
2022/11/18,20.082
2022/11/19,20.13
2022/11/20,20.177
2022/11/21,20.225
2022/11/22,20.273
2022/11/23,20.32
2022/11/24,20.368
2022/11/25,20.415
2022/11/26,20.463
2022/11/27,20.51
2022/11/28,20.558
2022/11/29,20.606
