Date,mediantransactionvalue30rsiUSD
2016/01/01,48.419
2016/01/02,47.723
2016/01/03,47.623
2016/01/04,47.326
2016/01/05,43.116
2016/01/06,43.116
2016/01/07,43.116
2016/01/08,47.652
2016/01/09,47.685
2016/01/10,48.421
2016/01/11,48.2
2016/01/12,49.373
2016/01/13,43.885
2016/01/14,48.831
2016/01/15,50.48
2016/01/16,50.035
2016/01/17,50.05
2016/01/18,49.709
2016/01/19,46.788
2016/01/20,52.522
2016/01/21,51.773
2016/01/22,49.87
2016/01/23,52.799
2016/01/24,53.95
2016/01/25,52.177
2016/01/26,53.61
2016/01/27,47.086
2016/01/28,52.298
2016/01/29,52.672
2016/01/30,53.379
2016/01/31,53.253
2016/02/01,52.092
2016/02/02,51.875
2016/02/03,53.263
2016/02/04,53.145
2016/02/05,52.787
2016/02/06,44.119
2016/02/07,53.254
2016/02/08,54.633
2016/02/09,55.758
2016/02/10,59.639
2016/02/11,58.116
2016/02/12,62.211
2016/02/13,57.018
2016/02/14,57.153
2016/02/15,58.071
2016/02/16,56.225
2016/02/17,53.263
2016/02/18,53.856
2016/02/19,54.606
2016/02/20,54.755
2016/02/21,55.165
2016/02/22,56.405
2016/02/23,57.913
2016/02/24,57.848
2016/02/25,59.02
2016/02/26,57.149
2016/02/27,58.3
2016/02/28,59.602
2016/02/29,59.15
2016/03/01,60.326
2016/03/02,62.713
2016/03/03,65.399
2016/03/04,64.611
2016/03/05,70.457
2016/03/06,64.715
2016/03/07,63.343
2016/03/08,60.679
2016/03/09,62.177
2016/03/10,66.186
2016/03/11,60.149
2016/03/12,64.297
2016/03/13,65.206
2016/03/14,64.647
2016/03/15,61.684
2016/03/16,62.657
2016/03/17,58.512
2016/03/18,55.691
2016/03/19,54.861
2016/03/20,54.506
2016/03/21,55.94
2016/03/22,56.792
2016/03/23,57.279
2016/03/24,55.597
2016/03/25,54.008
2016/03/26,54.266
2016/03/27,54.91
2016/03/28,55.416
2016/03/29,56.22
2016/03/30,56.62
2016/03/31,56.612
2016/04/01,55.929
2016/04/02,55.822
2016/04/03,55.96
2016/04/04,55.012
2016/04/05,52.92
2016/04/06,53.297
2016/04/07,52.562
2016/04/08,50.988
2016/04/09,50.621
2016/04/10,48.158
2016/04/11,47.711
2016/04/12,45.947
2016/04/13,45.542
2016/04/14,47.442
2016/04/15,47.178
2016/04/16,47.471
2016/04/17,45.667
2016/04/18,49.81
2016/04/19,49.681
2016/04/20,48.47
2016/04/21,47.765
2016/04/22,46.942
2016/04/23,46.917
2016/04/24,47.286
2016/04/25,46.175
2016/04/26,44.963
2016/04/27,45.982
2016/04/28,45.366
2016/04/29,45.339
2016/04/30,47.967
2016/05/01,49.71
2016/05/02,52.606
2016/05/03,52.86
2016/05/04,52.265
2016/05/05,52.24
2016/05/06,52.482
2016/05/07,51.62
2016/05/08,51.173
2016/05/09,51.703
2016/05/10,51.399
2016/05/11,52.594
2016/05/12,54.355
2016/05/13,56.665
2016/05/14,54.68
2016/05/15,53.636
2016/05/16,55.169
2016/05/17,59.384
2016/05/18,62.869
2016/05/19,65.011
2016/05/20,66.148
2016/05/21,62.396
2016/05/22,63.584
2016/05/23,64.12
2016/05/24,59.603
2016/05/25,56.571
2016/05/26,40.922
2016/05/27,52.355
2016/05/28,36.825
2016/05/29,46.341
2016/05/30,52.895
2016/05/31,53.709
2016/06/01,54.47
2016/06/02,54.401
2016/06/03,54.166
2016/06/04,49.049
2016/06/05,53.658
2016/06/06,53.778
2016/06/07,46.484
2016/06/08,53.599
2016/06/09,53.513
2016/06/10,52.394
2016/06/11,52.914
2016/06/12,50.322
2016/06/13,55.065
2016/06/14,55.337
2016/06/15,56.503
2016/06/16,57.494
2016/06/17,44.93
2016/06/18,47.184
2016/06/19,48.628
2016/06/20,47.574
2016/06/21,50.462
2016/06/22,52.127
2016/06/23,51.187
2016/06/24,46.813
2016/06/25,51.903
2016/06/26,47.735
2016/06/27,51.556
2016/06/28,51.059
2016/06/29,45.584
2016/06/30,44.147
2016/07/01,50.659
2016/07/02,50.586
2016/07/03,50.507
2016/07/04,50.313
2016/07/05,49.665
2016/07/06,49.74
2016/07/07,49.4
2016/07/08,48.215
2016/07/09,49.972
2016/07/10,49.995
2016/07/11,49.795
2016/07/12,49.391
2016/07/13,49.732
2016/07/14,47.073
2016/07/15,50.829
2016/07/16,47.595
2016/07/17,50.454
2016/07/18,50.474
2016/07/19,50.686
2016/07/20,44.978
2016/07/21,49.61
2016/07/22,51.819
2016/07/23,51.876
2016/07/24,51.868
2016/07/25,51.754
2016/07/26,51.522
2016/07/27,51.171
2016/07/28,51.298
2016/07/29,49.981
2016/07/30,50.376
2016/07/31,50.877
2016/08/01,50.425
2016/08/02,49.461
2016/08/03,44.798
2016/08/04,49.957
2016/08/05,50.107
2016/08/06,49.935
2016/08/07,50.085
2016/08/08,50.128
2016/08/09,50.692
2016/08/10,50.089
2016/08/11,48.901
2016/08/12,46.919
2016/08/13,47.364
2016/08/14,50.729
2016/08/15,49.174
2016/08/16,45.371
2016/08/17,46.175
2016/08/18,45.982
2016/08/19,47.365
2016/08/20,48.484
2016/08/21,48.33
2016/08/22,47.471
2016/08/23,46.335
2016/08/24,45.694
2016/08/25,44.981
2016/08/26,45.467
2016/08/27,45.739
2016/08/28,50.907
2016/08/29,45.655
2016/08/30,46.491
2016/08/31,49.361
2016/09/01,52.844
2016/09/02,45.545
2016/09/03,49.984
2016/09/04,47.94
2016/09/05,51.444
2016/09/06,47.352
2016/09/07,46.175
2016/09/08,46.426
2016/09/09,46.38
2016/09/10,50.367
2016/09/11,52.58
2016/09/12,49.663
2016/09/13,52.447
2016/09/14,47.051
2016/09/15,46.915
2016/09/16,47.1
2016/09/17,49.407
2016/09/18,51.487
2016/09/19,53.12
2016/09/20,53.549
2016/09/21,53.626
2016/09/22,46.606
2016/09/23,52.757
2016/09/24,52.572
2016/09/25,52.625
2016/09/26,52.484
2016/09/27,52.568
2016/09/28,52.695
2016/09/29,52.713
2016/09/30,52.714
2016/10/01,47.664
2016/10/02,52.314
2016/10/03,52.353
2016/10/04,45.151
2016/10/05,50.476
2016/10/06,48.775
2016/10/07,51.756
2016/10/08,51.541
2016/10/09,51.565
2016/10/10,51.313
2016/10/11,51.366
2016/10/12,50.14
2016/10/13,45.753
2016/10/14,51.283
2016/10/15,51.445
2016/10/16,51.35
2016/10/17,51.276
2016/10/18,48.897
2016/10/19,51.326
2016/10/20,51.315
2016/10/21,46.824
2016/10/22,51.233
2016/10/23,51.191
2016/10/24,47.454
2016/10/25,49.383
2016/10/26,50.978
2016/10/27,50.93
2016/10/28,50.856
2016/10/29,50.548
2016/10/30,50.535
2016/10/31,50.806
2016/11/01,47.871
2016/11/02,48.59
2016/11/03,50.755
2016/11/04,50.817
2016/11/05,50.836
2016/11/06,50.809
2016/11/07,50.732
2016/11/08,50.711
2016/11/09,50.571
2016/11/10,50.518
2016/11/11,50.401
2016/11/12,50.203
2016/11/13,50.169
2016/11/14,50.12
2016/11/15,50.128
2016/11/16,50.239
2016/11/17,50.085
2016/11/18,49.831
2016/11/19,49.778
2016/11/20,49.732
2016/11/21,49.729
2016/11/22,43.269
2016/11/23,42.192
2016/11/24,50.16
2016/11/25,43.564
2016/11/26,48.98
2016/11/27,46.378
2016/11/28,46.649
2016/11/29,46.969
2016/11/30,47.915
2016/12/01,50.09
2016/12/02,49.746
2016/12/03,49.691
2016/12/04,48.764
2016/12/05,49.242
2016/12/06,48.938
2016/12/07,49.672
2016/12/08,50.272
2016/12/09,50.171
2016/12/10,50.106
2016/12/11,50.012
2016/12/12,50.153
2016/12/13,46.732
2016/12/14,45.814
2016/12/15,46.823
2016/12/16,46.985
2016/12/17,49.966
2016/12/18,50.153
2016/12/19,46.618
2016/12/20,47.875
2016/12/21,46.322
2016/12/22,44.795
2016/12/23,50.009
2016/12/24,50.085
2016/12/25,50.045
2016/12/26,50.066
2016/12/27,47.931
2016/12/28,47.757
2016/12/29,51.021
2016/12/30,47.703
2016/12/31,50.921
2017/01/01,51.137
2017/01/02,51.083
2017/01/03,48.804
2017/01/04,53.01
2017/01/05,53.039
2017/01/06,52.581
2017/01/07,52.345
2017/01/08,52.535
2017/01/09,52.96
2017/01/10,48.686
2017/01/11,52.299
2017/01/12,47.484
2017/01/13,46.184
2017/01/14,51.358
2017/01/15,47.916
2017/01/16,51.698
2017/01/17,49.165
2017/01/18,52.015
2017/01/19,52.063
2017/01/20,52.248
2017/01/21,52.417
2017/01/22,48.098
2017/01/23,49.537
2017/01/24,46.915
2017/01/25,48.225
2017/01/26,48.266
2017/01/27,48.598
2017/01/28,48.233
2017/01/29,51.496
2017/01/30,48.616
2017/01/31,52.455
2017/02/01,49.224
2017/02/02,52.307
2017/02/03,52.377
2017/02/04,52.73
2017/02/05,51.271
2017/02/06,51.577
2017/02/07,47.807
2017/02/08,48.143
2017/02/09,50.76
2017/02/10,49.34
2017/02/11,49.392
2017/02/12,52.276
2017/02/13,48.483
2017/02/14,49.871
2017/02/15,52.032
2017/02/16,53.618
2017/02/17,52.426
2017/02/18,53.492
2017/02/19,52.484
2017/02/20,50.361
2017/02/21,46.926
2017/02/22,48.889
2017/02/23,53.166
2017/02/24,52.242
2017/02/25,49.536
2017/02/26,53.402
2017/02/27,54.065
2017/02/28,54.699
2017/03/01,54.828
2017/03/02,56.202
2017/03/03,57.241
2017/03/04,56.943
2017/03/05,56.447
2017/03/06,56.896
2017/03/07,49.22
2017/03/08,54.559
2017/03/09,49.018
2017/03/10,53.986
2017/03/11,54.805
2017/03/12,56.08
2017/03/13,58.445
2017/03/14,58.985
2017/03/15,59.834
2017/03/16,64.117
2017/03/17,66.253
2017/03/18,61.644
2017/03/19,61.744
2017/03/20,63.283
2017/03/21,61.159
2017/03/22,61.623
2017/03/23,52.758
2017/03/24,60.496
2017/03/25,61.827
2017/03/26,52.724
2017/03/27,47.52
2017/03/28,51.615
2017/03/29,50.303
2017/03/30,53.303
2017/03/31,54.969
2017/04/01,50.759
2017/04/02,57.048
2017/04/03,55.8
2017/04/04,55.033
2017/04/05,54.871
2017/04/06,55.295
2017/04/07,46.128
2017/04/08,49.463
2017/04/09,47.843
2017/04/10,50.437
2017/04/11,49.102
2017/04/12,49.212
2017/04/13,49.899
2017/04/14,48.96
2017/04/15,48.548
2017/04/16,47.369
2017/04/17,50.016
2017/04/18,50.1
2017/04/19,50.225
2017/04/20,47.842
2017/04/21,47.486
2017/04/22,50.063
2017/04/23,49.225
2017/04/24,52.996
2017/04/25,47.131
2017/04/26,49.384
2017/04/27,48.54
2017/04/28,51.212
2017/04/29,52.739
2017/04/30,53.74
2017/05/01,53.789
2017/05/02,53.521
2017/05/03,53.541
2017/05/04,55.817
2017/05/05,64.387
2017/05/06,57.186
2017/05/07,59.271
2017/05/08,61.14
2017/05/09,59.959
2017/05/10,53.771
2017/05/11,49.73
2017/05/12,51.987
2017/05/13,49.355
2017/05/14,50.48
2017/05/15,47.963
2017/05/16,52.63
2017/05/17,57.323
2017/05/18,49.234
2017/05/19,54.694
2017/05/20,49.242
2017/05/21,49.981
2017/05/22,55.291
2017/05/23,52.417
2017/05/24,55.316
2017/05/25,55.702
2017/05/26,54.288
2017/05/27,53.092
2017/05/28,48.785
2017/05/29,51.097
2017/05/30,54.287
2017/05/31,64.057
2017/06/01,53.032
2017/06/02,49.397
2017/06/03,51.484
2017/06/04,50.27
2017/06/05,52.743
2017/06/06,52.184
2017/06/07,49.74
2017/06/08,49.899
2017/06/09,49.979
2017/06/10,53.584
2017/06/11,54.29
2017/06/12,60.077
2017/06/13,53.7
2017/06/14,52.646
2017/06/15,53.765
2017/06/16,50.417
2017/06/17,50.453
2017/06/18,49.937
2017/06/19,50.037
2017/06/20,63.323
2017/06/21,61.79
2017/06/22,51.112
2017/06/23,50.189
2017/06/24,50.241
2017/06/25,48.633
2017/06/26,51.651
2017/06/27,48.433
2017/06/28,48.132
2017/06/29,48.464
2017/06/30,48.63
2017/07/01,48.411
2017/07/02,47.551
2017/07/03,47.473
2017/07/04,47.593
2017/07/05,47.451
2017/07/06,47.613
2017/07/07,45.917
2017/07/08,47.496
2017/07/09,47.379
2017/07/10,47.319
2017/07/11,48.18
2017/07/12,47.47
2017/07/13,47.174
2017/07/14,47.427
2017/07/15,48.18
2017/07/16,47.51
2017/07/17,47.693
2017/07/18,47.927
2017/07/19,47.727
2017/07/20,47.621
2017/07/21,47.546
2017/07/22,47.43
2017/07/23,47.359
2017/07/24,47.38
2017/07/25,48.187
2017/07/26,47.786
2017/07/27,48.155
2017/07/28,47.491
2017/07/29,48.416
2017/07/30,47.384
2017/07/31,48.063
2017/08/01,49.443
2017/08/02,49.409
2017/08/03,48.13
2017/08/04,47.593
2017/08/05,48.35
2017/08/06,47.898
2017/08/07,48.914
2017/08/08,48.429
2017/08/09,51.075
2017/08/10,48.635
2017/08/11,48.374
2017/08/12,48.39
2017/08/13,48.463
2017/08/14,47.099
2017/08/15,50.355
2017/08/16,49.976
2017/08/17,49.086
2017/08/18,51.905
2017/08/19,47.183
2017/08/20,48.571
2017/08/21,49.482
2017/08/22,48.596
2017/08/23,49.202
2017/08/24,49.061
2017/08/25,49.221
2017/08/26,47.417
2017/08/27,47.049
2017/08/28,49.338
2017/08/29,49.66
2017/08/30,49.792
2017/08/31,53.482
2017/09/01,49.893
2017/09/02,49.513
2017/09/03,49.212
2017/09/04,49.108
2017/09/05,48.759
2017/09/06,46.954
2017/09/07,46.777
2017/09/08,46.113
2017/09/09,45.524
2017/09/10,46.972
2017/09/11,49.208
2017/09/12,49.326
2017/09/13,48.561
2017/09/14,48.597
2017/09/15,50.4
2017/09/16,48.645
2017/09/17,46.704
2017/09/18,47.251
2017/09/19,49.386
2017/09/20,49.42
2017/09/21,47.395
2017/09/22,47.752
2017/09/23,47.851
2017/09/24,47.022
2017/09/25,47.307
2017/09/26,47.067
2017/09/27,47.252
2017/09/28,47.262
2017/09/29,46.343
2017/09/30,46.29
2017/10/01,47.427
2017/10/02,48.13
2017/10/03,47.704
2017/10/04,47.821
2017/10/05,47.387
2017/10/06,47.403
2017/10/07,47.677
2017/10/08,47.679
2017/10/09,45.342
2017/10/10,47.821
2017/10/11,46.582
2017/10/12,45.975
2017/10/13,52.189
2017/10/14,49.073
2017/10/15,48.472
2017/10/16,44.953
2017/10/17,44.969
2017/10/18,44.962
2017/10/19,44.955
2017/10/20,44.955
2017/10/21,44.955
2017/10/22,45.014
2017/10/23,45.038
2017/10/24,44.974
2017/10/25,44.966
2017/10/26,44.966
2017/10/27,44.966
2017/10/28,44.966
2017/10/29,44.966
2017/10/30,44.966
2017/10/31,44.966
2017/11/01,44.966
2017/11/02,45.562
2017/11/03,45.057
2017/11/04,45.057
2017/11/05,45.057
2017/11/06,45.057
2017/11/07,45.057
2017/11/08,45.629
2017/11/09,46.294
2017/11/10,48.256
2017/11/11,45.992
2017/11/12,56.001
2017/11/13,49.482
2017/11/14,50.086
2017/11/15,52.568
2017/11/16,47.602
2017/11/17,51.282
2017/11/18,47.872
2017/11/19,49.184
2017/11/20,47.118
2017/11/21,52.606
2017/11/22,52.624
2017/11/23,53.034
2017/11/24,53.631
2017/11/25,47.681
2017/11/26,47.953
2017/11/27,53.767
2017/11/28,53.777
2017/11/29,56.928
2017/11/30,53.028
2017/12/01,50.554
2017/12/02,50.096
2017/12/03,49.362
2017/12/04,53.146
2017/12/05,53.788
2017/12/06,67.51
2017/12/07,53.059
2017/12/08,50.862
2017/12/09,49.571
2017/12/10,49.168
2017/12/11,49.906
2017/12/12,52.583
2017/12/13,55.81
2017/12/14,59.27
2017/12/15,56.49
2017/12/16,53.544
2017/12/17,53.859
2017/12/18,57.019
2017/12/19,60.269
2017/12/20,65.955
2017/12/21,66.057
2017/12/22,67.075
2017/12/23,53.946
2017/12/24,52.306
2017/12/25,51.492
2017/12/26,53.27
2017/12/27,54.423
2017/12/28,53.674
2017/12/29,60.516
2017/12/30,65.141
2017/12/31,51.981
2018/01/01,51.305
2018/01/02,55.794
2018/01/03,62.38
2018/01/04,73.299
2018/01/05,62.7
2018/01/06,55.375
2018/01/07,54.268
2018/01/08,55.429
2018/01/09,58.562
2018/01/10,59.039
2018/01/11,56.519
2018/01/12,52.018
2018/01/13,50.078
2018/01/14,49.579
2018/01/15,54.183
2018/01/16,56.382
2018/01/17,55.879
2018/01/18,52.975
2018/01/19,48.566
2018/01/20,47.054
2018/01/21,51.827
2018/01/22,48.943
2018/01/23,48.496
2018/01/24,48.35
2018/01/25,47.2
2018/01/26,49.135
2018/01/27,48.391
2018/01/28,47.837
2018/01/29,49.433
2018/01/30,49.227
2018/01/31,49.123
2018/02/01,52.121
2018/02/02,50.007
2018/02/03,47.832
2018/02/04,47.269
2018/02/05,48.142
2018/02/06,48.04
2018/02/07,47.739
2018/02/08,46.869
2018/02/09,46.924
2018/02/10,46.534
2018/02/11,45.727
2018/02/12,46.02
2018/02/13,46.375
2018/02/14,47.316
2018/02/15,47.441
2018/02/16,46.847
2018/02/17,45.857
2018/02/18,46.274
2018/02/19,45.851
2018/02/20,45.6
2018/02/21,45.875
2018/02/22,45.877
2018/02/23,45.866
2018/02/24,45.526
2018/02/25,45.547
2018/02/26,46.07
2018/02/27,46.082
2018/02/28,46.692
2018/03/01,46.195
2018/03/02,45.68
2018/03/03,45.635
2018/03/04,45.664
2018/03/05,46.12
2018/03/06,46.5
2018/03/07,48.77
2018/03/08,46.409
2018/03/09,46.95
2018/03/10,46.407
2018/03/11,45.999
2018/03/12,46.27
2018/03/13,46.052
2018/03/14,46.614
2018/03/15,46.52
2018/03/16,46.105
2018/03/17,46.104
2018/03/18,46.101
2018/03/19,46.409
2018/03/20,46.138
2018/03/21,46.171
2018/03/22,46.723
2018/03/23,46.698
2018/03/24,47.624
2018/03/25,46.511
2018/03/26,46.802
2018/03/27,46.677
2018/03/28,46.648
2018/03/29,47.497
2018/03/30,46.757
2018/03/31,46.334
2018/04/01,46.338
2018/04/02,46.338
2018/04/03,46.341
2018/04/04,46.291
2018/04/05,46.29
2018/04/06,46.29
2018/04/07,46.298
2018/04/08,46.291
2018/04/09,46.323
2018/04/10,46.386
2018/04/11,46.3
2018/04/12,46.313
2018/04/13,46.341
2018/04/14,46.298
2018/04/15,46.307
2018/04/16,46.358
2018/04/17,46.309
2018/04/18,46.314
2018/04/19,46.305
2018/04/20,46.305
2018/04/21,46.322
2018/04/22,46.331
2018/04/23,46.403
2018/04/24,46.352
2018/04/25,46.328
2018/04/26,46.312
2018/04/27,46.312
2018/04/28,46.312
2018/04/29,46.312
2018/04/30,46.517
2018/05/01,46.424
2018/05/02,46.532
2018/05/03,46.664
2018/05/04,69.587
2018/05/05,48.186
2018/05/06,48.408
2018/05/07,48.057
2018/05/08,48.047
2018/05/09,48.047
2018/05/10,48.034
2018/05/11,48.094
2018/05/12,48.036
2018/05/13,48.049
2018/05/14,48.52
2018/05/15,48.137
2018/05/16,48.113
2018/05/17,48.151
2018/05/18,48.196
2018/05/19,48.05
2018/05/20,48.05
2018/05/21,48.157
2018/05/22,48.055
2018/05/23,48.165
2018/05/24,48.16
2018/05/25,48.057
2018/05/26,48.056
2018/05/27,48.056
2018/05/28,48.245
2018/05/29,48.064
2018/05/30,48.232
2018/05/31,48.348
2018/06/01,48.155
2018/06/02,48.068
2018/06/03,48.068
2018/06/04,48.099
2018/06/05,48.069
2018/06/06,48.155
2018/06/07,48.073
2018/06/08,48.073
2018/06/09,48.073
2018/06/10,48.073
2018/06/11,48.099
2018/06/12,48.074
2018/06/13,48.074
2018/06/14,48.156
2018/06/15,48.118
2018/06/16,48.076
2018/06/17,48.076
2018/06/18,48.076
2018/06/19,48.076
2018/06/20,48.076
2018/06/21,48.076
2018/06/22,48.123
2018/06/23,48.078
2018/06/24,48.12
2018/06/25,48.098
2018/06/26,48.091
2018/06/27,48.079
2018/06/28,48.121
2018/06/29,48.166
2018/06/30,48.081
2018/07/01,48.081
2018/07/02,63.066
2018/07/03,48.565
2018/07/04,58.68
2018/07/05,50.499
2018/07/06,54.429
2018/07/07,49.834
2018/07/08,48.732
2018/07/09,48.677
2018/07/10,48.677
2018/07/11,48.677
2018/07/12,48.677
2018/07/13,48.677
2018/07/14,48.882
2018/07/15,50.603
2018/07/16,48.706
2018/07/17,48.706
2018/07/18,48.706
2018/07/19,48.706
2018/07/20,48.708
2018/07/21,48.708
2018/07/22,48.706
2018/07/23,48.706
2018/07/24,48.706
2018/07/25,48.706
2018/07/26,48.706
2018/07/27,48.706
2018/07/28,48.706
2018/07/29,48.706
2018/07/30,48.706
2018/07/31,48.721
2018/08/01,48.706
2018/08/02,48.706
2018/08/03,48.706
2018/08/04,48.706
2018/08/05,48.706
2018/08/06,48.706
2018/08/07,51.192
2018/08/08,65.477
2018/08/09,61.404
2018/08/10,53.324
2018/08/11,48.392
2018/08/12,48.392
2018/08/13,48.392
2018/08/14,48.425
2018/08/15,48.393
2018/08/16,48.393
2018/08/17,52.91
2018/08/18,48.517
2018/08/19,48.517
2018/08/20,48.517
2018/08/21,48.517
2018/08/22,48.517
2018/08/23,48.562
2018/08/24,48.648
2018/08/25,48.577
2018/08/26,48.55
2018/08/27,48.516
2018/08/28,48.778
2018/08/29,48.598
2018/08/30,48.546
2018/08/31,48.714
2018/09/01,48.522
2018/09/02,48.522
2018/09/03,48.57
2018/09/04,48.878
2018/09/05,48.972
2018/09/06,50.608
2018/09/07,48.71
2018/09/08,48.539
2018/09/09,48.539
2018/09/10,48.9
2018/09/11,48.707
2018/09/12,48.673
2018/09/13,49.08
2018/09/14,48.977
2018/09/15,48.638
2018/09/16,48.664
2018/09/17,48.605
2018/09/18,48.844
2018/09/19,49.883
2018/09/20,50.216
2018/09/21,53.038
2018/09/22,49.606
2018/09/23,49.005
2018/09/24,50.748
2018/09/25,49.489
2018/09/26,49.493
2018/09/27,50.98
2018/09/28,51.064
2018/09/29,51.081
2018/09/30,49.873
2018/10/01,50.7
2018/10/02,48.663
2018/10/03,48.169
2018/10/04,48.255
2018/10/05,48.172
2018/10/06,48.177
2018/10/07,48.201
2018/10/08,48.217
2018/10/09,48.173
2018/10/10,48.499
2018/10/11,48.243
2018/10/12,48.183
2018/10/13,48.183
2018/10/14,48.183
2018/10/15,48.478
2018/10/16,48.293
2018/10/17,48.228
2018/10/18,48.19
2018/10/19,48.19
2018/10/20,48.226
2018/10/21,48.191
2018/10/22,48.191
2018/10/23,48.341
2018/10/24,50.704
2018/10/25,48.911
2018/10/26,49.113
2018/10/27,48.24
2018/10/28,48.397
2018/10/29,48.384
2018/10/30,48.241
2018/10/31,48.349
2018/11/01,48.245
2018/11/02,48.245
2018/11/03,48.245
2018/11/04,48.245
2018/11/05,48.769
2018/11/06,48.263
2018/11/07,48.263
2018/11/08,48.263
2018/11/09,49.436
2018/11/10,48.409
2018/11/11,48.3
2018/11/12,48.439
2018/11/13,48.438
2018/11/14,49.75
2018/11/15,51.778
2018/11/16,48.357
2018/11/17,48.357
2018/11/18,48.357
2018/11/19,54.102
2018/11/20,49.238
2018/11/21,48.494
2018/11/22,48.494
2018/11/23,48.494
2018/11/24,48.494
2018/11/25,48.876
2018/11/26,48.546
2018/11/27,48.503
2018/11/28,48.503
2018/11/29,48.503
2018/11/30,49.357
2018/12/01,48.524
2018/12/02,48.524
2018/12/03,48.771
2018/12/04,48.53
2018/12/05,48.53
2018/12/06,48.53
2018/12/07,49.318
2018/12/08,48.947
2018/12/09,48.704
2018/12/10,48.793
2018/12/11,48.526
2018/12/12,48.526
2018/12/13,48.526
2018/12/14,48.526
2018/12/15,48.526
2018/12/16,48.761
2018/12/17,48.532
2018/12/18,48.532
2018/12/19,48.532
2018/12/20,48.532
2018/12/21,48.532
2018/12/22,48.532
2018/12/23,48.532
2018/12/24,48.532
2018/12/25,48.532
2018/12/26,48.532
2018/12/27,48.532
2018/12/28,48.532
2018/12/29,48.532
2018/12/30,51.035
2018/12/31,48.59
2019/01/01,48.59
2019/01/02,48.59
2019/01/03,48.59
2019/01/04,48.59
2019/01/05,48.59
2019/01/06,48.59
2019/01/07,48.607
2019/01/08,48.902
2019/01/09,48.597
2019/01/10,48.597
2019/01/11,48.855
2019/01/12,48.602
2019/01/13,48.602
2019/01/14,54.528
2019/01/15,52.436
2019/01/16,48.599
2019/01/17,48.599
2019/01/18,48.599
2019/01/19,48.599
2019/01/20,48.599
2019/01/21,48.599
2019/01/22,48.599
2019/01/23,48.599
2019/01/24,48.599
2019/01/25,48.599
2019/01/26,48.599
2019/01/27,48.599
2019/01/28,50.597
2019/01/29,48.641
2019/01/30,48.641
2019/01/31,48.641
2019/02/01,48.641
2019/02/02,48.641
2019/02/03,48.641
2019/02/04,48.641
2019/02/05,48.641
2019/02/06,48.641
2019/02/07,48.641
2019/02/08,48.641
2019/02/09,48.641
2019/02/10,48.641
2019/02/11,48.641
2019/02/12,48.641
2019/02/13,48.641
2019/02/14,48.641
2019/02/15,48.641
2019/02/16,48.641
2019/02/17,48.641
2019/02/18,49.27
2019/02/19,48.654
2019/02/20,48.654
2019/02/21,48.654
2019/02/22,48.654
2019/02/23,48.654
2019/02/24,48.654
2019/02/25,48.654
2019/02/26,48.654
2019/02/27,48.654
2019/02/28,48.654
2019/03/01,48.654
2019/03/02,48.654
2019/03/03,48.654
2019/03/04,48.654
2019/03/05,48.654
2019/03/06,48.654
2019/03/07,48.654
2019/03/08,48.654
2019/03/09,48.654
2019/03/10,48.654
2019/03/11,48.654
2019/03/12,48.654
2019/03/13,48.654
2019/03/14,48.654
2019/03/15,48.654
2019/03/16,48.654
2019/03/17,48.654
2019/03/18,48.654
2019/03/19,48.654
2019/03/20,48.654
2019/03/21,48.654
2019/03/22,48.654
2019/03/23,48.654
2019/03/24,48.654
2019/03/25,48.654
2019/03/26,48.683
2019/03/27,48.654
2019/03/28,48.654
2019/03/29,48.654
2019/03/30,48.654
2019/03/31,48.654
2019/04/01,48.654
2019/04/02,48.654
2019/04/03,48.654
2019/04/04,48.654
2019/04/05,48.654
2019/04/06,48.654
2019/04/07,57.364
2019/04/08,60.077
2019/04/09,57.411
2019/04/10,48.358
2019/04/11,48.358
2019/04/12,62.392
2019/04/13,51.439
2019/04/14,48.612
2019/04/15,50.449
2019/04/16,48.65
2019/04/17,48.65
2019/04/18,48.65
2019/04/19,48.65
2019/04/20,48.65
2019/04/21,48.65
2019/04/22,48.65
2019/04/23,48.65
2019/04/24,48.65
2019/04/25,48.65
2019/04/26,48.65
2019/04/27,48.65
2019/04/28,48.65
2019/04/29,48.65
2019/04/30,48.65
2019/05/01,48.65
2019/05/02,48.65
2019/05/03,48.65
2019/05/04,48.65
2019/05/05,48.65
2019/05/06,48.65
2019/05/07,48.65
2019/05/08,48.65
2019/05/09,48.65
2019/05/10,48.65
2019/05/11,48.65
2019/05/12,48.65
2019/05/13,48.65
2019/05/14,48.65
2019/05/15,48.65
2019/05/16,67.129
2019/05/17,48.918
2019/05/18,48.918
2019/05/19,48.918
2019/05/20,48.918
2019/05/21,48.918
2019/05/22,48.918
2019/05/23,48.918
2019/05/24,48.918
2019/05/25,48.918
2019/05/26,48.918
2019/05/27,48.918
2019/05/28,48.918
2019/05/29,48.918
2019/05/30,48.918
2019/05/31,48.918
2019/06/01,48.918
2019/06/02,48.918
2019/06/03,48.918
2019/06/04,48.918
2019/06/05,48.918
2019/06/06,48.918
2019/06/07,48.918
2019/06/08,48.918
2019/06/09,48.918
2019/06/10,48.918
2019/06/11,48.918
2019/06/12,81.668
2019/06/13,49.102
2019/06/14,49.102
2019/06/15,49.102
2019/06/16,64.21
2019/06/17,49.125
2019/06/18,49.125
2019/06/19,49.125
2019/06/20,49.125
2019/06/21,49.125
2019/06/22,49.125
2019/06/23,49.125
2019/06/24,49.125
2019/06/25,49.125
2019/06/26,49.125
2019/06/27,49.125
2019/06/28,49.125
2019/06/29,49.125
2019/06/30,49.125
2019/07/01,49.125
2019/07/02,49.125
2019/07/03,49.125
2019/07/04,49.125
2019/07/05,49.125
2019/07/06,49.125
2019/07/07,49.125
2019/07/08,49.125
2019/07/09,49.125
2019/07/10,49.125
2019/07/11,49.125
2019/07/12,49.125
2019/07/13,49.125
2019/07/14,49.125
2019/07/15,49.125
2019/07/16,49.125
2019/07/17,49.125
2019/07/18,49.125
2019/07/19,49.125
2019/07/20,49.125
2019/07/21,49.125
2019/07/22,49.125
2019/07/23,49.125
2019/07/24,49.125
2019/07/25,49.125
2019/07/26,49.125
2019/07/27,49.125
2019/07/28,49.125
2019/07/29,49.125
2019/07/30,49.125
2019/07/31,49.125
2019/08/01,49.125
2019/08/02,49.125
2019/08/03,49.125
2019/08/04,49.125
2019/08/05,49.125
2019/08/06,49.125
2019/08/07,49.125
2019/08/08,49.125
2019/08/09,49.125
2019/08/10,49.125
2019/08/11,49.125
2019/08/12,49.125
2019/08/13,49.125
2019/08/14,49.125
2019/08/15,49.125
2019/08/16,49.125
2019/08/17,49.125
2019/08/18,49.125
2019/08/19,49.125
2019/08/20,49.125
2019/08/21,49.125
2019/08/22,49.125
2019/08/23,49.125
2019/08/24,49.125
2019/08/25,49.125
2019/08/26,49.125
2019/08/27,49.125
2019/08/28,49.125
2019/08/29,49.125
2019/08/30,49.125
2019/08/31,49.125
2019/09/01,49.125
2019/09/02,49.125
2019/09/03,49.125
2019/09/04,49.125
2019/09/05,49.125
2019/09/06,49.125
2019/09/07,49.125
2019/09/08,49.125
2019/09/09,49.125
2019/09/10,49.125
2019/09/11,49.125
2019/09/12,49.125
2019/09/13,49.125
2019/09/14,49.125
2019/09/15,49.125
2019/09/16,49.125
2019/09/17,49.125
2019/09/18,49.125
2019/09/19,49.125
2019/09/20,49.125
2019/09/21,49.125
2019/09/22,49.125
2019/09/23,49.125
2019/09/24,49.125
2019/09/25,49.125
2019/09/26,49.125
2019/09/27,49.125
2019/09/28,49.125
2019/09/29,49.125
2019/09/30,49.125
2019/10/01,49.125
2019/10/02,49.125
2019/10/03,49.125
2019/10/04,49.125
2019/10/05,49.125
2019/10/06,49.125
2019/10/07,49.125
2019/10/08,49.125
2019/10/09,49.125
2019/10/10,49.125
2019/10/11,49.125
2019/10/12,49.125
2019/10/13,49.125
2019/10/14,49.125
2019/10/15,49.125
2019/10/16,49.125
2019/10/17,49.125
2019/10/18,49.125
2019/10/19,49.125
2019/10/20,49.125
2019/10/21,49.125
2019/10/22,49.125
2019/10/23,49.125
2019/10/24,49.125
2019/10/25,49.125
2019/10/26,49.125
2019/10/27,49.125
2019/10/28,49.125
2019/10/29,49.125
2019/10/30,49.125
2019/10/31,49.125
2019/11/01,49.125
2019/11/02,49.125
2019/11/03,49.125
2019/11/04,49.125
2019/11/05,49.125
2019/11/06,49.125
2019/11/07,49.125
2019/11/08,49.125
2019/11/09,49.125
2019/11/10,49.125
2019/11/11,49.125
2019/11/12,49.125
2019/11/13,49.125
2019/11/14,49.125
2019/11/15,49.125
2019/11/16,49.125
2019/11/17,49.125
2019/11/18,49.125
2019/11/19,49.125
2019/11/20,49.125
2019/11/21,49.125
2019/11/22,49.125
2019/11/23,49.125
2019/11/24,49.125
2019/11/25,49.125
2019/11/26,49.125
2019/11/27,49.125
2019/11/28,49.125
2019/11/29,49.125
2019/11/30,49.125
2019/12/01,49.125
2019/12/02,49.125
2019/12/03,49.125
2019/12/04,49.125
2019/12/05,49.125
2019/12/06,49.125
2019/12/07,49.125
2019/12/08,49.125
2019/12/09,49.125
2019/12/10,49.125
2019/12/11,49.125
2019/12/12,49.125
2019/12/13,49.125
2019/12/14,49.125
2019/12/15,49.125
2019/12/16,49.125
2019/12/17,49.125
2019/12/18,49.125
2019/12/19,49.125
2019/12/20,49.125
2019/12/21,49.125
2019/12/22,49.125
2019/12/23,49.125
2019/12/24,49.125
2019/12/25,49.125
2019/12/26,49.125
2019/12/27,49.125
2019/12/28,49.125
2019/12/29,49.125
2019/12/30,49.125
2019/12/31,49.125
2020/01/01,49.125
2020/01/02,49.125
2020/01/03,49.125
2020/01/04,49.125
2020/01/05,49.125
2020/01/06,49.125
2020/01/07,49.125
2020/01/08,49.125
2020/01/09,49.125
2020/01/10,49.125
2020/01/11,49.125
2020/01/12,49.125
2020/01/13,49.125
2020/01/14,49.125
2020/01/15,49.125
2020/01/16,49.125
2020/01/17,49.125
2020/01/18,49.125
2020/01/19,49.125
2020/01/20,49.125
2020/01/21,49.125
2020/01/22,49.125
2020/01/23,49.125
2020/01/24,49.125
2020/01/25,49.125
2020/01/26,49.125
2020/01/27,49.125
2020/01/28,49.125
2020/01/29,49.125
2020/01/30,49.125
2020/01/31,49.125
2020/02/01,49.125
2020/02/02,49.125
2020/02/03,49.125
2020/02/04,49.125
2020/02/05,49.125
2020/02/06,49.125
2020/02/07,49.125
2020/02/08,49.125
2020/02/09,49.125
2020/02/10,49.125
2020/02/11,49.125
2020/02/12,49.125
2020/02/13,49.125
2020/02/14,49.125
2020/02/15,49.125
2020/02/16,49.125
2020/02/17,49.125
2020/02/18,49.125
2020/02/19,49.125
2020/02/20,49.125
2020/02/21,49.125
2020/02/22,49.125
2020/02/23,49.125
2020/02/24,49.125
2020/02/25,49.125
2020/02/26,49.125
2020/02/27,49.125
2020/02/28,49.125
2020/02/29,49.125
2020/03/01,49.125
2020/03/02,49.125
2020/03/03,49.125
2020/03/04,49.125
2020/03/05,49.125
2020/03/06,49.125
2020/03/07,49.125
2020/03/08,49.125
2020/03/09,49.125
2020/03/10,49.125
2020/03/11,49.125
2020/03/12,49.125
2020/03/13,49.125
2020/03/14,49.125
2020/03/15,49.125
2020/03/16,49.125
2020/03/17,49.125
2020/03/18,49.125
2020/03/19,49.125
2020/03/20,49.125
2020/03/21,49.125
2020/03/22,49.125
2020/03/23,49.125
2020/03/24,49.125
2020/03/25,49.125
2020/03/26,49.125
2020/03/27,49.125
2020/03/28,49.125
2020/03/29,49.125
2020/03/30,49.125
2020/03/31,49.125
2020/04/01,49.125
2020/04/02,49.125
2020/04/03,49.125
2020/04/04,49.125
2020/04/05,49.125
2020/04/06,49.125
2020/04/07,49.125
2020/04/08,49.125
2020/04/09,49.125
2020/04/10,49.125
2020/04/11,49.125
2020/04/12,49.125
2020/04/13,49.125
2020/04/14,49.125
2020/04/15,49.125
2020/04/16,49.125
2020/04/17,49.125
2020/04/18,49.125
2020/04/19,49.125
2020/04/20,49.125
2020/04/21,49.125
2020/04/22,49.125
2020/04/23,49.125
2020/04/24,49.125
2020/04/25,49.125
2020/04/26,49.125
2020/04/27,49.125
2020/04/28,49.125
2020/04/29,49.125
2020/04/30,49.125
2020/05/01,49.125
2020/05/02,49.125
2020/05/03,49.125
2020/05/04,49.125
2020/05/05,49.125
2020/05/06,49.125
2020/05/07,49.125
2020/05/08,49.125
2020/05/09,49.125
2020/05/10,49.125
2020/05/11,49.125
2020/05/12,49.125
2020/05/13,49.125
2020/05/14,49.125
2020/05/15,49.125
2020/05/16,49.125
2020/05/17,49.125
2020/05/18,49.125
2020/05/19,49.125
2020/05/20,49.125
2020/05/21,49.125
2020/05/22,49.125
2020/05/23,49.125
2020/05/24,49.125
2020/05/25,49.125
2020/05/26,49.125
2020/05/27,49.125
2020/05/28,49.125
2020/05/29,49.125
2020/05/30,49.125
2020/05/31,49.125
2020/06/01,49.125
2020/06/02,49.125
2020/06/03,49.125
2020/06/04,49.125
2020/06/05,49.125
2020/06/06,49.125
2020/06/07,49.125
2020/06/08,49.125
2020/06/09,49.125
2020/06/10,49.125
2020/06/11,49.125
2020/06/12,49.125
2020/06/13,49.125
2020/06/14,49.125
2020/06/15,49.125
2020/06/16,49.125
2020/06/17,49.125
2020/06/18,49.125
2020/06/19,49.125
2020/06/20,49.125
2020/06/21,49.125
2020/06/22,49.125
2020/06/23,49.125
2020/06/24,49.125
2020/06/25,49.125
2020/06/26,49.125
2020/06/27,49.125
2020/06/28,49.125
2020/06/29,49.125
2020/06/30,49.125
2020/07/01,49.125
2020/07/02,49.125
2020/07/03,49.125
2020/07/04,49.125
2020/07/05,49.125
2020/07/06,49.125
2020/07/07,49.125
2020/07/08,49.125
2020/07/09,49.125
2020/07/10,49.125
2020/07/11,49.125
2020/07/12,49.125
2020/07/13,49.125
2020/07/14,49.125
2020/07/15,49.125
2020/07/16,49.125
2020/07/17,49.125
2020/07/18,49.125
2020/07/19,49.125
2020/07/20,49.125
2020/07/21,49.125
2020/07/22,49.125
2020/07/23,49.125
2020/07/24,49.125
2020/07/25,49.125
2020/07/26,49.125
2020/07/27,49.125
2020/07/28,49.125
2020/07/29,49.125
2020/07/30,49.125
2020/07/31,49.125
2020/08/01,49.125
2020/08/02,49.125
2020/08/03,49.125
2020/08/04,49.125
2020/08/05,49.125
2020/08/06,49.125
2020/08/07,49.125
2020/08/08,49.125
2020/08/09,49.125
2020/08/10,49.125
2020/08/11,49.125
2020/08/12,49.125
2020/08/13,49.125
2020/08/14,49.125
2020/08/15,49.125
2020/08/16,49.125
2020/08/17,49.125
2020/08/18,49.125
2020/08/19,49.125
2020/08/20,49.125
2020/08/21,49.125
2020/08/22,49.125
2020/08/23,49.125
2020/08/24,49.125
2020/08/25,49.125
2020/08/26,0
2020/08/27,0
2020/08/28,0
2020/08/29,0
2020/08/30,0
2020/08/31,0
2020/09/01,0
2020/09/02,0
2020/09/03,0
2020/09/04,0
2020/09/05,0
2020/09/06,0
2020/09/07,0
2020/09/08,0
2020/09/09,0
2020/09/10,0
2020/09/11,0
2020/09/12,0
2020/09/13,0
2020/09/14,0
2020/09/15,0
2020/09/16,0
2020/09/17,0
2020/09/18,0
2020/09/19,0
2020/09/20,0
2020/09/21,0
2020/09/22,0
2020/09/23,0
2020/09/24,0
2020/09/25,0
2020/09/26,0
2020/09/27,0
2020/09/28,0
2020/09/29,0
2020/09/30,0
2020/10/01,0
2020/10/02,0
2020/10/03,0
2020/10/04,0
2020/10/05,0
2020/10/06,0
2020/10/07,0
2020/10/08,0
2020/10/09,0
2020/10/10,0
2020/10/11,0
2020/10/12,0
2020/10/13,0
2020/10/14,0
2020/10/15,0
2020/10/16,0
2020/10/17,0
2020/10/18,0
2020/10/19,0
2020/10/20,0
2020/10/21,0
2020/10/22,0
2020/10/23,0
2020/10/24,0
2020/10/25,0
2020/10/26,0
2020/10/27,0
2020/10/28,0
2020/10/29,0
2020/10/30,0
2020/10/31,0
2020/11/01,0
2020/11/02,0
2020/11/03,0
2020/11/04,0
2020/11/05,0
2020/11/06,0
2020/11/07,0
2020/11/08,0
2020/11/09,0
2020/11/10,0
2020/11/11,0
2020/11/12,0
2020/11/13,0
2020/11/14,0
2020/11/15,0
2020/11/16,0
2020/11/17,0
2020/11/18,0
2020/11/19,0
2020/11/20,0
2020/11/21,0
2020/11/22,0
2020/11/23,0
2020/11/24,0
2020/11/25,0
2020/11/26,0
2020/11/27,0
2020/11/28,0
2020/11/29,0
2020/11/30,0
2020/12/01,0
2020/12/02,0
2020/12/03,0
2020/12/04,0
2020/12/05,0
2020/12/06,0
2020/12/07,0
2020/12/08,0
2020/12/09,0
2020/12/10,0
2020/12/11,0
2020/12/12,0
2020/12/13,0
2020/12/14,0
2020/12/15,0
2020/12/16,0
2020/12/17,0
2020/12/18,0
2020/12/19,0
2020/12/20,0
2020/12/21,0
2020/12/22,0
2020/12/23,0
2020/12/24,0
2020/12/25,0
2020/12/26,0
2020/12/27,0
2020/12/28,0
2020/12/29,0
2020/12/30,0
2020/12/31,0
2021/01/01,0
2021/01/02,0
2021/01/03,0
2021/01/04,0
2021/01/05,0
2021/01/06,0
2021/01/07,0
2021/01/08,0
2021/01/09,0
2021/01/10,0
2021/01/11,0
2021/01/12,0
2021/01/13,0
2021/01/14,0
2021/01/15,0
2021/01/16,0
2021/01/17,0
2021/01/18,0
2021/01/19,0
2021/01/20,0
2021/01/21,0
2021/01/22,0
2021/01/23,0
2021/01/24,0
2021/01/25,0
2021/01/26,0
2021/01/27,0
2021/01/28,0
2021/01/29,0
2021/01/30,0
2021/01/31,0
2021/02/01,0
2021/02/02,0
2021/02/03,0
2021/02/04,0
2021/02/05,0
2021/02/06,0
2021/02/07,0
2021/02/08,0
2021/02/09,0
2021/02/10,0
2021/02/11,0
2021/02/12,0
2021/02/13,0
2021/02/14,0
2021/02/15,0
2021/02/16,0
2021/02/17,0
2021/02/18,0
2021/02/19,0
2021/02/20,0
2021/02/21,0
2021/02/22,0
2021/02/23,0
2021/02/24,0
2021/02/25,0
2021/02/26,0
2021/02/27,0
2021/02/28,0
2021/03/01,0
2021/03/02,0
2021/03/03,0
2021/03/04,0
2021/03/05,0
2021/03/06,0
2021/03/07,0
2021/03/08,0
2021/03/09,0
2021/03/10,0
2021/03/11,0
2021/03/12,0
2021/03/13,0
2021/03/14,0
2021/03/15,0
2021/03/16,0
2021/03/17,0
2021/03/18,0
2021/03/19,0
2021/03/20,0
2021/03/21,0
2021/03/22,0
2021/03/23,0
2021/03/24,0
2021/03/25,0
2021/03/26,0
2021/03/27,0
2021/03/28,0
2021/03/29,0
2021/03/30,0
2021/03/31,0
2021/04/01,100
2021/04/02,49.153
2021/04/03,49.153
2021/04/04,49.153
2021/04/05,49.153
2021/04/06,49.153
2021/04/07,49.153
2021/04/08,49.153
2021/04/09,49.153
2021/04/10,49.153
2021/04/11,49.153
2021/04/12,49.153
2021/04/13,49.153
2021/04/14,49.153
2021/04/15,49.153
2021/04/16,68.688
2021/04/17,84.061
2021/04/18,60.804
2021/04/19,67.815
2021/04/20,77.596
2021/04/21,54.984
2021/04/22,48.276
2021/04/23,48.276
2021/04/24,49.297
2021/04/25,48.407
2021/04/26,48.307
2021/04/27,48.307
2021/04/28,48.307
2021/04/29,48.307
2021/04/30,48.307
2021/05/01,48.307
2021/05/02,48.307
2021/05/03,48.307
2021/05/04,48.307
2021/05/05,48.307
2021/05/06,48.307
2021/05/07,48.307
2021/05/08,65.86
2021/05/09,67.508
2021/05/10,70.648
2021/05/11,79.893
2021/05/12,65.597
2021/05/13,51.881
2021/05/14,52.993
2021/05/15,51.838
2021/05/16,50.565
2021/05/17,47.293
2021/05/18,47.301
2021/05/19,47.294
2021/05/20,47.3
2021/05/21,47.294
2021/05/22,47.294
2021/05/23,47.294
2021/05/24,47.294
2021/05/25,47.294
2021/05/26,47.294
2021/05/27,47.294
2021/05/28,47.294
2021/05/29,48.137
2021/05/30,47.354
2021/05/31,47.66
2021/06/01,47.375
2021/06/02,47.375
2021/06/03,47.375
2021/06/04,47.375
2021/06/05,47.375
2021/06/06,47.375
2021/06/07,47.375
2021/06/08,47.375
2021/06/09,47.375
2021/06/10,47.375
2021/06/11,47.375
2021/06/12,47.375
2021/06/13,47.375
2021/06/14,47.375
2021/06/15,47.375
2021/06/16,47.375
2021/06/17,47.375
2021/06/18,47.375
2021/06/19,47.375
2021/06/20,47.375
2021/06/21,47.375
2021/06/22,47.375
2021/06/23,47.375
2021/06/24,47.375
2021/06/25,47.375
2021/06/26,47.375
2021/06/27,47.501
2021/06/28,53.257
2021/06/29,47.734
2021/06/30,47.734
2021/07/01,47.734
2021/07/02,47.734
2021/07/03,47.734
2021/07/04,47.734
2021/07/05,47.734
2021/07/06,47.734
2021/07/07,47.734
2021/07/08,47.734
2021/07/09,47.734
2021/07/10,47.734
2021/07/11,47.734
2021/07/12,47.734
2021/07/13,47.734
2021/07/14,47.734
2021/07/15,47.734
2021/07/16,47.734
2021/07/17,47.734
2021/07/18,47.734
2021/07/19,47.734
2021/07/20,47.734
2021/07/21,47.734
2021/07/22,47.734
2021/07/23,47.734
2021/07/24,47.734
2021/07/25,47.734
2021/07/26,47.734
2021/07/27,53.938
2021/07/28,52.284
2021/07/29,47.905
2021/07/30,47.905
2021/07/31,47.905
2021/08/01,47.905
2021/08/02,47.905
2021/08/03,47.905
2021/08/04,47.905
2021/08/05,47.905
2021/08/06,47.905
2021/08/07,47.905
2021/08/08,47.905
2021/08/09,47.912
2021/08/10,47.905
2021/08/11,47.905
2021/08/12,47.905
2021/08/13,47.905
2021/08/14,47.905
2021/08/15,48.88
2021/08/16,47.952
2021/08/17,47.952
2021/08/18,47.952
2021/08/19,47.952
2021/08/20,47.952
2021/08/21,47.952
2021/08/22,47.952
2021/08/23,47.952
2021/08/24,61.868
2021/08/25,50.635
2021/08/26,49.724
2021/08/27,69.902
2021/08/28,69.972
2021/08/29,69.251
2021/08/30,48.743
2021/08/31,55.688
2021/09/01,62.117
2021/09/02,48.732
2021/09/03,48.117
2021/09/04,48.117
2021/09/05,48.132
2021/09/06,48.118
2021/09/07,48.118
2021/09/08,48.118
2021/09/09,48.118
2021/09/10,48.118
2021/09/11,50.136
2021/09/12,49.886
2021/09/13,58.496
2021/09/14,48.795
2021/09/15,52.589
2021/09/16,48.576
2021/09/17,48.47
2021/09/18,48.92
2021/09/19,49.555
2021/09/20,48.484
2021/09/21,48.484
2021/09/22,48.484
2021/09/23,54.932
2021/09/24,49.207
2021/09/25,48.95
2021/09/26,50.179
2021/09/27,53.134
2021/09/28,55.37
2021/09/29,51.437
2021/09/30,58.695
2021/10/01,53.444
2021/10/02,50.576
2021/10/03,52.839
2021/10/04,53.663
2021/10/05,56.216
2021/10/06,65.115
2021/10/07,50.692
2021/10/08,56.779
2021/10/09,50.583
2021/10/10,48.758
2021/10/11,48.268
2021/10/12,48.278
2021/10/13,51.669
2021/10/14,52.089
2021/10/15,50.778
2021/10/16,51.369
2021/10/17,48.504
2021/10/18,50.167
2021/10/19,48.185
2021/10/20,48.718
2021/10/21,50.504
2021/10/22,51.077
2021/10/23,52.707
2021/10/24,51.084
2021/10/25,53.248
2021/10/26,52.526
2021/10/27,47.935
2021/10/28,53.456
2021/10/29,55.523
2021/10/30,52.854
2021/10/31,47.949
2021/11/01,47.95
2021/11/02,49.148
2021/11/03,48.004
2021/11/04,48.004
2021/11/05,48.004
2021/11/06,51.81
2021/11/07,51.327
2021/11/08,48.093
2021/11/09,48.06
2021/11/10,49.245
2021/11/11,54.684
2021/11/12,55.588
2021/11/13,59.011
2021/11/14,57.597
2021/11/15,50.949
2021/11/16,47.686
2021/11/17,52.809
2021/11/18,48.004
2021/11/19,51.302
2021/11/20,49.694
2021/11/21,50.841
2021/11/22,49.173
2021/11/23,48.686
2021/11/24,47.974
2021/11/25,47.974
2021/11/26,47.974
2021/11/27,49.571
2021/11/28,49.93
2021/11/29,51.734
2021/11/30,50.407
2021/12/01,48.818
2021/12/02,47.922
2021/12/03,47.922
2021/12/04,47.922
2021/12/05,56.547
2021/12/06,48.276
2021/12/07,48.276
2021/12/08,48.75
2021/12/09,49.948
2021/12/10,49.961
2021/12/11,49.914
2021/12/12,50.292
2021/12/13,48.346
2021/12/14,48.16
2021/12/15,48.16
2021/12/16,51.059
2021/12/17,54.25
2021/12/18,50.369
2021/12/19,49.529
2021/12/20,49.318
2021/12/21,49.897
2021/12/22,50.456
2021/12/23,48.613
2021/12/24,48.071
2021/12/25,48.071
2021/12/26,48.071
2021/12/27,49.539
2021/12/28,50.683
2021/12/29,48.131
2021/12/30,51.009
2021/12/31,48.24
2022/01/01,48.24
2022/01/02,49.473
2022/01/03,50.968
2022/01/04,53.803
2022/01/05,52.143
2022/01/06,54.873
2022/01/07,54.791
2022/01/08,55.353
2022/01/09,62.607
2022/01/10,47.973
2022/01/11,48.528
2022/01/12,51.897
2022/01/13,52.248
2022/01/14,52.933
2022/01/15,53.014
2022/01/16,54.027
2022/01/17,52.174
2022/01/18,50.954
2022/01/19,51.431
2022/01/20,50.851
2022/01/21,49.038
2022/01/22,47.301
2022/01/23,51.355
2022/01/24,48.28
2022/01/25,50.483
2022/01/26,49.709
2022/01/27,49.298
2022/01/28,49.861
2022/01/29,52.337
2022/01/30,54.341
2022/01/31,51.793
2022/02/01,54.647
2022/02/02,53.229
2022/02/03,50.846
2022/02/04,51.382
2022/02/05,49.853
2022/02/06,49.108
2022/02/07,49.69
2022/02/08,48.376
2022/02/09,49.809
2022/02/10,48.887
2022/02/11,47.961
2022/02/12,47.803
2022/02/13,47.857
2022/02/14,47.568
2022/02/15,47.592
2022/02/16,46.605
2022/02/17,47.91
2022/02/18,46.729
2022/02/19,47.746
2022/02/20,46.821
2022/02/21,52.355
2022/02/22,49.583
2022/02/23,50.064
2022/02/24,47.759
2022/02/25,49.025
2022/02/26,48.327
2022/02/27,48.16
2022/02/28,48.025
2022/03/01,48.114
2022/03/02,48.317
2022/03/03,48.612
2022/03/04,48.243
2022/03/05,48.062
2022/03/06,48.108
2022/03/07,47.857
2022/03/08,47.484
2022/03/09,47.125
2022/03/10,46.874
2022/03/11,48.055
2022/03/12,48.034
2022/03/13,48.019
2022/03/14,47.723
2022/03/15,48.137
2022/03/16,47.708
2022/03/17,47.269
2022/03/18,54.729
2022/03/19,47.555
2022/03/20,48.295
2022/03/21,48.542
2022/03/22,50.057
2022/03/23,48.312
2022/03/24,48.75
2022/03/25,48.872
2022/03/26,48.545
2022/03/27,48.758
2022/03/28,47.371
2022/03/29,47.371
2022/03/30,47.371
2022/03/31,47.396
2022/04/01,48.414
2022/04/02,48.799
2022/04/03,53.008
2022/04/04,53.001
2022/04/05,54.098
2022/04/06,48.687
2022/04/07,52.803
2022/04/08,51.59
2022/04/09,49.137
2022/04/10,51.21
2022/04/11,48.232
2022/04/12,47.451
2022/04/13,47.556
2022/04/14,49.322
2022/04/15,48.345
2022/04/16,48.658
2022/04/17,48.655
2022/04/18,48.579
2022/04/19,49.718
2022/04/20,50.535
2022/04/21,47.475
2022/04/22,52.935
2022/04/23,48.704
2022/04/24,48.909
2022/04/25,47.745
2022/04/26,49.724
2022/04/27,52.925
2022/04/28,49.617
2022/04/29,48.567
2022/04/30,47.869
2022/05/01,47.958
2022/05/02,49.768
2022/05/03,49.762
2022/05/04,49.781
2022/05/05,48.712
2022/05/06,49.839
2022/05/07,48.62
2022/05/08,48.661
2022/05/09,47.784
2022/05/10,49.423
2022/05/11,47.868
2022/05/12,47.868
2022/05/13,49.424
2022/05/14,48.342
2022/05/15,48.57
2022/05/16,47.956
2022/05/17,48.61
2022/05/18,47.956
2022/05/19,48.04
2022/05/20,47.96
2022/05/21,48.708
2022/05/22,48.735
2022/05/23,47.972
2022/05/24,48.302
2022/05/25,48.318
2022/05/26,47.977
2022/05/27,47.977
2022/05/28,48.922
2022/05/29,49.104
2022/05/30,47.997
2022/05/31,47.997
2022/06/01,48.919
2022/06/02,48.038
2022/06/03,48.038
2022/06/04,48.038
2022/06/05,48.038
2022/06/06,48.038
2022/06/07,48.038
2022/06/08,48.038
2022/06/09,48.038
2022/06/10,48.038
2022/06/11,48.038
2022/06/12,48.038
2022/06/13,48.038
2022/06/14,48.038
2022/06/15,48.038
2022/06/16,48.038
2022/06/17,48.038
2022/06/18,48.038
2022/06/19,48.038
2022/06/20,48.038
2022/06/21,48.038
2022/06/22,48.038
2022/06/23,48.038
2022/06/24,48.038
2022/06/25,48.038
2022/06/26,48.038
2022/06/27,48.038
2022/06/28,48.038
2022/06/29,48.038
2022/06/30,48.038
2022/07/01,48.038
2022/07/02,48.038
2022/07/03,48.038
2022/07/04,48.038
2022/07/05,48.038
2022/07/06,48.038
2022/07/07,48.038
2022/07/08,48.038
2022/07/09,48.038
2022/07/10,48.038
2022/07/11,48.038
2022/07/12,48.038
2022/07/13,48.038
2022/07/14,48.038
2022/07/15,50.566
2022/07/16,50.772
2022/07/17,48.072
2022/07/18,48.072
2022/07/19,48.072
2022/07/20,48.072
2022/07/21,48.072
2022/07/22,48.072
2022/07/23,48.072
2022/07/24,48.072
2022/07/25,52.431
2022/07/26,91.466
2022/07/27,49.043
2022/07/28,49.043
2022/07/29,49.043
2022/07/30,49.043
2022/07/31,49.043
2022/08/01,49.406
2022/08/02,49.045
2022/08/03,49.045
2022/08/04,53.58
2022/08/05,49.063
2022/08/06,49.512
2022/08/07,49.311
2022/08/08,49.056
2022/08/09,49.056
2022/08/10,49.056
2022/08/11,49.056
2022/08/12,49.056
2022/08/13,49.056
2022/08/14,49.056
2022/08/15,49.056
2022/08/16,49.056
2022/08/17,49.056
2022/08/18,49.056
2022/08/19,49.056
2022/08/20,49.056
2022/08/21,49.056
2022/08/22,49.056
2022/08/23,49.056
2022/08/24,49.056
2022/08/25,49.056
2022/08/26,49.056
2022/08/27,49.056
2022/08/28,49.056
2022/08/29,49.056
2022/08/30,49.056
2022/08/31,49.063
2022/09/01,49.056
2022/09/02,49.056
2022/09/03,49.62
2022/09/04,49.925
2022/09/05,49.04
2022/09/06,49.04
2022/09/07,49.04
2022/09/08,49.04
2022/09/09,49.04
2022/09/10,49.767
2022/09/11,49.043
2022/09/12,49.043
2022/09/13,49.043
2022/09/14,49.708
2022/09/15,49.046
2022/09/16,49.046
2022/09/17,49.283
2022/09/18,49.047
2022/09/19,49.047
2022/09/20,49.047
2022/09/21,49.047
2022/09/22,49.047
2022/09/23,49.047
2022/09/24,49.047
2022/09/25,49.047
2022/09/26,49.047
2022/09/27,49.047
2022/09/28,49.047
2022/09/29,49.047
2022/09/30,49.047
2022/10/01,49.047
2022/10/02,49.047
2022/10/03,49.047
2022/10/04,49.047
2022/10/05,49.047
2022/10/06,49.047
2022/10/07,49.047
2022/10/08,49.047
2022/10/09,49.047
2022/10/10,49.047
2022/10/11,49.047
2022/10/12,49.047
2022/10/13,49.047
2022/10/14,49.047
2022/10/15,49.047
2022/10/16,49.047
2022/10/17,49.047
2022/10/18,49.047
2022/10/19,49.047
2022/10/20,49.047
2022/10/21,49.047
2022/10/22,49.047
2022/10/23,49.047
2022/10/24,49.047
2022/10/25,49.047
2022/10/26,49.047
2022/10/27,49.047
2022/10/28,49.047
2022/10/29,49.047
2022/10/30,49.047
2022/10/31,49.047
2022/11/01,49.047
2022/11/02,49.047
2022/11/03,49.047
2022/11/04,49.047
2022/11/05,49.047
2022/11/06,49.047
2022/11/07,49.047
2022/11/08,49.047
2022/11/09,49.047
2022/11/10,49.047
2022/11/11,49.047
2022/11/12,49.047
2022/11/13,49.047
2022/11/14,49.047
2022/11/15,49.047
2022/11/16,49.047
2022/11/17,49.047
2022/11/18,49.047
2022/11/19,49.047
2022/11/20,49.047
2022/11/21,49.047
2022/11/22,49.047
2022/11/23,49.047
2022/11/24,49.047
2022/11/25,49.047
2022/11/26,49.047
2022/11/27,49.047
2022/11/28,49.047
2022/11/29,49.047
