Date,median_transaction_fee7rocUSD
2016/01/01,9.778
2016/01/02,-4.781
2016/01/03,-69.497
2016/01/04,-5.375
2016/01/05,183.662
2016/01/06,-1.765
2016/01/07,195.89
2016/01/08,3.249
2016/01/09,31.972
2016/01/10,10.498
2016/01/11,8.454
2016/01/12,-59.542
2016/01/13,14.155
2016/01/14,-59.639
2016/01/15,25.249
2016/01/16,-2.635
2016/01/17,14.019
2016/01/18,61.632
2016/01/19,40.079
2016/01/20,-53.651
2016/01/21,33.877
2016/01/22,46.884
2016/01/23,40.331
2016/01/24,73.414
2016/01/25,49.741
2016/01/26,73.973
2016/01/27,96.683
2016/01/28,93.463
2016/01/29,41.116
2016/01/30,44.737
2016/01/31,11.415
2016/02/01,-12.918
2016/02/02,-21.935
2016/02/03,-15.752
2016/02/04,-14.137
2016/02/05,-1.831
2016/02/06,182.853
2016/02/07,12.898
2016/02/08,39.729
2016/02/09,56.132
2016/02/10,79.691
2016/02/11,94.725
2016/02/12,133.97
2016/02/13,-30.024
2016/02/14,81.701
2016/02/15,76.101
2016/02/16,39.293
2016/02/17,1.344
2016/02/18,-18.281
2016/02/19,-23.868
2016/02/20,-11.019
2016/02/21,-9.529
2016/02/22,-5.959
2016/02/23,25.357
2016/02/24,31.456
2016/02/25,55.543
2016/02/26,33.119
2016/02/27,40.128
2016/02/28,45.48
2016/02/29,24.84
2016/03/01,10.64
2016/03/02,37.33
2016/03/03,47.352
2016/03/04,54.623
2016/03/05,79.039
2016/03/06,72.376
2016/03/07,60.909
2016/03/08,42.257
2016/03/09,32.39
2016/03/10,-49.673
2016/03/11,-52.052
2016/03/12,-53.656
2016/03/13,-48.42
2016/03/14,-47.893
2016/03/15,-47.052
2016/03/16,-49.91
2016/03/17,-0.26
2016/03/18,-8.019
2016/03/19,-17.805
2016/03/20,-28.593
2016/03/21,-18.432
2016/03/22,-8.683
2016/03/23,-10.469
2016/03/24,-1.808
2016/03/25,5.63
2016/03/26,7.256
2016/03/27,4.434
2016/03/28,1.944
2016/03/29,-0.405
2016/03/30,-0.411
2016/03/31,3.174
2016/04/01,7.661
2016/04/02,0.686
2016/04/03,7.564
2016/04/04,0.755
2016/04/05,-2.642
2016/04/06,-10.266
2016/04/07,-11.676
2016/04/08,-14.923
2016/04/09,-16.133
2016/04/10,-24.973
2016/04/11,-24.785
2016/04/12,-30.039
2016/04/13,-26.153
2016/04/14,-19.327
2016/04/15,-15.748
2016/04/16,-13.835
2016/04/17,7.239
2016/04/18,6.854
2016/04/19,14.788
2016/04/20,9.8
2016/04/21,1.025
2016/04/22,-3.947
2016/04/23,-3.337
2016/04/24,-11.552
2016/04/25,-13.995
2016/04/26,-19.045
2016/04/27,-11.471
2016/04/28,-12.306
2016/04/29,-6.685
2016/04/30,3.202
2016/05/01,6.516
2016/05/02,22.86
2016/05/03,31.631
2016/05/04,25.54
2016/05/05,28.727
2016/05/06,29.784
2016/05/07,12.851
2016/05/08,6.594
2016/05/09,-1.52
2016/05/10,-3.137
2016/05/11,1.488
2016/05/12,6.028
2016/05/13,9.168
2016/05/14,9.357
2016/05/15,9.146
2016/05/16,11.269
2016/05/17,25.665
2016/05/18,34.011
2016/05/19,37.47
2016/05/20,35.663
2016/05/21,33.616
2016/05/22,38.63
2016/05/23,33.986
2016/05/24,10.94
2016/05/25,-4.433
2016/05/26,-10.688
2016/05/27,-21.114
2016/05/28,-2.672
2016/05/29,-14.172
2016/05/30,-11.484
2016/05/31,2.008
2016/06/01,11.944
2016/06/02,11.133
2016/06/03,20.59
2016/06/04,2.813
2016/06/05,13.82
2016/06/06,11.221
2016/06/07,9.713
2016/06/08,4.217
2016/06/09,4.008
2016/06/10,3.038
2016/06/11,1.275
2016/06/12,6.929
2016/06/13,19.871
2016/06/14,24.792
2016/06/15,26.62
2016/06/16,35.419
2016/06/17,42.69
2016/06/18,9.84
2016/06/19,-17.039
2016/06/20,-29.119
2016/06/21,-28.182
2016/06/22,-22.562
2016/06/23,-33.198
2016/06/24,-30.919
2016/06/25,-6.55
2016/06/26,14.31
2016/06/27,17.848
2016/06/28,0.346
2016/06/29,-9.972
2016/06/30,32.117
2016/07/01,-12.441
2016/07/02,-15.366
2016/07/03,-14.794
2016/07/04,-16.75
2016/07/05,-20.093
2016/07/06,-17.238
2016/07/07,-41.538
2016/07/08,-14.01
2016/07/09,-8.707
2016/07/10,-8.468
2016/07/11,-8.531
2016/07/12,0.521
2016/07/13,-1.327
2016/07/14,10.069
2016/07/15,14.006
2016/07/16,7.356
2016/07/17,3.807
2016/07/18,7.321
2016/07/19,7.168
2016/07/20,25.145
2016/07/21,12.101
2016/07/22,13.275
2016/07/23,22.693
2016/07/24,19.112
2016/07/25,17.575
2016/07/26,13.892
2016/07/27,-0.184
2016/07/28,9.783
2016/07/29,-5.846
2016/07/30,-12.294
2016/07/31,-9.435
2016/08/01,-13.07
2016/08/02,-20.556
2016/08/03,-22.582
2016/08/04,-21.306
2016/08/05,-13.773
2016/08/06,-15.414
2016/08/07,-10.301
2016/08/08,-5.377
2016/08/09,14.447
2016/08/10,20.698
2016/08/11,10.638
2016/08/12,8.366
2016/08/13,9.064
2016/08/14,5.032
2016/08/15,1.956
2016/08/16,-4.165
2016/08/17,-9.833
2016/08/18,-4.497
2016/08/19,-9.316
2016/08/20,-4.938
2016/08/21,-2.837
2016/08/22,0.654
2016/08/23,10.623
2016/08/24,0.657
2016/08/25,-1.183
2016/08/26,5.234
2016/08/27,1.172
2016/08/28,-0.752
2016/08/29,-0.292
2016/08/30,-10.108
2016/08/31,2.634
2016/09/01,9.229
2016/09/02,16.318
2016/09/03,6.101
2016/09/04,22.232
2016/09/05,4.35
2016/09/06,4.084
2016/09/07,11.445
2016/09/08,2.306
2016/09/09,-6.459
2016/09/10,-1.91
2016/09/11,-11.979
2016/09/12,2.157
2016/09/13,3.679
2016/09/14,0.822
2016/09/15,3.213
2016/09/16,5.965
2016/09/17,8.052
2016/09/18,7.549
2016/09/19,8.285
2016/09/20,14.053
2016/09/21,8.295
2016/09/22,13.945
2016/09/23,89.645
2016/09/24,81.375
2016/09/25,127.655
2016/09/26,137.192
2016/09/27,98.365
2016/09/28,53.725
2016/09/29,34.079
2016/09/30,-20.126
2016/10/01,7.554
2016/10/02,-19.38
2016/10/03,-30.112
2016/10/04,1.713
2016/10/05,-24.273
2016/10/06,-21.041
2016/10/07,-26.925
2016/10/08,-43.195
2016/10/09,-34.971
2016/10/10,-33.875
2016/10/11,-47.775
2016/10/12,-7.83
2016/10/13,359.885
2016/10/14,129.886
2016/10/15,257.896
2016/10/16,142.658
2016/10/17,146.164
2016/10/18,124.871
2016/10/19,26.031
2016/10/20,-78.892
2016/10/21,-54.572
2016/10/22,-69.889
2016/10/23,-61.305
2016/10/24,-57.231
2016/10/25,-55.595
2016/10/26,-22.941
2016/10/27,-5.574
2016/10/28,-6.74
2016/10/29,-11.67
2016/10/30,-14.586
2016/10/31,-6.753
2016/11/01,-7.355
2016/11/02,-14.077
2016/11/03,-12.441
2016/11/04,-14.995
2016/11/05,-3.049
2016/11/06,0.143
2016/11/07,-11.23
2016/11/08,-6.677
2016/11/09,-5.945
2016/11/10,0.56
2016/11/11,-0.403
2016/11/12,-6.505
2016/11/13,0.352
2016/11/14,1.248
2016/11/15,-3.494
2016/11/16,4.992
2016/11/17,-5.902
2016/11/18,-3.842
2016/11/19,-3.786
2016/11/20,-9.811
2016/11/21,-4.496
2016/11/22,-11.408
2016/11/23,-6.397
2016/11/24,14.001
2016/11/25,-18.083
2016/11/26,0.481
2016/11/27,6.349
2016/11/28,0.462
2016/11/29,0.262
2016/11/30,-18.366
2016/12/01,-31.324
2016/12/02,0.108
2016/12/03,-26.434
2016/12/04,-29.029
2016/12/05,-33.572
2016/12/06,-30.112
2016/12/07,-0.088
2016/12/08,0.129
2016/12/09,-2.784
2016/12/10,3.004
2016/12/11,6.187
2016/12/12,17.139
2016/12/13,22.734
2016/12/14,-2.21
2016/12/15,-6.322
2016/12/16,-6.424
2016/12/17,-7.851
2016/12/18,-11.683
2016/12/19,-5.818
2016/12/20,-6.705
2016/12/21,6.021
2016/12/22,-4.259
2016/12/23,-6.424
2016/12/24,-3.088
2016/12/25,-0.052
2016/12/26,-13.766
2016/12/27,-8.38
2016/12/28,-18.741
2016/12/29,8.808
2016/12/30,12.295
2016/12/31,10.469
2017/01/01,14.191
2017/01/02,17.833
2017/01/03,40.789
2017/01/04,45.362
2017/01/05,28.611
2017/01/06,18
2017/01/07,22.888
2017/01/08,32.959
2017/01/09,34.395
2017/01/10,14.269
2017/01/11,-3.874
2017/01/12,-7.611
2017/01/13,-0.261
2017/01/14,-4.244
2017/01/15,-10.903
2017/01/16,-13.048
2017/01/17,-11.916
2017/01/18,1.218
2017/01/19,3.78
2017/01/20,8.799
2017/01/21,13.853
2017/01/22,10.941
2017/01/23,11.831
2017/01/24,8.516
2017/01/25,4.119
2017/01/26,13.676
2017/01/27,3.345
2017/01/28,-2.01
2017/01/29,2.992
2017/01/30,-2.175
2017/01/31,3.314
2017/02/01,4.966
2017/02/02,-8.375
2017/02/03,-1.238
2017/02/04,7.055
2017/02/05,0.992
2017/02/06,7.155
2017/02/07,14.234
2017/02/08,9.86
2017/02/09,9.453
2017/02/10,7.637
2017/02/11,6.77
2017/02/12,0.836
2017/02/13,14.638
2017/02/14,7.915
2017/02/15,11.474
2017/02/16,9.366
2017/02/17,14.623
2017/02/18,6.172
2017/02/19,12.725
2017/02/20,-1.081
2017/02/21,2.525
2017/02/22,2.365
2017/02/23,0.255
2017/02/24,-0.332
2017/02/25,16.449
2017/02/26,7.869
2017/02/27,15.314
2017/02/28,9.053
2017/03/01,14.184
2017/03/02,36.378
2017/03/03,37.337
2017/03/04,30.589
2017/03/05,33.248
2017/03/06,31.404
2017/03/07,21.921
2017/03/08,3.559
2017/03/09,-0.885
2017/03/10,-5.722
2017/03/11,-6.082
2017/03/12,11.415
2017/03/13,35.481
2017/03/14,43.792
2017/03/15,69.704
2017/03/16,121.384
2017/03/17,153.726
2017/03/18,97.563
2017/03/19,83.665
2017/03/20,52.86
2017/03/21,43.53
2017/03/22,35.753
2017/03/23,5.06
2017/03/24,-2.24
2017/03/25,29.433
2017/03/26,29.476
2017/03/27,27.288
2017/03/28,23.407
2017/03/29,37.814
2017/03/30,23.167
2017/03/31,8.492
2017/04/01,2.215
2017/04/02,-1.743
2017/04/03,-17.766
2017/04/04,-15.398
2017/04/05,-14.107
2017/04/06,-17.993
2017/04/07,1.225
2017/04/08,-13.879
2017/04/09,-8.335
2017/04/10,-0.206
2017/04/11,2.193
2017/04/12,-1.419
2017/04/13,15.355
2017/04/14,3.014
2017/04/15,12.915
2017/04/16,11.169
2017/04/17,15.646
2017/04/18,17.645
2017/04/19,15.199
2017/04/20,5.005
2017/04/21,7.449
2017/04/22,6.318
2017/04/23,0.498
2017/04/24,3.816
2017/04/25,1.341
2017/04/26,-6.657
2017/04/27,12.98
2017/04/28,28.544
2017/04/29,37.153
2017/04/30,43.246
2017/05/01,58.795
2017/05/02,53.08
2017/05/03,56.328
2017/05/04,47.456
2017/05/05,33.85
2017/05/06,25.584
2017/05/07,27.288
2017/05/08,2.304
2017/05/09,4.567
2017/05/10,12.22
2017/05/11,2.291
2017/05/12,-1.749
2017/05/13,1.954
2017/05/14,-2.366
2017/05/15,11.054
2017/05/16,9.578
2017/05/17,12.381
2017/05/18,10.959
2017/05/19,22.85
2017/05/20,44.151
2017/05/21,53.184
2017/05/22,77.832
2017/05/23,86.963
2017/05/24,101.857
2017/05/25,112.224
2017/05/26,59.245
2017/05/27,16.485
2017/05/28,26.15
2017/05/29,6.443
2017/05/30,26.844
2017/05/31,31.273
2017/06/01,22.397
2017/06/02,33.585
2017/06/03,50.726
2017/06/04,56.057
2017/06/05,44.91
2017/06/06,24.017
2017/06/07,10.037
2017/06/08,11.264
2017/06/09,14.808
2017/06/10,31.617
2017/06/11,30.685
2017/06/12,64.143
2017/06/13,52.827
2017/06/14,32.91
2017/06/15,24.158
2017/06/16,28.207
2017/06/17,19.894
2017/06/18,1.879
2017/06/19,-15.341
2017/06/20,11.601
2017/06/21,151.421
2017/06/22,122.707
2017/06/23,123.901
2017/06/24,112.902
2017/06/25,55.912
2017/06/26,29.249
2017/06/27,-6.22
2017/06/28,-32.718
2017/06/29,-33.69
2017/06/30,-61.034
2017/07/01,-63.372
2017/07/02,-52.584
2017/07/03,-29.007
2017/07/04,-35.91
2017/07/05,-58.864
2017/07/06,-48.062
2017/07/07,-12.865
2017/07/08,-9.574
2017/07/09,-2.845
2017/07/10,-34.341
2017/07/11,-28.257
2017/07/12,-21.672
2017/07/13,-21.262
2017/07/14,-29.381
2017/07/15,-23.54
2017/07/16,-40.013
2017/07/17,-20.522
2017/07/18,8.71
2017/07/19,7.325
2017/07/20,1.31
2017/07/21,24.165
2017/07/22,15.885
2017/07/23,47.67
2017/07/24,34.12
2017/07/25,4.55
2017/07/26,-3.297
2017/07/27,-1.024
2017/07/28,-15.11
2017/07/29,-18.417
2017/07/30,-13.649
2017/07/31,-13.424
2017/08/01,13.2
2017/08/02,8.439
2017/08/03,8.302
2017/08/04,7.841
2017/08/05,30.399
2017/08/06,30.809
2017/08/07,33.685
2017/08/08,10.169
2017/08/09,35.492
2017/08/10,32.68
2017/08/11,52.573
2017/08/12,40.701
2017/08/13,19.535
2017/08/14,13.009
2017/08/15,12.312
2017/08/16,32.15
2017/08/17,20.213
2017/08/18,45.22
2017/08/19,-6.706
2017/08/20,-0.929
2017/08/21,10.937
2017/08/22,3.14
2017/08/23,-23.142
2017/08/24,-10.966
2017/08/25,-26.77
2017/08/26,5.946
2017/08/27,9.059
2017/08/28,3.51
2017/08/29,28.131
2017/08/30,43.07
2017/08/31,105.318
2017/09/01,62.659
2017/09/02,48.463
2017/09/03,13.611
2017/09/04,19.413
2017/09/05,3.982
2017/09/06,42.02
2017/09/07,-0.844
2017/09/08,35.384
2017/09/09,4.228
2017/09/10,10.22
2017/09/11,-21.516
2017/09/12,-16.499
2017/09/13,-54.17
2017/09/14,-53.682
2017/09/15,-50.98
2017/09/16,2.147
2017/09/17,14.48
2017/09/18,27.242
2017/09/19,-14.503
2017/09/20,22.966
2017/09/21,-4.25
2017/09/22,-25.848
2017/09/23,-47.218
2017/09/24,-28.964
2017/09/25,-22.735
2017/09/26,12.578
2017/09/27,-11.045
2017/09/28,10.531
2017/09/29,10.472
2017/09/30,49.59
2017/10/01,5.135
2017/10/02,8.93
2017/10/03,1.417
2017/10/04,11.207
2017/10/05,1.223
2017/10/06,31.877
2017/10/07,-14.153
2017/10/08,-0.309
2017/10/09,3.768
2017/10/10,-7.36
2017/10/11,-4.183
2017/10/12,9.385
2017/10/13,2.172
2017/10/14,19.2
2017/10/15,7.215
2017/10/16,-9.702
2017/10/17,-33.957
2017/10/18,-37.439
2017/10/19,-53.552
2017/10/20,-57.431
2017/10/21,-66.468
2017/10/22,-70.772
2017/10/23,-37.235
2017/10/24,0.279
2017/10/25,-33.057
2017/10/26,-23.197
2017/10/27,-100
2017/10/28,-100
2017/10/29,-100
2017/10/30,-100
2017/10/31,-100
2017/11/01,74.701
2017/11/02,113.692
2017/11/03,0
2017/11/04,0
2017/11/05,0
2017/11/06,0
2017/11/07,0
2017/11/08,0.241
2017/11/09,11.546
2017/11/10,32.627
2017/11/11,115.404
2017/11/12,164.539
2017/11/13,418.873
2017/11/14,121.365
2017/11/15,25.618
2017/11/16,3.286
2017/11/17,13.238
2017/11/18,-18.4
2017/11/19,14.761
2017/11/20,14.588
2017/11/21,11.418
2017/11/22,9.306
2017/11/23,21.224
2017/11/24,43.917
2017/11/25,39.038
2017/11/26,29.324
2017/11/27,31.777
2017/11/28,29.019
2017/11/29,28.697
2017/11/30,9.182
2017/12/01,3.169
2017/12/02,17.662
2017/12/03,2.151
2017/12/04,2.447
2017/12/05,47.545
2017/12/06,95.956
2017/12/07,219.03
2017/12/08,224.718
2017/12/09,275.17
2017/12/10,149.409
2017/12/11,96.327
2017/12/12,77.65
2017/12/13,14.997
2017/12/14,22.627
2017/12/15,11.711
2017/12/16,-9.793
2017/12/17,-23.287
2017/12/18,-19.311
2017/12/19,12.721
2017/12/20,50.03
2017/12/21,-4.883
2017/12/22,-15.319
2017/12/23,5.154
2017/12/24,10.84
2017/12/25,-2.433
2017/12/26,-43.76
2017/12/27,-50.572
2017/12/28,-56.256
2017/12/29,-45.858
2017/12/30,-51.694
2017/12/31,-23.731
2018/01/01,4.771
2018/01/02,8.707
2018/01/03,18.233
2018/01/04,101.581
2018/01/05,418.793
2018/01/06,607.319
2018/01/07,528.195
2018/01/08,558.625
2018/01/09,530.122
2018/01/10,701.716
2018/01/11,325.041
2018/01/12,-3.144
2018/01/13,-0.706
2018/01/14,-11.686
2018/01/15,-33.317
2018/01/16,-44.932
2018/01/17,-67.384
2018/01/18,-50.861
2018/01/19,-26.398
2018/01/20,-43.186
2018/01/21,-36.671
2018/01/22,-55.447
2018/01/23,-31.544
2018/01/24,-16.606
2018/01/25,-35.768
2018/01/26,-61.552
2018/01/27,-61.536
2018/01/28,-55.346
2018/01/29,38.855
2018/01/30,-37.932
2018/01/31,-40.45
2018/02/01,30.638
2018/02/02,55.158
2018/02/03,24.757
2018/02/04,-16.141
2018/02/05,-63.736
2018/02/06,-40.372
2018/02/07,-17.446
2018/02/08,-67.409
2018/02/09,-48.874
2018/02/10,-35.414
2018/02/11,-17.176
2018/02/12,10.366
2018/02/13,13.295
2018/02/14,-11.438
2018/02/15,14.421
2018/02/16,12.266
2018/02/17,10.851
2018/02/18,43.054
2018/02/19,9.786
2018/02/20,10.936
2018/02/21,-19.398
2018/02/22,-37.401
2018/02/23,-18.508
2018/02/24,-12.223
2018/02/25,-39.5
2018/02/26,-35.063
2018/02/27,-33.537
2018/02/28,22.106
2018/03/01,27.83
2018/03/02,13.389
2018/03/03,-28.739
2018/03/04,19.619
2018/03/05,41.043
2018/03/06,32.219
2018/03/07,-10.143
2018/03/08,-20.074
2018/03/09,-47.869
2018/03/10,-40.062
2018/03/11,-59.864
2018/03/12,-59.492
2018/03/13,-67.886
2018/03/14,-69.173
2018/03/15,-57.031
2018/03/16,-40.801
2018/03/17,-38.4
2018/03/18,-27.419
2018/03/19,-44.233
2018/03/20,-18.059
2018/03/21,-11.804
2018/03/22,-24.849
2018/03/23,-21.406
2018/03/24,-29.875
2018/03/25,-33.937
2018/03/26,2.699
2018/03/27,-24.671
2018/03/28,-19.159
2018/03/29,-23.308
2018/03/30,-52.786
2018/03/31,-35.792
2018/04/01,-41.478
2018/04/02,-51.276
2018/04/03,-37.987
2018/04/04,-43.077
2018/04/05,-32.378
2018/04/06,-23.981
2018/04/07,-23.548
2018/04/08,-17.785
2018/04/09,-14.928
2018/04/10,-16.391
2018/04/11,7.297
2018/04/12,12.789
2018/04/13,73.132
2018/04/14,42.44
2018/04/15,54.669
2018/04/16,61.813
2018/04/17,23.563
2018/04/18,46.889
2018/04/19,24.585
2018/04/20,54.614
2018/04/21,38.07
2018/04/22,32.275
2018/04/23,26.455
2018/04/24,141.106
2018/04/25,81.02
2018/04/26,96.579
2018/04/27,65.275
2018/04/28,123.94
2018/04/29,158.786
2018/04/30,150.786
2018/05/01,28.864
2018/05/02,19.956
2018/05/03,33.507
2018/05/04,-5.836
2018/05/05,4.013
2018/05/06,-33.764
2018/05/07,-39.605
2018/05/08,-2.863
2018/05/09,32.551
2018/05/10,87.806
2018/05/11,94.927
2018/05/12,3.57
2018/05/13,88.47
2018/05/14,176.595
2018/05/15,137.564
2018/05/16,56.557
2018/05/17,9.002
2018/05/18,19.37
2018/05/19,70.061
2018/05/20,27.62
2018/05/21,-0.841
2018/05/22,4.243
2018/05/23,-5.351
2018/05/24,-14.336
2018/05/25,-18.391
2018/05/26,-14.665
2018/05/27,-31.132
2018/05/28,-11.96
2018/05/29,-11.05
2018/05/30,12.098
2018/05/31,35.995
2018/06/01,35.682
2018/06/02,7.396
2018/06/03,28.023
2018/06/04,10.758
2018/06/05,-10.331
2018/06/06,-9.379
2018/06/07,-30.735
2018/06/08,-32.725
2018/06/09,-32.5
2018/06/10,-46.558
2018/06/11,-54.092
2018/06/12,-45.257
2018/06/13,-44.796
2018/06/14,-29.086
2018/06/15,-7.579
2018/06/16,-35.217
2018/06/17,-47.798
2018/06/18,-28.477
2018/06/19,0.259
2018/06/20,-28.234
2018/06/21,-39.287
2018/06/22,-57.185
2018/06/23,-53.331
2018/06/24,-20.272
2018/06/25,31.853
2018/06/26,-42.454
2018/06/27,-28.29
2018/06/28,-40.01
2018/06/29,-22.333
2018/06/30,598.661
2018/07/01,1537
2018/07/02,737.218
2018/07/03,1385
2018/07/04,808.51
2018/07/05,824.86
2018/07/06,1300
2018/07/07,161.094
2018/07/08,-46.607
2018/07/09,-69.003
2018/07/10,-81.072
2018/07/11,-71.942
2018/07/12,-42.819
2018/07/13,-59.47
2018/07/14,-16.544
2018/07/15,-3.065
2018/07/16,-54.877
2018/07/17,-52.307
2018/07/18,-43.749
2018/07/19,-78.266
2018/07/20,-70.77
2018/07/21,-83.061
2018/07/22,-88.661
2018/07/23,-7.766
2018/07/24,-26.443
2018/07/25,-40.594
2018/07/26,-18.101
2018/07/27,-62.829
2018/07/28,-70.271
2018/07/29,-44.417
2018/07/30,-71.464
2018/07/31,-54.835
2018/08/01,-47.949
2018/08/02,-43.699
2018/08/03,16.839
2018/08/04,-7.394
2018/08/05,16.163
2018/08/06,15.75
2018/08/07,315.143
2018/08/08,1597
2018/08/09,1465
2018/08/10,507.738
2018/08/11,131.879
2018/08/12,74.494
2018/08/13,39.02
2018/08/14,-58.232
2018/08/15,-84.854
2018/08/16,-89.09
2018/08/17,-22.813
2018/08/18,-21.681
2018/08/19,-47.583
2018/08/20,-49.661
2018/08/21,-31.091
2018/08/22,-35.935
2018/08/23,-23.048
2018/08/24,-75.411
2018/08/25,-48.994
2018/08/26,12.663
2018/08/27,54.011
2018/08/28,13.947
2018/08/29,14.637
2018/08/30,21.847
2018/08/31,5.17
2018/09/01,52.482
2018/09/02,19.897
2018/09/03,-11.29
2018/09/04,15.411
2018/09/05,-30.43
2018/09/06,1.457
2018/09/07,-4.988
2018/09/08,12.796
2018/09/09,26.097
2018/09/10,16.022
2018/09/11,-3.93
2018/09/12,21.451
2018/09/13,20.778
2018/09/14,1.49
2018/09/15,11.242
2018/09/16,3.106
2018/09/17,23.329
2018/09/18,15.722
2018/09/19,60.432
2018/09/20,15.026
2018/09/21,63.559
2018/09/22,16.617
2018/09/23,11.514
2018/09/24,35.943
2018/09/25,25.011
2018/09/26,-0.803
2018/09/27,16.47
2018/09/28,3.395
2018/09/29,53.313
2018/09/30,53.901
2018/10/01,25.623
2018/10/02,34.839
2018/10/03,-33.106
2018/10/04,-34.618
2018/10/05,-48.447
2018/10/06,-78.665
2018/10/07,-57.954
2018/10/08,-35.439
2018/10/09,-52.619
2018/10/10,18.346
2018/10/11,1.797
2018/10/12,20.138
2018/10/13,42.938
2018/10/14,-16.361
2018/10/15,-3.01
2018/10/16,-14.041
2018/10/17,-32.706
2018/10/18,-26.365
2018/10/19,-5.75
2018/10/20,60.418
2018/10/21,45.261
2018/10/22,-29.429
2018/10/23,26.312
2018/10/24,54.116
2018/10/25,70.063
2018/10/26,16.996
2018/10/27,-7.206
2018/10/28,-6.296
2018/10/29,28.141
2018/10/30,3.09
2018/10/31,-27.071
2018/11/01,-30.466
2018/11/02,6.417
2018/11/03,24.683
2018/11/04,42.908
2018/11/05,49.037
2018/11/06,55.42
2018/11/07,52.465
2018/11/08,54.267
2018/11/09,-3.535
2018/11/10,-29.018
2018/11/11,-47.404
2018/11/12,-40.265
2018/11/13,-38.975
2018/11/14,-12.593
2018/11/15,-8.567
2018/11/16,-14.773
2018/11/17,0.248
2018/11/18,34.41
2018/11/19,4.246
2018/11/20,5.223
2018/11/21,-40.896
2018/11/22,-47.119
2018/11/23,-34.778
2018/11/24,-26.537
2018/11/25,-13.295
2018/11/26,-34.135
2018/11/27,-48.604
2018/11/28,-3.913
2018/11/29,26.211
2018/11/30,77.204
2018/12/01,37.373
2018/12/02,2.318
2018/12/03,17.486
2018/12/04,39.651
2018/12/05,6.46
2018/12/06,-21.301
2018/12/07,-52.509
2018/12/08,-55.535
2018/12/09,-51.444
2018/12/10,-45.974
2018/12/11,-42.125
2018/12/12,-45.126
2018/12/13,-16.845
2018/12/14,-18.697
2018/12/15,4.875
2018/12/16,-21.589
2018/12/17,9.125
2018/12/18,32.231
2018/12/19,46.83
2018/12/20,12.496
2018/12/21,44.144
2018/12/22,49.277
2018/12/23,180.202
2018/12/24,106.26
2018/12/25,48.23
2018/12/26,4.728
2018/12/27,-7.6
2018/12/28,-0.399
2018/12/29,3.44
2018/12/30,1.347
2018/12/31,-27.143
2019/01/01,-33.773
2019/01/02,8.927
2019/01/03,-0.272
2019/01/04,23.182
2019/01/05,4.315
2019/01/06,-20.976
2019/01/07,3.934
2019/01/08,23.071
2019/01/09,-12.561
2019/01/10,14.008
2019/01/11,-31.829
2019/01/12,-20.431
2019/01/13,-22.102
2019/01/14,31.386
2019/01/15,26.293
2019/01/16,13.867
2019/01/17,-6.518
2019/01/18,19.394
2019/01/19,8.778
2019/01/20,36.746
2019/01/21,-31.931
2019/01/22,-32.614
2019/01/23,-11.548
2019/01/24,-0.823
2019/01/25,-14.53
2019/01/26,1.723
2019/01/27,-32.923
2019/01/28,-4.747
2019/01/29,-15.113
2019/01/30,-9.776
2019/01/31,2.018
2019/02/01,-4.323
2019/02/02,-8.107
2019/02/03,16.822
2019/02/04,-14.285
2019/02/05,-2.408
2019/02/06,-10.728
2019/02/07,-16.863
2019/02/08,6.063
2019/02/09,23.241
2019/02/10,23.712
2019/02/11,47.331
2019/02/12,31.821
2019/02/13,41.383
2019/02/14,12.764
2019/02/15,34.553
2019/02/16,17.201
2019/02/17,26.512
2019/02/18,41.528
2019/02/19,74.247
2019/02/20,52.965
2019/02/21,64.05
2019/02/22,33.124
2019/02/23,44.365
2019/02/24,42.638
2019/02/25,-1.901
2019/02/26,0.931
2019/02/27,-6.041
2019/02/28,13.808
2019/03/01,-29.618
2019/03/02,-36.753
2019/03/03,-44.843
2019/03/04,-42.947
2019/03/05,-34.852
2019/03/06,-28.769
2019/03/07,-33.135
2019/03/08,-13.746
2019/03/09,-16.154
2019/03/10,-13.342
2019/03/11,-8.104
2019/03/12,-31.056
2019/03/13,-32.043
2019/03/14,-39.693
2019/03/15,-21.581
2019/03/16,-0.827
2019/03/17,-12.029
2019/03/18,-3.362
2019/03/19,47.886
2019/03/20,4.548
2019/03/21,38.784
2019/03/22,0.952
2019/03/23,-9.359
2019/03/24,2.881
2019/03/25,1.467
2019/03/26,-29.106
2019/03/27,12.199
2019/03/28,-18.353
2019/03/29,13.683
2019/03/30,11.614
2019/03/31,0.241
2019/04/01,-0.368
2019/04/02,47.24
2019/04/03,96.811
2019/04/04,60.007
2019/04/05,9.738
2019/04/06,6.442
2019/04/07,16.21
2019/04/08,35.027
2019/04/09,-14.218
2019/04/10,-41.296
2019/04/11,-10.018
2019/04/12,19.535
2019/04/13,7.869
2019/04/14,-12.729
2019/04/15,-19.655
2019/04/16,-7.652
2019/04/17,-7.299
2019/04/18,-7.427
2019/04/19,-15.127
2019/04/20,-30.854
2019/04/21,4.725
2019/04/22,4.131
2019/04/23,4.891
2019/04/24,8.334
2019/04/25,-14.312
2019/04/26,1.35
2019/04/27,2.878
2019/04/28,-10.257
2019/04/29,-20.818
2019/04/30,-24.633
2019/05/01,-25.01
2019/05/02,5.651
2019/05/03,-4.948
2019/05/04,40.667
2019/05/05,26.124
2019/05/06,31.438
2019/05/07,86.633
2019/05/08,34.841
2019/05/09,9.593
2019/05/10,16.31
2019/05/11,18
2019/05/12,27.645
2019/05/13,39.472
2019/05/14,27.537
2019/05/15,146.968
2019/05/16,261.399
2019/05/17,183.162
2019/05/18,123.615
2019/05/19,118.294
2019/05/20,112.877
2019/05/21,-4.444
2019/05/22,23.006
2019/05/23,-36.532
2019/05/24,-11.443
2019/05/25,-33.291
2019/05/26,-43.278
2019/05/27,1.137
2019/05/28,84.319
2019/05/29,-10.693
2019/05/30,41.24
2019/05/31,6.277
2019/06/01,47.322
2019/06/02,11.028
2019/06/03,-21.437
2019/06/04,-23.161
2019/06/05,-6.645
2019/06/06,-38.8
2019/06/07,-23.15
2019/06/08,86.652
2019/06/09,-10.513
2019/06/10,120.041
2019/06/11,17.714
2019/06/12,-58.489
2019/06/13,-23.123
2019/06/14,3.655
2019/06/15,-25.888
2019/06/16,8.223
2019/06/17,-0.784
2019/06/18,-37.629
2019/06/19,179.405
2019/06/20,246.411
2019/06/21,-16.78
2019/06/22,-36.953
2019/06/23,49.188
2019/06/24,-46.075
2019/06/25,206.371
2019/06/26,25.544
2019/06/27,-28.26
2019/06/28,168.011
2019/06/29,47.478
2019/06/30,51.835
2019/07/01,127.78
2019/07/02,-39.113
2019/07/03,-39.259
2019/07/04,-55.488
2019/07/05,-33.945
2019/07/06,2.682
2019/07/07,-52.151
2019/07/08,-36.572
2019/07/09,-32.433
2019/07/10,-18.744
2019/07/11,207.489
2019/07/12,-52.008
2019/07/13,-50.347
2019/07/14,5.51
2019/07/15,-39.737
2019/07/16,106.344
2019/07/17,86.504
2019/07/18,-70.679
2019/07/19,127.743
2019/07/20,-18.354
2019/07/21,-24.373
2019/07/22,-45.33
2019/07/23,-65.916
2019/07/24,22.945
2019/07/25,186.213
2019/07/26,-65.156
2019/07/27,-6.335
2019/07/28,-23.034
2019/07/29,-4.475
2019/07/30,-22.584
2019/07/31,-67.615
2019/08/01,-3.653
2019/08/02,89.736
2019/08/03,276.235
2019/08/04,11.609
2019/08/05,17.395
2019/08/06,23.18
2019/08/07,-1.185
2019/08/08,-62.778
2019/08/09,-38.1
2019/08/10,-73.544
2019/08/11,5.216
2019/08/12,-4.086
2019/08/13,-25.927
2019/08/14,-10.037
2019/08/15,13.392
2019/08/16,-23.213
2019/08/17,-20.814
2019/08/18,-10.19
2019/08/19,44.966
2019/08/20,85.843
2019/08/21,71.631
2019/08/22,15.425
2019/08/23,70.074
2019/08/24,100.426
2019/08/25,81.823
2019/08/26,17.424
2019/08/27,0.307
2019/08/28,-10.359
2019/08/29,-10.159
2019/08/30,-4.885
2019/08/31,-8.154
2019/09/01,-9.338
2019/09/02,-8.741
2019/09/03,1.254
2019/09/04,8.724
2019/09/05,18.194
2019/09/06,38.344
2019/09/07,45.394
2019/09/08,59.435
2019/09/09,41.798
2019/09/10,70.896
2019/09/11,49.558
2019/09/12,56.491
2019/09/13,37.738
2019/09/14,45.487
2019/09/15,34.34
2019/09/16,31.576
2019/09/17,31.559
2019/09/18,55.624
2019/09/19,48.603
2019/09/20,35.948
2019/09/21,11.039
2019/09/22,-5.857
2019/09/23,20.065
2019/09/24,-3.296
2019/09/25,-12.741
2019/09/26,-34.523
2019/09/27,-27.119
2019/09/28,-22.529
2019/09/29,-3.968
2019/09/30,-36.224
2019/10/01,-54.257
2019/10/02,-52.426
2019/10/03,-33.964
2019/10/04,-38.257
2019/10/05,-41.549
2019/10/06,-53.074
2019/10/07,-34.308
2019/10/08,-7.715
2019/10/09,13.48
2019/10/10,-8.612
2019/10/11,-14.584
2019/10/12,-9.754
2019/10/13,24.475
2019/10/14,5.096
2019/10/15,4.432
2019/10/16,-22.427
2019/10/17,-22.007
2019/10/18,-17.516
2019/10/19,-9.976
2019/10/20,-2.561
2019/10/21,-13.686
2019/10/22,12.515
2019/10/23,25.811
2019/10/24,19.021
2019/10/25,27.896
2019/10/26,47.085
2019/10/27,1.561
2019/10/28,23.889
2019/10/29,4.743
2019/10/30,3.328
2019/10/31,11.051
2019/11/01,2.68
2019/11/02,-17.17
2019/11/03,-9.248
2019/11/04,-5.58
2019/11/05,-8.997
2019/11/06,-19.012
2019/11/07,7.55
2019/11/08,-8.966
2019/11/09,-0.744
2019/11/10,-2.793
2019/11/11,-7.436
2019/11/12,-2.913
2019/11/13,10.247
2019/11/14,-17.601
2019/11/15,0.725
2019/11/16,-15.586
2019/11/17,8.762
2019/11/18,-1.354
2019/11/19,-1.448
2019/11/20,-2.1
2019/11/21,16.965
2019/11/22,38.683
2019/11/23,-1.463
2019/11/24,-20.836
2019/11/25,18.804
2019/11/26,-3.953
2019/11/27,-15.471
2019/11/28,-22.162
2019/11/29,-39.844
2019/11/30,-1.486
2019/12/01,20.407
2019/12/02,-24.904
2019/12/03,-21.065
2019/12/04,-7.681
2019/12/05,-22.342
2019/12/06,-6.243
2019/12/07,-22.918
2019/12/08,-53.04
2019/12/09,-40.192
2019/12/10,-19.48
2019/12/11,-25.277
2019/12/12,-7.302
2019/12/13,-16.211
2019/12/14,4.275
2019/12/15,55.015
2019/12/16,45.437
2019/12/17,23.292
2019/12/18,21.745
2019/12/19,4.655
2019/12/20,5.039
2019/12/21,-10.34
2019/12/22,-23.538
2019/12/23,-16.133
2019/12/24,-29.612
2019/12/25,-30.756
2019/12/26,-23.755
2019/12/27,-18.495
2019/12/28,0.765
2019/12/29,0.619
2019/12/30,-13.195
2019/12/31,1.89
2020/01/01,3.824
2020/01/02,-8.148
2020/01/03,-10.52
2020/01/04,-31.566
2020/01/05,-24.847
2020/01/06,-3.831
2020/01/07,-14.377
2020/01/08,10.382
2020/01/09,6.915
2020/01/10,25.727
2020/01/11,51.915
2020/01/12,56.631
2020/01/13,-1.385
2020/01/14,33.605
2020/01/15,14.736
2020/01/16,-5.924
2020/01/17,3.769
2020/01/18,6.737
2020/01/19,-6.452
2020/01/20,1.082
2020/01/21,-23.262
2020/01/22,-26.208
2020/01/23,-19.424
2020/01/24,-38.988
2020/01/25,-35.459
2020/01/26,-34.858
2020/01/27,-27.665
2020/01/28,-14.569
2020/01/29,-9.537
2020/01/30,31.592
2020/01/31,24.625
2020/02/01,6.294
2020/02/02,18.827
2020/02/03,38.913
2020/02/04,89.403
2020/02/05,91.607
2020/02/06,110.234
2020/02/07,123.905
2020/02/08,100.368
2020/02/09,78.295
2020/02/10,53.567
2020/02/11,-0.046
2020/02/12,32.11
2020/02/13,20.656
2020/02/14,10.449
2020/02/15,48.283
2020/02/16,44.728
2020/02/17,35.901
2020/02/18,25.421
2020/02/19,1.254
2020/02/20,-11.38
2020/02/21,-35.804
2020/02/22,-39.702
2020/02/23,2.545
2020/02/24,-3.376
2020/02/25,0.915
2020/02/26,1.405
2020/02/27,-18.952
2020/02/28,7.078
2020/02/29,-13.918
2020/03/01,-34.857
2020/03/02,-34.663
2020/03/03,-20.84
2020/03/04,-30.922
2020/03/05,7.089
2020/03/06,12.372
2020/03/07,33.124
2020/03/08,28.508
2020/03/09,57.518
2020/03/10,0.962
2020/03/11,20.232
2020/03/12,291.683
2020/03/13,209.166
2020/03/14,-22.127
2020/03/15,-44.661
2020/03/16,5.744
2020/03/17,-16.257
2020/03/18,-47.87
2020/03/19,-81.492
2020/03/20,-75.621
2020/03/21,-30.729
2020/03/22,-14.757
2020/03/23,-56.06
2020/03/24,-19.975
2020/03/25,15.309
2020/03/26,-30.543
2020/03/27,-29.21
2020/03/28,-10.418
2020/03/29,-17.215
2020/03/30,-7.273
2020/03/31,1.782
2020/04/01,-5.527
2020/04/02,33.136
2020/04/03,29.857
2020/04/04,15.315
2020/04/05,16.161
2020/04/06,70.827
2020/04/07,55.911
2020/04/08,13.334
2020/04/09,8.189
2020/04/10,8.802
2020/04/11,-0.006
2020/04/12,3.94
2020/04/13,-26.81
2020/04/14,-27.513
2020/04/15,-6.157
2020/04/16,28.597
2020/04/17,-0.268
2020/04/18,55.694
2020/04/19,56.143
2020/04/20,51.389
2020/04/21,47.866
2020/04/22,60.241
2020/04/23,6.183
2020/04/24,38.113
2020/04/25,10.548
2020/04/26,34.609
2020/04/27,10.55
2020/04/28,1.033
2020/04/29,44.344
2020/04/30,102.645
2020/05/01,17.581
2020/05/02,2.15
2020/05/03,-0.809
2020/05/04,16.991
2020/05/05,36.17
2020/05/06,6.935
2020/05/07,-12.148
2020/05/08,63.417
2020/05/09,70.153
2020/05/10,112.258
2020/05/11,40.559
2020/05/12,58.868
2020/05/13,73.369
2020/05/14,96.377
2020/05/15,38.049
2020/05/16,32.819
2020/05/17,13.441
2020/05/18,100.863
2020/05/19,49.088
2020/05/20,30.412
2020/05/21,28.482
2020/05/22,27.381
2020/05/23,4.225
2020/05/24,14.912
2020/05/25,5.778
2020/05/26,9.737
2020/05/27,8.535
2020/05/28,-18.201
2020/05/29,-0.528
2020/05/30,63.197
2020/05/31,12.588
2020/06/01,-3.623
2020/06/02,10.843
2020/06/03,-10.649
2020/06/04,-6.436
2020/06/05,6.062
2020/06/06,22.167
2020/06/07,54.772
2020/06/08,33.204
2020/06/09,7.751
2020/06/10,35.37
2020/06/11,25.58
2020/06/12,3.53
2020/06/13,-25.058
2020/06/14,-44.871
2020/06/15,-9.499
2020/06/16,2.687
2020/06/17,-3.996
2020/06/18,-12.975
2020/06/19,9.034
2020/06/20,-0.497
2020/06/21,11.941
2020/06/22,2.011
2020/06/23,18.164
2020/06/24,13.435
2020/06/25,10.186
2020/06/26,-5.744
2020/06/27,12.865
2020/06/28,12.774
2020/06/29,-10.605
2020/06/30,10.88
2020/07/01,0.779
2020/07/02,1.717
2020/07/03,17.571
2020/07/04,-2.155
2020/07/05,-1.833
2020/07/06,9.641
2020/07/07,-20.207
2020/07/08,17.516
2020/07/09,20.079
2020/07/10,-4.2
2020/07/11,5.824
2020/07/12,4.091
2020/07/13,27.908
2020/07/14,8.94
2020/07/15,-7.616
2020/07/16,13.176
2020/07/17,41.591
2020/07/18,46.666
2020/07/19,60.496
2020/07/20,32.464
2020/07/21,70.644
2020/07/22,43.328
2020/07/23,62.151
2020/07/24,48.229
2020/07/25,84.586
2020/07/26,76.292
2020/07/27,87.64
2020/07/28,17.728
2020/07/29,36.382
2020/07/30,5.616
2020/07/31,31.217
2020/08/01,1.859
2020/08/02,32.202
2020/08/03,-10.107
2020/08/04,7.276
2020/08/05,-8.359
2020/08/06,5.235
2020/08/07,9.642
2020/08/08,18.035
2020/08/09,5.407
2020/08/10,69.511
2020/08/11,121.847
2020/08/12,340.333
2020/08/13,364.91
2020/08/14,232.927
2020/08/15,107.907
2020/08/16,50.934
2020/08/17,12.629
2020/08/18,20.241
2020/08/19,-35.048
2020/08/20,-51.526
2020/08/21,-29.409
2020/08/22,-19.378
2020/08/23,-27.622
2020/08/24,-18.461
2020/08/25,-23.325
2020/08/26,-38.064
2020/08/27,-25.169
2020/08/28,-43.003
2020/08/29,1.219
2020/08/30,186.443
2020/08/31,166.673
2020/09/01,387.98
2020/09/02,631.458
2020/09/03,395.074
2020/09/04,170.879
2020/09/05,156.948
2020/09/06,-47.035
2020/09/07,-59.816
2020/09/08,-82.596
2020/09/09,-82.621
2020/09/10,-60.921
2020/09/11,-35.307
2020/09/12,-59.739
2020/09/13,3.679
2020/09/14,92.681
2020/09/15,102.163
2020/09/16,44.642
2020/09/17,202.986
2020/09/18,109.04
2020/09/19,66.854
2020/09/20,5.686
2020/09/21,-19.245
2020/09/22,-22.581
2020/09/23,-28.996
2020/09/24,-82.533
2020/09/25,-70.323
2020/09/26,-57.005
2020/09/27,-39.302
2020/09/28,-32.327
2020/09/29,-2.446
2020/09/30,-5.845
2020/10/01,-3.102
2020/10/02,-12.893
2020/10/03,-19.915
2020/10/04,-13.315
2020/10/05,-26.81
2020/10/06,-35.302
2020/10/07,-33.186
2020/10/08,-24.604
2020/10/09,-16.459
2020/10/10,-8.979
2020/10/11,-37.092
2020/10/12,-15.433
2020/10/13,-26.038
2020/10/14,-7.614
2020/10/15,-9.44
2020/10/16,-21.874
2020/10/17,-48.132
2020/10/18,-32.49
2020/10/19,-33.222
2020/10/20,-24.647
2020/10/21,5.452
2020/10/22,0.95
2020/10/23,-2.506
2020/10/24,2.406
2020/10/25,11.944
2020/10/26,18.884
2020/10/27,-19.784
2020/10/28,-18.782
2020/10/29,2.439
2020/10/30,8.483
2020/10/31,15.091
2020/11/01,-8.325
2020/11/02,6.069
2020/11/03,8.286
2020/11/04,-39.699
2020/11/05,-27.08
2020/11/06,13.601
2020/11/07,74.034
2020/11/08,7.867
2020/11/09,-17.578
2020/11/10,28.084
2020/11/11,71.42
2020/11/12,26.969
2020/11/13,-5.33
2020/11/14,-41.325
2020/11/15,12.483
2020/11/16,8.308
2020/11/17,55.462
2020/11/18,62.731
2020/11/19,-5.684
2020/11/20,36.132
2020/11/21,136.853
2020/11/22,143.477
2020/11/23,125.398
2020/11/24,62.447
2020/11/25,-4.942
2020/11/26,170.414
2020/11/27,-41.484
2020/11/28,-59.888
2020/11/29,-61.461
2020/11/30,-0.805
2020/12/01,-12.248
2020/12/02,-29.467
2020/12/03,-53.174
2020/12/04,58.034
2020/12/05,47.095
2020/12/06,47.02
2020/12/07,-39.588
2020/12/08,-28.88
2020/12/09,43.782
2020/12/10,9.93
2020/12/11,8.755
2020/12/12,12.722
2020/12/13,22.421
2020/12/14,32.165
2020/12/15,35.236
2020/12/16,32.174
2020/12/17,171.045
2020/12/18,33.037
2020/12/19,88.381
2020/12/20,19.362
2020/12/21,38.309
2020/12/22,-12.991
2020/12/23,32.808
2020/12/24,-37.158
2020/12/25,27.354
2020/12/26,3.246
2020/12/27,112.453
2020/12/28,52.281
2020/12/29,67.986
2020/12/30,36.699
2020/12/31,48.542
2021/01/01,-13.498
2021/01/02,76.973
2021/01/03,104.605
2021/01/04,232.404
2021/01/05,101.954
2021/01/06,55.462
2021/01/07,86.201
2021/01/08,214.112
2021/01/09,40.208
2021/01/10,-14.035
2021/01/11,-13.231
2021/01/12,-33.695
2021/01/13,-46.384
2021/01/14,-32.888
2021/01/15,-38.384
2021/01/16,-12.922
2021/01/17,-26.825
2021/01/18,-59.559
2021/01/19,37.965
2021/01/20,44.645
2021/01/21,47.584
2021/01/22,49.825
2021/01/23,5.886
2021/01/24,33.784
2021/01/25,66.25
2021/01/26,-16.854
2021/01/27,17.623
2021/01/28,-16.023
2021/01/29,22.897
2021/01/30,47.505
2021/01/31,59.806
2021/02/01,28.702
2021/02/02,125.994
2021/02/03,113.241
2021/02/04,201.728
2021/02/05,132.897
2021/02/06,99.497
2021/02/07,43.507
2021/02/08,72.697
2021/02/09,58.62
2021/02/10,37.155
2021/02/11,-17.021
2021/02/12,-25.111
2021/02/13,17.863
2021/02/14,17.868
2021/02/15,-8.21
2021/02/16,-20.635
2021/02/17,-15.286
2021/02/18,9.343
2021/02/19,11.557
2021/02/20,12.618
2021/02/21,-1.559
2021/02/22,42.246
2021/02/23,86.605
2021/02/24,0.066
2021/02/25,-21.773
2021/02/26,-33.633
2021/02/27,-56.888
2021/02/28,-44.3
2021/03/01,-60.706
2021/03/02,-68.362
2021/03/03,-35.584
2021/03/04,-35.243
2021/03/05,-13.089
2021/03/06,-9.396
2021/03/07,47.04
2021/03/08,37.356
2021/03/09,38.928
2021/03/10,18.184
2021/03/11,35.221
2021/03/12,45.068
2021/03/13,90.171
2021/03/14,17.665
2021/03/15,41.994
2021/03/16,29.688
2021/03/17,40.925
2021/03/18,38.944
2021/03/19,-5.708
2021/03/20,-11.225
2021/03/21,-9.451
2021/03/22,-0.471
2021/03/23,-17.915
2021/03/24,-12.085
2021/03/25,-11.122
2021/03/26,-16.425
2021/03/27,-21.835
2021/03/28,-14.977
2021/03/29,-19.69
2021/03/30,12.94
2021/03/31,31.036
2021/04/01,22.869
2021/04/02,54.306
2021/04/03,48.399
2021/04/04,9.078
2021/04/05,13.217
2021/04/06,1.249
2021/04/07,-22.229
2021/04/08,-29.757
2021/04/09,-33.42
2021/04/10,-34.174
2021/04/11,-22.725
2021/04/12,-26.709
2021/04/13,-15.123
2021/04/14,1.541
2021/04/15,3.783
2021/04/16,80.103
2021/04/17,65.419
2021/04/18,90.486
2021/04/19,85.485
2021/04/20,99.299
2021/04/21,18.223
2021/04/22,29.958
2021/04/23,-34.665
2021/04/24,-53.145
2021/04/25,-63.949
2021/04/26,-63.198
2021/04/27,-66.993
2021/04/28,-43.321
2021/04/29,-40.64
2021/04/30,-42.661
2021/05/01,-13.442
2021/05/02,-2.173
2021/05/03,41.798
2021/05/04,28.866
2021/05/05,-6.822
2021/05/06,14.881
2021/05/07,50.609
2021/05/08,264.221
2021/05/09,297.204
2021/05/10,336.509
2021/05/11,367.546
2021/05/12,503.068
2021/05/13,164.694
2021/05/14,105.678
2021/05/15,-26.088
2021/05/16,-37.452
2021/05/17,-65.472
2021/05/18,-70.6
2021/05/19,-42.905
2021/05/20,-49.312
2021/05/21,-48.297
2021/05/22,-60.803
2021/05/23,-10.741
2021/05/24,-49.08
2021/05/25,-54.504
2021/05/26,-78.454
2021/05/27,-63.074
2021/05/28,-56.679
2021/05/29,-46.448
2021/05/30,-76.582
2021/05/31,-54.588
2021/06/01,-44.87
2021/06/02,-35.958
2021/06/03,-16.431
2021/06/04,-31.322
2021/06/05,-23.66
2021/06/06,-23.54
2021/06/07,-6.419
2021/06/08,6.628
2021/06/09,-20.373
2021/06/10,-33.802
2021/06/11,-12.987
2021/06/12,-13.137
2021/06/13,-11.378
2021/06/14,-15.178
2021/06/15,-22.126
2021/06/16,-17.725
2021/06/17,1.063
2021/06/18,-13.164
2021/06/19,-14.1
2021/06/20,3.228
2021/06/21,60.954
2021/06/22,77.151
2021/06/23,-14.957
2021/06/24,-30.522
2021/06/25,-13.023
2021/06/26,-22.482
2021/06/27,-26.221
2021/06/28,-52.339
2021/06/29,-50.515
2021/06/30,16.765
2021/07/01,21.102
2021/07/02,-13.233
2021/07/03,17.614
2021/07/04,23.642
2021/07/05,-5.34
2021/07/06,144.556
2021/07/07,88.787
2021/07/08,79.599
2021/07/09,66.517
2021/07/10,14.866
2021/07/11,-0.556
2021/07/12,67.497
2021/07/13,-44.547
2021/07/14,-12.109
2021/07/15,0.203
2021/07/16,20.183
2021/07/17,33.558
2021/07/18,56.667
2021/07/19,-16.346
2021/07/20,-12.345
2021/07/21,-46.296
2021/07/22,-34.146
2021/07/23,-37.447
2021/07/24,-18.575
2021/07/25,-12.46
2021/07/26,65.202
2021/07/27,10.852
2021/07/28,67.26
2021/07/29,35.625
2021/07/30,79.596
2021/07/31,93.757
2021/08/01,92.655
2021/08/02,8.319
2021/08/03,70.63
2021/08/04,45.052
2021/08/05,134.096
2021/08/06,83.934
2021/08/07,108.436
2021/08/08,66.368
2021/08/09,86.687
2021/08/10,69.303
2021/08/11,98.359
2021/08/12,5.183
2021/08/13,24.222
2021/08/14,5.683
2021/08/15,8.776
2021/08/16,12.907
2021/08/17,-1.413
2021/08/18,-25.632
2021/08/19,-23.653
2021/08/20,-19.032
2021/08/21,-24.757
2021/08/22,-13.95
2021/08/23,17.317
2021/08/24,66.485
2021/08/25,115.283
2021/08/26,136.442
2021/08/27,128.457
2021/08/28,113.128
2021/08/29,110.07
2021/08/30,54.164
2021/08/31,30.891
2021/09/01,29.565
2021/09/02,40.595
2021/09/03,79.21
2021/09/04,86.801
2021/09/05,68.781
2021/09/06,44.929
2021/09/07,37.894
2021/09/08,13.836
2021/09/09,11.113
2021/09/10,-44.103
2021/09/11,-56.2
2021/09/12,-51.874
2021/09/13,-41.816
2021/09/14,-57.867
2021/09/15,-51.376
2021/09/16,-39.647
2021/09/17,-18.58
2021/09/18,-7.381
2021/09/19,-11.383
2021/09/20,2.721
2021/09/21,35.075
2021/09/22,-9.148
2021/09/23,-17.682
2021/09/24,-14.596
2021/09/25,-24.388
2021/09/26,3.559
2021/09/27,-6.653
2021/09/28,-5.122
2021/09/29,14.437
2021/09/30,22.211
2021/10/01,18.239
2021/10/02,47.42
2021/10/03,11.024
2021/10/04,28.867
2021/10/05,45.851
2021/10/06,78.598
2021/10/07,67.25
2021/10/08,42.228
2021/10/09,31.591
2021/10/10,28.001
2021/10/11,14.597
2021/10/12,-17.108
2021/10/13,-13.863
2021/10/14,-7.057
2021/10/15,22.999
2021/10/16,13.717
2021/10/17,4.171
2021/10/18,-17.493
2021/10/19,-14.626
2021/10/20,-17.676
2021/10/21,-19.119
2021/10/22,-31.177
2021/10/23,-21.954
2021/10/24,-4.478
2021/10/25,16.861
2021/10/26,70.802
2021/10/27,103.774
2021/10/28,83.99
2021/10/29,105.344
2021/10/30,150.069
2021/10/31,122.19
2021/11/01,73.77
2021/11/02,52.243
2021/11/03,15.93
2021/11/04,-3.237
2021/11/05,-13.333
2021/11/06,-26.577
2021/11/07,-30.561
2021/11/08,-15.148
2021/11/09,13.316
2021/11/10,0.117
2021/11/11,8.588
2021/11/12,10.811
2021/11/13,16.484
2021/11/14,9.661
2021/11/15,21.385
2021/11/16,-27.395
2021/11/17,-30.768
2021/11/18,-15.28
2021/11/19,-24.79
2021/11/20,-16.965
2021/11/21,-9.109
2021/11/22,-10.916
2021/11/23,-8.603
2021/11/24,6.498
2021/11/25,-7.141
2021/11/26,-2.402
2021/11/27,-3.372
2021/11/28,3.442
2021/11/29,-13.501
2021/11/30,-0.576
2021/12/01,21.868
2021/12/02,-9.545
2021/12/03,2.872
2021/12/04,20.772
2021/12/05,-29.068
2021/12/06,-16.998
2021/12/07,-26.085
2021/12/08,-49.66
2021/12/09,-29.562
2021/12/10,-37.765
2021/12/11,-48.191
2021/12/12,-24.705
2021/12/13,-33.06
2021/12/14,-27.829
2021/12/15,-1.781
2021/12/16,-1.619
2021/12/17,2.453
2021/12/18,-9.814
2021/12/19,-12.175
2021/12/20,-16.908
2021/12/21,-9.576
2021/12/22,-12.09
2021/12/23,-8.199
2021/12/24,-7.855
2021/12/25,22.972
2021/12/26,11.486
2021/12/27,26.501
2021/12/28,45.305
2021/12/29,77.669
2021/12/30,27.991
2021/12/31,25.826
2022/01/01,4.252
2022/01/02,59.722
2022/01/03,32.596
2022/01/04,19.785
2022/01/05,1.352
2022/01/06,10.888
2022/01/07,26.666
2022/01/08,8.612
2022/01/09,24.635
2022/01/10,78.975
2022/01/11,26.765
2022/01/12,12.177
2022/01/13,18.528
2022/01/14,29.595
2022/01/15,23.824
2022/01/16,-8.229
2022/01/17,-38.413
2022/01/18,-33.987
2022/01/19,-35.178
2022/01/20,-23.369
2022/01/21,-17.688
2022/01/22,-8.027
2022/01/23,-29.841
2022/01/24,-25.775
2022/01/25,-15.824
2022/01/26,-3.378
2022/01/27,-6.072
2022/01/28,-30.955
2022/01/29,-27.346
2022/01/30,-8.783
2022/01/31,-11.749
2022/02/01,23.692
2022/02/02,8.986
2022/02/03,-18.312
2022/02/04,-11.259
2022/02/05,-28.713
2022/02/06,-24.447
2022/02/07,21.606
2022/02/08,-29.266
2022/02/09,-30.333
2022/02/10,-11.44
2022/02/11,-27.572
2022/02/12,-8.992
2022/02/13,-23.009
2022/02/14,-50.892
2022/02/15,-29.141
2022/02/16,-10.647
2022/02/17,-18.412
2022/02/18,31.814
2022/02/19,-3.292
2022/02/20,-8.847
2022/02/21,41.975
2022/02/22,11.412
2022/02/23,-16.2
2022/02/24,-9.736
2022/02/25,-48.958
2022/02/26,-34.365
2022/02/27,-20.98
2022/02/28,-31.456
2022/03/01,-24.239
2022/03/02,-25.032
2022/03/03,-32.209
2022/03/04,-18.297
2022/03/05,-22.307
2022/03/06,-19.85
2022/03/07,-46.272
2022/03/08,-47.246
2022/03/09,-35.456
2022/03/10,-37.52
2022/03/11,-35.819
2022/03/12,-37.908
2022/03/13,-23.447
2022/03/14,-12.055
2022/03/15,-3.473
2022/03/16,-3.28
2022/03/17,66.97
2022/03/18,74.231
2022/03/19,55.5
2022/03/20,1.705
2022/03/21,13.279
2022/03/22,27.676
2022/03/23,14.155
2022/03/24,-2.103
2022/03/25,2.851
2022/03/26,8.319
2022/03/27,43.784
2022/03/28,81.345
2022/03/29,38.162
2022/03/30,56.031
2022/03/31,20.721
2022/04/01,52.078
2022/04/02,95.997
2022/04/03,73.294
2022/04/04,38.26
2022/04/05,64.07
2022/04/06,17.929
2022/04/07,16.999
2022/04/08,-10.953
2022/04/09,-38.205
2022/04/10,-36.233
2022/04/11,-37.5
2022/04/12,-39.175
2022/04/13,-22.087
2022/04/14,-24.034
2022/04/15,-31.141
2022/04/16,-20.994
2022/04/17,-26.649
2022/04/18,-23.871
2022/04/19,-23.875
2022/04/20,6.124
2022/04/21,31.478
2022/04/22,16.877
2022/04/23,11.465
2022/04/24,16.597
2022/04/25,39.635
2022/04/26,18.718
2022/04/27,-16.502
2022/04/28,-28.778
2022/04/29,-8.363
2022/04/30,23.409
2022/05/01,125.965
2022/05/02,28.111
2022/05/03,34.319
2022/05/04,5.519
2022/05/05,14.67
2022/05/06,-11.726
2022/05/07,-27.346
2022/05/08,-69.062
2022/05/09,-35.825
2022/05/10,-36.241
2022/05/11,76.695
2022/05/12,92.293
2022/05/13,10.328
2022/05/14,-21.281
2022/05/15,-23.921
2022/05/16,-59.867
2022/05/17,-40.894
2022/05/18,-79.094
2022/05/19,-82.847
2022/05/20,-52.174
2022/05/21,-38.592
2022/05/22,-5.251
2022/05/23,18.295
2022/05/24,-15.84
2022/05/25,30.746
2022/05/26,84.452
2022/05/27,27.832
2022/05/28,-11.346
2022/05/29,-19.245
2022/05/30,24.956
2022/05/31,61.621
2022/06/01,66.798
2022/06/02,36.014
2022/06/03,62.091
2022/06/04,180.038
2022/06/05,180.109
2022/06/06,46.888
2022/06/07,15.131
2022/06/08,28.662
2022/06/09,3.077
2022/06/10,-22.561
2022/06/11,-45.021
2022/06/12,-51.248
2022/06/13,-10.353
2022/06/14,-42.456
2022/06/15,-53.836
2022/06/16,-65.217
2022/06/17,-59.445
2022/06/18,-30.162
2022/06/19,-47.83
2022/06/20,-67.096
2022/06/21,-30.905
2022/06/22,-42.212
2022/06/23,7.885
2022/06/24,17.183
2022/06/25,10.75
2022/06/26,77.555
2022/06/27,89.318
2022/06/28,27.562
2022/06/29,44.23
2022/06/30,5.113
2022/07/01,-35.849
2022/07/02,-64.618
2022/07/03,-58.724
2022/07/04,-54.364
2022/07/05,-37.39
2022/07/06,-40
2022/07/07,-20.85
2022/07/08,15.896
2022/07/09,40.23
2022/07/10,6.502
2022/07/11,19.221
2022/07/12,-20.843
2022/07/13,-12.489
2022/07/14,-22.944
2022/07/15,-4.523
2022/07/16,-2.453
2022/07/17,16.767
2022/07/18,34.721
2022/07/19,72.549
2022/07/20,47.608
2022/07/21,-9.418
2022/07/22,-26.884
2022/07/23,-13.711
2022/07/24,-28.581
2022/07/25,-42.505
2022/07/26,-49.806
2022/07/27,-44.736
2022/07/28,18.382
2022/07/29,5.147
2022/07/30,-18.872
2022/07/31,-20.214
2022/08/01,-16.428
2022/08/02,-7.036
2022/08/03,-19.028
2022/08/04,-47.909
2022/08/05,-7.199
2022/08/06,0.526
2022/08/07,12.501
2022/08/08,49.647
2022/08/09,54.579
2022/08/10,130.713
2022/08/11,166.85
2022/08/12,50.307
2022/08/13,51.372
2022/08/14,52.307
2022/08/15,29.082
2022/08/16,-20.359
2022/08/17,-43.858
2022/08/18,-46.968
2022/08/19,-9.791
2022/08/20,-21.357
2022/08/21,-47.267
2022/08/22,-38.371
2022/08/23,-8.258
2022/08/24,-9.228
2022/08/25,-0.357
2022/08/26,-23.791
2022/08/27,-20.936
2022/08/28,10.207
2022/08/29,5.678
2022/08/30,37.28
2022/08/31,69.381
2022/09/01,36.431
2022/09/02,-2.905
2022/09/03,-9.91
2022/09/04,-12.141
2022/09/05,-26.862
2022/09/06,-19.658
2022/09/07,-13.376
2022/09/08,13.196
2022/09/09,56.623
2022/09/10,51.98
2022/09/11,53.47
2022/09/12,58.933
2022/09/13,3.065
2022/09/14,-38.547
2022/09/15,-37.31
2022/09/16,-61.875
2022/09/17,-53.147
2022/09/18,-39.691
2022/09/19,-47.332
2022/09/20,-36.281
2022/09/21,-15.749
2022/09/22,-34.101
2022/09/23,-6.171
2022/09/24,-0.075
2022/09/25,3.803
2022/09/26,10.84
2022/09/27,61.244
2022/09/28,33.171
2022/09/29,39.271
2022/09/30,61.155
2022/10/01,46.871
2022/10/02,-26.063
2022/10/03,16.964
2022/10/04,-21.43
2022/10/05,-7.589
2022/10/06,-25.761
2022/10/07,-32.225
2022/10/08,32.813
2022/10/09,459.884
2022/10/10,182.203
2022/10/11,98.564
2022/10/12,50.57
2022/10/13,100.85
2022/10/14,100.197
2022/10/15,64.359
2022/10/16,-44.546
2022/10/17,-35.385
2022/10/18,-2.673
2022/10/19,48.788
2022/10/20,34.149
2022/10/21,54.658
2022/10/22,3.708
2022/10/23,-11.134
2022/10/24,-17.349
2022/10/25,-16.945
2022/10/26,-28.595
2022/10/27,-31.95
2022/10/28,-31.845
2022/10/29,-16.748
2022/10/30,-23.463
2022/10/31,18.182
2022/11/01,-22.952
2022/11/02,-10.656
2022/11/03,26.255
2022/11/04,17.28
2022/11/05,2.998
2022/11/06,42.064
2022/11/07,-5.43
2022/11/08,99.797
2022/11/09,93.51
2022/11/10,24.13
2022/11/11,-7.461
2022/11/12,-9.27
2022/11/13,-11.121
2022/11/14,-20.102
2022/11/15,-49.757
2022/11/16,-55.923
2022/11/17,-49.108
2022/11/18,-38.191
2022/11/19,-19.776
2022/11/20,-19.569
2022/11/21,-31.805
2022/11/22,-23.309
2022/11/23,-23.874
2022/11/24,-28.545
2022/11/25,-24.432
2022/11/26,-19.831
2022/11/27,-17.316
2022/11/28,-7.481
2022/11/29,-15.338
