Date,mediantransactionvalue14momUSD
2016/01/01,0.308
2016/01/02,0.067
2016/01/03,0.35
2016/01/04,0.679
2016/01/05,0
2016/01/06,0
2016/01/07,-0.195
2016/01/08,0.061
2016/01/09,0.191
2016/01/10,1.28
2016/01/11,0.361
2016/01/12,0.622
2016/01/13,0
2016/01/14,0.004
2016/01/15,0.178
2016/01/16,0.255
2016/01/17,0.287
2016/01/18,0.279
2016/01/19,0.724
2016/01/20,2.3
2016/01/21,2.096
2016/01/22,0.477
2016/01/23,1.333
2016/01/24,1.508
2016/01/25,1.084
2016/01/26,1.239
2016/01/27,0.789
2016/01/28,1.221
2016/01/29,0.891
2016/01/30,1.26
2016/01/31,1.218
2016/02/01,0.964
2016/02/02,1.694
2016/02/03,0.557
2016/02/04,0.729
2016/02/05,1.161
2016/02/06,-2.43
2016/02/07,0.35
2016/02/08,1.396
2016/02/09,1.428
2016/02/10,5.144
2016/02/11,2.939
2016/02/12,4.894
2016/02/13,2.769
2016/02/14,2.875
2016/02/15,3.681
2016/02/16,3.061
2016/02/17,1.464
2016/02/18,1.769
2016/02/19,2.21
2016/02/20,5.004
2016/02/21,2.048
2016/02/22,2.034
2016/02/23,2.253
2016/02/24,0.469
2016/02/25,1.511
2016/02/26,-1.182
2016/02/27,1.207
2016/02/28,1.73
2016/02/29,1.128
2016/03/01,2.342
2016/03/02,4.636
2016/03/03,5.781
2016/03/04,5.206
2016/03/05,8.823
2016/03/06,6.729
2016/03/07,5.687
2016/03/08,4.015
2016/03/09,4.932
2016/03/10,7.094
2016/03/11,5.234
2016/03/12,7.761
2016/03/13,7.906
2016/03/14,7.804
2016/03/15,5.965
2016/03/16,5.547
2016/03/17,2.187
2016/03/18,0.982
2016/03/19,-3.138
2016/03/20,-1.409
2016/03/21,-0.022
2016/03/22,1.503
2016/03/23,0.916
2016/03/24,-2.579
2016/03/25,-0.888
2016/03/26,-3.777
2016/03/27,-4.15
2016/03/28,-3.624
2016/03/29,-1.865
2016/03/30,-2.363
2016/03/31,-0.425
2016/04/01,0.735
2016/04/02,1.129
2016/04/03,1.38
2016/04/04,0.126
2016/04/05,-1.227
2016/04/06,-1.369
2016/04/07,-0.849
2016/04/08,-0.681
2016/04/09,-0.971
2016/04/10,-2.312
2016/04/11,-2.778
2016/04/12,-3.954
2016/04/13,-4.344
2016/04/14,-3.671
2016/04/15,-3.497
2016/04/16,-3.354
2016/04/17,-4.115
2016/04/18,-2.3
2016/04/19,-1.538
2016/04/20,-2.15
2016/04/21,-2.131
2016/04/22,-1.828
2016/04/23,-1.695
2016/04/24,-0.603
2016/04/25,-0.808
2016/04/26,-0.511
2016/04/27,-0.043
2016/04/28,-0.925
2016/04/29,-0.83
2016/04/30,-0.185
2016/05/01,1.027
2016/05/02,0.488
2016/05/03,0.619
2016/05/04,0.895
2016/05/05,1.15
2016/05/06,1.526
2016/05/07,1.306
2016/05/08,1.073
2016/05/09,1.604
2016/05/10,1.958
2016/05/11,1.974
2016/05/12,2.664
2016/05/13,3.336
2016/05/14,2.131
2016/05/15,1.364
2016/05/16,0.876
2016/05/17,2.09
2016/05/18,3.512
2016/05/19,4.382
2016/05/20,4.797
2016/05/21,4.157
2016/05/22,4.758
2016/05/23,4.834
2016/05/24,3.811
2016/05/25,2.687
2016/05/26,-3.667
2016/05/27,0.597
2016/05/28,-9.322
2016/05/29,-3.076
2016/05/30,1.852
2016/05/31,1.3
2016/06/01,0.745
2016/06/02,-0.17
2016/06/03,-0.828
2016/06/04,-3.977
2016/06/05,-0.371
2016/06/06,-0.478
2016/06/07,-6.024
2016/06/08,2.047
2016/06/09,7.838
2016/06/10,1.819
2016/06/11,12.755
2016/06/12,4.216
2016/06/13,4.152
2016/06/14,3.733
2016/06/15,4.434
2016/06/16,5.692
2016/06/17,-8.445
2016/06/18,-1.726
2016/06/19,-4.023
2016/06/20,-5.541
2016/06/21,4.757
2016/06/22,-0.276
2016/06/23,-1.368
2016/06/24,-6.174
2016/06/25,0.328
2016/06/26,-3.356
2016/06/27,-2.738
2016/06/28,-3.824
2016/06/29,-14.386
2016/06/30,-18.28
2016/07/01,6.911
2016/07/02,4.078
2016/07/03,2.15
2016/07/04,3.228
2016/07/05,-1.495
2016/07/06,-3.605
2016/07/07,-2.962
2016/07/08,1.075
2016/07/09,-3.352
2016/07/10,2.909
2016/07/11,-3.295
2016/07/12,-3.109
2016/07/13,6.52
2016/07/14,5.434
2016/07/15,-0.237
2016/07/16,-4.929
2016/07/17,-0.563
2016/07/18,-0.206
2016/07/19,1.175
2016/07/20,-7.873
2016/07/21,-0.294
2016/07/22,5.276
2016/07/23,2.74
2016/07/24,2.693
2016/07/25,2.817
2016/07/26,3.059
2016/07/27,2.1
2016/07/28,6.055
2016/07/29,-0.945
2016/07/30,4.414
2016/07/31,0.855
2016/08/01,0.249
2016/08/02,-1.28
2016/08/03,1.236
2016/08/04,0.969
2016/08/05,-2.528
2016/08/06,-2.861
2016/08/07,-2.651
2016/08/08,-2.426
2016/08/09,-1.384
2016/08/10,-1.62
2016/08/11,-3.239
2016/08/12,-3.925
2016/08/13,-3.962
2016/08/14,-0.701
2016/08/15,-2.005
2016/08/16,-5.755
2016/08/17,1.585
2016/08/18,-5.449
2016/08/19,-4.107
2016/08/20,-2.597
2016/08/21,-2.98
2016/08/22,-4.052
2016/08/23,-6.116
2016/08/24,-6.156
2016/08/25,-5.569
2016/08/26,-2.624
2016/08/27,-2.866
2016/08/28,-1.538
2016/08/29,-5.798
2016/08/30,0.069
2016/08/31,2.342
2016/09/01,6.858
2016/09/02,-4.292
2016/09/03,0.394
2016/09/04,-2.435
2016/09/05,3.722
2016/09/06,-1.302
2016/09/07,-2.51
2016/09/08,-1.299
2016/09/09,-1.844
2016/09/10,3.702
2016/09/11,1.965
2016/09/12,3.621
2016/09/13,7.295
2016/09/14,-5.073
2016/09/15,-9.582
2016/09/16,0.306
2016/09/17,-1.961
2016/09/18,4.562
2016/09/19,2.296
2016/09/20,9.44
2016/09/21,11.55
2016/09/22,-0.558
2016/09/23,10.811
2016/09/24,4.674
2016/09/25,1.256
2016/09/26,5.501
2016/09/27,1.08
2016/09/28,10.473
2016/09/29,10.752
2016/09/30,10.462
2016/10/01,-1.249
2016/10/02,3.13
2016/10/03,0.326
2016/10/04,-13.683
2016/10/05,-3.81
2016/10/06,4.463
2016/10/07,-0.671
2016/10/08,-0.765
2016/10/09,-0.819
2016/10/10,-1.051
2016/10/11,-1.103
2016/10/12,-3.536
2016/10/13,-12.138
2016/10/14,-1.389
2016/10/15,6.968
2016/10/16,-1.102
2016/10/17,-1.312
2016/10/18,7.422
2016/10/19,2.107
2016/10/20,5.56
2016/10/21,-9.446
2016/10/22,-0.184
2016/10/23,-0.317
2016/10/24,-7.694
2016/10/25,-3.835
2016/10/26,1.765
2016/10/27,10.241
2016/10/28,-0.657
2016/10/29,-1.593
2016/10/30,-1.435
2016/10/31,-0.789
2016/11/01,-1.741
2016/11/02,-5.153
2016/11/03,-1.193
2016/11/04,7.765
2016/11/05,-1.034
2016/11/06,-0.994
2016/11/07,6.728
2016/11/08,2.735
2016/11/09,-0.869
2016/11/10,-0.851
2016/11/11,-0.869
2016/11/12,-0.55
2016/11/13,-0.572
2016/11/14,-1.141
2016/11/15,4.332
2016/11/16,3.19
2016/11/17,-0.932
2016/11/18,-1.337
2016/11/19,-1.431
2016/11/20,-1.437
2016/11/21,-1.316
2016/11/22,-8.827
2016/11/23,-10.047
2016/11/24,-1.072
2016/11/25,-10.355
2016/11/26,-2.705
2016/11/27,-6.826
2016/11/28,-6.379
2016/11/29,-5.944
2016/11/30,-4.779
2016/12/01,-1.524
2016/12/02,-1.723
2016/12/03,-1.741
2016/12/04,-2.964
2016/12/05,-2.339
2016/12/06,4.806
2016/12/07,7.152
2016/12/08,-1.004
2016/12/09,8.323
2016/12/10,0.873
2016/12/11,4.935
2016/12/12,4.705
2016/12/13,0.387
2016/12/14,-2.014
2016/12/15,-4.059
2016/12/16,-3.405
2016/12/17,-0.249
2016/12/18,1.223
2016/12/19,-3.293
2016/12/20,-1.605
2016/12/21,-4.291
2016/12/22,-6.834
2016/12/23,-1.205
2016/12/24,-1.042
2016/12/25,-0.98
2016/12/26,-1.112
2016/12/27,0.485
2016/12/28,1.397
2016/12/29,3.704
2016/12/30,-0.046
2016/12/31,0.371
2017/01/01,0.415
2017/01/02,4.254
2017/01/03,0.555
2017/01/04,7.001
2017/01/05,8.837
2017/01/06,2.866
2017/01/07,2.546
2017/01/08,2.79
2017/01/09,3.21
2017/01/10,1.3
2017/01/11,5.285
2017/01/12,-3.335
2017/01/13,-1.311
2017/01/14,1.061
2017/01/15,-3.419
2017/01/16,1.422
2017/01/17,0.55
2017/01/18,-0.276
2017/01/19,-0.245
2017/01/20,0.467
2017/01/21,0.922
2017/01/22,-4.705
2017/01/23,-3.332
2017/01/24,-2.683
2017/01/25,-4.845
2017/01/26,0.492
2017/01/27,2.454
2017/01/28,-3.87
2017/01/29,4.316
2017/01/30,-4.056
2017/01/31,4.232
2017/02/01,-3.866
2017/02/02,0.381
2017/02/03,0.233
2017/02/04,0.508
2017/02/05,4.091
2017/02/06,2.684
2017/02/07,1.283
2017/02/08,0.07
2017/02/09,3.397
2017/02/10,1.136
2017/02/11,1.658
2017/02/12,1.471
2017/02/13,0.066
2017/02/14,-3.098
2017/02/15,4.129
2017/02/16,2.098
2017/02/17,0.48
2017/02/18,1.495
2017/02/19,2.085
2017/02/20,-1.031
2017/02/21,-0.833
2017/02/22,1.325
2017/02/23,4.105
2017/02/24,4.707
2017/02/25,0.821
2017/02/26,2.975
2017/02/27,9.045
2017/02/28,8.227
2017/03/01,5.458
2017/03/02,5.358
2017/03/03,8.56
2017/03/04,6.689
2017/03/05,7.356
2017/03/06,10.742
2017/03/07,5.567
2017/03/08,11.333
2017/03/09,-3.496
2017/03/10,6.676
2017/03/11,12.099
2017/03/12,8.708
2017/03/13,12.557
2017/03/14,12.697
2017/03/15,14.321
2017/03/16,22.345
2017/03/17,26.517
2017/03/18,19.766
2017/03/19,20.609
2017/03/20,23.946
2017/03/21,30.51
2017/03/22,23.332
2017/03/23,16.147
2017/03/24,28.107
2017/03/25,30.8
2017/03/26,6.997
2017/03/27,-13.231
2017/03/28,-1.713
2017/03/29,-7.639
2017/03/30,-7.836
2017/03/31,-7.762
2017/04/01,-13.981
2017/04/02,10.392
2017/04/03,2.21
2017/04/04,2.993
2017/04/05,1.29
2017/04/06,18.81
2017/04/07,-36.017
2017/04/08,-27.249
2017/04/09,-12.877
2017/04/10,13.094
2017/04/11,-5.226
2017/04/12,-0.683
2017/04/13,-7.959
2017/04/14,-17.637
2017/04/15,-5.945
2017/04/16,-35.246
2017/04/17,-21.229
2017/04/18,-18.343
2017/04/19,-17.348
2017/04/20,-27.858
2017/04/21,4.744
2017/04/22,0.741
2017/04/23,4.609
2017/04/24,8.014
2017/04/25,-9.147
2017/04/26,-0.728
2017/04/27,-6.962
2017/04/28,7.621
2017/04/29,15.772
2017/04/30,24.796
2017/05/01,15.158
2017/05/02,13.878
2017/05/03,13.497
2017/05/04,31.653
2017/05/05,77.203
2017/05/06,40.405
2017/05/07,55.712
2017/05/08,53.354
2017/05/09,71.292
2017/05/10,34.431
2017/05/11,16.624
2017/05/12,18.67
2017/05/13,-2.639
2017/05/14,-0.572
2017/05/15,-15.439
2017/05/16,13.515
2017/05/17,46.608
2017/05/18,-15.878
2017/05/19,-16.174
2017/05/20,-32.131
2017/05/21,-38.138
2017/05/22,-0.495
2017/05/23,-20.281
2017/05/24,37.454
2017/05/25,62.878
2017/05/26,38.014
2017/05/27,42.522
2017/05/28,-3.711
2017/05/29,33.371
2017/05/30,38.905
2017/05/31,140.754
2017/06/01,66.97
2017/06/02,-29.409
2017/06/03,46.125
2017/06/04,21.84
2017/06/05,11.14
2017/06/06,27.729
2017/06/07,-38.078
2017/06/08,-39.827
2017/06/09,-26.695
2017/06/10,37.893
2017/06/11,88.958
2017/06/12,170.152
2017/06/13,42.664
2017/06/14,-109.485
2017/06/15,37.885
2017/06/16,34.899
2017/06/17,3.691
2017/06/18,13.105
2017/06/19,-23.927
2017/06/20,269.56
2017/06/21,279.893
2017/06/22,62.769
2017/06/23,39.533
2017/06/24,-13.535
2017/06/25,-62.613
2017/06/26,-94.899
2017/06/27,-78.926
2017/06/28,-69.371
2017/06/29,-82.187
2017/06/30,-23.029
2017/07/01,-28.679
2017/07/02,-39.576
2017/07/03,-42.949
2017/07/04,-326.03
2017/07/05,-303.279
2017/07/06,-85.526
2017/07/07,-98.019
2017/07/08,-71.03
2017/07/09,-35.521
2017/07/10,-107.992
2017/07/11,-15.458
2017/07/12,-20.75
2017/07/13,-33.656
2017/07/14,-33.391
2017/07/15,-16.777
2017/07/16,-8.315
2017/07/17,-3.873
2017/07/18,-2.889
2017/07/19,-2.928
2017/07/20,-7.487
2017/07/21,26.029
2017/07/22,-3.802
2017/07/23,-2.443
2017/07/24,-1.061
2017/07/25,-6.312
2017/07/26,1.633
2017/07/27,11.012
2017/07/28,-0.719
2017/07/29,-2.537
2017/07/30,-3.18
2017/07/31,1.049
2017/08/01,11.882
2017/08/02,14.546
2017/08/03,2.869
2017/08/04,-1.652
2017/08/05,7.043
2017/08/06,3.53
2017/08/07,12.49
2017/08/08,-1.383
2017/08/09,27.633
2017/08/10,0.795
2017/08/11,6.082
2017/08/12,-3.563
2017/08/13,8.741
2017/08/14,-10.33
2017/08/15,2.861
2017/08/16,-0.038
2017/08/17,5.61
2017/08/18,35.329
2017/08/19,-13.928
2017/08/20,2.636
2017/08/21,1.459
2017/08/22,-1.951
2017/08/23,-20.902
2017/08/24,0.658
2017/08/25,4.427
2017/08/26,-10.781
2017/08/27,-14.505
2017/08/28,15.137
2017/08/29,-9.717
2017/08/30,-5.452
2017/08/31,31.408
2017/09/01,-20.416
2017/09/02,18.69
2017/09/03,4.219
2017/09/04,-4.611
2017/09/05,0.753
2017/09/06,-18.091
2017/09/07,-18.229
2017/09/08,-24.518
2017/09/09,-13.847
2017/09/10,-1.637
2017/09/11,-4.558
2017/09/12,-6.287
2017/09/13,-12.39
2017/09/14,-41.44
2017/09/15,-2.571
2017/09/16,-10.62
2017/09/17,-21.061
2017/09/18,-17.037
2017/09/19,-1.622
2017/09/20,12.287
2017/09/21,1.003
2017/09/22,8.046
2017/09/23,12.999
2017/09/24,-1.058
2017/09/25,-14.139
2017/09/26,-16.28
2017/09/27,-10.269
2017/09/28,-10.442
2017/09/29,-26.475
2017/09/30,-15.635
2017/10/01,2.234
2017/10/02,2.137
2017/10/03,-12.673
2017/10/04,-12.389
2017/10/05,-1.706
2017/10/06,-3.686
2017/10/07,-3.179
2017/10/08,1.784
2017/10/09,-9.463
2017/10/10,1.038
2017/10/11,-5.055
2017/10/12,-7.653
2017/10/13,21.802
2017/10/14,8.949
2017/10/15,1.264
2017/10/16,-18.146
2017/10/17,-16.066
2017/10/18,-16.59
2017/10/19,-14.667
2017/10/20,-14.728
2017/10/21,-15.783
2017/10/22,-15.597
2017/10/23,-5.767
2017/10/24,-15.146
2017/10/25,-9.997
2017/10/26,-7.446
2017/10/27,-32.045
2017/10/28,-18.918
2017/10/29,-16.284
2017/10/30,0
2017/10/31,-0.062
2017/11/01,-0.03
2017/11/02,1.386
2017/11/03,0
2017/11/04,0
2017/11/05,-0.196
2017/11/06,-0.274
2017/11/07,-0.03
2017/11/08,1.109
2017/11/09,2.386
2017/11/10,6.211
2017/11/11,1.228
2017/11/12,24.578
2017/11/13,8.533
2017/11/14,10.145
2017/11/15,16.967
2017/11/16,1.747
2017/11/17,13.825
2017/11/18,3.34
2017/11/19,7.276
2017/11/20,0.649
2017/11/21,18.311
2017/11/22,17.261
2017/11/23,17.375
2017/11/24,15.546
2017/11/25,1.577
2017/11/26,-20.91
2017/11/27,15.314
2017/11/28,13.739
2017/11/29,19.268
2017/11/30,20.222
2017/12/01,0.634
2017/12/02,9.435
2017/12/03,2.824
2017/12/04,23.695
2017/12/05,8.596
2017/12/06,84.81
2017/12/07,15.793
2017/12/08,0.6
2017/12/09,11.536
2017/12/10,8.165
2017/12/11,-7.625
2017/12/12,8.826
2017/12/13,18.247
2017/12/14,57.403
2017/12/15,50.335
2017/12/16,33.921
2017/12/17,38.884
2017/12/18,48.649
2017/12/19,73.814
2017/12/20,56.732
2017/12/21,125.565
2017/12/22,150.743
2017/12/23,64.738
2017/12/24,52.688
2017/12/25,40.978
2017/12/26,41.788
2017/12/27,31.554
2017/12/28,-1.03
2017/12/29,91.72
2017/12/30,176.497
2017/12/31,34.9
2018/01/01,2.104
2018/01/02,40.674
2018/01/03,103.18
2018/01/04,424.892
2018/01/05,231.106
2018/01/06,164.371
2018/01/07,151.776
2018/01/08,193.286
2018/01/09,274.38
2018/01/10,278.606
2018/01/11,225.901
2018/01/12,33.509
2018/01/13,-87.55
2018/01/14,37.572
2018/01/15,184.635
2018/01/16,192.15
2018/01/17,57.061
2018/01/18,-345.334
2018/01/19,-297.744
2018/01/20,-187.051
2018/01/21,-5.813
2018/01/22,-137.382
2018/01/23,-251.361
2018/01/24,-272.105
2018/01/25,-252.058
2018/01/26,-76.188
2018/01/27,-46.266
2018/01/28,-50.151
2018/01/29,-140.261
2018/01/30,-220.435
2018/01/31,-210.161
2018/02/01,-41.118
2018/02/02,30.963
2018/02/03,13.721
2018/02/04,-158.194
2018/02/05,-36.188
2018/02/06,-23.635
2018/02/07,-27.44
2018/02/08,-13.65
2018/02/09,-72.538
2018/02/10,-58.883
2018/02/11,-63.047
2018/02/12,-104.484
2018/02/13,-90.158
2018/02/14,-66.11
2018/02/15,-152.95
2018/02/16,-104.971
2018/02/17,-61.253
2018/02/18,-35.048
2018/02/19,-69.386
2018/02/20,-72.003
2018/02/21,-58.142
2018/02/22,-32.939
2018/02/23,-34.527
2018/02/24,-30.493
2018/02/25,-7.921
2018/02/26,-6.372
2018/02/27,-14.157
2018/02/28,-25.874
2018/03/01,-37.076
2018/03/02,-31.589
2018/03/03,-8.745
2018/03/04,-16.73
2018/03/05,-1.06
2018/03/06,9.459
2018/03/07,33.973
2018/03/08,-0.348
2018/03/09,6.85
2018/03/10,5.793
2018/03/11,-0.336
2018/03/12,-5.398
2018/03/13,-8.517
2018/03/14,-11.399
2018/03/15,-4.112
2018/03/16,-0.559
2018/03/17,0.172
2018/03/18,-0.258
2018/03/19,-3.235
2018/03/20,-11.066
2018/03/21,-40.359
2018/03/22,-1.15
2018/03/23,-8.376
2018/03/24,7.375
2018/03/25,2.613
2018/03/26,1.782
2018/03/27,3.586
2018/03/28,-2.994
2018/03/29,4.621
2018/03/30,3.557
2018/03/31,0.06
2018/04/01,0.128
2018/04/02,-2.851
2018/04/03,0.13
2018/04/04,-0.53
2018/04/05,-5.456
2018/04/06,-5.215
2018/04/07,-13.092
2018/04/08,-2.582
2018/04/09,-4.798
2018/04/10,-3.339
2018/04/11,-3.582
2018/04/12,-9.946
2018/04/13,-3.639
2018/04/14,-0.353
2018/04/15,-0.344
2018/04/16,-0.13
2018/04/17,-0.381
2018/04/18,0.004
2018/04/19,-0.03
2018/04/20,-0.03
2018/04/21,-0.016
2018/04/22,0.062
2018/04/23,0.13
2018/04/24,-0.38
2018/04/25,0.026
2018/04/26,-0.095
2018/04/27,-0.223
2018/04/28,0
2018/04/29,-0.039
2018/04/30,0.289
2018/05/01,0.249
2018/05/02,0.494
2018/05/03,0.857
2018/05/04,95.198
2018/05/05,0.894
2018/05/06,2.136
2018/05/07,-0.2
2018/05/08,-0.07
2018/05/09,0.016
2018/05/10,0
2018/05/11,0.294
2018/05/12,0
2018/05/13,0.056
2018/05/14,1.611
2018/05/15,0.107
2018/05/16,-0.272
2018/05/17,-0.437
2018/05/18,-94.601
2018/05/19,-0.954
2018/05/20,-2.23
2018/05/21,0.249
2018/05/22,-0.075
2018/05/23,0.295
2018/05/24,0.352
2018/05/25,-0.288
2018/05/26,0
2018/05/27,-0.056
2018/05/28,-1.617
2018/05/29,-0.376
2018/05/30,0.184
2018/05/31,0.331
2018/06/01,-0.367
2018/06/02,0
2018/06/03,0
2018/06/04,-0.31
2018/06/05,0
2018/06/06,-0.185
2018/06/07,-0.352
2018/06/08,-0.005
2018/06/09,0
2018/06/10,0
2018/06/11,-0.49
2018/06/12,0
2018/06/13,-0.45
2018/06/14,-0.616
2018/06/15,-0.161
2018/06/16,0
2018/06/17,0
2018/06/18,-0.072
2018/06/19,0
2018/06/20,-0.184
2018/06/21,0
2018/06/22,0.059
2018/06/23,0
2018/06/24,0.05
2018/06/25,-0.025
2018/06/26,0.014
2018/06/27,0
2018/06/28,-0.091
2018/06/29,0.018
2018/06/30,0
2018/07/01,0
2018/07/02,18.854
2018/07/03,0
2018/07/04,19.402
2018/07/05,3.951
2018/07/06,13.13
2018/07/07,2.818
2018/07/08,0.083
2018/07/09,-0.023
2018/07/10,-0.014
2018/07/11,0
2018/07/12,-0.044
2018/07/13,-0.088
2018/07/14,0.397
2018/07/15,3.752
2018/07/16,-18.854
2018/07/17,0
2018/07/18,-19.402
2018/07/19,-3.951
2018/07/20,-13.184
2018/07/21,-2.813
2018/07/22,-0.133
2018/07/23,0
2018/07/24,0
2018/07/25,0
2018/07/26,0
2018/07/27,0
2018/07/28,-0.397
2018/07/29,-3.752
2018/07/30,0
2018/07/31,0.018
2018/08/01,0
2018/08/02,0
2018/08/03,-0.005
2018/08/04,-0.005
2018/08/05,0
2018/08/06,0
2018/08/07,2.419
2018/08/08,22.387
2018/08/09,18.013
2018/08/10,7.711
2018/08/11,0
2018/08/12,0
2018/08/13,0
2018/08/14,0.03
2018/08/15,0
2018/08/16,0
2018/08/17,6.534
2018/08/18,0
2018/08/19,0
2018/08/20,0
2018/08/21,-2.419
2018/08/22,-22.387
2018/08/23,-17.955
2018/08/24,-7.545
2018/08/25,0.074
2018/08/26,0.041
2018/08/27,0
2018/08/28,0.241
2018/08/29,0.086
2018/08/30,0.028
2018/08/31,-6.337
2018/09/01,0
2018/09/02,0
2018/09/03,0.043
2018/09/04,0.316
2018/09/05,0.397
2018/09/06,1.752
2018/09/07,-0.015
2018/09/08,-0.074
2018/09/09,-0.041
2018/09/10,0.283
2018/09/11,-0.16
2018/09/12,0.016
2018/09/13,0.366
2018/09/14,0.123
2018/09/15,0.079
2018/09/16,0.096
2018/09/17,0.013
2018/09/18,-0.112
2018/09/19,0.44
2018/09/20,-0.769
2018/09/21,2.656
2018/09/22,0.722
2018/09/23,0.341
2018/09/24,1.136
2018/09/25,0.515
2018/09/26,0.544
2018/09/27,1.137
2018/09/28,1.262
2018/09/29,1.513
2018/09/30,0.836
2018/10/01,1.327
2018/10/02,0.071
2018/10/03,-0.838
2018/10/04,-0.996
2018/10/05,-2.806
2018/10/06,-0.72
2018/10/07,-0.327
2018/10/08,-1.398
2018/10/09,-0.643
2018/10/10,-0.51
2018/10/11,-1.507
2018/10/12,-1.582
2018/10/13,-1.591
2018/10/14,-0.932
2018/10/15,-1.279
2018/10/16,-0.238
2018/10/17,0.013
2018/10/18,-0.043
2018/10/19,0
2018/10/20,0.009
2018/10/21,-0.013
2018/10/22,-0.02
2018/10/23,0.041
2018/10/24,0.562
2018/10/25,0.164
2018/10/26,0.244
2018/10/27,0
2018/10/28,0.04
2018/10/29,-0.068
2018/10/30,-0.036
2018/10/31,0.012
2018/11/01,0
2018/11/02,0
2018/11/03,-0.011
2018/11/04,0
2018/11/05,0.105
2018/11/06,-0.041
2018/11/07,-0.698
2018/11/08,-0.189
2018/11/09,-0.033
2018/11/10,0.02
2018/11/11,-0.04
2018/11/12,-0.014
2018/11/13,0.023
2018/11/14,0.209
2018/11/15,0.571
2018/11/16,0
2018/11/17,0
2018/11/18,0
2018/11/19,0.873
2018/11/20,0.138
2018/11/21,0
2018/11/22,0
2018/11/23,-0.211
2018/11/24,-0.02
2018/11/25,0.06
2018/11/26,-0.017
2018/11/27,-0.023
2018/11/28,-0.234
2018/11/29,-0.571
2018/11/30,0.116
2018/12/01,0
2018/12/02,0
2018/12/03,-0.947
2018/12/04,-0.138
2018/12/05,0
2018/12/06,0
2018/12/07,0.088
2018/12/08,0.046
2018/12/09,-0.041
2018/12/10,0.021
2018/12/11,0
2018/12/12,0
2018/12/13,0
2018/12/14,-0.116
2018/12/15,0
2018/12/16,0.02
2018/12/17,-0.031
2018/12/18,0
2018/12/19,0
2018/12/20,0
2018/12/21,-0.088
2018/12/22,-0.046
2018/12/23,-0.019
2018/12/24,-0.028
2018/12/25,0
2018/12/26,0
2018/12/27,0
2018/12/28,0
2018/12/29,0
2018/12/30,0.119
2018/12/31,0
2019/01/01,0
2019/01/02,0
2019/01/03,0
2019/01/04,0
2019/01/05,0
2019/01/06,0
2019/01/07,0.001
2019/01/08,0.013
2019/01/09,0
2019/01/10,0
2019/01/11,0.01
2019/01/12,0
2019/01/13,-0.138
2019/01/14,0.24
2019/01/15,0.159
2019/01/16,0
2019/01/17,0
2019/01/18,0
2019/01/19,0
2019/01/20,0
2019/01/21,-0.001
2019/01/22,-0.013
2019/01/23,0
2019/01/24,0
2019/01/25,-0.01
2019/01/26,0
2019/01/27,0
2019/01/28,-0.181
2019/01/29,-0.159
2019/01/30,0
2019/01/31,0
2019/02/01,0
2019/02/02,0
2019/02/03,0
2019/02/04,0
2019/02/05,0
2019/02/06,0
2019/02/07,0
2019/02/08,0
2019/02/09,0
2019/02/10,0
2019/02/11,-0.059
2019/02/12,0
2019/02/13,0
2019/02/14,0
2019/02/15,0
2019/02/16,0
2019/02/17,0
2019/02/18,0.01
2019/02/19,0
2019/02/20,0
2019/02/21,0
2019/02/22,0
2019/02/23,0
2019/02/24,0
2019/02/25,0
2019/02/26,0
2019/02/27,0
2019/02/28,0
2019/03/01,0
2019/03/02,0
2019/03/03,0
2019/03/04,-0.01
2019/03/05,0
2019/03/06,0
2019/03/07,0
2019/03/08,0
2019/03/09,0
2019/03/10,0
2019/03/11,0
2019/03/12,0
2019/03/13,0
2019/03/14,0
2019/03/15,0
2019/03/16,0
2019/03/17,0
2019/03/18,0
2019/03/19,0
2019/03/20,0
2019/03/21,0
2019/03/22,0
2019/03/23,0
2019/03/24,0
2019/03/25,0
2019/03/26,0
2019/03/27,0
2019/03/28,0
2019/03/29,0
2019/03/30,0
2019/03/31,0
2019/04/01,0
2019/04/02,0
2019/04/03,0
2019/04/04,0
2019/04/05,0
2019/04/06,0
2019/04/07,0.032
2019/04/08,0.044
2019/04/09,0.035
2019/04/10,0
2019/04/11,0
2019/04/12,0.078
2019/04/13,0.019
2019/04/14,0
2019/04/15,0.012
2019/04/16,0
2019/04/17,0
2019/04/18,0
2019/04/19,0
2019/04/20,0
2019/04/21,-0.032
2019/04/22,-0.044
2019/04/23,-0.035
2019/04/24,0
2019/04/25,0
2019/04/26,-0.078
2019/04/27,-0.019
2019/04/28,0
2019/04/29,-0.012
2019/04/30,0
2019/05/01,0
2019/05/02,0
2019/05/03,0
2019/05/04,0
2019/05/05,0
2019/05/06,0
2019/05/07,0
2019/05/08,0
2019/05/09,0
2019/05/10,0
2019/05/11,0
2019/05/12,0
2019/05/13,0
2019/05/14,0
2019/05/15,0
2019/05/16,0.071
2019/05/17,0
2019/05/18,0
2019/05/19,0
2019/05/20,0
2019/05/21,0
2019/05/22,0
2019/05/23,0
2019/05/24,0
2019/05/25,0
2019/05/26,0
2019/05/27,0
2019/05/28,0
2019/05/29,0
2019/05/30,-0.071
2019/05/31,0
2019/06/01,0
2019/06/02,0
2019/06/03,0
2019/06/04,0
2019/06/05,0
2019/06/06,0
2019/06/07,0
2019/06/08,0
2019/06/09,0
2019/06/10,0
2019/06/11,0
2019/06/12,0.192
2019/06/13,0
2019/06/14,0
2019/06/15,0
2019/06/16,0.184
2019/06/17,0
2019/06/18,0
2019/06/19,0
2019/06/20,0
2019/06/21,0
2019/06/22,0
2019/06/23,0
2019/06/24,0
2019/06/25,0
2019/06/26,-0.192
2019/06/27,0
2019/06/28,0
2019/06/29,0
2019/06/30,-0.184
2019/07/01,0
2019/07/02,0
2019/07/03,0
2019/07/04,0
2019/07/05,0
2019/07/06,0
2019/07/07,0
2019/07/08,0
2019/07/09,0
2019/07/10,0
2019/07/11,0
2019/07/12,0
2019/07/13,0
2019/07/14,0
2019/07/15,0
2019/07/16,0
2019/07/17,0
2019/07/18,0
2019/07/19,0
2019/07/20,0
2019/07/21,0
2019/07/22,0
2019/07/23,0
2019/07/24,0
2019/07/25,0
2019/07/26,0
2019/07/27,0
2019/07/28,0
2019/07/29,0
2019/07/30,0
2019/07/31,0
2019/08/01,0
2019/08/02,0
2019/08/03,0
2019/08/04,0
2019/08/05,0
2019/08/06,0
2019/08/07,0
2019/08/08,0
2019/08/09,0
2019/08/10,0
2019/08/11,0
2019/08/12,0
2019/08/13,0
2019/08/14,0
2019/08/15,0
2019/08/16,0
2019/08/17,0
2019/08/18,0
2019/08/19,0
2019/08/20,0
2019/08/21,0
2019/08/22,0
2019/08/23,0
2019/08/24,0
2019/08/25,0
2019/08/26,0
2019/08/27,0
2019/08/28,0
2019/08/29,0
2019/08/30,0
2019/08/31,0
2019/09/01,0
2019/09/02,0
2019/09/03,0
2019/09/04,0
2019/09/05,0
2019/09/06,0
2019/09/07,0
2019/09/08,0
2019/09/09,0
2019/09/10,0
2019/09/11,0
2019/09/12,0
2019/09/13,0
2019/09/14,0
2019/09/15,0
2019/09/16,0
2019/09/17,0
2019/09/18,0
2019/09/19,0
2019/09/20,0
2019/09/21,0
2019/09/22,0
2019/09/23,0
2019/09/24,0
2019/09/25,0
2019/09/26,0
2019/09/27,0
2019/09/28,0
2019/09/29,0
2019/09/30,0
2019/10/01,0
2019/10/02,0
2019/10/03,0
2019/10/04,0
2019/10/05,0
2019/10/06,0
2019/10/07,0
2019/10/08,0
2019/10/09,0
2019/10/10,0
2019/10/11,0
2019/10/12,0
2019/10/13,0
2019/10/14,0
2019/10/15,0
2019/10/16,0
2019/10/17,0
2019/10/18,0
2019/10/19,0
2019/10/20,0
2019/10/21,0
2019/10/22,0
2019/10/23,0
2019/10/24,0
2019/10/25,0
2019/10/26,0
2019/10/27,0
2019/10/28,0
2019/10/29,0
2019/10/30,0
2019/10/31,0
2019/11/01,0
2019/11/02,0
2019/11/03,0
2019/11/04,0
2019/11/05,0
2019/11/06,0
2019/11/07,0
2019/11/08,0
2019/11/09,0
2019/11/10,0
2019/11/11,0
2019/11/12,0
2019/11/13,0
2019/11/14,0
2019/11/15,0
2019/11/16,0
2019/11/17,0
2019/11/18,0
2019/11/19,0
2019/11/20,0
2019/11/21,0
2019/11/22,0
2019/11/23,0
2019/11/24,0
2019/11/25,0
2019/11/26,0
2019/11/27,0
2019/11/28,0
2019/11/29,0
2019/11/30,0
2019/12/01,0
2019/12/02,0
2019/12/03,0
2019/12/04,0
2019/12/05,0
2019/12/06,0
2019/12/07,0
2019/12/08,0
2019/12/09,0
2019/12/10,0
2019/12/11,0
2019/12/12,0
2019/12/13,0
2019/12/14,0
2019/12/15,0
2019/12/16,0
2019/12/17,0
2019/12/18,0
2019/12/19,0
2019/12/20,0
2019/12/21,0
2019/12/22,0
2019/12/23,0
2019/12/24,0
2019/12/25,0
2019/12/26,0
2019/12/27,0
2019/12/28,0
2019/12/29,0
2019/12/30,0
2019/12/31,0
2020/01/01,0
2020/01/02,0
2020/01/03,0
2020/01/04,0
2020/01/05,0
2020/01/06,0
2020/01/07,0
2020/01/08,0
2020/01/09,0
2020/01/10,0
2020/01/11,0
2020/01/12,0
2020/01/13,0
2020/01/14,0
2020/01/15,0
2020/01/16,0
2020/01/17,0
2020/01/18,0
2020/01/19,0
2020/01/20,0
2020/01/21,0
2020/01/22,0
2020/01/23,0
2020/01/24,0
2020/01/25,0
2020/01/26,0
2020/01/27,0
2020/01/28,0
2020/01/29,0
2020/01/30,0
2020/01/31,0
2020/02/01,0
2020/02/02,0
2020/02/03,0
2020/02/04,0
2020/02/05,0
2020/02/06,0
2020/02/07,0
2020/02/08,0
2020/02/09,0
2020/02/10,0
2020/02/11,0
2020/02/12,0
2020/02/13,0
2020/02/14,0
2020/02/15,0
2020/02/16,0
2020/02/17,0
2020/02/18,0
2020/02/19,0
2020/02/20,0
2020/02/21,0
2020/02/22,0
2020/02/23,0
2020/02/24,0
2020/02/25,0
2020/02/26,0
2020/02/27,0
2020/02/28,0
2020/02/29,0
2020/03/01,0
2020/03/02,0
2020/03/03,0
2020/03/04,0
2020/03/05,0
2020/03/06,0
2020/03/07,0
2020/03/08,0
2020/03/09,0
2020/03/10,0
2020/03/11,0
2020/03/12,0
2020/03/13,0
2020/03/14,0
2020/03/15,0
2020/03/16,0
2020/03/17,0
2020/03/18,0
2020/03/19,0
2020/03/20,0
2020/03/21,0
2020/03/22,0
2020/03/23,0
2020/03/24,0
2020/03/25,0
2020/03/26,0
2020/03/27,0
2020/03/28,0
2020/03/29,0
2020/03/30,0
2020/03/31,0
2020/04/01,0
2020/04/02,0
2020/04/03,0
2020/04/04,0
2020/04/05,0
2020/04/06,0
2020/04/07,0
2020/04/08,0
2020/04/09,0
2020/04/10,0
2020/04/11,0
2020/04/12,0
2020/04/13,0
2020/04/14,0
2020/04/15,0
2020/04/16,0
2020/04/17,0
2020/04/18,0
2020/04/19,0
2020/04/20,0
2020/04/21,0
2020/04/22,0
2020/04/23,0
2020/04/24,0
2020/04/25,0
2020/04/26,0
2020/04/27,0
2020/04/28,0
2020/04/29,0
2020/04/30,0
2020/05/01,0
2020/05/02,0
2020/05/03,0
2020/05/04,0
2020/05/05,0
2020/05/06,0
2020/05/07,0
2020/05/08,0
2020/05/09,0
2020/05/10,0
2020/05/11,0
2020/05/12,0
2020/05/13,0
2020/05/14,0
2020/05/15,0
2020/05/16,0
2020/05/17,0
2020/05/18,0
2020/05/19,0
2020/05/20,0
2020/05/21,0
2020/05/22,0
2020/05/23,0
2020/05/24,0
2020/05/25,0
2020/05/26,0
2020/05/27,0
2020/05/28,0
2020/05/29,0
2020/05/30,0
2020/05/31,0
2020/06/01,0
2020/06/02,0
2020/06/03,0
2020/06/04,0
2020/06/05,0
2020/06/06,0
2020/06/07,0
2020/06/08,0
2020/06/09,0
2020/06/10,0
2020/06/11,0
2020/06/12,0
2020/06/13,0
2020/06/14,0
2020/06/15,0
2020/06/16,0
2020/06/17,0
2020/06/18,0
2020/06/19,0
2020/06/20,0
2020/06/21,0
2020/06/22,0
2020/06/23,0
2020/06/24,0
2020/06/25,0
2020/06/26,0
2020/06/27,0
2020/06/28,0
2020/06/29,0
2020/06/30,0
2020/07/01,0
2020/07/02,0
2020/07/03,0
2020/07/04,0
2020/07/05,0
2020/07/06,0
2020/07/07,0
2020/07/08,0
2020/07/09,0
2020/07/10,0
2020/07/11,0
2020/07/12,0
2020/07/13,0
2020/07/14,0
2020/07/15,0
2020/07/16,0
2020/07/17,0
2020/07/18,0
2020/07/19,0
2020/07/20,0
2020/07/21,0
2020/07/22,0
2020/07/23,0
2020/07/24,0
2020/07/25,0
2020/07/26,0
2020/07/27,0
2020/07/28,0
2020/07/29,0
2020/07/30,0
2020/07/31,0
2020/08/01,0
2020/08/02,0
2020/08/03,0
2020/08/04,0
2020/08/05,0
2020/08/06,0
2020/08/07,0
2020/08/08,0
2020/08/09,0
2020/08/10,0
2020/08/11,0
2020/08/12,0
2020/08/13,0
2020/08/14,0
2020/08/15,0
2020/08/16,0
2020/08/17,0
2020/08/18,0
2020/08/19,0
2020/08/20,0
2020/08/21,0
2020/08/22,0
2020/08/23,0
2020/08/24,0
2020/08/25,0
2020/08/26,0
2020/08/27,0
2020/08/28,0
2020/08/29,0
2020/08/30,0
2020/08/31,0
2020/09/01,0
2020/09/02,0
2020/09/03,0
2020/09/04,0
2020/09/05,0
2020/09/06,0
2020/09/07,0
2020/09/08,0
2020/09/09,0
2020/09/10,0
2020/09/11,0
2020/09/12,0
2020/09/13,0
2020/09/14,0
2020/09/15,0
2020/09/16,0
2020/09/17,0
2020/09/18,0
2020/09/19,0
2020/09/20,0
2020/09/21,0
2020/09/22,0
2020/09/23,0
2020/09/24,0
2020/09/25,0
2020/09/26,0
2020/09/27,0
2020/09/28,0
2020/09/29,0
2020/09/30,0
2020/10/01,0
2020/10/02,0
2020/10/03,0
2020/10/04,0
2020/10/05,0
2020/10/06,0
2020/10/07,0
2020/10/08,0
2020/10/09,0
2020/10/10,0
2020/10/11,0
2020/10/12,0
2020/10/13,0
2020/10/14,0
2020/10/15,0
2020/10/16,0
2020/10/17,0
2020/10/18,0
2020/10/19,0
2020/10/20,0
2020/10/21,0
2020/10/22,0
2020/10/23,0
2020/10/24,0
2020/10/25,0
2020/10/26,0
2020/10/27,0
2020/10/28,0
2020/10/29,0
2020/10/30,0
2020/10/31,0
2020/11/01,0
2020/11/02,0
2020/11/03,0
2020/11/04,0
2020/11/05,0
2020/11/06,0
2020/11/07,0
2020/11/08,0
2020/11/09,0
2020/11/10,0
2020/11/11,0
2020/11/12,0
2020/11/13,0
2020/11/14,0
2020/11/15,0
2020/11/16,0
2020/11/17,0
2020/11/18,0
2020/11/19,0
2020/11/20,0
2020/11/21,0
2020/11/22,0
2020/11/23,0
2020/11/24,0
2020/11/25,0
2020/11/26,0
2020/11/27,0
2020/11/28,0
2020/11/29,0
2020/11/30,0
2020/12/01,0
2020/12/02,0
2020/12/03,0
2020/12/04,0
2020/12/05,0
2020/12/06,0
2020/12/07,0
2020/12/08,0
2020/12/09,0
2020/12/10,0
2020/12/11,0
2020/12/12,0
2020/12/13,0
2020/12/14,0
2020/12/15,0
2020/12/16,0
2020/12/17,0
2020/12/18,0
2020/12/19,0
2020/12/20,0
2020/12/21,0
2020/12/22,0
2020/12/23,0
2020/12/24,0
2020/12/25,0
2020/12/26,0
2020/12/27,0
2020/12/28,0
2020/12/29,0
2020/12/30,0
2020/12/31,0
2021/01/01,0
2021/01/02,0
2021/01/03,0
2021/01/04,0
2021/01/05,0
2021/01/06,0
2021/01/07,0
2021/01/08,0
2021/01/09,0
2021/01/10,0
2021/01/11,0
2021/01/12,0
2021/01/13,0
2021/01/14,0
2021/01/15,0
2021/01/16,0
2021/01/17,0
2021/01/18,0
2021/01/19,0
2021/01/20,0
2021/01/21,0
2021/01/22,0
2021/01/23,0
2021/01/24,0
2021/01/25,0
2021/01/26,0
2021/01/27,0
2021/01/28,0
2021/01/29,0
2021/01/30,0
2021/01/31,0
2021/02/01,0
2021/02/02,0
2021/02/03,0
2021/02/04,0
2021/02/05,0
2021/02/06,0
2021/02/07,0
2021/02/08,0
2021/02/09,0
2021/02/10,0
2021/02/11,0
2021/02/12,0
2021/02/13,0
2021/02/14,0
2021/02/15,0
2021/02/16,0
2021/02/17,0
2021/02/18,0
2021/02/19,0
2021/02/20,0
2021/02/21,0
2021/02/22,0
2021/02/23,0
2021/02/24,0
2021/02/25,0
2021/02/26,0
2021/02/27,0
2021/02/28,0
2021/03/01,0
2021/03/02,0
2021/03/03,0
2021/03/04,0
2021/03/05,0
2021/03/06,0
2021/03/07,0
2021/03/08,0
2021/03/09,0
2021/03/10,0
2021/03/11,0
2021/03/12,0
2021/03/13,0
2021/03/14,0
2021/03/15,0
2021/03/16,0
2021/03/17,0
2021/03/18,0
2021/03/19,0
2021/03/20,0
2021/03/21,0
2021/03/22,0
2021/03/23,0
2021/03/24,0
2021/03/25,0
2021/03/26,0
2021/03/27,0
2021/03/28,0
2021/03/29,0
2021/03/30,0
2021/03/31,0
2021/04/01,9.695
2021/04/02,0
2021/04/03,0
2021/04/04,0
2021/04/05,0
2021/04/06,0
2021/04/07,0
2021/04/08,0
2021/04/09,0
2021/04/10,0
2021/04/11,0
2021/04/12,0
2021/04/13,0
2021/04/14,0
2021/04/15,-9.695
2021/04/16,7.4
2021/04/17,25.359
2021/04/18,11.835
2021/04/19,22.128
2021/04/20,46.414
2021/04/21,14.644
2021/04/22,0
2021/04/23,0
2021/04/24,2.261
2021/04/25,0.226
2021/04/26,0
2021/04/27,0
2021/04/28,0
2021/04/29,0
2021/04/30,-7.4
2021/05/01,-25.359
2021/05/02,-11.835
2021/05/03,-22.128
2021/05/04,-46.414
2021/05/05,-14.644
2021/05/06,0
2021/05/07,0
2021/05/08,35.092
2021/05/09,42.519
2021/05/10,54.299
2021/05/11,107.437
2021/05/12,71.894
2021/05/13,21.132
2021/05/14,26.684
2021/05/15,21.511
2021/05/16,15.735
2021/05/17,0
2021/05/18,0.034
2021/05/19,0
2021/05/20,0.027
2021/05/21,0
2021/05/22,-37.352
2021/05/23,-42.745
2021/05/24,-54.299
2021/05/25,-107.437
2021/05/26,-71.894
2021/05/27,-21.132
2021/05/28,-26.684
2021/05/29,-18.879
2021/05/30,-15.735
2021/05/31,0.916
2021/06/01,-0.034
2021/06/02,0
2021/06/03,-0.027
2021/06/04,0
2021/06/05,0
2021/06/06,0
2021/06/07,0
2021/06/08,0
2021/06/09,0
2021/06/10,0
2021/06/11,0
2021/06/12,-2.633
2021/06/13,0
2021/06/14,-0.916
2021/06/15,0
2021/06/16,0
2021/06/17,0
2021/06/18,0
2021/06/19,0
2021/06/20,0
2021/06/21,0
2021/06/22,0
2021/06/23,0
2021/06/24,0
2021/06/25,0
2021/06/26,0
2021/06/27,0.152
2021/06/28,7.711
2021/06/29,0
2021/06/30,0
2021/07/01,0
2021/07/02,0
2021/07/03,0
2021/07/04,0
2021/07/05,0
2021/07/06,0
2021/07/07,0
2021/07/08,0
2021/07/09,0
2021/07/10,0
2021/07/11,-0.152
2021/07/12,-7.711
2021/07/13,0
2021/07/14,0
2021/07/15,0
2021/07/16,0
2021/07/17,0
2021/07/18,0
2021/07/19,0
2021/07/20,0
2021/07/21,0
2021/07/22,0
2021/07/23,0
2021/07/24,0
2021/07/25,0
2021/07/26,0
2021/07/27,3.876
2021/07/28,2.878
2021/07/29,0
2021/07/30,0
2021/07/31,0
2021/08/01,0
2021/08/02,0
2021/08/03,0
2021/08/04,0
2021/08/05,0
2021/08/06,0
2021/08/07,0
2021/08/08,0
2021/08/09,0.003
2021/08/10,-3.876
2021/08/11,-2.878
2021/08/12,0
2021/08/13,0
2021/08/14,0
2021/08/15,0.368
2021/08/16,0
2021/08/17,0
2021/08/18,0
2021/08/19,0
2021/08/20,0
2021/08/21,0
2021/08/22,0
2021/08/23,-0.003
2021/08/24,5.396
2021/08/25,1.068
2021/08/26,0.646
2021/08/27,15.854
2021/08/28,15.939
2021/08/29,15.201
2021/08/30,0.985
2021/08/31,8.446
2021/09/01,17.48
2021/09/02,0.948
2021/09/03,0
2021/09/04,0
2021/09/05,0.02
2021/09/06,0
2021/09/07,-5.396
2021/09/08,-1.068
2021/09/09,-0.646
2021/09/10,-15.854
2021/09/11,-13.62
2021/09/12,-13.538
2021/09/13,12.661
2021/09/14,-7.793
2021/09/15,-10.766
2021/09/16,-0.767
2021/09/17,0
2021/09/18,0.707
2021/09/19,1.672
2021/09/20,0
2021/09/21,0
2021/09/22,0
2021/09/23,10.109
2021/09/24,1.026
2021/09/25,-1.736
2021/09/26,0.572
2021/09/27,-5.93
2021/09/28,11.237
2021/09/29,-1.291
2021/09/30,20.709
2021/10/01,11.061
2021/10/02,4.331
2021/10/03,8.553
2021/10/04,12.198
2021/10/05,18.503
2021/10/06,46.721
2021/10/07,-1.573
2021/10/08,30.979
2021/10/09,8.911
2021/10/10,-0.575
2021/10/11,-7.716
2021/10/12,-11.852
2021/10/13,7.861
2021/10/14,-5.892
2021/10/15,-0.982
2021/10/16,7.335
2021/10/17,-8.786
2021/10/18,-4.427
2021/10/19,-18.503
2021/10/20,-44.746
2021/10/21,0.143
2021/10/22,-21.146
2021/10/23,7.638
2021/10/24,9.321
2021/10/25,19.749
2021/10/26,17.187
2021/10/27,-13.284
2021/10/28,7.6
2021/10/29,22.092
2021/10/30,9.278
2021/10/31,-1.459
2021/11/01,-7.767
2021/11/02,5.139
2021/11/03,-1.975
2021/11/04,-8.679
2021/11/05,-10.859
2021/11/06,-1.379
2021/11/07,2.447
2021/11/08,-19.604
2021/11/09,-17.225
2021/11/10,4.729
2021/11/11,6.189
2021/11/12,1.032
2021/11/13,29.425
2021/11/14,45.572
2021/11/15,16.601
2021/11/16,-5.139
2021/11/17,27.204
2021/11/18,0.327
2021/11/19,19.666
2021/11/20,-5.627
2021/11/21,3.196
2021/11/22,6.978
2021/11/23,4.214
2021/11/24,-4.729
2021/11/25,-28.788
2021/11/26,-33.204
2021/11/27,-42.835
2021/11/28,-35.469
2021/11/29,2.942
2021/11/30,12.878
2021/12/01,-22.512
2021/12/02,-0.327
2021/12/03,-19.666
2021/12/04,-10.126
2021/12/05,28.841
2021/12/06,-7.123
2021/12/07,-4.214
2021/12/08,2.711
2021/12/09,9.547
2021/12/10,9.619
2021/12/11,1.122
2021/12/12,1.272
2021/12/13,-18.542
2021/12/14,-12.878
2021/12/15,-4.691
2021/12/16,14.401
2021/12/17,31.757
2021/12/18,11.928
2021/12/19,-38.451
2021/12/20,6.256
2021/12/21,9.212
2021/12/22,9.32
2021/12/23,-6.784
2021/12/24,-9.619
2021/12/25,-9.363
2021/12/26,-11.375
2021/12/27,5.515
2021/12/28,11.688
2021/12/29,0
2021/12/30,-1.218
2021/12/31,-31.757
2022/01/01,-11.928
2022/01/02,-1.845
2022/01/03,6.13
2022/01/04,16.913
2022/01/05,6.782
2022/01/06,29.908
2022/01/07,32.321
2022/01/08,35.182
2022/01/09,78.351
2022/01/10,-6.52
2022/01/11,-8.193
2022/01/12,25.67
2022/01/13,14.893
2022/01/14,32.717
2022/01/15,33.254
2022/01/16,34.394
2022/01/17,16.918
2022/01/18,-3.992
2022/01/19,6.23
2022/01/20,-10.928
2022/01/21,-21.036
2022/01/22,-34.316
2022/01/23,-53.793
2022/01/24,5.6
2022/01/25,15.717
2022/01/26,-11.268
2022/01/27,-16.2
2022/01/28,-17.523
2022/01/29,-3.043
2022/01/30,3.175
2022/01/31,-0.785
2022/02/01,25.31
2022/02/02,14.168
2022/02/03,3.096
2022/02/04,16.975
2022/02/05,18.087
2022/02/06,-10.189
2022/02/07,12.202
2022/02/08,-9.29
2022/02/09,3.742
2022/02/10,0.871
2022/02/11,-7.896
2022/02/12,-23.829
2022/02/13,-36.446
2022/02/14,-23.443
2022/02/15,-42.252
2022/02/16,-39.211
2022/02/17,-18.773
2022/02/18,-28.259
2022/02/19,-14.326
2022/02/20,-14.369
2022/02/21,9.025
2022/02/22,2.974
2022/02/23,-2.799
2022/02/24,-9.384
2022/02/25,2.312
2022/02/26,-0.369
2022/02/27,-1.498
2022/02/28,-0.579
2022/03/01,-0.298
2022/03/02,5.766
2022/03/03,0.94
2022/03/04,5.4
2022/03/05,0.005
2022/03/06,4.805
2022/03/07,-23.029
2022/03/08,-10.562
2022/03/09,-14.396
2022/03/10,-3.363
2022/03/11,-5.698
2022/03/12,-2.174
2022/03/13,-1.376
2022/03/14,-1.695
2022/03/15,-0.858
2022/03/16,-3.085
2022/03/17,-5.691
2022/03/18,19.557
2022/03/19,-4.044
2022/03/20,-1.649
2022/03/21,0.205
2022/03/22,6.863
2022/03/23,2.09
2022/03/24,4.498
2022/03/25,0.982
2022/03/26,-0.03
2022/03/27,0.674
2022/03/28,-2.801
2022/03/29,-4.036
2022/03/30,-2.681
2022/03/31,-1.247
2022/04/01,-22.187
2022/04/02,3.198
2022/04/03,12.41
2022/04/04,11.545
2022/04/05,9.553
2022/04/06,0.979
2022/04/07,11.935
2022/04/08,8.02
2022/04/09,1.715
2022/04/10,7.447
2022/04/11,2.558
2022/04/12,0
2022/04/13,0.306
2022/04/14,5.394
2022/04/15,-0.299
2022/04/16,-0.425
2022/04/17,-12.215
2022/04/18,-12.41
2022/04/19,-12.604
2022/04/20,4.297
2022/04/21,-16.433
2022/04/22,2.485
2022/04/23,-2.568
2022/04/24,-8.346
2022/04/25,-2.558
2022/04/26,5.694
2022/04/27,15.267
2022/04/28,0.112
2022/04/29,-0.242
2022/04/30,-3.361
2022/05/01,-3.095
2022/05/02,2.346
2022/05/03,-0.678
2022/05/04,-2.795
2022/05/05,2.54
2022/05/06,-9.845
2022/05/07,-0.726
2022/05/08,-1.228
2022/05/09,0
2022/05/10,-1.637
2022/05/11,-15.574
2022/05/12,-5.573
2022/05/13,1.477
2022/05/14,1.018
2022/05/15,1.289
2022/05/16,-5.414
2022/05/17,-3.961
2022/05/18,-5.521
2022/05/19,-2.365
2022/05/20,-5.555
2022/05/21,-0.752
2022/05/22,-0.802
2022/05/23,0
2022/05/24,-3.453
2022/05/25,0.633
2022/05/26,0
2022/05/27,-3.707
2022/05/28,0.53
2022/05/29,0.298
2022/05/30,-0.071
2022/05/31,-1.507
2022/06/01,1.379
2022/06/02,-0.175
2022/06/03,0
2022/06/04,-1.478
2022/06/05,-1.532
2022/06/06,0
2022/06/07,-0.604
2022/06/08,-0.633
2022/06/09,0
2022/06/10,0
2022/06/11,-1.549
2022/06/12,-1.843
2022/06/13,0
2022/06/14,0
2022/06/15,-1.379
2022/06/16,0
2022/06/17,0
2022/06/18,0
2022/06/19,0
2022/06/20,0
2022/06/21,0
2022/06/22,0
2022/06/23,0
2022/06/24,0
2022/06/25,0
2022/06/26,0
2022/06/27,0
2022/06/28,0
2022/06/29,0
2022/06/30,0
2022/07/01,0
2022/07/02,0
2022/07/03,0
2022/07/04,0
2022/07/05,0
2022/07/06,0
2022/07/07,0
2022/07/08,0
2022/07/09,0
2022/07/10,0
2022/07/11,0
2022/07/12,0
2022/07/13,0
2022/07/14,0
2022/07/15,0.912
2022/07/16,0.987
2022/07/17,0
2022/07/18,0
2022/07/19,0
2022/07/20,0
2022/07/21,0
2022/07/22,0
2022/07/23,0
2022/07/24,0
2022/07/25,1.297
2022/07/26,69.615
2022/07/27,0
2022/07/28,0
2022/07/29,-0.912
2022/07/30,-0.987
2022/07/31,0
2022/08/01,0.909
2022/08/02,0
2022/08/03,0
2022/08/04,11.343
2022/08/05,0
2022/08/06,1.157
2022/08/07,0.641
2022/08/08,-1.297
2022/08/09,-69.615
2022/08/10,0
2022/08/11,0
2022/08/12,0
2022/08/13,0
2022/08/14,0
2022/08/15,-0.909
2022/08/16,0
2022/08/17,0
2022/08/18,-11.343
2022/08/19,0
2022/08/20,-1.157
2022/08/21,-0.641
2022/08/22,0
2022/08/23,0
2022/08/24,0
2022/08/25,0
2022/08/26,0
2022/08/27,0
2022/08/28,0
2022/08/29,0
2022/08/30,0
2022/08/31,0.008
2022/09/01,0
2022/09/02,0
2022/09/03,0.574
2022/09/04,0.88
2022/09/05,0
2022/09/06,0
2022/09/07,0
2022/09/08,0
2022/09/09,0
2022/09/10,0.606
2022/09/11,0
2022/09/12,0
2022/09/13,0
2022/09/14,0.489
2022/09/15,0
2022/09/16,0
2022/09/17,-0.411
2022/09/18,-0.88
2022/09/19,0
2022/09/20,0
2022/09/21,0
2022/09/22,0
2022/09/23,0
2022/09/24,-0.606
2022/09/25,0
2022/09/26,0
2022/09/27,0
2022/09/28,-0.497
2022/09/29,0
2022/09/30,0
2022/10/01,-0.163
2022/10/02,0
2022/10/03,0
2022/10/04,0
2022/10/05,0
2022/10/06,0
2022/10/07,0
2022/10/08,0
2022/10/09,0
2022/10/10,0
2022/10/11,0
2022/10/12,0
2022/10/13,0
2022/10/14,0
2022/10/15,0
2022/10/16,0
2022/10/17,0
2022/10/18,0
2022/10/19,0
2022/10/20,0
2022/10/21,0
2022/10/22,0
2022/10/23,0
2022/10/24,0
2022/10/25,0
2022/10/26,0
2022/10/27,0
2022/10/28,0
2022/10/29,0
2022/10/30,0
2022/10/31,0
2022/11/01,0
2022/11/02,0
2022/11/03,0
2022/11/04,0
2022/11/05,0
2022/11/06,0
2022/11/07,0
2022/11/08,0
2022/11/09,0
2022/11/10,0
2022/11/11,0
2022/11/12,0
2022/11/13,0
2022/11/14,0
2022/11/15,0
2022/11/16,0
2022/11/17,0
2022/11/18,0
2022/11/19,0
2022/11/20,0
2022/11/21,0
2022/11/22,0
2022/11/23,0
2022/11/24,0
2022/11/25,0
2022/11/26,0
2022/11/27,0
2022/11/28,0
2022/11/29,0
