Date,median_transaction_fee14rsiUSD
2016/01/01,47.697
2016/01/02,47.727
2016/01/03,47.803
2016/01/04,47.76
2016/01/05,57.24
2016/01/06,56.457
2016/01/07,56.713
2016/01/08,46.845
2016/01/09,48.344
2016/01/10,47.375
2016/01/11,47.22
2016/01/12,47.985
2016/01/13,58.564
2016/01/14,47.886
2016/01/15,48.392
2016/01/16,48.394
2016/01/17,48.363
2016/01/18,51.114
2016/01/19,50.76
2016/01/20,49.579
2016/01/21,49.998
2016/01/22,52.088
2016/01/23,51.456
2016/01/24,54.405
2016/01/25,57.263
2016/01/26,59.365
2016/01/27,59.475
2016/01/28,59.987
2016/01/29,55.89
2016/01/30,55.344
2016/01/31,53.855
2016/02/01,52.003
2016/02/02,52.162
2016/02/03,54.267
2016/02/04,55.453
2016/02/05,55.309
2016/02/06,80.476
2016/02/07,50.803
2016/02/08,52.546
2016/02/09,54.196
2016/02/10,57.749
2016/02/11,59.955
2016/02/12,63.436
2016/02/13,58.281
2016/02/14,57.767
2016/02/15,60.089
2016/02/16,56.556
2016/02/17,54.038
2016/02/18,51.867
2016/02/19,54.237
2016/02/20,53.882
2016/02/21,53.816
2016/02/22,57.774
2016/02/23,62.429
2016/02/24,60.283
2016/02/25,62.52
2016/02/26,60.251
2016/02/27,61.48
2016/02/28,62.663
2016/02/29,62.432
2016/03/01,64.295
2016/03/02,70.27
2016/03/03,74.903
2016/03/04,74.944
2016/03/05,80.249
2016/03/06,79.957
2016/03/07,72.6
2016/03/08,66.427
2016/03/09,70.058
2016/03/10,40.93
2016/03/11,40.277
2016/03/12,43.554
2016/03/13,46.055
2016/03/14,44.748
2016/03/15,43.597
2016/03/16,44.671
2016/03/17,42.001
2016/03/18,39.809
2016/03/19,40.766
2016/03/20,40.117
2016/03/21,42.075
2016/03/22,43.738
2016/03/23,44.407
2016/03/24,43.372
2016/03/25,41.958
2016/03/26,43.881
2016/03/27,42.128
2016/03/28,43.888
2016/03/29,45.187
2016/03/30,46.075
2016/03/31,45.928
2016/04/01,45.416
2016/04/02,44.854
2016/04/03,45.024
2016/04/04,44.123
2016/04/05,44.021
2016/04/06,41.111
2016/04/07,40.224
2016/04/08,38.049
2016/04/09,36.909
2016/04/10,32.995
2016/04/11,32.463
2016/04/12,30.207
2016/04/13,30.012
2016/04/14,34.789
2016/04/15,34.54
2016/04/16,34.336
2016/04/17,42.708
2016/04/18,41.618
2016/04/19,41.458
2016/04/20,38.672
2016/04/21,37.92
2016/04/22,35.128
2016/04/23,35.238
2016/04/24,37.238
2016/04/25,34.705
2016/04/26,31.806
2016/04/27,35.278
2016/04/28,34.098
2016/04/29,34.597
2016/04/30,44.155
2016/05/01,48.71
2016/05/02,56.089
2016/05/03,56.507
2016/05/04,55.579
2016/05/05,55.673
2016/05/06,56.873
2016/05/07,52.565
2016/05/08,52.149
2016/05/09,53.767
2016/05/10,52.407
2016/05/11,56.516
2016/05/12,61.029
2016/05/13,64.908
2016/05/14,59.473
2016/05/15,58.654
2016/05/16,62.117
2016/05/17,71.078
2016/05/18,77.056
2016/05/19,80.349
2016/05/20,81.592
2016/05/21,72.968
2016/05/22,74.698
2016/05/23,74.732
2016/05/24,63.243
2016/05/25,57.795
2016/05/26,58.009
2016/05/27,48.902
2016/05/28,60.458
2016/05/29,52.584
2016/05/30,54.633
2016/05/31,58.721
2016/06/01,61.54
2016/06/02,61.076
2016/06/03,59.7
2016/06/04,59.624
2016/06/05,60.179
2016/06/06,60.867
2016/06/07,64.903
2016/06/08,64.068
2016/06/09,63.068
2016/06/10,59.698
2016/06/11,57.136
2016/06/12,63.096
2016/06/13,72.209
2016/06/14,77.183
2016/06/15,77.624
2016/06/16,80.514
2016/06/17,81.812
2016/06/18,51.197
2016/06/19,41.091
2016/06/20,39.909
2016/06/21,45.15
2016/06/22,49.392
2016/06/23,45.473
2016/06/24,48.62
2016/06/25,49.78
2016/06/26,48.842
2016/06/27,48.607
2016/06/28,45.543
2016/06/29,44.313
2016/06/30,60.408
2016/07/01,44.524
2016/07/02,44.182
2016/07/03,43.837
2016/07/04,42.952
2016/07/05,40.033
2016/07/06,40.488
2016/07/07,38.997
2016/07/08,40.718
2016/07/09,43.035
2016/07/10,42.717
2016/07/11,41.624
2016/07/12,41.47
2016/07/13,41.14
2016/07/14,44.747
2016/07/15,49.237
2016/07/16,48.533
2016/07/17,46.058
2016/07/18,46.409
2016/07/19,46.075
2016/07/20,56.238
2016/07/21,52.31
2016/07/22,57.512
2016/07/23,61.503
2016/07/24,55.601
2016/07/25,55
2016/07/26,52.203
2016/07/27,53.249
2016/07/28,56.241
2016/07/29,50.637
2016/07/30,50.43
2016/07/31,47.525
2016/08/01,44.279
2016/08/02,37.669
2016/08/03,37.208
2016/08/04,41.673
2016/08/05,43.278
2016/08/06,41.983
2016/08/07,43.562
2016/08/08,43.961
2016/08/09,49.43
2016/08/10,52.957
2016/08/11,50.494
2016/08/12,50.529
2016/08/13,49.062
2016/08/14,47.332
2016/08/15,45.062
2016/08/16,45.188
2016/08/17,43.468
2016/08/18,47.049
2016/08/19,42.172
2016/08/20,45.849
2016/08/21,46.243
2016/08/22,47.511
2016/08/23,58.068
2016/08/24,46.333
2016/08/25,47.447
2016/08/26,48.607
2016/08/27,47.836
2016/08/28,46.249
2016/08/29,47.981
2016/08/30,47.086
2016/08/31,49.592
2016/09/01,57.948
2016/09/02,64.773
2016/09/03,52.602
2016/09/04,62.333
2016/09/05,49.863
2016/09/06,49.137
2016/09/07,55.199
2016/09/08,54.238
2016/09/09,52.969
2016/09/10,48.872
2016/09/11,50.225
2016/09/12,50.681
2016/09/13,51.044
2016/09/14,56.232
2016/09/15,57.216
2016/09/16,58.19
2016/09/17,54.319
2016/09/18,55.541
2016/09/19,56.77
2016/09/20,62.069
2016/09/21,62.832
2016/09/22,68.133
2016/09/23,88.326
2016/09/24,78.503
2016/09/25,84.688
2016/09/26,85.819
2016/09/27,72.946
2016/09/28,57.423
2016/09/29,54.244
2016/09/30,54.336
2016/10/01,62.122
2016/10/02,59.515
2016/10/03,55.201
2016/10/04,63.863
2016/10/05,45.942
2016/10/06,45.334
2016/10/07,43.963
2016/10/08,43.396
2016/10/09,45.532
2016/10/10,44.024
2016/10/11,44.463
2016/10/12,45.22
2016/10/13,82.584
2016/10/14,55.179
2016/10/15,61.266
2016/10/16,55.045
2016/10/17,54.093
2016/10/18,52.924
2016/10/19,46.886
2016/10/20,45.441
2016/10/21,45.43
2016/10/22,45.428
2016/10/23,45.064
2016/10/24,45.448
2016/10/25,45.151
2016/10/26,45.141
2016/10/27,45.061
2016/10/28,44.924
2016/10/29,44.38
2016/10/30,43.561
2016/10/31,45.268
2016/11/01,44.765
2016/11/02,43.88
2016/11/03,44.033
2016/11/04,43.492
2016/11/05,44.798
2016/11/06,44.048
2016/11/07,44.216
2016/11/08,44.363
2016/11/09,43.227
2016/11/10,44.937
2016/11/11,43.938
2016/11/12,44.274
2016/11/13,44.769
2016/11/14,45.276
2016/11/15,44.285
2016/11/16,44.775
2016/11/17,43.914
2016/11/18,43.069
2016/11/19,43.591
2016/11/20,42.273
2016/11/21,45.233
2016/11/22,41.745
2016/11/23,44.488
2016/11/24,51.013
2016/11/25,40.7
2016/11/26,47.14
2016/11/27,47.481
2016/11/28,48.093
2016/11/29,44.627
2016/11/30,41.386
2016/12/01,41.204
2016/12/02,41.698
2016/12/03,39.584
2016/12/04,39.021
2016/12/05,37.947
2016/12/06,36.518
2016/12/07,44.579
2016/12/08,44.397
2016/12/09,43.921
2016/12/10,42.895
2016/12/11,43.134
2016/12/12,45.497
2016/12/13,44.669
2016/12/14,44.468
2016/12/15,42.418
2016/12/16,41.762
2016/12/17,39.871
2016/12/18,38.453
2016/12/19,45.186
2016/12/20,43.78
2016/12/21,50.878
2016/12/22,43.691
2016/12/23,42.188
2016/12/24,41.724
2016/12/25,41.469
2016/12/26,40.102
2016/12/27,42.003
2016/12/28,42.205
2016/12/29,51.21
2016/12/30,50.736
2016/12/31,48.887
2017/01/01,50.716
2017/01/02,50.587
2017/01/03,63.713
2017/01/04,65.578
2017/01/05,66.584
2017/01/06,57.763
2017/01/07,58.504
2017/01/08,64.648
2017/01/09,65.149
2017/01/10,67.759
2017/01/11,55.134
2017/01/12,53.615
2017/01/13,52.392
2017/01/14,50.35
2017/01/15,52.689
2017/01/16,51.482
2017/01/17,55.788
2017/01/18,55.872
2017/01/19,56.178
2017/01/20,58.619
2017/01/21,59.985
2017/01/22,60.628
2017/01/23,59.631
2017/01/24,62.305
2017/01/25,56.769
2017/01/26,64.679
2017/01/27,56.666
2017/01/28,52.91
2017/01/29,57.726
2017/01/30,51.875
2017/01/31,58.424
2017/02/01,55.97
2017/02/02,51.856
2017/02/03,52.692
2017/02/04,56.388
2017/02/05,56.292
2017/02/06,56.327
2017/02/07,67.836
2017/02/08,60.199
2017/02/09,55.396
2017/02/10,54.758
2017/02/11,57.646
2017/02/12,51.975
2017/02/13,61.375
2017/02/14,66.686
2017/02/15,63.273
2017/02/16,56.817
2017/02/17,59.457
2017/02/18,55.771
2017/02/19,55.902
2017/02/20,55.711
2017/02/21,64.414
2017/02/22,60.859
2017/02/23,52.865
2017/02/24,55.276
2017/02/25,62.697
2017/02/26,56.069
2017/02/27,59.997
2017/02/28,63.865
2017/03/01,64.631
2017/03/02,69.519
2017/03/03,71.6
2017/03/04,74.674
2017/03/05,67.971
2017/03/06,70.613
2017/03/07,69.677
2017/03/08,55.169
2017/03/09,57.914
2017/03/10,57.192
2017/03/11,60.992
2017/03/12,67.472
2017/03/13,77.649
2017/03/14,79.35
2017/03/15,79.872
2017/03/16,87.658
2017/03/17,89.817
2017/03/18,70.681
2017/03/19,72.045
2017/03/20,74.033
2017/03/21,73.031
2017/03/22,69.449
2017/03/23,71.559
2017/03/24,73.641
2017/03/25,76.865
2017/03/26,78.322
2017/03/27,79.824
2017/03/28,74.71
2017/03/29,77.377
2017/03/30,70.849
2017/03/31,64.027
2017/04/01,65.593
2017/04/02,65.807
2017/04/03,54.88
2017/04/04,53.963
2017/04/05,58.833
2017/04/06,51.793
2017/04/07,59.053
2017/04/08,51.276
2017/04/09,54.483
2017/04/10,51.847
2017/04/11,52.373
2017/04/12,55.03
2017/04/13,57.916
2017/04/14,59.339
2017/04/15,56.385
2017/04/16,59.331
2017/04/17,58.663
2017/04/18,60.363
2017/04/19,62.175
2017/04/20,58.329
2017/04/21,61.6
2017/04/22,56.86
2017/04/23,56.361
2017/04/24,58.208
2017/04/25,58.46
2017/04/26,52.93
2017/04/27,63.932
2017/04/28,73.244
2017/04/29,73.971
2017/04/30,75.685
2017/05/01,80.674
2017/05/02,76.067
2017/05/03,71.912
2017/05/04,76.102
2017/05/05,79.263
2017/05/06,73.095
2017/05/07,75.346
2017/05/08,65.212
2017/05/09,64.091
2017/05/10,66.19
2017/05/11,66.254
2017/05/12,68.64
2017/05/13,67.315
2017/05/14,67.845
2017/05/15,70.27
2017/05/16,66.695
2017/05/17,70.842
2017/05/18,69.103
2017/05/19,77.083
2017/05/20,82.85
2017/05/21,84.953
2017/05/22,89.306
2017/05/23,89.781
2017/05/24,92.076
2017/05/25,92.612
2017/05/26,73.549
2017/05/27,60.518
2017/05/28,66.33
2017/05/29,66.992
2017/05/30,74.08
2017/05/31,79.139
2017/06/01,76.039
2017/06/02,70.893
2017/06/03,67.386
2017/06/04,73.845
2017/06/05,69.002
2017/06/06,70.63
2017/06/07,72.62
2017/06/08,70.664
2017/06/09,68.263
2017/06/10,72.174
2017/06/11,78.351
2017/06/12,83.032
2017/06/13,79.925
2017/06/14,71.267
2017/06/15,64.106
2017/06/16,64.388
2017/06/17,65.573
2017/06/18,66.198
2017/06/19,64.901
2017/06/20,75.378
2017/06/21,90.368
2017/06/22,72.87
2017/06/23,73.162
2017/06/24,71.572
2017/06/25,57.014
2017/06/26,51.124
2017/06/27,49.433
2017/06/28,59.032
2017/06/29,52.434
2017/06/30,43.918
2017/07/01,43.016
2017/07/02,42.603
2017/07/03,45.703
2017/07/04,43.502
2017/07/05,42.949
2017/07/06,43.089
2017/07/07,43.061
2017/07/08,42.417
2017/07/09,43.023
2017/07/10,40.507
2017/07/11,39.538
2017/07/12,40.243
2017/07/13,40.513
2017/07/14,39.075
2017/07/15,39.7
2017/07/16,37.171
2017/07/17,38.887
2017/07/18,43.738
2017/07/19,44.373
2017/07/20,43.521
2017/07/21,45.945
2017/07/22,45.073
2017/07/23,46.001
2017/07/24,45.878
2017/07/25,45.302
2017/07/26,43.885
2017/07/27,43.321
2017/07/28,41.669
2017/07/29,39.739
2017/07/30,43.011
2017/07/31,42.95
2017/08/01,52.768
2017/08/02,49.045
2017/08/03,48.247
2017/08/04,45.928
2017/08/05,50.453
2017/08/06,54.179
2017/08/07,55.007
2017/08/08,57.366
2017/08/09,62.211
2017/08/10,59.365
2017/08/11,62.625
2017/08/12,64.014
2017/08/13,58.794
2017/08/14,56.397
2017/08/15,58.787
2017/08/16,70.577
2017/08/17,60.622
2017/08/18,69.96
2017/08/19,51.003
2017/08/20,50.677
2017/08/21,52.956
2017/08/22,52.088
2017/08/23,51.426
2017/08/24,51.768
2017/08/25,54.288
2017/08/26,52.455
2017/08/27,53.171
2017/08/28,54.218
2017/08/29,62.053
2017/08/30,65.596
2017/08/31,77.304
2017/09/01,65.521
2017/09/02,58.818
2017/09/03,50.218
2017/09/04,52.261
2017/09/05,53.724
2017/09/06,65.376
2017/09/07,65.704
2017/09/08,69.891
2017/09/09,53.167
2017/09/10,48.601
2017/09/11,44.156
2017/09/12,46.221
2017/09/13,43.314
2017/09/14,43.709
2017/09/15,47.724
2017/09/16,55.282
2017/09/17,53.077
2017/09/18,49.323
2017/09/19,44.459
2017/09/20,47.52
2017/09/21,44.053
2017/09/22,43.373
2017/09/23,43.369
2017/09/24,47.593
2017/09/25,46.209
2017/09/26,48.173
2017/09/27,46.766
2017/09/28,46.546
2017/09/29,45.445
2017/09/30,53.194
2017/10/01,49.519
2017/10/02,48.541
2017/10/03,49.056
2017/10/04,49.732
2017/10/05,46.866
2017/10/06,53.074
2017/10/07,49.216
2017/10/08,49.627
2017/10/09,49.626
2017/10/10,46.778
2017/10/11,48.67
2017/10/12,49.641
2017/10/13,54.844
2017/10/14,55.878
2017/10/15,51.773
2017/10/16,45.839
2017/10/17,37.565
2017/10/18,37.639
2017/10/19,34.252
2017/10/20,35.416
2017/10/21,33.209
2017/10/22,31.371
2017/10/23,42.179
2017/10/24,43.539
2017/10/25,38.187
2017/10/26,36.954
2017/10/27,29.685
2017/10/28,29.685
2017/10/29,29.685
2017/10/30,29.685
2017/10/31,29.685
2017/11/01,55.169
2017/11/02,56.379
2017/11/03,49.792
2017/11/04,45.994
2017/11/05,44.335
2017/11/06,40.875
2017/11/07,47.711
2017/11/08,55.296
2017/11/09,58.114
2017/11/10,54.225
2017/11/11,56.706
2017/11/12,56.819
2017/11/13,57.185
2017/11/14,58.015
2017/11/15,58.542
2017/11/16,57.864
2017/11/17,54.843
2017/11/18,50.228
2017/11/19,58.341
2017/11/20,58.771
2017/11/21,59.079
2017/11/22,59.201
2017/11/23,61.715
2017/11/24,64.107
2017/11/25,54.677
2017/11/26,62.64
2017/11/27,63.691
2017/11/28,63.173
2017/11/29,63.231
2017/11/30,58.77
2017/12/01,59.522
2017/12/02,55.408
2017/12/03,60.474
2017/12/04,61.954
2017/12/05,73.762
2017/12/06,80.84
2017/12/07,87.921
2017/12/08,88.456
2017/12/09,89.363
2017/12/10,67.48
2017/12/11,58.609
2017/12/12,65.087
2017/12/13,58.963
2017/12/14,70.214
2017/12/15,67.373
2017/12/16,60.886
2017/12/17,49.568
2017/12/18,47.17
2017/12/19,58.035
2017/12/20,60.88
2017/12/21,61.209
2017/12/22,55.766
2017/12/23,57.294
2017/12/24,48.476
2017/12/25,44.65
2017/12/26,45.223
2017/12/27,45.343
2017/12/28,43.916
2017/12/29,44.625
2017/12/30,43.962
2017/12/31,45.341
2018/01/01,46.177
2018/01/02,47.885
2018/01/03,50.13
2018/01/04,61.104
2018/01/05,81.91
2018/01/06,85.831
2018/01/07,82.102
2018/01/08,83.589
2018/01/09,84.127
2018/01/10,89.072
2018/01/11,72.81
2018/01/12,54.768
2018/01/13,60.336
2018/01/14,55.879
2018/01/15,51.793
2018/01/16,49.112
2018/01/17,46.51
2018/01/18,49.552
2018/01/19,48.194
2018/01/20,48.686
2018/01/21,47.785
2018/01/22,41.595
2018/01/23,44.875
2018/01/24,44.958
2018/01/25,44.247
2018/01/26,39.334
2018/01/27,39.599
2018/01/28,40.544
2018/01/29,48.299
2018/01/30,42.71
2018/01/31,42.449
2018/02/01,51.788
2018/02/02,46.319
2018/02/03,44.69
2018/02/04,42.653
2018/02/05,41.387
2018/02/06,41.211
2018/02/07,43.429
2018/02/08,42.175
2018/02/09,42.347
2018/02/10,42.749
2018/02/11,42.372
2018/02/12,42.752
2018/02/13,42.653
2018/02/14,43.162
2018/02/15,43.846
2018/02/16,43.88
2018/02/17,44.384
2018/02/18,47.868
2018/02/19,44.523
2018/02/20,44.498
2018/02/21,41.33
2018/02/22,39.597
2018/02/23,43.132
2018/02/24,44.813
2018/02/25,42.705
2018/02/26,41.097
2018/02/27,41.401
2018/02/28,46.91
2018/03/01,44.625
2018/03/02,47.239
2018/03/03,42.472
2018/03/04,47.93
2018/03/05,48.093
2018/03/06,47.335
2018/03/07,46.401
2018/03/08,42.525
2018/03/09,39.717
2018/03/10,38.083
2018/03/11,37.721
2018/03/12,37.93
2018/03/13,36.179
2018/03/14,35.674
2018/03/15,36.277
2018/03/16,36.713
2018/03/17,35.604
2018/03/18,36.827
2018/03/19,35.316
2018/03/20,36.482
2018/03/21,36.338
2018/03/22,35.674
2018/03/23,36.721
2018/03/24,34.806
2018/03/25,35.356
2018/03/26,37.855
2018/03/27,36.31
2018/03/28,36.941
2018/03/29,35.821
2018/03/30,33.615
2018/03/31,33.752
2018/04/01,33.547
2018/04/02,33.674
2018/04/03,34.12
2018/04/04,33.899
2018/04/05,34.152
2018/04/06,32.496
2018/04/07,32.723
2018/04/08,33.079
2018/04/09,33.69
2018/04/10,34.023
2018/04/11,37.525
2018/04/12,38.848
2018/04/13,41.894
2018/04/14,39.386
2018/04/15,41.735
2018/04/16,43.856
2018/04/17,39.959
2018/04/18,48.298
2018/04/19,46.345
2018/04/20,54.935
2018/04/21,48.094
2018/04/22,49.558
2018/04/23,50.631
2018/04/24,60.337
2018/04/25,62.837
2018/04/26,62.299
2018/04/27,67.379
2018/04/28,67.832
2018/04/29,73.616
2018/04/30,74.025
2018/05/01,59.057
2018/05/02,59.862
2018/05/03,62.728
2018/05/04,55.659
2018/05/05,59.126
2018/05/06,50.865
2018/05/07,48.835
2018/05/08,54.506
2018/05/09,63.776
2018/05/10,74.601
2018/05/11,67.488
2018/05/12,51.449
2018/05/13,58.321
2018/05/14,64.692
2018/05/15,65.917
2018/05/16,62.68
2018/05/17,64.623
2018/05/18,63.113
2018/05/19,56.882
2018/05/20,58.801
2018/05/21,60.287
2018/05/22,63.294
2018/05/23,56.011
2018/05/24,55.356
2018/05/25,52.541
2018/05/26,49.062
2018/05/27,45.665
2018/05/28,53.71
2018/05/29,56.976
2018/05/30,58.635
2018/05/31,63.865
2018/06/01,59.746
2018/06/02,48.456
2018/06/03,49.347
2018/06/04,53.484
2018/06/05,50.679
2018/06/06,52.544
2018/06/07,49.738
2018/06/08,46.799
2018/06/09,40.509
2018/06/10,38.133
2018/06/11,38.192
2018/06/12,39.78
2018/06/13,41.406
2018/06/14,45.133
2018/06/15,49.06
2018/06/16,38.394
2018/06/17,35.627
2018/06/18,39.084
2018/06/19,45.142
2018/06/20,42.133
2018/06/21,42.024
2018/06/22,40.161
2018/06/23,36.5
2018/06/24,37.432
2018/06/25,46.769
2018/06/26,42.651
2018/06/27,42.349
2018/06/28,40.99
2018/06/29,41.589
2018/06/30,66.102
2018/07/01,82.504
2018/07/02,84.602
2018/07/03,86.763
2018/07/04,61.365
2018/07/05,57.298
2018/07/06,65.337
2018/07/07,62.16
2018/07/08,50.613
2018/07/09,47.007
2018/07/10,44.99
2018/07/11,44.322
2018/07/12,48.365
2018/07/13,49.679
2018/07/14,57.829
2018/07/15,50.735
2018/07/16,43.988
2018/07/17,43.304
2018/07/18,43.391
2018/07/19,42.553
2018/07/20,43.779
2018/07/21,44.073
2018/07/22,42.204
2018/07/23,45.042
2018/07/24,43.55
2018/07/25,43.15
2018/07/26,42.972
2018/07/27,42.357
2018/07/28,42.155
2018/07/29,41.864
2018/07/30,42.357
2018/07/31,42.29
2018/08/01,42.219
2018/08/02,42.201
2018/08/03,43.291
2018/08/04,42.406
2018/08/05,42.379
2018/08/06,43.264
2018/08/07,51.569
2018/08/08,70.613
2018/08/09,67.245
2018/08/10,54.505
2018/08/11,45.714
2018/08/12,45.003
2018/08/13,45.114
2018/08/14,45.212
2018/08/15,46.56
2018/08/16,45.171
2018/08/17,53.63
2018/08/18,46.101
2018/08/19,44.872
2018/08/20,44.872
2018/08/21,45.562
2018/08/22,46.352
2018/08/23,45.73
2018/08/24,46.502
2018/08/25,45.028
2018/08/26,45.252
2018/08/27,46.221
2018/08/28,46.397
2018/08/29,47.762
2018/08/30,46.921
2018/08/31,47.407
2018/09/01,46.325
2018/09/02,45.722
2018/09/03,45.779
2018/09/04,47.602
2018/09/05,46.341
2018/09/06,47.676
2018/09/07,47.863
2018/09/08,47.448
2018/09/09,47.18
2018/09/10,46.637
2018/09/11,47.748
2018/09/12,47.872
2018/09/13,50.198
2018/09/14,48.377
2018/09/15,48.832
2018/09/16,47.493
2018/09/17,48.945
2018/09/18,49.791
2018/09/19,55.638
2018/09/20,52.692
2018/09/21,56.477
2018/09/22,50.301
2018/09/23,47.984
2018/09/24,52.923
2018/09/25,52.365
2018/09/26,54.442
2018/09/27,54.937
2018/09/28,56.817
2018/09/29,59.039
2018/09/30,54.2
2018/10/01,56.71
2018/10/02,57.83
2018/10/03,44.602
2018/10/04,44.613
2018/10/05,42.614
2018/10/06,36.811
2018/10/07,41.723
2018/10/08,49.039
2018/10/09,45.546
2018/10/10,50.287
2018/10/11,48.009
2018/10/12,48.182
2018/10/13,41.873
2018/10/14,41.806
2018/10/15,50.316
2018/10/16,45.638
2018/10/17,46.543
2018/10/18,45.897
2018/10/19,49.496
2018/10/20,48.258
2018/10/21,46.788
2018/10/22,46.243
2018/10/23,49.406
2018/10/24,54.569
2018/10/25,55.368
2018/10/26,52.483
2018/10/27,46.709
2018/10/28,45.345
2018/10/29,50.023
2018/10/30,49.593
2018/10/31,48.265
2018/11/01,48.092
2018/11/02,54.974
2018/11/03,50.972
2018/11/04,51.804
2018/11/05,59.309
2018/11/06,59.801
2018/11/07,56.525
2018/11/08,56.597
2018/11/09,51.425
2018/11/10,42.474
2018/11/11,39.578
2018/11/12,46.766
2018/11/13,47.552
2018/11/14,53.307
2018/11/15,54.418
2018/11/16,48.878
2018/11/17,44.014
2018/11/18,44.535
2018/11/19,48.071
2018/11/20,49.13
2018/11/21,43.917
2018/11/22,43.073
2018/11/23,42.797
2018/11/24,40.549
2018/11/25,43.959
2018/11/26,42.697
2018/11/27,40.297
2018/11/28,45.913
2018/11/29,50.211
2018/11/30,57.453
2018/12/01,47.731
2018/12/02,46.294
2018/12/03,47.129
2018/12/04,46.725
2018/12/05,47.648
2018/12/06,46
2018/12/07,43.192
2018/12/08,38.324
2018/12/09,38.251
2018/12/10,40.237
2018/12/11,40.871
2018/12/12,40.807
2018/12/13,46.611
2018/12/14,43.473
2018/12/15,40.67
2018/12/16,38.234
2018/12/17,44.604
2018/12/18,48.548
2018/12/19,50.429
2018/12/20,51.601
2018/12/21,52.479
2018/12/22,47.764
2018/12/23,54.864
2018/12/24,59.083
2018/12/25,55.995
2018/12/26,49.781
2018/12/27,48.414
2018/12/28,50.871
2018/12/29,47.23
2018/12/30,53.869
2018/12/31,50.289
2019/01/01,46.715
2019/01/02,51.711
2019/01/03,48.481
2019/01/04,55.273
2019/01/05,48.128
2019/01/06,48.668
2019/01/07,51.082
2019/01/08,50.625
2019/01/09,48.668
2019/01/10,51.062
2019/01/11,47.088
2019/01/12,44.042
2019/01/13,44.216
2019/01/14,58.093
2019/01/15,56.235
2019/01/16,51.198
2019/01/17,49.327
2019/01/18,50.522
2019/01/19,45.307
2019/01/20,49.911
2019/01/21,48.873
2019/01/22,47.484
2019/01/23,49.156
2019/01/24,49.762
2019/01/25,47.59
2019/01/26,45.366
2019/01/27,42.297
2019/01/28,48.955
2019/01/29,45.272
2019/01/30,48.277
2019/01/31,51.838
2019/02/01,48.071
2019/02/02,45.219
2019/02/03,46.583
2019/02/04,46.38
2019/02/05,45.206
2019/02/06,46.439
2019/02/07,48.585
2019/02/08,51.148
2019/02/09,51.224
2019/02/10,53.43
2019/02/11,59.07
2019/02/12,52.174
2019/02/13,55.968
2019/02/14,50.571
2019/02/15,58.604
2019/02/16,53.469
2019/02/17,57.662
2019/02/18,65.695
2019/02/19,66.856
2019/02/20,66.096
2019/02/21,61.583
2019/02/22,63.394
2019/02/23,60.301
2019/02/24,64.865
2019/02/25,59.28
2019/02/26,61.764
2019/02/27,57.217
2019/02/28,61.364
2019/03/01,45.763
2019/03/02,42.502
2019/03/03,42.372
2019/03/04,41.19
2019/03/05,46.662
2019/03/06,46.809
2019/03/07,48.349
2019/03/08,43.846
2019/03/09,40.137
2019/03/10,40.817
2019/03/11,40.724
2019/03/12,39.091
2019/03/13,38.916
2019/03/14,37.606
2019/03/15,40.422
2019/03/16,41.921
2019/03/17,39.729
2019/03/18,42.783
2019/03/19,54.55
2019/03/20,44.339
2019/03/21,49.938
2019/03/22,44.79
2019/03/23,43.637
2019/03/24,44.43
2019/03/25,46.401
2019/03/26,45.954
2019/03/27,48.998
2019/03/28,46.149
2019/03/29,49.279
2019/03/30,46.949
2019/03/31,44.997
2019/04/01,47.184
2019/04/02,59.006
2019/04/03,70.157
2019/04/04,56.51
2019/04/05,49.699
2019/04/06,47.625
2019/04/07,47.888
2019/04/08,52.682
2019/04/09,50.682
2019/04/10,51.008
2019/04/11,53.939
2019/04/12,54.219
2019/04/13,48.26
2019/04/14,44.305
2019/04/15,47.396
2019/04/16,48.815
2019/04/17,49.282
2019/04/18,52.513
2019/04/19,50.156
2019/04/20,41.521
2019/04/21,46.152
2019/04/22,49.263
2019/04/23,50.929
2019/04/24,52.303
2019/04/25,48.86
2019/04/26,51.427
2019/04/27,42.643
2019/04/28,44.349
2019/04/29,44.483
2019/04/30,44.869
2019/05/01,46.083
2019/05/02,52.469
2019/05/03,51.992
2019/05/04,51.568
2019/05/05,50.529
2019/05/06,52.205
2019/05/07,64.622
2019/05/08,52.837
2019/05/09,53.26
2019/05/10,54.636
2019/05/11,54.706
2019/05/12,56.41
2019/05/13,61.17
2019/05/14,70.024
2019/05/15,79.62
2019/05/16,86.665
2019/05/17,71.889
2019/05/18,61.232
2019/05/19,61.82
2019/05/20,64.549
2019/05/21,49.644
2019/05/22,61.813
2019/05/23,54.719
2019/05/24,57.21
2019/05/25,48.055
2019/05/26,46.539
2019/05/27,56.512
2019/05/28,57.85
2019/05/29,55.643
2019/05/30,59.343
2019/05/31,55.375
2019/06/01,51.41
2019/06/02,45.662
2019/06/03,50.348
2019/06/04,51.207
2019/06/05,53.034
2019/06/06,48.906
2019/06/07,50.207
2019/06/08,63.656
2019/06/09,45.564
2019/06/10,59.587
2019/06/11,50.934
2019/06/12,45.34
2019/06/13,47.229
2019/06/14,49.89
2019/06/15,53.4
2019/06/16,47.076
2019/06/17,57.198
2019/06/18,47.906
2019/06/19,51.42
2019/06/20,57.367
2019/06/21,48.221
2019/06/22,48.635
2019/06/23,49.119
2019/06/24,50.042
2019/06/25,56.701
2019/06/26,52.482
2019/06/27,52.89
2019/06/28,55.963
2019/06/29,49.968
2019/06/30,50.985
2019/07/01,57.257
2019/07/02,49.723
2019/07/03,47.491
2019/07/04,46.162
2019/07/05,50.684
2019/07/06,50.031
2019/07/07,45.977
2019/07/08,51.868
2019/07/09,47.629
2019/07/10,46.857
2019/07/11,55.883
2019/07/12,46.766
2019/07/13,46.631
2019/07/14,47.089
2019/07/15,48.551
2019/07/16,54.195
2019/07/17,51.452
2019/07/18,46.588
2019/07/19,52.084
2019/07/20,46.245
2019/07/21,46.341
2019/07/22,46.155
2019/07/23,47.003
2019/07/24,54.578
2019/07/25,55.199
2019/07/26,46.318
2019/07/27,46.085
2019/07/28,45.596
2019/07/29,46.165
2019/07/30,46.14
2019/07/31,46.908
2019/08/01,56.549
2019/08/02,50.267
2019/08/03,55.98
2019/08/04,46.524
2019/08/05,47.264
2019/08/06,47.439
2019/08/07,47.197
2019/08/08,48.062
2019/08/09,47.728
2019/08/10,46.599
2019/08/11,46.584
2019/08/12,47.229
2019/08/13,46.151
2019/08/14,46.927
2019/08/15,49.97
2019/08/16,46.784
2019/08/17,45.747
2019/08/18,46.458
2019/08/19,51.298
2019/08/20,51.63
2019/08/21,52.28
2019/08/22,52.344
2019/08/23,51.385
2019/08/24,50.728
2019/08/25,51.09
2019/08/26,53.61
2019/08/27,51.278
2019/08/28,50.307
2019/08/29,50.431
2019/08/30,50.258
2019/08/31,48.744
2019/09/01,48.982
2019/09/02,52.492
2019/09/03,51.923
2019/09/04,52.268
2019/09/05,54.662
2019/09/06,58.762
2019/09/07,57.508
2019/09/08,60.633
2019/09/09,62.059
2019/09/10,67.153
2019/09/11,60.635
2019/09/12,64.857
2019/09/13,65.506
2019/09/14,66.289
2019/09/15,67.15
2019/09/16,68.072
2019/09/17,73.768
2019/09/18,75.328
2019/09/19,78.109
2019/09/20,71.433
2019/09/21,58.901
2019/09/22,52.292
2019/09/23,61.726
2019/09/24,59.003
2019/09/25,56.375
2019/09/26,48.84
2019/09/27,50.136
2019/09/28,46.42
2019/09/29,48.931
2019/09/30,44.778
2019/10/01,37.54
2019/10/02,37.335
2019/10/03,40.581
2019/10/04,40.066
2019/10/05,37.283
2019/10/06,35.383
2019/10/07,39.931
2019/10/08,39.198
2019/10/09,44.283
2019/10/10,42.479
2019/10/11,40.655
2019/10/12,38.688
2019/10/13,43.25
2019/10/14,43.988
2019/10/15,42.833
2019/10/16,40.638
2019/10/17,39.138
2019/10/18,38.42
2019/10/19,37.877
2019/10/20,45.716
2019/10/21,43.346
2019/10/22,50.022
2019/10/23,50.226
2019/10/24,46.062
2019/10/25,47.108
2019/10/26,50.907
2019/10/27,47.094
2019/10/28,50.662
2019/10/29,52.32
2019/10/30,52.012
2019/10/31,49.401
2019/11/01,47.623
2019/11/02,44.051
2019/11/03,43.314
2019/11/04,49.206
2019/11/05,49.598
2019/11/06,44.867
2019/11/07,53.718
2019/11/08,45.977
2019/11/09,45.426
2019/11/10,44.117
2019/11/11,47.649
2019/11/12,49.869
2019/11/13,49.997
2019/11/14,47.112
2019/11/15,46.624
2019/11/16,40.3
2019/11/17,48.412
2019/11/18,48.29
2019/11/19,50.652
2019/11/20,50.492
2019/11/21,55.343
2019/11/22,62.106
2019/11/23,42.411
2019/11/24,42.21
2019/11/25,53.866
2019/11/26,49.192
2019/11/27,46.069
2019/11/28,46.702
2019/11/29,44.456
2019/11/30,43.535
2019/12/01,48.877
2019/12/02,47.026
2019/12/03,44.47
2019/12/04,45.201
2019/12/05,41.919
2019/12/06,44.424
2019/12/07,39.774
2019/12/08,35.854
2019/12/09,39.257
2019/12/10,43.534
2019/12/11,42.637
2019/12/12,44.322
2019/12/13,44.052
2019/12/14,43.583
2019/12/15,46.364
2019/12/16,49.855
2019/12/17,50.717
2019/12/18,48.56
2019/12/19,45.895
2019/12/20,45.624
2019/12/21,40.856
2019/12/22,39.38
2019/12/23,46.058
2019/12/24,42.231
2019/12/25,40.539
2019/12/26,40.909
2019/12/27,42.858
2019/12/28,44.038
2019/12/29,42.102
2019/12/30,44.131
2019/12/31,44.552
2020/01/01,42.62
2020/01/02,39.471
2020/01/03,40.764
2020/01/04,35.295
2020/01/05,36.16
2020/01/06,47.128
2020/01/07,43.978
2020/01/08,50.794
2020/01/09,46.235
2020/01/10,52.619
2020/01/11,50.951
2020/01/12,52.882
2020/01/13,47.273
2020/01/14,53.809
2020/01/15,55.243
2020/01/16,44.769
2020/01/17,52.799
2020/01/18,52.225
2020/01/19,49.841
2020/01/20,47.452
2020/01/21,45.482
2020/01/22,45.573
2020/01/23,40.199
2020/01/24,40.56
2020/01/25,41.649
2020/01/26,40.269
2020/01/27,40.865
2020/01/28,43.766
2020/01/29,45.857
2020/01/30,50.259
2020/01/31,48.77
2020/02/01,44.851
2020/02/02,46.473
2020/02/03,53.103
2020/02/04,66.637
2020/02/05,68.831
2020/02/06,74.947
2020/02/07,75.551
2020/02/08,60.748
2020/02/09,57.487
2020/02/10,58.34
2020/02/11,56.915
2020/02/12,68.212
2020/02/13,71.758
2020/02/14,67.309
2020/02/15,69.253
2020/02/16,63.105
2020/02/17,61.05
2020/02/18,55.554
2020/02/19,60.356
2020/02/20,59.831
2020/02/21,45.674
2020/02/22,45.676
2020/02/23,58.659
2020/02/24,54.98
2020/02/25,52.677
2020/02/26,56.914
2020/02/27,49.394
2020/02/28,46.761
2020/02/29,42.637
2020/03/01,46.16
2020/03/02,44.348
2020/03/03,47.373
2020/03/04,47.513
2020/03/05,53.247
2020/03/06,51.291
2020/03/07,49.822
2020/03/08,53.484
2020/03/09,56.979
2020/03/10,47.015
2020/03/11,51.76
2020/03/12,82.491
2020/03/13,66.736
2020/03/14,46.039
2020/03/15,45.094
2020/03/16,50.133
2020/03/17,46.46
2020/03/18,45.231
2020/03/19,47.081
2020/03/20,46.949
2020/03/21,45.094
2020/03/22,45.037
2020/03/23,45.563
2020/03/24,45.852
2020/03/25,46.356
2020/03/26,45.396
2020/03/27,45.373
2020/03/28,44.512
2020/03/29,44.01
2020/03/30,45.583
2020/03/31,46.857
2020/04/01,46.827
2020/04/02,49.002
2020/04/03,48.643
2020/04/04,45.762
2020/04/05,44.99
2020/04/06,52.773
2020/04/07,53.546
2020/04/08,48.499
2020/04/09,50.483
2020/04/10,50.118
2020/04/11,45.631
2020/04/12,45.156
2020/04/13,48.471
2020/04/14,49.066
2020/04/15,48.075
2020/04/16,56.356
2020/04/17,50.596
2020/04/18,52.225
2020/04/19,51.351
2020/04/20,55.558
2020/04/21,55.872
2020/04/22,56.254
2020/04/23,57.336
2020/04/24,56.823
2020/04/25,52.642
2020/04/26,56.776
2020/04/27,57.23
2020/04/28,54.389
2020/04/29,65.139
2020/04/30,74.737
2020/05/01,53.412
2020/05/02,48.7
2020/05/03,50.694
2020/05/04,53.986
2020/05/05,55.518
2020/05/06,58.373
2020/05/07,62.657
2020/05/08,64.15
2020/05/09,55.945
2020/05/10,63.91
2020/05/11,56.163
2020/05/12,60.519
2020/05/13,65.525
2020/05/14,72.49
2020/05/15,60.135
2020/05/16,53.332
2020/05/17,56.858
2020/05/18,63.85
2020/05/19,60.393
2020/05/20,62.263
2020/05/21,68.933
2020/05/22,57.817
2020/05/23,48.75
2020/05/24,53.118
2020/05/25,57.717
2020/05/26,56.132
2020/05/27,57.623
2020/05/28,57.905
2020/05/29,54.899
2020/05/30,55.53
2020/05/31,53.065
2020/06/01,55.575
2020/06/02,57.602
2020/06/03,52.981
2020/06/04,54.551
2020/06/05,55.17
2020/06/06,60.157
2020/06/07,64.573
2020/06/08,62.063
2020/06/09,56.077
2020/06/10,58.763
2020/06/11,58.03
2020/06/12,51.32
2020/06/13,46.851
2020/06/14,43.312
2020/06/15,55.347
2020/06/16,55.052
2020/06/17,55.636
2020/06/18,51.574
2020/06/19,53.264
2020/06/20,46.1
2020/06/21,45.19
2020/06/22,55.233
2020/06/23,59.238
2020/06/24,58.314
2020/06/25,52.862
2020/06/26,49.711
2020/06/27,47.891
2020/06/28,46.817
2020/06/29,50.587
2020/06/30,61.453
2020/07/01,56.496
2020/07/02,51.937
2020/07/03,53.179
2020/07/04,46.387
2020/07/05,45.582
2020/07/06,51.833
2020/07/07,52.867
2020/07/08,60.784
2020/07/09,56.214
2020/07/10,50.473
2020/07/11,46.898
2020/07/12,45.772
2020/07/13,56.924
2020/07/14,53.055
2020/07/15,55.768
2020/07/16,58.234
2020/07/17,59.411
2020/07/18,54.913
2020/07/19,56.013
2020/07/20,63.489
2020/07/21,67.258
2020/07/22,63.365
2020/07/23,69.664
2020/07/24,66.613
2020/07/25,69.761
2020/07/26,69.1
2020/07/27,77.786
2020/07/28,58.669
2020/07/29,60.767
2020/07/30,59.009
2020/07/31,63.852
2020/08/01,57.347
2020/08/02,64.33
2020/08/03,60.779
2020/08/04,54.713
2020/08/05,52.244
2020/08/06,54.924
2020/08/07,60.899
2020/08/08,57.753
2020/08/09,61.808
2020/08/10,72.567
2020/08/11,75.193
2020/08/12,86.477
2020/08/13,88.497
2020/08/14,78
2020/08/15,55.529
2020/08/16,51.841
2020/08/17,53.693
2020/08/18,57.058
2020/08/19,56.784
2020/08/20,53.132
2020/08/21,58.521
2020/08/22,49.24
2020/08/23,45.419
2020/08/24,48.64
2020/08/25,50.498
2020/08/26,47.048
2020/08/27,47.793
2020/08/28,47.47
2020/08/29,50.447
2020/08/30,65.999
2020/08/31,69.264
2020/09/01,82.551
2020/09/02,85.225
2020/09/03,66.128
2020/09/04,51.912
2020/09/05,53.344
2020/09/06,45.384
2020/09/07,44.741
2020/09/08,44.157
2020/09/09,45.345
2020/09/10,49.527
2020/09/11,48.321
2020/09/12,45.458
2020/09/13,46.42
2020/09/14,51.76
2020/09/15,50.793
2020/09/16,48.903
2020/09/17,67.26
2020/09/18,55.393
2020/09/19,48.861
2020/09/20,46.74
2020/09/21,48.271
2020/09/22,47.493
2020/09/23,46.074
2020/09/24,45.13
2020/09/25,45.351
2020/09/26,44.352
2020/09/27,44.38
2020/09/28,46.608
2020/09/29,48.816
2020/09/30,46.561
2020/10/01,45.471
2020/10/02,45.062
2020/10/03,43.482
2020/10/04,44.005
2020/10/05,45.237
2020/10/06,46.362
2020/10/07,44.582
2020/10/08,44.285
2020/10/09,44.586
2020/10/10,43.153
2020/10/11,41.688
2020/10/12,45.265
2020/10/13,45.218
2020/10/14,45.03
2020/10/15,44.462
2020/10/16,43.539
2020/10/17,40.04
2020/10/18,39.956
2020/10/19,43.334
2020/10/20,44.46
2020/10/21,48.223
2020/10/22,46.904
2020/10/23,45.323
2020/10/24,41.191
2020/10/25,41.701
2020/10/26,46.797
2020/10/27,44.272
2020/10/28,47.91
2020/10/29,49.569
2020/10/30,48.328
2020/10/31,43.316
2020/11/01,42.292
2020/11/02,49.238
2020/11/03,46.404
2020/11/04,44.274
2020/11/05,47.494
2020/11/06,52.186
2020/11/07,50.724
2020/11/08,44.28
2020/11/09,48.069
2020/11/10,50.333
2020/11/11,50.787
2020/11/12,50.976
2020/11/13,51.966
2020/11/14,44.649
2020/11/15,44.786
2020/11/16,49.351
2020/11/17,58.394
2020/11/18,59.885
2020/11/19,49.392
2020/11/20,55.706
2020/11/21,55.326
2020/11/22,56.057
2020/11/23,61.508
2020/11/24,66.081
2020/11/25,53.249
2020/11/26,62.329
2020/11/27,46.213
2020/11/28,44.218
2020/11/29,44.219
2020/11/30,55.243
2020/12/01,56.542
2020/12/02,48.303
2020/12/03,49.195
2020/12/04,50.319
2020/12/05,46.431
2020/12/06,46.428
2020/12/07,49.409
2020/12/08,52.387
2020/12/09,52.757
2020/12/10,50.396
2020/12/11,51.774
2020/12/12,46.704
2020/12/13,47.581
2020/12/14,52.902
2020/12/15,57.409
2020/12/16,57.494
2020/12/17,68.173
2020/12/18,52.801
2020/12/19,51.606
2020/12/20,47.463
2020/12/21,53.963
2020/12/22,51.279
2020/12/23,57.351
2020/12/24,53.669
2020/12/25,55.117
2020/12/26,50.412
2020/12/27,55.406
2020/12/28,59.15
2020/12/29,57.04
2020/12/30,61.215
2020/12/31,57.96
2021/01/01,49.446
2021/01/02,55.985
2021/01/03,64.992
2021/01/04,77.875
2021/01/05,57.877
2021/01/06,57.093
2021/01/07,58.138
2021/01/08,59.464
2021/01/09,51.968
2021/01/10,52.015
2021/01/11,63.848
2021/01/12,49.195
2021/01/13,47.257
2021/01/14,49.775
2021/01/15,49.704
2021/01/16,49.302
2021/01/17,47.638
2021/01/18,48.945
2021/01/19,53.822
2021/01/20,50.726
2021/01/21,55.192
2021/01/22,55.323
2021/01/23,49.133
2021/01/24,49.97
2021/01/25,55.22
2021/01/26,49.898
2021/01/27,51.927
2021/01/28,51.513
2021/01/29,58.33
2021/01/30,53.695
2021/01/31,56.259
2021/02/01,58.693
2021/02/02,63.855
2021/02/03,65.705
2021/02/04,72.818
2021/02/05,75.564
2021/02/06,59.564
2021/02/07,54.644
2021/02/08,60.816
2021/02/09,64.239
2021/02/10,61.88
2021/02/11,56.144
2021/02/12,56.75
2021/02/13,59.025
2021/02/14,53.404
2021/02/15,54.782
2021/02/16,55.151
2021/02/17,55.243
2021/02/18,57.404
2021/02/19,58.838
2021/02/20,62.132
2021/02/21,50.245
2021/02/22,61.445
2021/02/23,68.68
2021/02/24,49.943
2021/02/25,47.392
2021/02/26,45.898
2021/02/27,42.652
2021/02/28,42.133
2021/03/01,43.046
2021/03/02,43.955
2021/03/03,45.296
2021/03/04,43.34
2021/03/05,46.038
2021/03/06,42.699
2021/03/07,49.011
2021/03/08,49.188
2021/03/09,50.743
2021/03/10,49.318
2021/03/11,48.7
2021/03/12,54.192
2021/03/13,53.803
2021/03/14,52.113
2021/03/15,57.215
2021/03/16,56.858
2021/03/17,57.226
2021/03/18,55.431
2021/03/19,50.602
2021/03/20,48.444
2021/03/21,47.324
2021/03/22,56.283
2021/03/23,49.702
2021/03/24,51.981
2021/03/25,50.905
2021/03/26,45.598
2021/03/27,42.771
2021/03/28,43.874
2021/03/29,50.294
2021/03/30,54.278
2021/03/31,61.006
2021/04/01,56.88
2021/04/02,57.666
2021/04/03,51.233
2021/04/04,44.887
2021/04/05,51.585
2021/04/06,52.292
2021/04/07,51.269
2021/04/08,46.155
2021/04/09,45.558
2021/04/10,41.905
2021/04/11,40.279
2021/04/12,45.405
2021/04/13,49.853
2021/04/14,53.831
2021/04/15,48.787
2021/04/16,62.205
2021/04/17,53.296
2021/04/18,54.138
2021/04/19,58.806
2021/04/20,64.894
2021/04/21,52.769
2021/04/22,50.963
2021/04/23,47.919
2021/04/24,41.141
2021/04/25,39.689
2021/04/26,41.782
2021/04/27,43.388
2021/04/28,45.64
2021/04/29,45.164
2021/04/30,42.915
2021/05/01,41.118
2021/05/02,40.305
2021/05/03,48.395
2021/05/04,49.094
2021/05/05,46.575
2021/05/06,49.569
2021/05/07,50.976
2021/05/08,65.589
2021/05/09,64.93
2021/05/10,78.876
2021/05/11,80.805
2021/05/12,82.445
2021/05/13,55.282
2021/05/14,51.977
2021/05/15,47.532
2021/05/16,45.778
2021/05/17,46.718
2021/05/18,46.191
2021/05/19,57.357
2021/05/20,46.781
2021/05/21,45.627
2021/05/22,42.633
2021/05/23,46.619
2021/05/24,43.983
2021/05/25,43.329
2021/05/26,43.381
2021/05/27,42.52
2021/05/28,42.518
2021/05/29,41.313
2021/05/30,40.883
2021/05/31,41.535
2021/06/01,41.659
2021/06/02,42.433
2021/06/03,42.624
2021/06/04,41.824
2021/06/05,40.848
2021/06/06,40.351
2021/06/07,42.117
2021/06/08,43.099
2021/06/09,42.453
2021/06/10,41.783
2021/06/11,42.264
2021/06/12,40.991
2021/06/13,40.416
2021/06/14,42.405
2021/06/15,42.954
2021/06/16,42.508
2021/06/17,42.958
2021/06/18,42.473
2021/06/19,40.78
2021/06/20,40.911
2021/06/21,48.869
2021/06/22,51.284
2021/06/23,43.469
2021/06/24,42.701
2021/06/25,43.789
2021/06/26,41.669
2021/06/27,41.544
2021/06/28,43.968
2021/06/29,45.86
2021/06/30,46.366
2021/07/01,45.339
2021/07/02,43.839
2021/07/03,42.981
2021/07/04,43.161
2021/07/05,44.053
2021/07/06,61.555
2021/07/07,56.293
2021/07/08,53.199
2021/07/09,49.369
2021/07/10,44.814
2021/07/11,44.004
2021/07/12,50.078
2021/07/13,50.756
2021/07/14,54.468
2021/07/15,53.891
2021/07/16,52.403
2021/07/17,46.872
2021/07/18,47.317
2021/07/19,47.05
2021/07/20,48.546
2021/07/21,45.412
2021/07/22,47.949
2021/07/23,46.2
2021/07/24,44.731
2021/07/25,46.323
2021/07/26,57.381
2021/07/27,50.988
2021/07/28,53.932
2021/07/29,53.173
2021/07/30,56.204
2021/07/31,54.97
2021/08/01,57.235
2021/08/02,58.142
2021/08/03,62.047
2021/08/04,62.274
2021/08/05,73.49
2021/08/06,68.273
2021/08/07,70.263
2021/08/08,63.62
2021/08/09,67.724
2021/08/10,69.259
2021/08/11,73.7
2021/08/12,62.672
2021/08/13,64.828
2021/08/14,60.767
2021/08/15,56.74
2021/08/16,62.36
2021/08/17,58.758
2021/08/18,54.291
2021/08/19,49.265
2021/08/20,53.065
2021/08/21,48.597
2021/08/22,49.663
2021/08/23,63.558
2021/08/24,70.496
2021/08/25,73.932
2021/08/26,69.425
2021/08/27,72.084
2021/08/28,60.26
2021/08/29,60.931
2021/08/30,66.291
2021/08/31,69.257
2021/09/01,72.82
2021/09/02,73.113
2021/09/03,81.418
2021/09/04,68.287
2021/09/05,64.196
2021/09/06,65.29
2021/09/07,67
2021/09/08,63.505
2021/09/09,62.739
2021/09/10,49.117
2021/09/11,40.962
2021/09/12,41.3
2021/09/13,46.315
2021/09/14,41.914
2021/09/15,43.568
2021/09/16,48.042
2021/09/17,47.107
2021/09/18,41.995
2021/09/19,41.623
2021/09/20,49.621
2021/09/21,49.828
2021/09/22,43.824
2021/09/23,45.914
2021/09/24,45.789
2021/09/25,39.858
2021/09/26,44.759
2021/09/27,50.227
2021/09/28,50.783
2021/09/29,48.011
2021/09/30,51.912
2021/10/01,50.884
2021/10/02,46.452
2021/10/03,46.54
2021/10/04,56.846
2021/10/05,60.658
2021/10/06,62.706
2021/10/07,65.57
2021/10/08,56.871
2021/10/09,49.232
2021/10/10,48.716
2021/10/11,56.199
2021/10/12,51.343
2021/10/13,54.07
2021/10/14,58.6
2021/10/15,60.666
2021/10/16,49.973
2021/10/17,47.743
2021/10/18,49.402
2021/10/19,46.588
2021/10/20,48.306
2021/10/21,52.159
2021/10/22,50.023
2021/10/23,45.271
2021/10/24,47.242
2021/10/25,53.884
2021/10/26,59.901
2021/10/27,66.376
2021/10/28,67.914
2021/10/29,68.63
2021/10/30,66.609
2021/10/31,64.98
2021/11/01,66.058
2021/11/02,69.526
2021/11/03,68.258
2021/11/04,60.474
2021/11/05,56.159
2021/11/06,48.422
2021/11/07,45.954
2021/11/08,53.653
2021/11/09,65.852
2021/11/10,59.107
2021/11/11,57.496
2021/11/12,55.023
2021/11/13,50.079
2021/11/14,46.36
2021/11/15,55.521
2021/11/16,51.788
2021/11/17,47.121
2021/11/18,51.156
2021/11/19,46.88
2021/11/20,45.858
2021/11/21,44.808
2021/11/22,52.689
2021/11/23,50.162
2021/11/24,49.245
2021/11/25,49.949
2021/11/26,46.536
2021/11/27,45.153
2021/11/28,45.567
2021/11/29,49.639
2021/11/30,51.111
2021/12/01,56.606
2021/12/02,47.697
2021/12/03,47.598
2021/12/04,50.595
2021/12/05,40.077
2021/12/06,46.144
2021/12/07,44.854
2021/12/08,41.477
2021/12/09,42.737
2021/12/10,40.888
2021/12/11,39.795
2021/12/12,38.115
2021/12/13,41.431
2021/12/14,41.553
2021/12/15,43.652
2021/12/16,45.274
2021/12/17,43.49
2021/12/18,39.944
2021/12/19,37.74
2021/12/20,40.192
2021/12/21,42.235
2021/12/22,43.809
2021/12/23,46.709
2021/12/24,44.771
2021/12/25,46.962
2021/12/26,41.376
2021/12/27,47.497
2021/12/28,53.631
2021/12/29,60.917
2021/12/30,53.279
2021/12/31,50.618
2022/01/01,48.054
2022/01/02,51.901
2022/01/03,53.483
2022/01/04,57.001
2022/01/05,59.81
2022/01/06,54.777
2022/01/07,55.737
2022/01/08,47.812
2022/01/09,55.556
2022/01/10,66.529
2022/01/11,57.808
2022/01/12,57.005
2022/01/13,54.642
2022/01/14,57.796
2022/01/15,49.229
2022/01/16,49.154
2022/01/17,49.72
2022/01/18,46.439
2022/01/19,45.59
2022/01/20,47.875
2022/01/21,52.992
2022/01/22,47.803
2022/01/23,42.88
2022/01/24,44.504
2022/01/25,44.116
2022/01/26,46.344
2022/01/27,47.984
2022/01/28,45.398
2022/01/29,42.591
2022/01/30,41.796
2022/01/31,42.949
2022/02/01,51.341
2022/02/02,50.427
2022/02/03,45.008
2022/02/04,44.371
2022/02/05,38.722
2022/02/06,38.94
2022/02/07,50.374
2022/02/08,45.777
2022/02/09,44.985
2022/02/10,45.333
2022/02/11,41.662
2022/02/12,39.938
2022/02/13,38.286
2022/02/14,39.501
2022/02/15,42.113
2022/02/16,46.023
2022/02/17,44.64
2022/02/18,50.43
2022/02/19,42.522
2022/02/20,40.201
2022/02/21,48.698
2022/02/22,46.964
2022/02/23,45.433
2022/02/24,45.427
2022/02/25,41.309
2022/02/26,39.5
2022/02/27,39.254
2022/02/28,44.88
2022/03/01,44.848
2022/03/02,43.299
2022/03/03,42.009
2022/03/04,40.452
2022/03/05,38.168
2022/03/06,38.192
2022/03/07,37.965
2022/03/08,37.778
2022/03/09,39.27
2022/03/10,37.874
2022/03/11,36.849
2022/03/12,34.714
2022/03/13,37.544
2022/03/14,39.323
2022/03/15,40.608
2022/03/16,42.448
2022/03/17,51.659
2022/03/18,50.007
2022/03/19,43.036
2022/03/20,40.611
2022/03/21,44.129
2022/03/22,47.7
2022/03/23,47.362
2022/03/24,53.088
2022/03/25,52.617
2022/03/26,45.507
2022/03/27,46.875
2022/03/28,56.8
2022/03/29,54.492
2022/03/30,56.961
2022/03/31,57.018
2022/04/01,62.707
2022/04/02,58.991
2022/04/03,56.957
2022/04/04,63.297
2022/04/05,65.851
2022/04/06,56.084
2022/04/07,55.885
2022/04/08,53.799
2022/04/09,43.438
2022/04/10,43.101
2022/04/11,47.64
2022/04/12,49.19
2022/04/13,49.729
2022/04/14,48.897
2022/04/15,45.125
2022/04/16,39.871
2022/04/17,38.677
2022/04/18,43.652
2022/04/19,45.12
2022/04/20,53.921
2022/04/21,58.739
2022/04/22,50.548
2022/04/23,44.171
2022/04/24,43.5
2022/04/25,51.493
2022/04/26,49.457
2022/04/27,49.478
2022/04/28,50.023
2022/04/29,49.463
2022/04/30,47.909
2022/05/01,61.836
2022/05/02,56.712
2022/05/03,55.131
2022/05/04,49.083
2022/05/05,51.475
2022/05/06,45.825
2022/05/07,42.34
2022/05/08,39.528
2022/05/09,48.007
2022/05/10,47.114
2022/05/11,62.239
2022/05/12,66.298
2022/05/13,48.151
2022/05/14,43.744
2022/05/15,42.3
2022/05/16,42.104
2022/05/17,44.095
2022/05/18,42.802
2022/05/19,42.775
2022/05/20,44.064
2022/05/21,42.274
2022/05/22,42.901
2022/05/23,44.168
2022/05/24,44.097
2022/05/25,45.847
2022/05/26,49.964
2022/05/27,47.7
2022/05/28,42.404
2022/05/29,42.446
2022/05/30,47.83
2022/05/31,50.879
2022/06/01,54.003
2022/06/02,56.257
2022/06/03,56.101
2022/06/04,52.466
2022/06/05,52.584
2022/06/06,51.743
2022/06/07,51.806
2022/06/08,58.906
2022/06/09,56.198
2022/06/10,49.414
2022/06/11,42.861
2022/06/12,41.895
2022/06/13,49.668
2022/06/14,44.416
2022/06/15,45.625
2022/06/16,42.465
2022/06/17,41.567
2022/06/18,41.866
2022/06/19,39.634
2022/06/20,40.415
2022/06/21,43.138
2022/06/22,42.548
2022/06/23,45.476
2022/06/24,44.874
2022/06/25,44.62
2022/06/26,45.585
2022/06/27,48.408
2022/06/28,46.934
2022/06/29,47.772
2022/06/30,46.712
2022/07/01,40.404
2022/07/02,37.019
2022/07/03,38.617
2022/07/04,41.161
2022/07/05,43.788
2022/07/06,43.843
2022/07/07,47.126
2022/07/08,44.852
2022/07/09,40.836
2022/07/10,40.449
2022/07/11,45.155
2022/07/12,43.199
2022/07/13,44.587
2022/07/14,45.893
2022/07/15,46.649
2022/07/16,41.914
2022/07/17,43.559
2022/07/18,52.172
2022/07/19,53.347
2022/07/20,52.171
2022/07/21,45.455
2022/07/22,43.556
2022/07/23,41.388
2022/07/24,40.892
2022/07/25,44.856
2022/07/26,44
2022/07/27,44.666
2022/07/28,50.932
2022/07/29,46.277
2022/07/30,41.452
2022/07/31,40.906
2022/08/01,44.928
2022/08/02,45.357
2022/08/03,44.293
2022/08/04,43.428
2022/08/05,47.832
2022/08/06,42.931
2022/08/07,43.323
2022/08/08,53.187
2022/08/09,54.38
2022/08/10,60.631
2022/08/11,62.052
2022/08/12,53.827
2022/08/13,46.92
2022/08/14,47.475
2022/08/15,55.611
2022/08/16,48.347
2022/08/17,47.805
2022/08/18,47.92
2022/08/19,51.952
2022/08/20,44.749
2022/08/21,42.149
2022/08/22,48.678
2022/08/23,48.418
2022/08/24,47.743
2022/08/25,49.222
2022/08/26,48.905
2022/08/27,43.154
2022/08/28,42.921
2022/08/29,50.728
2022/08/30,54.785
2022/08/31,57.757
2022/09/01,54.846
2022/09/02,48.336
2022/09/03,42.743
2022/09/04,42.394
2022/09/05,46.631
2022/09/06,51.211
2022/09/07,55.028
2022/09/08,57.851
2022/09/09,56.887
2022/09/10,46.426
2022/09/11,45.963
2022/09/12,52.248
2022/09/13,50.588
2022/09/14,46.756
2022/09/15,49.122
2022/09/16,43.664
2022/09/17,41.295
2022/09/18,42.808
2022/09/19,45.704
2022/09/20,46.759
2022/09/21,46.695
2022/09/22,45.869
2022/09/23,44.051
2022/09/24,41.41
2022/09/25,43.829
2022/09/26,48.576
2022/09/27,56.186
2022/09/28,52.197
2022/09/29,51.686
2022/09/30,51.064
2022/10/01,45.042
2022/10/02,41.654
2022/10/03,50.974
2022/10/04,52.016
2022/10/05,51.412
2022/10/06,47.713
2022/10/07,46.213
2022/10/08,49.535
2022/10/09,67.52
2022/10/10,70.371
2022/10/11,60.134
2022/10/12,53.292
2022/10/13,53.932
2022/10/14,51.624
2022/10/15,52.169
2022/10/16,50.591
2022/10/17,56.034
2022/10/18,58.601
2022/10/19,61.057
2022/10/20,58.908
2022/10/21,59.238
2022/10/22,49.622
2022/10/23,45.731
2022/10/24,49.684
2022/10/25,52.279
2022/10/26,51.414
2022/10/27,49.051
2022/10/28,49.381
2022/10/29,46.146
2022/10/30,41.622
2022/10/31,53.54
2022/11/01,47.961
2022/11/02,49.859
2022/11/03,54.412
2022/11/04,53.007
2022/11/05,47.39
2022/11/06,47.311
2022/11/07,52.226
2022/11/08,61.937
2022/11/09,63.708
2022/11/10,56.571
2022/11/11,49.029
2022/11/12,44.893
2022/11/13,44.617
2022/11/14,46.789
2022/11/15,46.621
2022/11/16,45.852
2022/11/17,44.923
2022/11/18,42.904
2022/11/19,42.263
2022/11/20,41.991
2022/11/21,41.786
2022/11/22,43.749
2022/11/23,42.84
2022/11/24,41.054
2022/11/25,39.797
2022/11/26,39.872
2022/11/27,40.029
2022/11/28,42.122
2022/11/29,42.524
