Date,mining_profitability90trx
2016/01/01,0
2016/01/02,0
2016/01/03,0
2016/01/04,0
2016/01/05,0
2016/01/06,0
2016/01/07,0
2016/01/08,0
2016/01/09,0
2016/01/10,0
2016/01/11,0
2016/01/12,0
2016/01/13,0
2016/01/14,0
2016/01/15,0
2016/01/16,0
2016/01/17,0
2016/01/18,0
2016/01/19,0
2016/01/20,0
2016/01/21,0
2016/01/22,0
2016/01/23,0
2016/01/24,0
2016/01/25,0
2016/01/26,0
2016/01/27,0
2016/01/28,0
2016/01/29,0
2016/01/30,0
2016/01/31,0
2016/02/01,0
2016/02/02,0
2016/02/03,0
2016/02/04,0
2016/02/05,0
2016/02/06,0
2016/02/07,0
2016/02/08,0
2016/02/09,0
2016/02/10,0
2016/02/11,0
2016/02/12,0
2016/02/13,0
2016/02/14,0
2016/02/15,0
2016/02/16,0
2016/02/17,0
2016/02/18,0
2016/02/19,0
2016/02/20,0
2016/02/21,0
2016/02/22,0
2016/02/23,0
2016/02/24,0
2016/02/25,0
2016/02/26,0
2016/02/27,0
2016/02/28,0
2016/02/29,0
2016/03/01,0
2016/03/02,0
2016/03/03,0
2016/03/04,0
2016/03/05,0
2016/03/06,0
2016/03/07,0
2016/03/08,0
2016/03/09,0
2016/03/10,0
2016/03/11,0
2016/03/12,0
2016/03/13,0
2016/03/14,0
2016/03/15,0
2016/03/16,0
2016/03/17,0
2016/03/18,0
2016/03/19,0
2016/03/20,0
2016/03/21,0
2016/03/22,0
2016/03/23,0
2016/03/24,0
2016/03/25,0
2016/03/26,0
2016/03/27,0
2016/03/28,0
2016/03/29,0
2016/03/30,0
2016/03/31,0
2016/04/01,0
2016/04/02,0
2016/04/03,0
2016/04/04,0
2016/04/05,0
2016/04/06,0
2016/04/07,0
2016/04/08,0
2016/04/09,0
2016/04/10,0
2016/04/11,0
2016/04/12,0
2016/04/13,0
2016/04/14,0
2016/04/15,0
2016/04/16,0
2016/04/17,0
2016/04/18,0
2016/04/19,0
2016/04/20,0
2016/04/21,0
2016/04/22,0
2016/04/23,0.32
2016/04/24,0.316
2016/04/25,0.31
2016/04/26,0.305
2016/04/27,0.299
2016/04/28,0.293
2016/04/29,0.286
2016/04/30,0.279
2016/05/01,0.272
2016/05/02,0.265
2016/05/03,0.258
2016/05/04,0.251
2016/05/05,0.244
2016/05/06,0.236
2016/05/07,0.229
2016/05/08,0.222
2016/05/09,0.214
2016/05/10,0.207
2016/05/11,0.199
2016/05/12,0.192
2016/05/13,0.185
2016/05/14,0.177
2016/05/15,0.17
2016/05/16,0.163
2016/05/17,0.156
2016/05/18,0.149
2016/05/19,0.143
2016/05/20,0.136
2016/05/21,0.13
2016/05/22,0.125
2016/05/23,0.119
2016/05/24,0.114
2016/05/25,0.108
2016/05/26,0.103
2016/05/27,0.098
2016/05/28,0.092
2016/05/29,0.087
2016/05/30,0.082
2016/05/31,0.076
2016/06/01,0.071
2016/06/02,0.067
2016/06/03,0.062
2016/06/04,0.057
2016/06/05,0.053
2016/06/06,0.048
2016/06/07,0.044
2016/06/08,0.04
2016/06/09,0.036
2016/06/10,0.031
2016/06/11,0.027
2016/06/12,0.024
2016/06/13,0.02
2016/06/14,0.016
2016/06/15,0.013
2016/06/16,0.01
2016/06/17,0.008
2016/06/18,0.005
2016/06/19,0.002
2016/06/20,-0.001
2016/06/21,-0.004
2016/06/22,-0.007
2016/06/23,-0.01
2016/06/24,-0.014
2016/06/25,-0.017
2016/06/26,-0.02
2016/06/27,-0.024
2016/06/28,-0.027
2016/06/29,-0.031
2016/06/30,-0.034
2016/07/01,-0.038
2016/07/02,-0.042
2016/07/03,-0.046
2016/07/04,-0.05
2016/07/05,-0.055
2016/07/06,-0.059
2016/07/07,-0.064
2016/07/08,-0.069
2016/07/09,-0.073
2016/07/10,-0.078
2016/07/11,-0.083
2016/07/12,-0.089
2016/07/13,-0.094
2016/07/14,-0.099
2016/07/15,-0.104
2016/07/16,-0.109
2016/07/17,-0.115
2016/07/18,-0.12
2016/07/19,-0.125
2016/07/20,-0.13
2016/07/21,-0.135
2016/07/22,-0.14
2016/07/23,-0.145
2016/07/24,-0.15
2016/07/25,-0.154
2016/07/26,-0.159
2016/07/27,-0.163
2016/07/28,-0.167
2016/07/29,-0.171
2016/07/30,-0.175
2016/07/31,-0.178
2016/08/01,-0.182
2016/08/02,-0.186
2016/08/03,-0.189
2016/08/04,-0.193
2016/08/05,-0.196
2016/08/06,-0.2
2016/08/07,-0.203
2016/08/08,-0.206
2016/08/09,-0.209
2016/08/10,-0.213
2016/08/11,-0.216
2016/08/12,-0.219
2016/08/13,-0.222
2016/08/14,-0.225
2016/08/15,-0.228
2016/08/16,-0.231
2016/08/17,-0.234
2016/08/18,-0.237
2016/08/19,-0.24
2016/08/20,-0.243
2016/08/21,-0.246
2016/08/22,-0.249
2016/08/23,-0.252
2016/08/24,-0.255
2016/08/25,-0.258
2016/08/26,-0.261
2016/08/27,-0.265
2016/08/28,-0.268
2016/08/29,-0.271
2016/08/30,-0.274
2016/08/31,-0.277
2016/09/01,-0.28
2016/09/02,-0.283
2016/09/03,-0.286
2016/09/04,-0.289
2016/09/05,-0.291
2016/09/06,-0.294
2016/09/07,-0.297
2016/09/08,-0.299
2016/09/09,-0.302
2016/09/10,-0.305
2016/09/11,-0.307
2016/09/12,-0.31
2016/09/13,-0.312
2016/09/14,-0.314
2016/09/15,-0.317
2016/09/16,-0.319
2016/09/17,-0.321
2016/09/18,-0.323
2016/09/19,-0.325
2016/09/20,-0.327
2016/09/21,-0.329
2016/09/22,-0.331
2016/09/23,-0.332
2016/09/24,-0.334
2016/09/25,-0.335
2016/09/26,-0.337
2016/09/27,-0.338
2016/09/28,-0.339
2016/09/29,-0.34
2016/09/30,-0.342
2016/10/01,-0.343
2016/10/02,-0.344
2016/10/03,-0.345
2016/10/04,-0.347
2016/10/05,-0.348
2016/10/06,-0.349
2016/10/07,-0.35
2016/10/08,-0.351
2016/10/09,-0.352
2016/10/10,-0.353
2016/10/11,-0.354
2016/10/12,-0.356
2016/10/13,-0.357
2016/10/14,-0.358
2016/10/15,-0.36
2016/10/16,-0.361
2016/10/17,-0.363
2016/10/18,-0.364
2016/10/19,-0.366
2016/10/20,-0.367
2016/10/21,-0.369
2016/10/22,-0.37
2016/10/23,-0.372
2016/10/24,-0.374
2016/10/25,-0.376
2016/10/26,-0.378
2016/10/27,-0.38
2016/10/28,-0.382
2016/10/29,-0.384
2016/10/30,-0.385
2016/10/31,-0.387
2016/11/01,-0.389
2016/11/02,-0.391
2016/11/03,-0.392
2016/11/04,-0.393
2016/11/05,-0.394
2016/11/06,-0.394
2016/11/07,-0.394
2016/11/08,-0.394
2016/11/09,-0.394
2016/11/10,-0.394
2016/11/11,-0.393
2016/11/12,-0.393
2016/11/13,-0.392
2016/11/14,-0.392
2016/11/15,-0.391
2016/11/16,-0.39
2016/11/17,-0.39
2016/11/18,-0.389
2016/11/19,-0.388
2016/11/20,-0.388
2016/11/21,-0.387
2016/11/22,-0.387
2016/11/23,-0.387
2016/11/24,-0.386
2016/11/25,-0.386
2016/11/26,-0.386
2016/11/27,-0.385
2016/11/28,-0.385
2016/11/29,-0.385
2016/11/30,-0.384
2016/12/01,-0.384
2016/12/02,-0.384
2016/12/03,-0.384
2016/12/04,-0.384
2016/12/05,-0.385
2016/12/06,-0.385
2016/12/07,-0.385
2016/12/08,-0.386
2016/12/09,-0.386
2016/12/10,-0.387
2016/12/11,-0.388
2016/12/12,-0.389
2016/12/13,-0.389
2016/12/14,-0.39
2016/12/15,-0.391
2016/12/16,-0.392
2016/12/17,-0.393
2016/12/18,-0.394
2016/12/19,-0.396
2016/12/20,-0.397
2016/12/21,-0.399
2016/12/22,-0.4
2016/12/23,-0.402
2016/12/24,-0.403
2016/12/25,-0.405
2016/12/26,-0.407
2016/12/27,-0.408
2016/12/28,-0.41
2016/12/29,-0.412
2016/12/30,-0.413
2016/12/31,-0.415
2017/01/01,-0.416
2017/01/02,-0.418
2017/01/03,-0.419
2017/01/04,-0.42
2017/01/05,-0.421
2017/01/06,-0.422
2017/01/07,-0.423
2017/01/08,-0.424
2017/01/09,-0.425
2017/01/10,-0.426
2017/01/11,-0.426
2017/01/12,-0.427
2017/01/13,-0.428
2017/01/14,-0.428
2017/01/15,-0.429
2017/01/16,-0.43
2017/01/17,-0.43
2017/01/18,-0.431
2017/01/19,-0.432
2017/01/20,-0.432
2017/01/21,-0.433
2017/01/22,-0.433
2017/01/23,-0.434
2017/01/24,-0.434
2017/01/25,-0.434
2017/01/26,-0.435
2017/01/27,-0.435
2017/01/28,-0.435
2017/01/29,-0.435
2017/01/30,-0.436
2017/01/31,-0.436
2017/02/01,-0.436
2017/02/02,-0.436
2017/02/03,-0.436
2017/02/04,-0.436
2017/02/05,-0.436
2017/02/06,-0.436
2017/02/07,-0.436
2017/02/08,-0.436
2017/02/09,-0.436
2017/02/10,-0.436
2017/02/11,-0.436
2017/02/12,-0.436
2017/02/13,-0.435
2017/02/14,-0.435
2017/02/15,-0.435
2017/02/16,-0.435
2017/02/17,-0.434
2017/02/18,-0.434
2017/02/19,-0.433
2017/02/20,-0.433
2017/02/21,-0.432
2017/02/22,-0.432
2017/02/23,-0.431
2017/02/24,-0.431
2017/02/25,-0.43
2017/02/26,-0.429
2017/02/27,-0.428
2017/02/28,-0.428
2017/03/01,-0.427
2017/03/02,-0.425
2017/03/03,-0.424
2017/03/04,-0.422
2017/03/05,-0.421
2017/03/06,-0.419
2017/03/07,-0.417
2017/03/08,-0.415
2017/03/09,-0.412
2017/03/10,-0.41
2017/03/11,-0.408
2017/03/12,-0.405
2017/03/13,-0.402
2017/03/14,-0.399
2017/03/15,-0.395
2017/03/16,-0.391
2017/03/17,-0.385
2017/03/18,-0.379
2017/03/19,-0.373
2017/03/20,-0.365
2017/03/21,-0.358
2017/03/22,-0.349
2017/03/23,-0.341
2017/03/24,-0.331
2017/03/25,-0.322
2017/03/26,-0.311
2017/03/27,-0.3
2017/03/28,-0.289
2017/03/29,-0.278
2017/03/30,-0.266
2017/03/31,-0.254
2017/04/01,-0.241
2017/04/02,-0.229
2017/04/03,-0.216
2017/04/04,-0.204
2017/04/05,-0.192
2017/04/06,-0.179
2017/04/07,-0.167
2017/04/08,-0.156
2017/04/09,-0.144
2017/04/10,-0.133
2017/04/11,-0.122
2017/04/12,-0.111
2017/04/13,-0.1
2017/04/14,-0.089
2017/04/15,-0.079
2017/04/16,-0.069
2017/04/17,-0.059
2017/04/18,-0.049
2017/04/19,-0.04
2017/04/20,-0.03
2017/04/21,-0.021
2017/04/22,-0.012
2017/04/23,-0.004
2017/04/24,0.004
2017/04/25,0.012
2017/04/26,0.02
2017/04/27,0.027
2017/04/28,0.035
2017/04/29,0.042
2017/04/30,0.05
2017/05/01,0.058
2017/05/02,0.066
2017/05/03,0.074
2017/05/04,0.082
2017/05/05,0.091
2017/05/06,0.1
2017/05/07,0.109
2017/05/08,0.119
2017/05/09,0.128
2017/05/10,0.137
2017/05/11,0.146
2017/05/12,0.156
2017/05/13,0.165
2017/05/14,0.173
2017/05/15,0.182
2017/05/16,0.19
2017/05/17,0.198
2017/05/18,0.206
2017/05/19,0.213
2017/05/20,0.221
2017/05/21,0.23
2017/05/22,0.239
2017/05/23,0.248
2017/05/24,0.259
2017/05/25,0.271
2017/05/26,0.283
2017/05/27,0.295
2017/05/28,0.308
2017/05/29,0.321
2017/05/30,0.334
2017/05/31,0.348
2017/06/01,0.362
2017/06/02,0.377
2017/06/03,0.392
2017/06/04,0.406
2017/06/05,0.421
2017/06/06,0.436
2017/06/07,0.451
2017/06/08,0.466
2017/06/09,0.481
2017/06/10,0.496
2017/06/11,0.512
2017/06/12,0.528
2017/06/13,0.545
2017/06/14,0.562
2017/06/15,0.579
2017/06/16,0.596
2017/06/17,0.612
2017/06/18,0.628
2017/06/19,0.644
2017/06/20,0.659
2017/06/21,0.673
2017/06/22,0.687
2017/06/23,0.699
2017/06/24,0.71
2017/06/25,0.72
2017/06/26,0.729
2017/06/27,0.736
2017/06/28,0.742
2017/06/29,0.747
2017/06/30,0.751
2017/07/01,0.754
2017/07/02,0.756
2017/07/03,0.756
2017/07/04,0.756
2017/07/05,0.755
2017/07/06,0.753
2017/07/07,0.75
2017/07/08,0.746
2017/07/09,0.742
2017/07/10,0.736
2017/07/11,0.729
2017/07/12,0.722
2017/07/13,0.713
2017/07/14,0.704
2017/07/15,0.694
2017/07/16,0.683
2017/07/17,0.672
2017/07/18,0.66
2017/07/19,0.648
2017/07/20,0.635
2017/07/21,0.622
2017/07/22,0.609
2017/07/23,0.596
2017/07/24,0.583
2017/07/25,0.569
2017/07/26,0.555
2017/07/27,0.542
2017/07/28,0.527
2017/07/29,0.513
2017/07/30,0.499
2017/07/31,0.485
2017/08/01,0.47
2017/08/02,0.455
2017/08/03,0.441
2017/08/04,0.426
2017/08/05,0.412
2017/08/06,0.398
2017/08/07,0.384
2017/08/08,0.37
2017/08/09,0.356
2017/08/10,0.343
2017/08/11,0.33
2017/08/12,0.317
2017/08/13,0.304
2017/08/14,0.292
2017/08/15,0.28
2017/08/16,0.268
2017/08/17,0.256
2017/08/18,0.244
2017/08/19,0.233
2017/08/20,0.222
2017/08/21,0.211
2017/08/22,0.2
2017/08/23,0.19
2017/08/24,0.18
2017/08/25,0.169
2017/08/26,0.159
2017/08/27,0.15
2017/08/28,0.14
2017/08/29,0.13
2017/08/30,0.121
2017/08/31,0.112
2017/09/01,0.103
2017/09/02,0.094
2017/09/03,0.085
2017/09/04,0.077
2017/09/05,0.068
2017/09/06,0.06
2017/09/07,0.052
2017/09/08,0.044
2017/09/09,0.036
2017/09/10,0.027
2017/09/11,0.019
2017/09/12,0.011
2017/09/13,0.003
2017/09/14,-0.005
2017/09/15,-0.013
2017/09/16,-0.021
2017/09/17,-0.029
2017/09/18,-0.037
2017/09/19,-0.045
2017/09/20,-0.053
2017/09/21,-0.061
2017/09/22,-0.068
2017/09/23,-0.076
2017/09/24,-0.084
2017/09/25,-0.092
2017/09/26,-0.1
2017/09/27,-0.108
2017/09/28,-0.115
2017/09/29,-0.123
2017/09/30,-0.131
2017/10/01,-0.138
2017/10/02,-0.145
2017/10/03,-0.153
2017/10/04,-0.16
2017/10/05,-0.167
2017/10/06,-0.174
2017/10/07,-0.181
2017/10/08,-0.188
2017/10/09,-0.195
2017/10/10,-0.201
2017/10/11,-0.208
2017/10/12,-0.214
2017/10/13,-0.221
2017/10/14,-0.227
2017/10/15,-0.233
2017/10/16,-0.239
2017/10/17,-0.244
2017/10/18,-0.25
2017/10/19,-0.255
2017/10/20,-0.26
2017/10/21,-0.265
2017/10/22,-0.269
2017/10/23,-0.274
2017/10/24,-0.278
2017/10/25,-0.283
2017/10/26,-0.287
2017/10/27,-0.292
2017/10/28,-0.297
2017/10/29,-0.302
2017/10/30,-0.308
2017/10/31,-0.314
2017/11/01,-0.32
2017/11/02,-0.326
2017/11/03,-0.331
2017/11/04,-0.336
2017/11/05,-0.341
2017/11/06,-0.345
2017/11/07,-0.35
2017/11/08,-0.354
2017/11/09,-0.357
2017/11/10,-0.361
2017/11/11,-0.364
2017/11/12,-0.367
2017/11/13,-0.37
2017/11/14,-0.372
2017/11/15,-0.375
2017/11/16,-0.377
2017/11/17,-0.378
2017/11/18,-0.38
2017/11/19,-0.381
2017/11/20,-0.382
2017/11/21,-0.382
2017/11/22,-0.383
2017/11/23,-0.383
2017/11/24,-0.383
2017/11/25,-0.382
2017/11/26,-0.381
2017/11/27,-0.38
2017/11/28,-0.378
2017/11/29,-0.376
2017/11/30,-0.374
2017/12/01,-0.371
2017/12/02,-0.368
2017/12/03,-0.365
2017/12/04,-0.362
2017/12/05,-0.358
2017/12/06,-0.354
2017/12/07,-0.35
2017/12/08,-0.346
2017/12/09,-0.341
2017/12/10,-0.336
2017/12/11,-0.331
2017/12/12,-0.326
2017/12/13,-0.32
2017/12/14,-0.313
2017/12/15,-0.306
2017/12/16,-0.299
2017/12/17,-0.291
2017/12/18,-0.283
2017/12/19,-0.274
2017/12/20,-0.265
2017/12/21,-0.255
2017/12/22,-0.245
2017/12/23,-0.234
2017/12/24,-0.224
2017/12/25,-0.214
2017/12/26,-0.203
2017/12/27,-0.193
2017/12/28,-0.182
2017/12/29,-0.172
2017/12/30,-0.161
2017/12/31,-0.151
2018/01/01,-0.14
2018/01/02,-0.13
2018/01/03,-0.119
2018/01/04,-0.108
2018/01/05,-0.096
2018/01/06,-0.084
2018/01/07,-0.071
2018/01/08,-0.058
2018/01/09,-0.044
2018/01/10,-0.029
2018/01/11,-0.014
2018/01/12,0.002
2018/01/13,0.018
2018/01/14,0.035
2018/01/15,0.051
2018/01/16,0.068
2018/01/17,0.084
2018/01/18,0.099
2018/01/19,0.114
2018/01/20,0.129
2018/01/21,0.143
2018/01/22,0.157
2018/01/23,0.17
2018/01/24,0.182
2018/01/25,0.194
2018/01/26,0.205
2018/01/27,0.216
2018/01/28,0.226
2018/01/29,0.236
2018/01/30,0.245
2018/01/31,0.254
2018/02/01,0.262
2018/02/02,0.27
2018/02/03,0.277
2018/02/04,0.283
2018/02/05,0.288
2018/02/06,0.292
2018/02/07,0.295
2018/02/08,0.298
2018/02/09,0.299
2018/02/10,0.301
2018/02/11,0.301
2018/02/12,0.301
2018/02/13,0.301
2018/02/14,0.3
2018/02/15,0.299
2018/02/16,0.297
2018/02/17,0.295
2018/02/18,0.293
2018/02/19,0.291
2018/02/20,0.288
2018/02/21,0.285
2018/02/22,0.281
2018/02/23,0.278
2018/02/24,0.274
2018/02/25,0.27
2018/02/26,0.265
2018/02/27,0.261
2018/02/28,0.256
2018/03/01,0.251
2018/03/02,0.246
2018/03/03,0.24
2018/03/04,0.235
2018/03/05,0.229
2018/03/06,0.224
2018/03/07,0.218
2018/03/08,0.212
2018/03/09,0.205
2018/03/10,0.199
2018/03/11,0.192
2018/03/12,0.185
2018/03/13,0.178
2018/03/14,0.171
2018/03/15,0.163
2018/03/16,0.156
2018/03/17,0.148
2018/03/18,0.14
2018/03/19,0.132
2018/03/20,0.123
2018/03/21,0.115
2018/03/22,0.106
2018/03/23,0.097
2018/03/24,0.088
2018/03/25,0.08
2018/03/26,0.071
2018/03/27,0.061
2018/03/28,0.052
2018/03/29,0.043
2018/03/30,0.033
2018/03/31,0.024
2018/04/01,0.014
2018/04/02,0.004
2018/04/03,-0.005
2018/04/04,-0.015
2018/04/05,-0.025
2018/04/06,-0.035
2018/04/07,-0.044
2018/04/08,-0.054
2018/04/09,-0.064
2018/04/10,-0.074
2018/04/11,-0.083
2018/04/12,-0.093
2018/04/13,-0.102
2018/04/14,-0.111
2018/04/15,-0.12
2018/04/16,-0.129
2018/04/17,-0.138
2018/04/18,-0.146
2018/04/19,-0.155
2018/04/20,-0.162
2018/04/21,-0.17
2018/04/22,-0.178
2018/04/23,-0.185
2018/04/24,-0.192
2018/04/25,-0.198
2018/04/26,-0.205
2018/04/27,-0.211
2018/04/28,-0.217
2018/04/29,-0.222
2018/04/30,-0.227
2018/05/01,-0.232
2018/05/02,-0.237
2018/05/03,-0.242
2018/05/04,-0.246
2018/05/05,-0.25
2018/05/06,-0.253
2018/05/07,-0.257
2018/05/08,-0.26
2018/05/09,-0.263
2018/05/10,-0.265
2018/05/11,-0.268
2018/05/12,-0.27
2018/05/13,-0.273
2018/05/14,-0.275
2018/05/15,-0.277
2018/05/16,-0.279
2018/05/17,-0.28
2018/05/18,-0.282
2018/05/19,-0.283
2018/05/20,-0.285
2018/05/21,-0.286
2018/05/22,-0.287
2018/05/23,-0.288
2018/05/24,-0.289
2018/05/25,-0.29
2018/05/26,-0.291
2018/05/27,-0.292
2018/05/28,-0.294
2018/05/29,-0.295
2018/05/30,-0.296
2018/05/31,-0.297
2018/06/01,-0.298
2018/06/02,-0.299
2018/06/03,-0.3
2018/06/04,-0.301
2018/06/05,-0.302
2018/06/06,-0.302
2018/06/07,-0.303
2018/06/08,-0.304
2018/06/09,-0.305
2018/06/10,-0.305
2018/06/11,-0.306
2018/06/12,-0.307
2018/06/13,-0.308
2018/06/14,-0.309
2018/06/15,-0.31
2018/06/16,-0.311
2018/06/17,-0.312
2018/06/18,-0.313
2018/06/19,-0.314
2018/06/20,-0.315
2018/06/21,-0.316
2018/06/22,-0.318
2018/06/23,-0.319
2018/06/24,-0.32
2018/06/25,-0.322
2018/06/26,-0.323
2018/06/27,-0.325
2018/06/28,-0.327
2018/06/29,-0.328
2018/06/30,-0.33
2018/07/01,-0.332
2018/07/02,-0.334
2018/07/03,-0.335
2018/07/04,-0.337
2018/07/05,-0.338
2018/07/06,-0.34
2018/07/07,-0.341
2018/07/08,-0.342
2018/07/09,-0.344
2018/07/10,-0.345
2018/07/11,-0.347
2018/07/12,-0.348
2018/07/13,-0.35
2018/07/14,-0.351
2018/07/15,-0.352
2018/07/16,-0.354
2018/07/17,-0.355
2018/07/18,-0.356
2018/07/19,-0.357
2018/07/20,-0.359
2018/07/21,-0.36
2018/07/22,-0.361
2018/07/23,-0.362
2018/07/24,-0.363
2018/07/25,-0.364
2018/07/26,-0.366
2018/07/27,-0.367
2018/07/28,-0.368
2018/07/29,-0.369
2018/07/30,-0.37
2018/07/31,-0.371
2018/08/01,-0.372
2018/08/02,-0.373
2018/08/03,-0.374
2018/08/04,-0.375
2018/08/05,-0.376
2018/08/06,-0.378
2018/08/07,-0.379
2018/08/08,-0.38
2018/08/09,-0.381
2018/08/10,-0.383
2018/08/11,-0.384
2018/08/12,-0.386
2018/08/13,-0.388
2018/08/14,-0.389
2018/08/15,-0.391
2018/08/16,-0.393
2018/08/17,-0.395
2018/08/18,-0.398
2018/08/19,-0.4
2018/08/20,-0.402
2018/08/21,-0.404
2018/08/22,-0.407
2018/08/23,-0.409
2018/08/24,-0.412
2018/08/25,-0.415
2018/08/26,-0.417
2018/08/27,-0.42
2018/08/28,-0.423
2018/08/29,-0.425
2018/08/30,-0.428
2018/08/31,-0.431
2018/09/01,-0.433
2018/09/02,-0.436
2018/09/03,-0.439
2018/09/04,-0.441
2018/09/05,-0.444
2018/09/06,-0.447
2018/09/07,-0.449
2018/09/08,-0.452
2018/09/09,-0.455
2018/09/10,-0.458
2018/09/11,-0.461
2018/09/12,-0.464
2018/09/13,-0.467
2018/09/14,-0.471
2018/09/15,-0.474
2018/09/16,-0.477
2018/09/17,-0.48
2018/09/18,-0.483
2018/09/19,-0.486
2018/09/20,-0.489
2018/09/21,-0.492
2018/09/22,-0.495
2018/09/23,-0.498
2018/09/24,-0.501
2018/09/25,-0.503
2018/09/26,-0.506
2018/09/27,-0.509
2018/09/28,-0.511
2018/09/29,-0.514
2018/09/30,-0.517
2018/10/01,-0.519
2018/10/02,-0.522
2018/10/03,-0.524
2018/10/04,-0.526
2018/10/05,-0.528
2018/10/06,-0.531
2018/10/07,-0.533
2018/10/08,-0.535
2018/10/09,-0.537
2018/10/10,-0.539
2018/10/11,-0.541
2018/10/12,-0.543
2018/10/13,-0.545
2018/10/14,-0.546
2018/10/15,-0.548
2018/10/16,-0.55
2018/10/17,-0.552
2018/10/18,-0.553
2018/10/19,-0.555
2018/10/20,-0.557
2018/10/21,-0.558
2018/10/22,-0.56
2018/10/23,-0.561
2018/10/24,-0.562
2018/10/25,-0.564
2018/10/26,-0.565
2018/10/27,-0.566
2018/10/28,-0.567
2018/10/29,-0.568
2018/10/30,-0.569
2018/10/31,-0.57
2018/11/01,-0.571
2018/11/02,-0.572
2018/11/03,-0.572
2018/11/04,-0.573
2018/11/05,-0.574
2018/11/06,-0.574
2018/11/07,-0.574
2018/11/08,-0.575
2018/11/09,-0.575
2018/11/10,-0.575
2018/11/11,-0.575
2018/11/12,-0.575
2018/11/13,-0.575
2018/11/14,-0.574
2018/11/15,-0.574
2018/11/16,-0.574
2018/11/17,-0.574
2018/11/18,-0.573
2018/11/19,-0.573
2018/11/20,-0.573
2018/11/21,-0.573
2018/11/22,-0.573
2018/11/23,-0.573
2018/11/24,-0.573
2018/11/25,-0.573
2018/11/26,-0.574
2018/11/27,-0.574
2018/11/28,-0.575
2018/11/29,-0.575
2018/11/30,-0.575
2018/12/01,-0.576
2018/12/02,-0.576
2018/12/03,-0.577
2018/12/04,-0.577
2018/12/05,-0.578
2018/12/06,-0.578
2018/12/07,-0.579
2018/12/08,-0.579
2018/12/09,-0.58
2018/12/10,-0.581
2018/12/11,-0.582
2018/12/12,-0.583
2018/12/13,-0.584
2018/12/14,-0.584
2018/12/15,-0.585
2018/12/16,-0.586
2018/12/17,-0.587
2018/12/18,-0.588
2018/12/19,-0.589
2018/12/20,-0.59
2018/12/21,-0.591
2018/12/22,-0.591
2018/12/23,-0.592
2018/12/24,-0.592
2018/12/25,-0.592
2018/12/26,-0.593
2018/12/27,-0.593
2018/12/28,-0.593
2018/12/29,-0.592
2018/12/30,-0.592
2018/12/31,-0.592
2019/01/01,-0.591
2019/01/02,-0.59
2019/01/03,-0.59
2019/01/04,-0.589
2019/01/05,-0.587
2019/01/06,-0.586
2019/01/07,-0.585
2019/01/08,-0.583
2019/01/09,-0.582
2019/01/10,-0.58
2019/01/11,-0.579
2019/01/12,-0.577
2019/01/13,-0.575
2019/01/14,-0.574
2019/01/15,-0.572
2019/01/16,-0.571
2019/01/17,-0.569
2019/01/18,-0.567
2019/01/19,-0.566
2019/01/20,-0.564
2019/01/21,-0.563
2019/01/22,-0.561
2019/01/23,-0.56
2019/01/24,-0.558
2019/01/25,-0.557
2019/01/26,-0.555
2019/01/27,-0.554
2019/01/28,-0.553
2019/01/29,-0.551
2019/01/30,-0.55
2019/01/31,-0.549
2019/02/01,-0.547
2019/02/02,-0.546
2019/02/03,-0.545
2019/02/04,-0.543
2019/02/05,-0.542
2019/02/06,-0.54
2019/02/07,-0.539
2019/02/08,-0.537
2019/02/09,-0.536
2019/02/10,-0.534
2019/02/11,-0.532
2019/02/12,-0.531
2019/02/13,-0.529
2019/02/14,-0.527
2019/02/15,-0.526
2019/02/16,-0.524
2019/02/17,-0.522
2019/02/18,-0.52
2019/02/19,-0.518
2019/02/20,-0.516
2019/02/21,-0.514
2019/02/22,-0.511
2019/02/23,-0.509
2019/02/24,-0.506
2019/02/25,-0.504
2019/02/26,-0.501
2019/02/27,-0.499
2019/02/28,-0.496
2019/03/01,-0.493
2019/03/02,-0.491
2019/03/03,-0.488
2019/03/04,-0.485
2019/03/05,-0.483
2019/03/06,-0.48
2019/03/07,-0.477
2019/03/08,-0.474
2019/03/09,-0.472
2019/03/10,-0.469
2019/03/11,-0.466
2019/03/12,-0.463
2019/03/13,-0.46
2019/03/14,-0.457
2019/03/15,-0.454
2019/03/16,-0.451
2019/03/17,-0.448
2019/03/18,-0.445
2019/03/19,-0.441
2019/03/20,-0.438
2019/03/21,-0.435
2019/03/22,-0.431
2019/03/23,-0.428
2019/03/24,-0.424
2019/03/25,-0.421
2019/03/26,-0.417
2019/03/27,-0.414
2019/03/28,-0.41
2019/03/29,-0.406
2019/03/30,-0.403
2019/03/31,-0.399
2019/04/01,-0.395
2019/04/02,-0.391
2019/04/03,-0.386
2019/04/04,-0.382
2019/04/05,-0.377
2019/04/06,-0.373
2019/04/07,-0.368
2019/04/08,-0.363
2019/04/09,-0.358
2019/04/10,-0.352
2019/04/11,-0.347
2019/04/12,-0.341
2019/04/13,-0.335
2019/04/14,-0.33
2019/04/15,-0.324
2019/04/16,-0.318
2019/04/17,-0.312
2019/04/18,-0.306
2019/04/19,-0.3
2019/04/20,-0.293
2019/04/21,-0.287
2019/04/22,-0.281
2019/04/23,-0.275
2019/04/24,-0.269
2019/04/25,-0.263
2019/04/26,-0.257
2019/04/27,-0.251
2019/04/28,-0.245
2019/04/29,-0.239
2019/04/30,-0.234
2019/05/01,-0.228
2019/05/02,-0.223
2019/05/03,-0.218
2019/05/04,-0.212
2019/05/05,-0.207
2019/05/06,-0.202
2019/05/07,-0.197
2019/05/08,-0.192
2019/05/09,-0.187
2019/05/10,-0.182
2019/05/11,-0.178
2019/05/12,-0.173
2019/05/13,-0.167
2019/05/14,-0.162
2019/05/15,-0.157
2019/05/16,-0.151
2019/05/17,-0.145
2019/05/18,-0.139
2019/05/19,-0.132
2019/05/20,-0.126
2019/05/21,-0.119
2019/05/22,-0.112
2019/05/23,-0.105
2019/05/24,-0.098
2019/05/25,-0.09
2019/05/26,-0.082
2019/05/27,-0.075
2019/05/28,-0.067
2019/05/29,-0.059
2019/05/30,-0.05
2019/05/31,-0.042
2019/06/01,-0.034
2019/06/02,-0.025
2019/06/03,-0.017
2019/06/04,-0.009
2019/06/05,-0.001
2019/06/06,0.007
2019/06/07,0.015
2019/06/08,0.023
2019/06/09,0.031
2019/06/10,0.038
2019/06/11,0.045
2019/06/12,0.053
2019/06/13,0.06
2019/06/14,0.067
2019/06/15,0.074
2019/06/16,0.082
2019/06/17,0.089
2019/06/18,0.096
2019/06/19,0.103
2019/06/20,0.11
2019/06/21,0.117
2019/06/22,0.125
2019/06/23,0.132
2019/06/24,0.14
2019/06/25,0.147
2019/06/26,0.155
2019/06/27,0.162
2019/06/28,0.17
2019/06/29,0.177
2019/06/30,0.184
2019/07/01,0.191
2019/07/02,0.198
2019/07/03,0.205
2019/07/04,0.211
2019/07/05,0.217
2019/07/06,0.223
2019/07/07,0.229
2019/07/08,0.235
2019/07/09,0.24
2019/07/10,0.245
2019/07/11,0.25
2019/07/12,0.255
2019/07/13,0.259
2019/07/14,0.263
2019/07/15,0.266
2019/07/16,0.268
2019/07/17,0.27
2019/07/18,0.272
2019/07/19,0.273
2019/07/20,0.273
2019/07/21,0.273
2019/07/22,0.273
2019/07/23,0.273
2019/07/24,0.272
2019/07/25,0.271
2019/07/26,0.269
2019/07/27,0.268
2019/07/28,0.266
2019/07/29,0.263
2019/07/30,0.261
2019/07/31,0.258
2019/08/01,0.255
2019/08/02,0.252
2019/08/03,0.248
2019/08/04,0.245
2019/08/05,0.242
2019/08/06,0.238
2019/08/07,0.234
2019/08/08,0.23
2019/08/09,0.226
2019/08/10,0.222
2019/08/11,0.218
2019/08/12,0.214
2019/08/13,0.209
2019/08/14,0.205
2019/08/15,0.2
2019/08/16,0.195
2019/08/17,0.19
2019/08/18,0.185
2019/08/19,0.179
2019/08/20,0.174
2019/08/21,0.169
2019/08/22,0.163
2019/08/23,0.158
2019/08/24,0.153
2019/08/25,0.147
2019/08/26,0.142
2019/08/27,0.136
2019/08/28,0.131
2019/08/29,0.126
2019/08/30,0.12
2019/08/31,0.114
2019/09/01,0.109
2019/09/02,0.103
2019/09/03,0.097
2019/09/04,0.092
2019/09/05,0.086
2019/09/06,0.08
2019/09/07,0.075
2019/09/08,0.069
2019/09/09,0.064
2019/09/10,0.058
2019/09/11,0.053
2019/09/12,0.048
2019/09/13,0.042
2019/09/14,0.037
2019/09/15,0.032
2019/09/16,0.027
2019/09/17,0.022
2019/09/18,0.018
2019/09/19,0.013
2019/09/20,0.009
2019/09/21,0.005
2019/09/22,0.001
2019/09/23,-0.003
2019/09/24,-0.007
2019/09/25,-0.011
2019/09/26,-0.014
2019/09/27,-0.018
2019/09/28,-0.022
2019/09/29,-0.026
2019/09/30,-0.03
2019/10/01,-0.034
2019/10/02,-0.038
2019/10/03,-0.042
2019/10/04,-0.046
2019/10/05,-0.05
2019/10/06,-0.054
2019/10/07,-0.058
2019/10/08,-0.062
2019/10/09,-0.065
2019/10/10,-0.069
2019/10/11,-0.072
2019/10/12,-0.076
2019/10/13,-0.079
2019/10/14,-0.083
2019/10/15,-0.086
2019/10/16,-0.09
2019/10/17,-0.093
2019/10/18,-0.096
2019/10/19,-0.1
2019/10/20,-0.103
2019/10/21,-0.106
2019/10/22,-0.109
2019/10/23,-0.112
2019/10/24,-0.116
2019/10/25,-0.119
2019/10/26,-0.122
2019/10/27,-0.125
2019/10/28,-0.128
2019/10/29,-0.13
2019/10/30,-0.133
2019/10/31,-0.135
2019/11/01,-0.138
2019/11/02,-0.14
2019/11/03,-0.143
2019/11/04,-0.145
2019/11/05,-0.147
2019/11/06,-0.149
2019/11/07,-0.151
2019/11/08,-0.153
2019/11/09,-0.154
2019/11/10,-0.156
2019/11/11,-0.158
2019/11/12,-0.159
2019/11/13,-0.161
2019/11/14,-0.162
2019/11/15,-0.164
2019/11/16,-0.165
2019/11/17,-0.166
2019/11/18,-0.168
2019/11/19,-0.169
2019/11/20,-0.17
2019/11/21,-0.171
2019/11/22,-0.172
2019/11/23,-0.173
2019/11/24,-0.175
2019/11/25,-0.176
2019/11/26,-0.177
2019/11/27,-0.179
2019/11/28,-0.181
2019/11/29,-0.182
2019/11/30,-0.184
2019/12/01,-0.186
2019/12/02,-0.187
2019/12/03,-0.189
2019/12/04,-0.191
2019/12/05,-0.193
2019/12/06,-0.195
2019/12/07,-0.197
2019/12/08,-0.199
2019/12/09,-0.201
2019/12/10,-0.202
2019/12/11,-0.204
2019/12/12,-0.206
2019/12/13,-0.208
2019/12/14,-0.211
2019/12/15,-0.213
2019/12/16,-0.215
2019/12/17,-0.217
2019/12/18,-0.22
2019/12/19,-0.222
2019/12/20,-0.225
2019/12/21,-0.227
2019/12/22,-0.23
2019/12/23,-0.232
2019/12/24,-0.235
2019/12/25,-0.237
2019/12/26,-0.24
2019/12/27,-0.242
2019/12/28,-0.245
2019/12/29,-0.247
2019/12/30,-0.25
2019/12/31,-0.252
2020/01/01,-0.255
2020/01/02,-0.257
2020/01/03,-0.259
2020/01/04,-0.261
2020/01/05,-0.263
2020/01/06,-0.265
2020/01/07,-0.266
2020/01/08,-0.267
2020/01/09,-0.268
2020/01/10,-0.269
2020/01/11,-0.269
2020/01/12,-0.27
2020/01/13,-0.27
2020/01/14,-0.27
2020/01/15,-0.27
2020/01/16,-0.27
2020/01/17,-0.269
2020/01/18,-0.268
2020/01/19,-0.267
2020/01/20,-0.265
2020/01/21,-0.264
2020/01/22,-0.262
2020/01/23,-0.26
2020/01/24,-0.258
2020/01/25,-0.255
2020/01/26,-0.253
2020/01/27,-0.251
2020/01/28,-0.248
2020/01/29,-0.245
2020/01/30,-0.242
2020/01/31,-0.239
2020/02/01,-0.235
2020/02/02,-0.231
2020/02/03,-0.227
2020/02/04,-0.223
2020/02/05,-0.219
2020/02/06,-0.214
2020/02/07,-0.209
2020/02/08,-0.204
2020/02/09,-0.198
2020/02/10,-0.193
2020/02/11,-0.187
2020/02/12,-0.18
2020/02/13,-0.173
2020/02/14,-0.166
2020/02/15,-0.158
2020/02/16,-0.15
2020/02/17,-0.141
2020/02/18,-0.133
2020/02/19,-0.124
2020/02/20,-0.115
2020/02/21,-0.106
2020/02/22,-0.097
2020/02/23,-0.088
2020/02/24,-0.078
2020/02/25,-0.069
2020/02/26,-0.06
2020/02/27,-0.051
2020/02/28,-0.042
2020/02/29,-0.033
2020/03/01,-0.025
2020/03/02,-0.017
2020/03/03,-0.009
2020/03/04,-0.001
2020/03/05,0.006
2020/03/06,0.014
2020/03/07,0.021
2020/03/08,0.028
2020/03/09,0.035
2020/03/10,0.041
2020/03/11,0.047
2020/03/12,0.053
2020/03/13,0.058
2020/03/14,0.063
2020/03/15,0.067
2020/03/16,0.07
2020/03/17,0.072
2020/03/18,0.074
2020/03/19,0.076
2020/03/20,0.077
2020/03/21,0.077
2020/03/22,0.078
2020/03/23,0.077
2020/03/24,0.077
2020/03/25,0.076
2020/03/26,0.075
2020/03/27,0.074
2020/03/28,0.072
2020/03/29,0.07
2020/03/30,0.068
2020/03/31,0.065
2020/04/01,0.063
2020/04/02,0.06
2020/04/03,0.057
2020/04/04,0.054
2020/04/05,0.051
2020/04/06,0.048
2020/04/07,0.046
2020/04/08,0.043
2020/04/09,0.04
2020/04/10,0.038
2020/04/11,0.035
2020/04/12,0.032
2020/04/13,0.03
2020/04/14,0.027
2020/04/15,0.024
2020/04/16,0.022
2020/04/17,0.019
2020/04/18,0.017
2020/04/19,0.015
2020/04/20,0.013
2020/04/21,0.011
2020/04/22,0.009
2020/04/23,0.008
2020/04/24,0.006
2020/04/25,0.005
2020/04/26,0.004
2020/04/27,0.003
2020/04/28,0.003
2020/04/29,0.002
2020/04/30,0.002
2020/05/01,0.002
2020/05/02,0.002
2020/05/03,0.003
2020/05/04,0.003
2020/05/05,0.004
2020/05/06,0.005
2020/05/07,0.006
2020/05/08,0.007
2020/05/09,0.008
2020/05/10,0.009
2020/05/11,0.011
2020/05/12,0.012
2020/05/13,0.013
2020/05/14,0.015
2020/05/15,0.016
2020/05/16,0.018
2020/05/17,0.02
2020/05/18,0.022
2020/05/19,0.024
2020/05/20,0.026
2020/05/21,0.029
2020/05/22,0.031
2020/05/23,0.033
2020/05/24,0.036
2020/05/25,0.039
2020/05/26,0.041
2020/05/27,0.044
2020/05/28,0.047
2020/05/29,0.049
2020/05/30,0.052
2020/05/31,0.056
2020/06/01,0.059
2020/06/02,0.062
2020/06/03,0.066
2020/06/04,0.07
2020/06/05,0.073
2020/06/06,0.077
2020/06/07,0.081
2020/06/08,0.085
2020/06/09,0.089
2020/06/10,0.095
2020/06/11,0.101
2020/06/12,0.108
2020/06/13,0.114
2020/06/14,0.12
2020/06/15,0.126
2020/06/16,0.132
2020/06/17,0.138
2020/06/18,0.143
2020/06/19,0.149
2020/06/20,0.154
2020/06/21,0.158
2020/06/22,0.163
2020/06/23,0.168
2020/06/24,0.172
2020/06/25,0.177
2020/06/26,0.181
2020/06/27,0.185
2020/06/28,0.189
2020/06/29,0.192
2020/06/30,0.196
2020/07/01,0.199
2020/07/02,0.202
2020/07/03,0.205
2020/07/04,0.208
2020/07/05,0.21
2020/07/06,0.213
2020/07/07,0.215
2020/07/08,0.218
2020/07/09,0.22
2020/07/10,0.222
2020/07/11,0.224
2020/07/12,0.226
2020/07/13,0.228
2020/07/14,0.229
2020/07/15,0.231
2020/07/16,0.233
2020/07/17,0.234
2020/07/18,0.236
2020/07/19,0.238
2020/07/20,0.239
2020/07/21,0.241
2020/07/22,0.243
2020/07/23,0.245
2020/07/24,0.248
2020/07/25,0.251
2020/07/26,0.254
2020/07/27,0.258
2020/07/28,0.263
2020/07/29,0.267
2020/07/30,0.272
2020/07/31,0.277
2020/08/01,0.283
2020/08/02,0.289
2020/08/03,0.296
2020/08/04,0.303
2020/08/05,0.311
2020/08/06,0.319
2020/08/07,0.327
2020/08/08,0.335
2020/08/09,0.343
2020/08/10,0.353
2020/08/11,0.362
2020/08/12,0.373
2020/08/13,0.386
2020/08/14,0.4
2020/08/15,0.414
2020/08/16,0.429
2020/08/17,0.443
2020/08/18,0.457
2020/08/19,0.472
2020/08/20,0.486
2020/08/21,0.501
2020/08/22,0.514
2020/08/23,0.527
2020/08/24,0.54
2020/08/25,0.551
2020/08/26,0.562
2020/08/27,0.573
2020/08/28,0.582
2020/08/29,0.591
2020/08/30,0.601
2020/08/31,0.611
2020/09/01,0.624
2020/09/02,0.64
2020/09/03,0.657
2020/09/04,0.674
2020/09/05,0.69
2020/09/06,0.704
2020/09/07,0.716
2020/09/08,0.727
2020/09/09,0.736
2020/09/10,0.744
2020/09/11,0.751
2020/09/12,0.757
2020/09/13,0.761
2020/09/14,0.765
2020/09/15,0.769
2020/09/16,0.771
2020/09/17,0.775
2020/09/18,0.78
2020/09/19,0.783
2020/09/20,0.785
2020/09/21,0.787
2020/09/22,0.787
2020/09/23,0.787
2020/09/24,0.785
2020/09/25,0.783
2020/09/26,0.779
2020/09/27,0.774
2020/09/28,0.769
2020/09/29,0.763
2020/09/30,0.757
2020/10/01,0.75
2020/10/02,0.742
2020/10/03,0.734
2020/10/04,0.725
2020/10/05,0.716
2020/10/06,0.706
2020/10/07,0.696
2020/10/08,0.685
2020/10/09,0.674
2020/10/10,0.663
2020/10/11,0.652
2020/10/12,0.64
2020/10/13,0.629
2020/10/14,0.617
2020/10/15,0.605
2020/10/16,0.593
2020/10/17,0.581
2020/10/18,0.569
2020/10/19,0.556
2020/10/20,0.544
2020/10/21,0.532
2020/10/22,0.519
2020/10/23,0.507
2020/10/24,0.495
2020/10/25,0.483
2020/10/26,0.471
2020/10/27,0.46
2020/10/28,0.448
2020/10/29,0.436
2020/10/30,0.425
2020/10/31,0.413
2020/11/01,0.402
2020/11/02,0.391
2020/11/03,0.38
2020/11/04,0.369
2020/11/05,0.358
2020/11/06,0.347
2020/11/07,0.337
2020/11/08,0.327
2020/11/09,0.317
2020/11/10,0.307
2020/11/11,0.298
2020/11/12,0.288
2020/11/13,0.28
2020/11/14,0.271
2020/11/15,0.262
2020/11/16,0.254
2020/11/17,0.246
2020/11/18,0.239
2020/11/19,0.232
2020/11/20,0.225
2020/11/21,0.218
2020/11/22,0.212
2020/11/23,0.206
2020/11/24,0.201
2020/11/25,0.197
2020/11/26,0.193
2020/11/27,0.189
2020/11/28,0.185
2020/11/29,0.181
2020/11/30,0.178
2020/12/01,0.175
2020/12/02,0.172
2020/12/03,0.169
2020/12/04,0.166
2020/12/05,0.164
2020/12/06,0.161
2020/12/07,0.159
2020/12/08,0.157
2020/12/09,0.155
2020/12/10,0.153
2020/12/11,0.151
2020/12/12,0.149
2020/12/13,0.148
2020/12/14,0.146
2020/12/15,0.145
2020/12/16,0.144
2020/12/17,0.143
2020/12/18,0.143
2020/12/19,0.144
2020/12/20,0.144
2020/12/21,0.144
2020/12/22,0.145
2020/12/23,0.146
2020/12/24,0.147
2020/12/25,0.148
2020/12/26,0.149
2020/12/27,0.151
2020/12/28,0.153
2020/12/29,0.155
2020/12/30,0.158
2020/12/31,0.161
2021/01/01,0.165
2021/01/02,0.168
2021/01/03,0.173
2021/01/04,0.179
2021/01/05,0.187
2021/01/06,0.196
2021/01/07,0.206
2021/01/08,0.217
2021/01/09,0.229
2021/01/10,0.242
2021/01/11,0.255
2021/01/12,0.269
2021/01/13,0.282
2021/01/14,0.295
2021/01/15,0.308
2021/01/16,0.322
2021/01/17,0.334
2021/01/18,0.347
2021/01/19,0.36
2021/01/20,0.373
2021/01/21,0.386
2021/01/22,0.399
2021/01/23,0.412
2021/01/24,0.425
2021/01/25,0.438
2021/01/26,0.45
2021/01/27,0.462
2021/01/28,0.473
2021/01/29,0.485
2021/01/30,0.497
2021/01/31,0.509
2021/02/01,0.52
2021/02/02,0.533
2021/02/03,0.545
2021/02/04,0.56
2021/02/05,0.575
2021/02/06,0.591
2021/02/07,0.607
2021/02/08,0.624
2021/02/09,0.641
2021/02/10,0.658
2021/02/11,0.676
2021/02/12,0.693
2021/02/13,0.711
2021/02/14,0.728
2021/02/15,0.744
2021/02/16,0.76
2021/02/17,0.776
2021/02/18,0.791
2021/02/19,0.806
2021/02/20,0.821
2021/02/21,0.836
2021/02/22,0.85
2021/02/23,0.866
2021/02/24,0.88
2021/02/25,0.893
2021/02/26,0.904
2021/02/27,0.913
2021/02/28,0.921
2021/03/01,0.927
2021/03/02,0.931
2021/03/03,0.935
2021/03/04,0.937
2021/03/05,0.938
2021/03/06,0.938
2021/03/07,0.937
2021/03/08,0.935
2021/03/09,0.933
2021/03/10,0.931
2021/03/11,0.928
2021/03/12,0.925
2021/03/13,0.922
2021/03/14,0.918
2021/03/15,0.914
2021/03/16,0.911
2021/03/17,0.907
2021/03/18,0.903
2021/03/19,0.899
2021/03/20,0.894
2021/03/21,0.889
2021/03/22,0.883
2021/03/23,0.878
2021/03/24,0.872
2021/03/25,0.866
2021/03/26,0.859
2021/03/27,0.851
2021/03/28,0.843
2021/03/29,0.835
2021/03/30,0.827
2021/03/31,0.819
2021/04/01,0.811
2021/04/02,0.804
2021/04/03,0.796
2021/04/04,0.788
2021/04/05,0.78
2021/04/06,0.773
2021/04/07,0.765
2021/04/08,0.757
2021/04/09,0.748
2021/04/10,0.74
2021/04/11,0.731
2021/04/12,0.722
2021/04/13,0.713
2021/04/14,0.704
2021/04/15,0.695
2021/04/16,0.687
2021/04/17,0.679
2021/04/18,0.672
2021/04/19,0.664
2021/04/20,0.658
2021/04/21,0.652
2021/04/22,0.646
2021/04/23,0.64
2021/04/24,0.633
2021/04/25,0.626
2021/04/26,0.619
2021/04/27,0.612
2021/04/28,0.604
2021/04/29,0.597
2021/04/30,0.589
2021/05/01,0.581
2021/05/02,0.573
2021/05/03,0.566
2021/05/04,0.558
2021/05/05,0.551
2021/05/06,0.544
2021/05/07,0.538
2021/05/08,0.532
2021/05/09,0.527
2021/05/10,0.524
2021/05/11,0.524
2021/05/12,0.526
2021/05/13,0.528
2021/05/14,0.53
2021/05/15,0.533
2021/05/16,0.535
2021/05/17,0.536
2021/05/18,0.537
2021/05/19,0.539
2021/05/20,0.54
2021/05/21,0.54
2021/05/22,0.54
2021/05/23,0.538
2021/05/24,0.536
2021/05/25,0.533
2021/05/26,0.53
2021/05/27,0.525
2021/05/28,0.52
2021/05/29,0.515
2021/05/30,0.508
2021/05/31,0.501
2021/06/01,0.494
2021/06/02,0.486
2021/06/03,0.478
2021/06/04,0.47
2021/06/05,0.461
2021/06/06,0.452
2021/06/07,0.443
2021/06/08,0.433
2021/06/09,0.423
2021/06/10,0.413
2021/06/11,0.403
2021/06/12,0.393
2021/06/13,0.382
2021/06/14,0.372
2021/06/15,0.361
2021/06/16,0.35
2021/06/17,0.339
2021/06/18,0.328
2021/06/19,0.318
2021/06/20,0.307
2021/06/21,0.296
2021/06/22,0.285
2021/06/23,0.274
2021/06/24,0.263
2021/06/25,0.253
2021/06/26,0.242
2021/06/27,0.231
2021/06/28,0.221
2021/06/29,0.21
2021/06/30,0.2
2021/07/01,0.19
2021/07/02,0.18
2021/07/03,0.17
2021/07/04,0.16
2021/07/05,0.151
2021/07/06,0.142
2021/07/07,0.133
2021/07/08,0.124
2021/07/09,0.116
2021/07/10,0.107
2021/07/11,0.099
2021/07/12,0.09
2021/07/13,0.082
2021/07/14,0.074
2021/07/15,0.066
2021/07/16,0.058
2021/07/17,0.05
2021/07/18,0.043
2021/07/19,0.035
2021/07/20,0.027
2021/07/21,0.02
2021/07/22,0.012
2021/07/23,0.005
2021/07/24,-0.002
2021/07/25,-0.009
2021/07/26,-0.016
2021/07/27,-0.022
2021/07/28,-0.029
2021/07/29,-0.035
2021/07/30,-0.041
2021/07/31,-0.046
2021/08/01,-0.052
2021/08/02,-0.057
2021/08/03,-0.061
2021/08/04,-0.066
2021/08/05,-0.07
2021/08/06,-0.074
2021/08/07,-0.077
2021/08/08,-0.081
2021/08/09,-0.083
2021/08/10,-0.085
2021/08/11,-0.087
2021/08/12,-0.088
2021/08/13,-0.089
2021/08/14,-0.09
2021/08/15,-0.09
2021/08/16,-0.09
2021/08/17,-0.089
2021/08/18,-0.089
2021/08/19,-0.088
2021/08/20,-0.087
2021/08/21,-0.086
2021/08/22,-0.086
2021/08/23,-0.085
2021/08/24,-0.085
2021/08/25,-0.084
2021/08/26,-0.084
2021/08/27,-0.084
2021/08/28,-0.084
2021/08/29,-0.083
2021/08/30,-0.083
2021/08/31,-0.083
2021/09/01,-0.083
2021/09/02,-0.082
2021/09/03,-0.082
2021/09/04,-0.081
2021/09/05,-0.08
2021/09/06,-0.08
2021/09/07,-0.079
2021/09/08,-0.078
2021/09/09,-0.077
2021/09/10,-0.076
2021/09/11,-0.075
2021/09/12,-0.074
2021/09/13,-0.074
2021/09/14,-0.074
2021/09/15,-0.074
2021/09/16,-0.073
2021/09/17,-0.073
2021/09/18,-0.073
2021/09/19,-0.073
2021/09/20,-0.074
2021/09/21,-0.074
2021/09/22,-0.075
2021/09/23,-0.076
2021/09/24,-0.076
2021/09/25,-0.077
2021/09/26,-0.079
2021/09/27,-0.08
2021/09/28,-0.081
2021/09/29,-0.082
2021/09/30,-0.083
2021/10/01,-0.085
2021/10/02,-0.086
2021/10/03,-0.088
2021/10/04,-0.089
2021/10/05,-0.09
2021/10/06,-0.092
2021/10/07,-0.093
2021/10/08,-0.095
2021/10/09,-0.096
2021/10/10,-0.097
2021/10/11,-0.098
2021/10/12,-0.1
2021/10/13,-0.101
2021/10/14,-0.102
2021/10/15,-0.103
2021/10/16,-0.104
2021/10/17,-0.105
2021/10/18,-0.105
2021/10/19,-0.106
2021/10/20,-0.106
2021/10/21,-0.107
2021/10/22,-0.107
2021/10/23,-0.107
2021/10/24,-0.107
2021/10/25,-0.107
2021/10/26,-0.107
2021/10/27,-0.107
2021/10/28,-0.107
2021/10/29,-0.107
2021/10/30,-0.106
2021/10/31,-0.106
2021/11/01,-0.105
2021/11/02,-0.104
2021/11/03,-0.104
2021/11/04,-0.103
2021/11/05,-0.102
2021/11/06,-0.1
2021/11/07,-0.099
2021/11/08,-0.098
2021/11/09,-0.097
2021/11/10,-0.095
2021/11/11,-0.094
2021/11/12,-0.092
2021/11/13,-0.091
2021/11/14,-0.089
2021/11/15,-0.088
2021/11/16,-0.086
2021/11/17,-0.085
2021/11/18,-0.084
2021/11/19,-0.083
2021/11/20,-0.082
2021/11/21,-0.081
2021/11/22,-0.08
2021/11/23,-0.079
2021/11/24,-0.078
2021/11/25,-0.077
2021/11/26,-0.077
2021/11/27,-0.076
2021/11/28,-0.075
2021/11/29,-0.075
2021/11/30,-0.074
2021/12/01,-0.073
2021/12/02,-0.073
2021/12/03,-0.072
2021/12/04,-0.072
2021/12/05,-0.071
2021/12/06,-0.071
2021/12/07,-0.071
2021/12/08,-0.071
2021/12/09,-0.071
2021/12/10,-0.071
2021/12/11,-0.071
2021/12/12,-0.072
2021/12/13,-0.072
2021/12/14,-0.073
2021/12/15,-0.073
2021/12/16,-0.074
2021/12/17,-0.075
2021/12/18,-0.076
2021/12/19,-0.077
2021/12/20,-0.078
2021/12/21,-0.079
2021/12/22,-0.08
2021/12/23,-0.081
2021/12/24,-0.083
2021/12/25,-0.084
2021/12/26,-0.085
2021/12/27,-0.087
2021/12/28,-0.088
2021/12/29,-0.089
2021/12/30,-0.091
2021/12/31,-0.093
2022/01/01,-0.094
2022/01/02,-0.096
2022/01/03,-0.098
2022/01/04,-0.1
2022/01/05,-0.102
2022/01/06,-0.104
2022/01/07,-0.106
2022/01/08,-0.108
2022/01/09,-0.11
2022/01/10,-0.113
2022/01/11,-0.116
2022/01/12,-0.118
2022/01/13,-0.121
2022/01/14,-0.123
2022/01/15,-0.126
2022/01/16,-0.129
2022/01/17,-0.132
2022/01/18,-0.135
2022/01/19,-0.138
2022/01/20,-0.14
2022/01/21,-0.144
2022/01/22,-0.147
2022/01/23,-0.15
2022/01/24,-0.154
2022/01/25,-0.157
2022/01/26,-0.161
2022/01/27,-0.165
2022/01/28,-0.169
2022/01/29,-0.173
2022/01/30,-0.177
2022/01/31,-0.182
2022/02/01,-0.186
2022/02/02,-0.19
2022/02/03,-0.194
2022/02/04,-0.198
2022/02/05,-0.202
2022/02/06,-0.206
2022/02/07,-0.21
2022/02/08,-0.214
2022/02/09,-0.217
2022/02/10,-0.221
2022/02/11,-0.224
2022/02/12,-0.228
2022/02/13,-0.231
2022/02/14,-0.234
2022/02/15,-0.238
2022/02/16,-0.241
2022/02/17,-0.244
2022/02/18,-0.247
2022/02/19,-0.25
2022/02/20,-0.254
2022/02/21,-0.257
2022/02/22,-0.26
2022/02/23,-0.263
2022/02/24,-0.266
2022/02/25,-0.269
2022/02/26,-0.272
2022/02/27,-0.275
2022/02/28,-0.278
2022/03/01,-0.281
2022/03/02,-0.284
2022/03/03,-0.287
2022/03/04,-0.289
2022/03/05,-0.292
2022/03/06,-0.295
2022/03/07,-0.298
2022/03/08,-0.3
2022/03/09,-0.303
2022/03/10,-0.305
2022/03/11,-0.308
2022/03/12,-0.311
2022/03/13,-0.313
2022/03/14,-0.316
2022/03/15,-0.318
2022/03/16,-0.32
2022/03/17,-0.323
2022/03/18,-0.325
2022/03/19,-0.327
2022/03/20,-0.329
2022/03/21,-0.331
2022/03/22,-0.333
2022/03/23,-0.334
2022/03/24,-0.336
2022/03/25,-0.337
2022/03/26,-0.339
2022/03/27,-0.34
2022/03/28,-0.34
2022/03/29,-0.341
2022/03/30,-0.342
2022/03/31,-0.342
2022/04/01,-0.342
2022/04/02,-0.342
2022/04/03,-0.342
2022/04/04,-0.342
2022/04/05,-0.342
2022/04/06,-0.341
2022/04/07,-0.34
2022/04/08,-0.34
2022/04/09,-0.339
2022/04/10,-0.338
2022/04/11,-0.337
2022/04/12,-0.336
2022/04/13,-0.335
2022/04/14,-0.334
2022/04/15,-0.333
2022/04/16,-0.332
2022/04/17,-0.331
2022/04/18,-0.33
2022/04/19,-0.33
2022/04/20,-0.329
2022/04/21,-0.328
2022/04/22,-0.327
2022/04/23,-0.326
2022/04/24,-0.325
2022/04/25,-0.324
2022/04/26,-0.323
2022/04/27,-0.322
2022/04/28,-0.321
2022/04/29,-0.32
2022/04/30,-0.32
2022/05/01,-0.318
2022/05/02,-0.317
2022/05/03,-0.316
2022/05/04,-0.315
2022/05/05,-0.314
2022/05/06,-0.313
2022/05/07,-0.312
2022/05/08,-0.312
2022/05/09,-0.311
2022/05/10,-0.311
2022/05/11,-0.31
2022/05/12,-0.31
2022/05/13,-0.31
2022/05/14,-0.31
2022/05/15,-0.311
2022/05/16,-0.311
2022/05/17,-0.312
2022/05/18,-0.313
2022/05/19,-0.314
2022/05/20,-0.315
2022/05/21,-0.316
2022/05/22,-0.318
2022/05/23,-0.319
2022/05/24,-0.321
2022/05/25,-0.323
2022/05/26,-0.325
2022/05/27,-0.327
2022/05/28,-0.329
2022/05/29,-0.331
2022/05/30,-0.333
2022/05/31,-0.336
2022/06/01,-0.338
2022/06/02,-0.34
2022/06/03,-0.343
2022/06/04,-0.345
2022/06/05,-0.348
2022/06/06,-0.351
2022/06/07,-0.353
2022/06/08,-0.356
2022/06/09,-0.359
2022/06/10,-0.362
2022/06/11,-0.365
2022/06/12,-0.368
2022/06/13,-0.371
2022/06/14,-0.374
2022/06/15,-0.377
2022/06/16,-0.381
2022/06/17,-0.384
2022/06/18,-0.388
2022/06/19,-0.392
2022/06/20,-0.395
2022/06/21,-0.399
2022/06/22,-0.403
2022/06/23,-0.407
2022/06/24,-0.412
2022/06/25,-0.416
2022/06/26,-0.42
2022/06/27,-0.424
2022/06/28,-0.428
2022/06/29,-0.432
2022/06/30,-0.437
2022/07/01,-0.441
2022/07/02,-0.445
2022/07/03,-0.449
2022/07/04,-0.453
2022/07/05,-0.457
2022/07/06,-0.461
2022/07/07,-0.465
2022/07/08,-0.468
2022/07/09,-0.472
2022/07/10,-0.476
2022/07/11,-0.479
2022/07/12,-0.482
2022/07/13,-0.486
2022/07/14,-0.489
2022/07/15,-0.492
2022/07/16,-0.495
2022/07/17,-0.498
2022/07/18,-0.5
2022/07/19,-0.503
2022/07/20,-0.505
2022/07/21,-0.507
2022/07/22,-0.509
2022/07/23,-0.511
2022/07/24,-0.512
2022/07/25,-0.513
2022/07/26,-0.515
2022/07/27,-0.516
2022/07/28,-0.517
2022/07/29,-0.517
2022/07/30,-0.518
2022/07/31,-0.518
2022/08/01,-0.518
2022/08/02,-0.518
2022/08/03,-0.517
2022/08/04,-0.517
2022/08/05,-0.516
2022/08/06,-0.515
2022/08/07,-0.514
2022/08/08,-0.513
2022/08/09,-0.512
2022/08/10,-0.51
2022/08/11,-0.509
2022/08/12,-0.507
2022/08/13,-0.505
2022/08/14,-0.502
2022/08/15,-0.5
2022/08/16,-0.497
2022/08/17,-0.495
2022/08/18,-0.492
2022/08/19,-0.489
2022/08/20,-0.486
2022/08/21,-0.482
2022/08/22,-0.479
2022/08/23,-0.476
2022/08/24,-0.473
2022/08/25,-0.47
2022/08/26,-0.466
2022/08/27,-0.463
2022/08/28,-0.46
2022/08/29,-0.457
2022/08/30,-0.454
2022/08/31,-0.451
2022/09/01,-0.448
2022/09/02,-0.445
2022/09/03,-0.442
2022/09/04,-0.439
2022/09/05,-0.436
2022/09/06,-0.433
2022/09/07,-0.43
2022/09/08,-0.427
2022/09/09,-0.424
2022/09/10,-0.42
2022/09/11,-0.417
2022/09/12,-0.414
2022/09/13,-0.411
2022/09/14,-0.407
2022/09/15,-0.402
2022/09/16,0
2022/09/17,0
2022/09/18,0
2022/09/19,0
2022/09/20,0
2022/09/21,0
2022/09/22,0
2022/09/23,0
2022/09/24,0
2022/09/25,0
2022/09/26,0
2022/09/27,0
2022/09/28,0
2022/09/29,0
2022/09/30,0
2022/10/01,0
2022/10/02,0
2022/10/03,0
2022/10/04,0
2022/10/05,0
2022/10/06,0
2022/10/07,0
2022/10/08,0
2022/10/09,0
2022/10/10,0
2022/10/11,0
2022/10/12,0
2022/10/13,0
2022/10/14,0
2022/10/15,0
2022/10/16,0
2022/10/17,0
2022/10/18,0
2022/10/19,0
2022/10/20,0
2022/10/21,0
2022/10/22,0
2022/10/23,0
2022/10/24,0
2022/10/25,0
2022/10/26,0
2022/10/27,0
2022/10/28,0
2022/10/29,0
2022/10/30,0
2022/10/31,0
2022/11/01,0
2022/11/02,0
2022/11/03,0
2022/11/04,0
2022/11/05,0
2022/11/06,0
2022/11/07,0
2022/11/08,0
2022/11/09,0
2022/11/10,0
2022/11/11,0
2022/11/12,0
2022/11/13,0
2022/11/14,0
2022/11/15,0
2022/11/16,0
2022/11/17,0
2022/11/18,0
2022/11/19,0
2022/11/20,0
2022/11/21,0
2022/11/22,0
2022/11/23,0
2022/11/24,0
2022/11/25,0
2022/11/26,0
2022/11/27,0
2022/11/28,0
2022/11/29,0
