Date,sentinusd7momUSD
2016/01/01,270660
2016/01/02,124958
2016/01/03,296211
2016/01/04,-228564
2016/01/05,766202
2016/01/06,61664
2016/01/07,-23452
2016/01/08,-136146
2016/01/09,-26483
2016/01/10,-210961
2016/01/11,382179
2016/01/12,154086
2016/01/13,222940
2016/01/14,30651
2016/01/15,978699
2016/01/16,485093
2016/01/17,305640
2016/01/18,2688707
2016/01/19,538427
2016/01/20,401383
2016/01/21,376431
2016/01/22,222784
2016/01/23,1283427
2016/01/24,3656754
2016/01/25,1699123
2016/01/26,2029519
2016/01/27,2042089
2016/01/28,1539287
2016/01/29,769407
2016/01/30,503499
2016/01/31,-1500897
2016/02/01,-3586524
2016/02/02,-2347259
2016/02/03,-1415335
2016/02/04,-1458345
2016/02/05,-709682
2016/02/06,-1908815
2016/02/07,-200590
2016/02/08,3241834
2016/02/09,4086577
2016/02/10,6943388
2016/02/11,8033942
2016/02/12,10966293
2016/02/13,5860683
2016/02/14,2089113
2016/02/15,-569148
2016/02/16,852209
2016/02/17,-5359965
2016/02/18,-4324282
2016/02/19,-10199643
2016/02/20,-1154900
2016/02/21,-2389341
2016/02/22,131065
2016/02/23,2483932
2016/02/24,9085426
2016/02/25,1243838
2016/02/26,21798338
2016/02/27,8225727
2016/02/28,2909587
2016/02/29,430875
2016/03/01,-10808
2016/03/02,16550720
2016/03/03,13612931
2016/03/04,-10029818
2016/03/05,18383678
2016/03/06,12898485
2016/03/07,10710534
2016/03/08,11813521
2016/03/09,-16839521
2016/03/10,-9429620
2016/03/11,-3553156
2016/03/12,-12190743
2016/03/13,10483735
2016/03/14,6692588
2016/03/15,-4143508
2016/03/16,2866018
2016/03/17,10262402
2016/03/18,13609766
2016/03/19,-11339809
2016/03/20,-22720216
2016/03/21,-12185247
2016/03/22,-8512768
2016/03/23,-7960303
2016/03/24,-9364339
2016/03/25,-18070775
2016/03/26,-4757964
2016/03/27,6850669
2016/03/28,-908197
2016/03/29,6987993
2016/03/30,9324789
2016/03/31,-314248
2016/04/01,-1534605
2016/04/02,695141
2016/04/03,-10025724
2016/04/04,-3924812
2016/04/05,-7557858
2016/04/06,-9881700
2016/04/07,-3039623
2016/04/08,989300
2016/04/09,8249549
2016/04/10,7669351
2016/04/11,335394
2016/04/12,1198773
2016/04/13,2628816
2016/04/14,388439
2016/04/15,-506473
2016/04/16,-8969797
2016/04/17,-2553106
2016/04/18,498212
2016/04/19,-4891366
2016/04/20,-3071508
2016/04/21,-3900726
2016/04/22,1103679
2016/04/23,4527240
2016/04/24,-4557161
2016/04/25,-231070
2016/04/26,4819053
2016/04/27,149154
2016/04/28,1771548
2016/04/29,-1492937
2016/04/30,14249320
2016/05/01,12308404
2016/05/02,12816854
2016/05/03,5068592
2016/05/04,4552111
2016/05/05,4775526
2016/05/06,15284639
2016/05/07,-8187811
2016/05/08,-2156658
2016/05/09,764273
2016/05/10,5708743
2016/05/11,19074350
2016/05/12,22528618
2016/05/13,66085635
2016/05/14,46110086
2016/05/15,1941119
2016/05/16,-3479497
2016/05/17,-3777894
2016/05/18,-5945718
2016/05/19,3977345
2016/05/20,-53467592
2016/05/21,-46699161
2016/05/22,-5716933
2016/05/23,1945757
2016/05/24,7411030
2016/05/25,-2332244
2016/05/26,-21113949
2016/05/27,-2864829
2016/05/28,11504268
2016/05/29,2677249
2016/05/30,-5003243
2016/05/31,-9377158
2016/06/01,-10351527
2016/06/02,-9041119
2016/06/03,-21030190
2016/06/04,-18753052
2016/06/05,-5876745
2016/06/06,-5953398
2016/06/07,502765
2016/06/08,20198102
2016/06/09,-259636
2016/06/10,4035312
2016/06/11,934579
2016/06/12,9897704
2016/06/13,12947677
2016/06/14,11642125
2016/06/15,-14316692
2016/06/16,22204535
2016/06/17,60298599
2016/06/18,58914138
2016/06/19,5950149
2016/06/20,11041223
2016/06/21,-4314719
2016/06/22,12451153
2016/06/23,-5745097
2016/06/24,-57317786
2016/06/25,-48374903
2016/06/26,-13427321
2016/06/27,-21590330
2016/06/28,-968990
2016/06/29,-13868544
2016/06/30,-12301649
2016/07/01,-5131627
2016/07/02,-12263689
2016/07/03,-2570285
2016/07/04,4456956
2016/07/05,17240323
2016/07/06,-4179617
2016/07/07,-900036
2016/07/08,-3231623
2016/07/09,931846
2016/07/10,1114571
2016/07/11,-4991180
2016/07/12,-28542912
2016/07/13,-1393538
2016/07/14,377943
2016/07/15,39249851
2016/07/16,2706898
2016/07/17,1401549
2016/07/18,23885146
2016/07/19,100757873
2016/07/20,159925720
2016/07/21,11521395
2016/07/22,-5509202
2016/07/23,28728988
2016/07/24,162775602
2016/07/25,98264673
2016/07/26,156961226
2016/07/27,-12188352
2016/07/28,75413993
2016/07/29,26783855
2016/07/30,9693154
2016/07/31,-127340127
2016/08/01,-67654434
2016/08/02,-163246641
2016/08/03,-73601520
2016/08/04,-57779420
2016/08/05,-21855123
2016/08/06,-28225309
2016/08/07,-21159916
2016/08/08,-39703542
2016/08/09,-66609787
2016/08/10,-25256844
2016/08/11,6674145
2016/08/12,-18755957
2016/08/13,3908258
2016/08/14,-4440910
2016/08/15,-7303857
2016/08/16,-26565164
2016/08/17,-39328877
2016/08/18,-33219922
2016/08/19,-16088541
2016/08/20,-6107610
2016/08/21,20931378
2016/08/22,9027592
2016/08/23,39207122
2016/08/24,-8321076
2016/08/25,-2554718
2016/08/26,11113088
2016/08/27,-6372408
2016/08/28,-30214779
2016/08/29,-11954396
2016/08/30,-40072696
2016/08/31,1331517
2016/09/01,13773335
2016/09/02,-965793
2016/09/03,4073769
2016/09/04,8149801
2016/09/05,-3560275
2016/09/06,1655340
2016/09/07,-2176597
2016/09/08,-6741733
2016/09/09,-13148147
2016/09/10,-7075756
2016/09/11,-7269734
2016/09/12,1437914
2016/09/13,291235
2016/09/14,-1227044
2016/09/15,-9958397
2016/09/16,19689534
2016/09/17,2276926
2016/09/18,9968595
2016/09/19,932444
2016/09/20,38956039
2016/09/21,46831163
2016/09/22,17356985
2016/09/23,-483651
2016/09/24,7353434
2016/09/25,12294323
2016/09/26,6844603
2016/09/27,-35657651
2016/09/28,-22750970
2016/09/29,2963490
2016/09/30,-15207287
2016/10/01,-6634850
2016/10/02,-8599766
2016/10/03,-10640949
2016/10/04,-5394036
2016/10/05,-19328390
2016/10/06,-15732215
2016/10/07,-141836
2016/10/08,2089825
2016/10/09,7845998
2016/10/10,22463297
2016/10/11,18057860
2016/10/12,17325709
2016/10/13,171049
2016/10/14,19553062
2016/10/15,854973
2016/10/16,-12463110
2016/10/17,-8721316
2016/10/18,8203245
2016/10/19,-18066502
2016/10/20,-3391579
2016/10/21,-23953667
2016/10/22,-7703107
2016/10/23,-13901116
2016/10/24,-14044206
2016/10/25,-22914432
2016/10/26,-2279813
2016/10/27,1787242
2016/10/28,9849620
2016/10/29,13843545
2016/10/30,20637137
2016/10/31,6057302
2016/11/01,18114998
2016/11/02,36161722
2016/11/03,97921198
2016/11/04,-4197502
2016/11/05,-10340922
2016/11/06,-20171974
2016/11/07,-6864664
2016/11/08,-23531334
2016/11/09,-25305624
2016/11/10,-97700631
2016/11/11,25984121
2016/11/12,3012032
2016/11/13,7096000
2016/11/14,-1626597
2016/11/15,3082628
2016/11/16,-10598537
2016/11/17,21244995
2016/11/18,-28648799
2016/11/19,-4292107
2016/11/20,-6631845
2016/11/21,975862
2016/11/22,15164512
2016/11/23,12939826
2016/11/24,-24066494
2016/11/25,3786415
2016/11/26,-1707003
2016/11/27,345175
2016/11/28,678642
2016/11/29,-14745254
2016/11/30,-13946819
2016/12/01,824254
2016/12/02,12104111
2016/12/03,31406956
2016/12/04,6497007
2016/12/05,19319608
2016/12/06,31913936
2016/12/07,8948220
2016/12/08,12444491
2016/12/09,-5258877
2016/12/10,-26277591
2016/12/11,2951628
2016/12/12,-17461899
2016/12/13,-33454134
2016/12/14,-10108421
2016/12/15,-4352542
2016/12/16,-10004459
2016/12/17,11993295
2016/12/18,992659
2016/12/19,1801898
2016/12/20,1307597
2016/12/21,7252530
2016/12/22,8468663
2016/12/23,34716660
2016/12/24,-6656008
2016/12/25,-9281575
2016/12/26,-4670193
2016/12/27,-442753
2016/12/28,4775768
2016/12/29,11821470
2016/12/30,-18808475
2016/12/31,33817870
2017/01/01,7351776
2017/01/02,17385020
2017/01/03,34505677
2017/01/04,61266171
2017/01/05,47539156
2017/01/06,47239118
2017/01/07,-7811586
2017/01/08,10012583
2017/01/09,22632512
2017/01/10,3077094
2017/01/11,-35784176
2017/01/12,-41452991
2017/01/13,-50324931
2017/01/14,-34027788
2017/01/15,-19293812
2017/01/16,-38282694
2017/01/17,-32189098
2017/01/18,-37434702
2017/01/19,-32996900
2017/01/20,4452506
2017/01/21,1122126
2017/01/22,4862247
2017/01/23,1707282
2017/01/24,-7172619
2017/01/25,1043601
2017/01/26,967020
2017/01/27,-17651123
2017/01/28,-3840437
2017/01/29,-1458183
2017/01/30,-2147501
2017/01/31,5135823
2017/02/01,3561813
2017/02/02,1841827
2017/02/03,6867920
2017/02/04,13548763
2017/02/05,-766853
2017/02/06,8114440
2017/02/07,995304
2017/02/08,26383
2017/02/09,1760396
2017/02/10,502371
2017/02/11,-9306962
2017/02/12,5354513
2017/02/13,-1818639
2017/02/14,28285085
2017/02/15,40151413
2017/02/16,15537780
2017/02/17,14806152
2017/02/18,19753421
2017/02/19,16177938
2017/02/20,17585579
2017/02/21,4870465
2017/02/22,-19604867
2017/02/23,2777449
2017/02/24,33807735
2017/02/25,12184680
2017/02/26,22954599
2017/02/27,102714528
2017/02/28,129729596
2017/03/01,153355693
2017/03/02,279999189
2017/03/03,258245330
2017/03/04,164804737
2017/03/05,119682613
2017/03/06,164551147
2017/03/07,20853452
2017/03/08,14168963
2017/03/09,-56374542
2017/03/10,-79522382
2017/03/11,107439781
2017/03/12,365230070
2017/03/13,213114453
2017/03/14,25480495
2017/03/15,35836774
2017/03/16,1017065103
2017/03/17,493710495
2017/03/18,605259136
2017/03/19,-331883510
2017/03/20,-225171908
2017/03/21,340333941
2017/03/22,234521873
2017/03/23,-790171672
2017/03/24,-3086011
2017/03/25,-307815689
2017/03/26,279157902
2017/03/27,269916770
2017/03/28,-15067063
2017/03/29,221641282
2017/03/30,427738120
2017/03/31,1064656
2017/04/01,-127265816
2017/04/02,271180535
2017/04/03,220066585
2017/04/04,-181685914
2017/04/05,-134072125
2017/04/06,-146344903
2017/04/07,-516035498
2017/04/08,-183968896
2017/04/09,-459135622
2017/04/10,-403166281
2017/04/11,6747529
2017/04/12,-208021383
2017/04/13,-479649867
2017/04/14,122247158
2017/04/15,-130116235
2017/04/16,-209680749
2017/04/17,-257439461
2017/04/18,47896160
2017/04/19,137013998
2017/04/20,254036896
2017/04/21,39255669
2017/04/22,168730362
2017/04/23,254296591
2017/04/24,313741345
2017/04/25,-27897934
2017/04/26,92064117
2017/04/27,340366586
2017/04/28,580853216
2017/04/29,642914494
2017/04/30,824025786
2017/05/01,1497800987
2017/05/02,1162699916
2017/05/03,1165262653
2017/05/04,1068675365
2017/05/05,1183723861
2017/05/06,424726701
2017/05/07,675231440
2017/05/08,-204436957
2017/05/09,74878554
2017/05/10,-125592233
2017/05/11,37642296
2017/05/12,-552491458
2017/05/13,-258382530
2017/05/14,-738453732
2017/05/15,-201522069
2017/05/16,286501559
2017/05/17,-396953499
2017/05/18,-1114484039
2017/05/19,82647433
2017/05/20,54893980
2017/05/21,609209567
2017/05/22,2759465824
2017/05/23,724780684
2017/05/24,1693023774
2017/05/25,1962592798
2017/05/26,1244504297
2017/05/27,591132392
2017/05/28,-51388803
2017/05/29,-2436404730
2017/05/30,-158104782
2017/05/31,2296116396
2017/06/01,883703918
2017/06/02,707815214
2017/06/03,1618951322
2017/06/04,1633104509
2017/06/05,2357038000
2017/06/06,2726485741
2017/06/07,-554877618
2017/06/08,251828413
2017/06/09,640716438
2017/06/10,-62267890
2017/06/11,836789125
2017/06/12,5420774779
2017/06/13,3028887424
2017/06/14,308833223
2017/06/15,2791979757
2017/06/16,2094054837
2017/06/17,321814692
2017/06/18,-688826502
2017/06/19,-5651110842
2017/06/20,-3012274415
2017/06/21,-3044655573
2017/06/22,-4029775221
2017/06/23,-3033651718
2017/06/24,-45746320
2017/06/25,-2234194187
2017/06/26,-1211377946
2017/06/27,-2372736357
2017/06/28,1130043051
2017/06/29,685195368
2017/06/30,-422837630
2017/07/01,-1204727259
2017/07/02,681652681
2017/07/03,4113718061
2017/07/04,2708495666
2017/07/05,-1196658311
2017/07/06,-1204270231
2017/07/07,-590352367
2017/07/08,-616244083
2017/07/09,-1052586193
2017/07/10,-4455571973
2017/07/11,-3045541228
2017/07/12,761043024
2017/07/13,2323333129
2017/07/14,2612320713
2017/07/15,2714262370
2017/07/16,3162781222
2017/07/17,1512245091
2017/07/18,2807121069
2017/07/19,2547428078
2017/07/20,-70464629
2017/07/21,-243872982
2017/07/22,-3497734142
2017/07/23,-2419801092
2017/07/24,786581431
2017/07/25,-443341988
2017/07/26,-1365759679
2017/07/27,-206562228
2017/07/28,134356238
2017/07/29,3135810281
2017/07/30,1244199863
2017/07/31,-2998874685
2017/08/01,-2811371826
2017/08/02,-1813283677
2017/08/03,-2574827556
2017/08/04,-3079794861
2017/08/05,-1989579412
2017/08/06,-563614874
2017/08/07,885488115
2017/08/08,1004479800
2017/08/09,1337439142
2017/08/10,5299735149
2017/08/11,12269984850
2017/08/12,6510086121
2017/08/13,6728320628
2017/08/14,4668666737
2017/08/15,2501174022
2017/08/16,1206091026
2017/08/17,-2375142746
2017/08/18,-9317205121
2017/08/19,-5246382435
2017/08/20,-6030654767
2017/08/21,-3299337845
2017/08/22,-2030764663
2017/08/23,-368010954
2017/08/24,-795532459
2017/08/25,-1262562597
2017/08/26,-1665132688
2017/08/27,3634710475
2017/08/28,5687263820
2017/08/29,4045093021
2017/08/30,9400507785
2017/08/31,2568148179
2017/09/01,2659620500
2017/09/02,3171684715
2017/09/03,-2882914513
2017/09/04,-4509229554
2017/09/05,-2809870239
2017/09/06,-8172033269
2017/09/07,-2574989463
2017/09/08,-1852710834
2017/09/09,1034154089
2017/09/10,1298298250
2017/09/11,-708331249
2017/09/12,-196342042
2017/09/13,-2714420031
2017/09/14,-15769768
2017/09/15,-31849637
2017/09/16,-3407562275
2017/09/17,-2003846336
2017/09/18,863234730
2017/09/19,-347772148
2017/09/20,68495039
2017/09/21,-1233061890
2017/09/22,-2004522359
2017/09/23,-516431187
2017/09/24,-1138416353
2017/09/25,-2893639563
2017/09/26,-1743596772
2017/09/27,-63088308
2017/09/28,366139279
2017/09/29,191712790
2017/09/30,-125388269
2017/10/01,-519499243
2017/10/02,-307031677
2017/10/03,4104634461
2017/10/04,1695121278
2017/10/05,-171488699
2017/10/06,427398479
2017/10/07,386349719
2017/10/08,1298605240
2017/10/09,1004161173
2017/10/10,-3290107907
2017/10/11,-1416305923
2017/10/12,569460299
2017/10/13,1709805374
2017/10/14,1108858042
2017/10/15,411096216
2017/10/16,-592489606
2017/10/17,293185627
2017/10/18,1484794444
2017/10/19,503364071
2017/10/20,-1047931644
2017/10/21,-312876371
2017/10/22,-316628273
2017/10/23,1135949734
2017/10/24,206022400
2017/10/25,-1435635307
2017/10/26,-938694204
2017/10/27,-3482309404
2017/10/28,-3106722482
2017/10/29,-2738865012
2017/10/30,-3652526071
2017/10/31,-3806656354
2017/11/01,1152946486
2017/11/02,1585389431
2017/11/03,3716355410
2017/11/04,2530255855
2017/11/05,2364480540
2017/11/06,2876508101
2017/11/07,2361168954
2017/11/08,-752065687
2017/11/09,1394608018
2017/11/10,487412613
2017/11/11,1317918463
2017/11/12,2953160817
2017/11/13,656657310
2017/11/14,1217804293
2017/11/15,2175903015
2017/11/16,-832921729
2017/11/17,924172490
2017/11/18,423486136
2017/11/19,-821222780
2017/11/20,2530999407
2017/11/21,2403610385
2017/11/22,522468812
2017/11/23,1397921457
2017/11/24,803192865
2017/11/25,3275435101
2017/11/26,2676555630
2017/11/27,3323764689
2017/11/28,5426381149
2017/11/29,6900700758
2017/11/30,4785068682
2017/12/01,3521777778
2017/12/02,2851696196
2017/12/03,2756043492
2017/12/04,163804838
2017/12/05,-6862011735
2017/12/06,-6743483025
2017/12/07,-6567620458
2017/12/08,-5376917909
2017/12/09,-7244448648
2017/12/10,-7072803779
2017/12/11,-6492485242
2017/12/12,2745367523
2017/12/13,817571486
2017/12/14,3979165085
2017/12/15,2689917614
2017/12/16,2604711687
2017/12/17,2929898966
2017/12/18,3318458108
2017/12/19,1989247818
2017/12/20,3310034812
2017/12/21,2091821378
2017/12/22,3040365206
2017/12/23,1182645106
2017/12/24,-864341217
2017/12/25,-1885441105
2017/12/26,-2681331721
2017/12/27,-2774715898
2017/12/28,-1775185655
2017/12/29,1043877047
2017/12/30,4562952385
2017/12/31,1610565295
2018/01/01,1705601214
2018/01/02,5299074234
2018/01/03,4795215576
2018/01/04,10312292342
2018/01/05,7316836667
2018/01/06,3859969495
2018/01/07,6766736154
2018/01/08,11287171378
2018/01/09,7739765567
2018/01/10,10559716199
2018/01/11,100058681
2018/01/12,-2689944166
2018/01/13,-2385832995
2018/01/14,20279825092
2018/01/15,-1868527383
2018/01/16,-2298627755
2018/01/17,-7672252780
2018/01/18,-4938960735
2018/01/19,-5878923282
2018/01/20,-4196927506
2018/01/21,-25475670221
2018/01/22,-6418716257
2018/01/23,-8854152683
2018/01/24,-6547653489
2018/01/25,-10020748658
2018/01/26,856792375
2018/01/27,-1832591454
2018/01/28,600984579
2018/01/29,290127372
2018/01/30,1202360807
2018/01/31,292861957
2018/02/01,4816769846
2018/02/02,-100382078
2018/02/03,-980977468
2018/02/04,-4088304657
2018/02/05,-3888196464
2018/02/06,-3632668171
2018/02/07,-3424324265
2018/02/08,-6238350814
2018/02/09,-6064124760
2018/02/10,-929283618
2018/02/11,-1315955170
2018/02/12,-1604461958
2018/02/13,-596372631
2018/02/14,-1290396418
2018/02/15,2155165234
2018/02/16,-221298537
2018/02/17,-989867768
2018/02/18,630922035
2018/02/19,-404961002
2018/02/20,-1273939656
2018/02/21,-543285672
2018/02/22,-417986693
2018/02/23,-1397663706
2018/02/24,-1592571008
2018/02/25,-2349563850
2018/02/26,-1465323924
2018/02/27,-2821171007
2018/02/28,-2419369019
2018/03/01,-3235612574
2018/03/02,-1324309822
2018/03/03,-1558274839
2018/03/04,-659774772
2018/03/05,-760641748
2018/03/06,266979612
2018/03/07,189830269
2018/03/08,-237030328
2018/03/09,-98996735
2018/03/10,-70400261
2018/03/11,-156293946
2018/03/12,-293375845
2018/03/13,266310197
2018/03/14,-280383427
2018/03/15,-106870821
2018/03/16,-402086979
2018/03/17,-104225843
2018/03/18,691380926
2018/03/19,186923237
2018/03/20,-856563754
2018/03/21,-262661251
2018/03/22,-283847689
2018/03/23,213548495
2018/03/24,-78932397
2018/03/25,-938165169
2018/03/26,-281145845
2018/03/27,111544119
2018/03/28,98368157
2018/03/29,219147169
2018/03/30,-163491725
2018/03/31,-40093338
2018/04/01,-33040769
2018/04/02,-421007643
2018/04/03,-479756239
2018/04/04,-497134269
2018/04/05,-577765425
2018/04/06,-405094444
2018/04/07,-265412742
2018/04/08,8442256
2018/04/09,74536482
2018/04/10,-162356616
2018/04/11,8225996
2018/04/12,529706440
2018/04/13,631945971
2018/04/14,146885581
2018/04/15,115413149
2018/04/16,85705616
2018/04/17,231050130
2018/04/18,277342308
2018/04/19,-34025077
2018/04/20,150231985
2018/04/21,541537326
2018/04/22,175842522
2018/04/23,1262174033
2018/04/24,1133219038
2018/04/25,724590372
2018/04/26,293398638
2018/04/27,127757165
2018/04/28,188030899
2018/04/29,351660733
2018/04/30,-603117741
2018/05/01,-634828890
2018/05/02,188056813
2018/05/03,826779648
2018/05/04,625137238
2018/05/05,190848639
2018/05/06,74241883
2018/05/07,822903673
2018/05/08,344620245
2018/05/09,-161717669
2018/05/10,-486088080
2018/05/11,-489016170
2018/05/12,-328357710
2018/05/13,-376052158
2018/05/14,-636553711
2018/05/15,-155300136
2018/05/16,-476099222
2018/05/17,-425016089
2018/05/18,-408396462
2018/05/19,-230420026
2018/05/20,69051506
2018/05/21,-388080673
2018/05/22,79070687
2018/05/23,509362127
2018/05/24,49524561
2018/05/25,-46400491
2018/05/26,-54313250
2018/05/27,233312499
2018/05/28,302952689
2018/05/29,-290865261
2018/05/30,-460995307
2018/05/31,56935245
2018/06/01,347140014
2018/06/02,-27103276
2018/06/03,-451200439
2018/06/04,-252199964
2018/06/05,15797830
2018/06/06,133818155
2018/06/07,6068319
2018/06/08,-29994477
2018/06/09,-44698948
2018/06/10,319128621
2018/06/11,-73796204
2018/06/12,319231989
2018/06/13,616167198
2018/06/14,701188070
2018/06/15,400841183
2018/06/16,79283959
2018/06/17,-411944248
2018/06/18,-351116727
2018/06/19,-529702621
2018/06/20,-877142059
2018/06/21,-1015977381
2018/06/22,-620513354
2018/06/23,-193890208
2018/06/24,305785674
2018/06/25,305467079
2018/06/26,-147699899
2018/06/27,-255625027
2018/06/28,-207998198
2018/06/29,-273722617
2018/06/30,-47431563
2018/07/01,-444122965
2018/07/02,-448875392
2018/07/03,-22439117
2018/07/04,-115668298
2018/07/05,-8239770
2018/07/06,-158875685
2018/07/07,-35194030
2018/07/08,163999187
2018/07/09,186768893
2018/07/10,6558845
2018/07/11,-100206168
2018/07/12,-209963539
2018/07/13,-203417409
2018/07/14,-120919653
2018/07/15,-267184505
2018/07/16,-39517826
2018/07/17,1463369
2018/07/18,386965836
2018/07/19,219139200
2018/07/20,267461549
2018/07/21,97180549
2018/07/22,128929487
2018/07/23,-51047973
2018/07/24,-51565654
2018/07/25,-287838616
2018/07/26,-195430282
2018/07/27,-179343866
2018/07/28,-128120060
2018/07/29,-122270285
2018/07/30,-35188709
2018/07/31,444174934
2018/08/01,-85549230
2018/08/02,76302859
2018/08/03,-88515887
2018/08/04,22799213
2018/08/05,5374517
2018/08/06,-215179489
2018/08/07,-696513731
2018/08/08,117926947
2018/08/09,-87640213
2018/08/10,108425975
2018/08/11,133811988
2018/08/12,-37756733
2018/08/13,269653153
2018/08/14,273172023
2018/08/15,-86789077
2018/08/16,-132857249
2018/08/17,-91461655
2018/08/18,-192079158
2018/08/19,-92260505
2018/08/20,-346697826
2018/08/21,-421220759
2018/08/22,-181166791
2018/08/23,-45796869
2018/08/24,-163983191
2018/08/25,-35165609
2018/08/26,35067703
2018/08/27,22460077
2018/08/28,10177141
2018/08/29,-31308984
2018/08/30,3207146
2018/08/31,26922756
2018/09/01,38171472
2018/09/02,1422647
2018/09/03,73916530
2018/09/04,423808671
2018/09/05,198816450
2018/09/06,284248343
2018/09/07,149920709
2018/09/08,109478899
2018/09/09,160493679
2018/09/10,-36124761
2018/09/11,-367922985
2018/09/12,9690410
2018/09/13,-226179369
2018/09/14,-117832543
2018/09/15,-134694897
2018/09/16,-165120246
2018/09/17,-70491625
2018/09/18,-105075407
2018/09/19,-341616276
2018/09/20,-63775682
2018/09/21,214526225
2018/09/22,63100000
2018/09/23,71808415
2018/09/24,32466336
2018/09/25,33683745
2018/09/26,72201676
2018/09/27,-33912024
2018/09/28,-287492707
2018/09/29,-54393061
2018/09/30,-22871631
2018/10/01,-157690288
2018/10/02,-152619909
2018/10/03,-44390047
2018/10/04,-6863628
2018/10/05,-51538161
2018/10/06,-78759160
2018/10/07,-95698121
2018/10/08,81588302
2018/10/09,74121113
2018/10/10,-16515641
2018/10/11,267784524
2018/10/12,65718652
2018/10/13,-6761061
2018/10/14,13614243
2018/10/15,331409822
2018/10/16,148855246
2018/10/17,70016868
2018/10/18,-137044680
2018/10/19,-54985695
2018/10/20,58272114
2018/10/21,175936495
2018/10/22,-373986143
2018/10/23,-124940906
2018/10/24,-69632917
2018/10/25,-39976133
2018/10/26,9722988
2018/10/27,-93591456
2018/10/28,-201011323
2018/10/29,70374866
2018/10/30,-20888432
2018/10/31,7435548
2018/11/01,-126900496
2018/11/02,26944112
2018/11/03,16481872
2018/11/04,104138243
2018/11/05,94699019
2018/11/06,70125622
2018/11/07,124544509
2018/11/08,50498129
2018/11/09,-27533284
2018/11/10,16745261
2018/11/11,-74382570
2018/11/12,-97554435
2018/11/13,-40614125
2018/11/14,122557637
2018/11/15,193909021
2018/11/16,49277644
2018/11/17,8484923
2018/11/18,99410781
2018/11/19,380335402
2018/11/20,432501684
2018/11/21,-76205507
2018/11/22,-213339560
2018/11/23,-23555206
2018/11/24,35145238
2018/11/25,101703655
2018/11/26,-388608206
2018/11/27,-484919517
2018/11/28,-118766694
2018/11/29,80032799
2018/11/30,1630941181
2018/12/01,1526498625
2018/12/02,-271634265
2018/12/03,-131969563
2018/12/04,-53331282
2018/12/05,-85613836
2018/12/06,-51018484
2018/12/07,-1576772823
2018/12/08,-1558286662
2018/12/09,56399497
2018/12/10,-22753944
2018/12/11,-20344435
2018/12/12,-97963291
2018/12/13,-112851325
2018/12/14,-197745056
2018/12/15,-93479986
2018/12/16,-68116089
2018/12/17,79963826
2018/12/18,77280825
2018/12/19,241537945
2018/12/20,213005471
2018/12/21,282605105
2018/12/22,81801538
2018/12/23,231034615
2018/12/24,266328927
2018/12/25,5640781
2018/12/26,-171376657
2018/12/27,-127868434
2018/12/28,-143412521
2018/12/29,289941063
2018/12/30,-161048610
2018/12/31,-291111010
2019/01/01,-87169363
2019/01/02,127696754
2019/01/03,26394649
2019/01/04,212679914
2019/01/05,138280923
2019/01/06,149924577
2019/01/07,119083939
2019/01/08,126830615
2019/01/09,-76027920
2019/01/10,51655836
2019/01/11,-89555276
2019/01/12,-476076694
2019/01/13,-157889816
2019/01/14,15402717
2019/01/15,-50200187
2019/01/16,-9015961
2019/01/17,-168913935
2019/01/18,-279911908
2019/01/19,-7763905
2019/01/20,-8090476
2019/01/21,-206683913
2019/01/22,-87069658
2019/01/23,-90936182
2019/01/24,14462399
2019/01/25,13998531
2019/01/26,-29895170
2019/01/27,5953784
2019/01/28,131358275
2019/01/29,23524449
2019/01/30,20332331
2019/01/31,-23073513
2019/02/01,-20751617
2019/02/02,-19660215
2019/02/03,-74332549
2019/02/04,-236799832
2019/02/05,-134708422
2019/02/06,-72525205
2019/02/07,-103017876
2019/02/08,28830728
2019/02/09,6893961
2019/02/10,31405824
2019/02/11,121315337
2019/02/12,80246369
2019/02/13,39373606
2019/02/14,52210366
2019/02/15,-43682139
2019/02/16,-5110132
2019/02/17,49605710
2019/02/18,193865145
2019/02/19,222653655
2019/02/20,104041469
2019/02/21,109416244
2019/02/22,117856850
2019/02/23,98536934
2019/02/24,222552262
2019/02/25,91625797
2019/02/26,-150626631
2019/02/27,74175180
2019/02/28,9645466
2019/03/01,-57916156
2019/03/02,-32470682
2019/03/03,-218018796
2019/03/04,-197996868
2019/03/05,48867769
2019/03/06,-96442078
2019/03/07,-28970859
2019/03/08,75924806
2019/03/09,51178627
2019/03/10,7738222
2019/03/11,11763882
2019/03/12,8621791
2019/03/13,-29569589
2019/03/14,8277610
2019/03/15,-33913240
2019/03/16,22271574
2019/03/17,9967163
2019/03/18,29282089
2019/03/19,-52307503
2019/03/20,126707994
2019/03/21,41529764
2019/03/22,-12255671
2019/03/23,79018798
2019/03/24,-483721
2019/03/25,28545973
2019/03/26,78630814
2019/03/27,-83322981
2019/03/28,-20649614
2019/03/29,80574540
2019/03/30,9492857
2019/03/31,63228380
2019/04/01,-40387783
2019/04/02,288616271
2019/04/03,390455025
2019/04/04,143936515
2019/04/05,75767001
2019/04/06,-51450387
2019/04/07,99661708
2019/04/08,335312478
2019/04/09,-37132237
2019/04/10,-196602097
2019/04/11,26687784
2019/04/12,-26908682
2019/04/13,-54879183
2019/04/14,-122792046
2019/04/15,-261976343
2019/04/16,-230668712
2019/04/17,-139238914
2019/04/18,-39223072
2019/04/19,-14011169
2019/04/20,72168763
2019/04/21,58189190
2019/04/22,-10345142
2019/04/23,114487910
2019/04/24,206719684
2019/04/25,61581737
2019/04/26,303840419
2019/04/27,-25088177
2019/04/28,26898655
2019/04/29,68909868
2019/04/30,-6249378
2019/05/01,-156180562
2019/05/02,-177593466
2019/05/03,-282158252
2019/05/04,24201664
2019/05/05,-63498848
2019/05/06,20670885
2019/05/07,127656137
2019/05/08,109520165
2019/05/09,144075858
2019/05/10,73761612
2019/05/11,515541646
2019/05/12,246037739
2019/05/13,268250547
2019/05/14,132057333
2019/05/15,489925076
2019/05/16,1359242926
2019/05/17,606027192
2019/05/18,-297118080
2019/05/19,53186240
2019/05/20,17739451
2019/05/21,-12340189
2019/05/22,-290188846
2019/05/23,-1099159370
2019/05/24,-480775170
2019/05/25,-75842959
2019/05/26,9314287
2019/05/27,90728468
2019/05/28,-25864731
2019/05/29,301238095
2019/05/30,263354089
2019/05/31,279977520
2019/06/01,32998747
2019/06/02,-187016138
2019/06/03,-121622283
2019/06/04,112699837
2019/06/05,-197549680
2019/06/06,-507953547
2019/06/07,-390658174
2019/06/08,-189376681
2019/06/09,3131399
2019/06/10,-158841590
2019/06/11,-269854241
2019/06/12,-221359230
2019/06/13,208135455
2019/06/14,189504218
2019/06/15,649692661
2019/06/16,361183941
2019/06/17,38641700
2019/06/18,235646715
2019/06/19,187691163
2019/06/20,-75896281
2019/06/21,172931934
2019/06/22,-96613805
2019/06/23,-123015983
2019/06/24,141815342
2019/06/25,126839311
2019/06/26,449543455
2019/06/27,520568929
2019/06/28,-53727731
2019/06/29,-80822637
2019/06/30,-64480008
2019/07/01,-64164817
2019/07/02,-240733439
2019/07/03,-642315606
2019/07/04,-636061636
2019/07/05,-347111533
2019/07/06,-451673026
2019/07/07,-182860874
2019/07/08,-168370926
2019/07/09,668488177
2019/07/10,138530012
2019/07/11,504333359
2019/07/12,37676225
2019/07/13,-53255941
2019/07/14,132066593
2019/07/15,144563885
2019/07/16,-766618125
2019/07/17,-147130277
2019/07/18,-496125452
2019/07/19,-72246424
2019/07/20,35283826
2019/07/21,-302447829
2019/07/22,-326462388
2019/07/23,-223542702
2019/07/24,-272431828
2019/07/25,-156985022
2019/07/26,117593943
2019/07/27,-68723419
2019/07/28,-46609003
2019/07/29,-1359961
2019/07/30,25035319
2019/07/31,31539179
2019/08/01,259463504
2019/08/02,-134778085
2019/08/03,34031445
2019/08/04,10585214
2019/08/05,291921612
2019/08/06,162472787
2019/08/07,43672360
2019/08/08,-144450187
2019/08/09,-19752362
2019/08/10,6354470
2019/08/11,37322516
2019/08/12,-331293657
2019/08/13,-178089937
2019/08/14,57705040
2019/08/15,2063470
2019/08/16,-18354052
2019/08/17,-58982763
2019/08/18,-15808865
2019/08/19,19827349
2019/08/20,133690473
2019/08/21,-126020738
2019/08/22,-143989639
2019/08/23,-32269065
2019/08/24,11755014
2019/08/25,-2568849
2019/08/26,12939745
2019/08/27,-177717717
2019/08/28,15929285
2019/08/29,3928575
2019/08/30,-5172984
2019/08/31,177837039
2019/09/01,-24412757
2019/09/02,-45550378
2019/09/03,163385023
2019/09/04,-10072968
2019/09/05,-50238650
2019/09/06,-26310164
2019/09/07,-87813487
2019/09/08,71952932
2019/09/09,41038100
2019/09/10,-195567569
2019/09/11,-8200251
2019/09/12,-14334275
2019/09/13,34475532
2019/09/14,-112189178
2019/09/15,-30707503
2019/09/16,102472110
2019/09/17,220895699
2019/09/18,224813558
2019/09/19,133693434
2019/09/20,56068387
2019/09/21,11712369
2019/09/22,-27290924
2019/09/23,-79982197
2019/09/24,148576403
2019/09/25,-88710474
2019/09/26,48898964
2019/09/27,-43433779
2019/09/28,49231800
2019/09/29,-5173565
2019/09/30,81532475
2019/10/01,-333340139
2019/10/02,-247980157
2019/10/03,-283995535
2019/10/04,-167034549
2019/10/05,-126908886
2019/10/06,-50717804
2019/10/07,-204588631
2019/10/08,-7162473
2019/10/09,123922353
2019/10/10,102558159
2019/10/11,76210598
2019/10/12,72292429
2019/10/13,-17840621
2019/10/14,133104415
2019/10/15,-51879875
2019/10/16,-81917307
2019/10/17,-67810284
2019/10/18,22110726
2019/10/19,-70380237
2019/10/20,58474301
2019/10/21,-145803145
2019/10/22,-12407518
2019/10/23,157559765
2019/10/24,187643624
2019/10/25,39481826
2019/10/26,270239642
2019/10/27,13952157
2019/10/28,338193763
2019/10/29,137118239
2019/10/30,-97090495
2019/10/31,-84815656
2019/11/01,-78888267
2019/11/02,-250035500
2019/11/03,-27520531
2019/11/04,-242894756
2019/11/05,52453839
2019/11/06,-64293307
2019/11/07,-85530402
2019/11/08,12769268
2019/11/09,-17119172
2019/11/10,-42196474
2019/11/11,-99859192
2019/11/12,-109427804
2019/11/13,-14846864
2019/11/14,-18136805
2019/11/15,3947929
2019/11/16,-923398
2019/11/17,-5109118
2019/11/18,21802406
2019/11/19,-54278494
2019/11/20,-8675541
2019/11/21,117066203
2019/11/22,245734226
2019/11/23,32129212
2019/11/24,12059822
2019/11/25,161770815
2019/11/26,-60915379
2019/11/27,101362640
2019/11/28,-13261965
2019/11/29,-304682428
2019/11/30,13642535
2019/12/01,-33504603
2019/12/02,-159714898
2019/12/03,-7940957
2019/12/04,-129794931
2019/12/05,-110346113
2019/12/06,-1983407
2019/12/07,-87632905
2019/12/08,-40910821
2019/12/09,-82923046
2019/12/10,40360041
2019/12/11,-76456239
2019/12/12,-34314580
2019/12/13,-52866169
2019/12/14,2017359
2019/12/15,9130223
2019/12/16,45719801
2019/12/17,116719766
2019/12/18,255867093
2019/12/19,249011013
2019/12/20,17312284
2019/12/21,-6382699
2019/12/22,11878560
2019/12/23,20733806
2019/12/24,-190639900
2019/12/25,-201132341
2019/12/26,-270773736
2019/12/27,-16925599
2019/12/28,18199014
2019/12/29,29346686
2019/12/30,-43669516
2019/12/31,116767741
2020/01/01,-103585978
2020/01/02,-3406839
2020/01/03,84578238
2020/01/04,25622849
2020/01/05,-10429494
2020/01/06,39908455
2020/01/07,-72250417
2020/01/08,196806637
2020/01/09,42033178
2020/01/10,-58331306
2020/01/11,42643799
2020/01/12,21601849
2020/01/13,-28991805
2020/01/14,201140748
2020/01/15,68347427
2020/01/16,87830736
2020/01/17,83085367
2020/01/18,103540226
2020/01/19,56532032
2020/01/20,-30431914
2020/01/21,-236302960
2020/01/22,-190582062
2020/01/23,-90870979
2020/01/24,-26701304
2020/01/25,-226028229
2020/01/26,-101345704
2020/01/27,5969078
2020/01/28,39669118
2020/01/29,68165698
2020/01/30,57492173
2020/01/31,106087191
2020/02/01,127454425
2020/02/02,107221378
2020/02/03,68554661
2020/02/04,90381488
2020/02/05,86294747
2020/02/06,245568960
2020/02/07,183081013
2020/02/08,89030727
2020/02/09,91057488
2020/02/10,155899255
2020/02/11,30207422
2020/02/12,398470747
2020/02/13,131781005
2020/02/14,-9629920
2020/02/15,234957149
2020/02/16,144398323
2020/02/17,271656033
2020/02/18,289477603
2020/02/19,-214428618
2020/02/20,-32490543
2020/02/21,-72317190
2020/02/22,-281549018
2020/02/23,-107839652
2020/02/24,-221178048
2020/02/25,-134113071
2020/02/26,174918586
2020/02/27,22701401
2020/02/28,-41682034
2020/02/29,18414893
2020/03/01,29344357
2020/03/02,112089872
2020/03/03,-81406125
2020/03/04,-334449650
2020/03/05,-208802077
2020/03/06,35419590
2020/03/07,27685313
2020/03/08,54602263
2020/03/09,204180381
2020/03/10,130499867
2020/03/11,145694421
2020/03/12,1037288011
2020/03/13,585723588
2020/03/14,121920226
2020/03/15,-30224672
2020/03/16,-65582318
2020/03/17,-146553759
2020/03/18,-163728636
2020/03/19,-960077615
2020/03/20,-512454975
2020/03/21,-187696725
2020/03/22,-163295244
2020/03/23,-372004983
2020/03/24,216752246
2020/03/25,678179
2020/03/26,-189405772
2020/03/27,-280613378
2020/03/28,19281508
2020/03/29,-69758270
2020/03/30,-120391601
2020/03/31,-323857363
2020/04/01,-128619509
2020/04/02,22378808
2020/04/03,79410497
2020/04/04,-72949320
2020/04/05,-17303513
2020/04/06,202781184
2020/04/07,203979447
2020/04/08,122184170
2020/04/09,-48908231
2020/04/10,181893095
2020/04/11,-11732882
2020/04/12,33721087
2020/04/13,-93254658
2020/04/14,-263896270
2020/04/15,-92976843
2020/04/16,190181644
2020/04/17,-208937104
2020/04/18,151632866
2020/04/19,90603727
2020/04/20,131295984
2020/04/21,150760744
2020/04/22,132634191
2020/04/23,-50019377
2020/04/24,352685325
2020/04/25,-27313568
2020/04/26,5164762
2020/04/27,-51136956
2020/04/28,-112756346
2020/04/29,206070819
2020/04/30,270792222
2020/05/01,-331103022
2020/05/02,-22865148
2020/05/03,-698265
2020/05/04,-61416657
2020/05/05,78076892
2020/05/06,-102524553
2020/05/07,-50526155
2020/05/08,156365996
2020/05/09,55570284
2020/05/10,347933238
2020/05/11,103957303
2020/05/12,126245653
2020/05/13,30972852
2020/05/14,-166197060
2020/05/15,-80925371
2020/05/16,-60745176
2020/05/17,-337817272
2020/05/18,1193030
2020/05/19,-118862297
2020/05/20,-129537153
2020/05/21,-43805718
2020/05/22,-6390275
2020/05/23,91825652
2020/05/24,-20048928
2020/05/25,-137906411
2020/05/26,42478207
2020/05/27,-41934829
2020/05/28,32339687
2020/05/29,195440293
2020/05/30,222173063
2020/05/31,260010739
2020/06/01,191061838
2020/06/02,531040426
2020/06/03,48705228
2020/06/04,-58101735
2020/06/05,-112020968
2020/06/06,-342902512
2020/06/07,-243025010
2020/06/08,-117541307
2020/06/09,-511499700
2020/06/10,94022159
2020/06/11,191416778
2020/06/12,-76664510
2020/06/13,-24453811
2020/06/14,-36080581
2020/06/15,212224547
2020/06/16,-18931741
2020/06/17,-75799934
2020/06/18,-148372893
2020/06/19,63714034
2020/06/20,39873992
2020/06/21,111348570
2020/06/22,3613685
2020/06/23,199538626
2020/06/24,627482283
2020/06/25,893766183
2020/06/26,202734964
2020/06/27,177638965
2020/06/28,-47548304
2020/06/29,-246897010
2020/06/30,-128515784
2020/07/01,-584473409
2020/07/02,-905025966
2020/07/03,-238140823
2020/07/04,-143184213
2020/07/05,-69773808
2020/07/06,177546802
2020/07/07,91018862
2020/07/08,352545018
2020/07/09,180469729
2020/07/10,178536988
2020/07/11,-8761629
2020/07/12,67447864
2020/07/13,128820939
2020/07/14,224557185
2020/07/15,-320244578
2020/07/16,-78359897
2020/07/17,-147146253
2020/07/18,54354747
2020/07/19,86982530
2020/07/20,-123110661
2020/07/21,-196652469
2020/07/22,270431712
2020/07/23,856702585
2020/07/24,405481690
2020/07/25,509837343
2020/07/26,652576285
2020/07/27,1053981860
2020/07/28,465739287
2020/07/29,256169437
2020/07/30,-270625915
2020/07/31,305350158
2020/08/01,281436072
2020/08/02,215259309
2020/08/03,-337096987
2020/08/04,283275342
2020/08/05,-19921132
2020/08/06,-113400312
2020/08/07,-36903343
2020/08/08,-471329955
2020/08/09,-518291425
2020/08/10,46828948
2020/08/11,-124448535
2020/08/12,637781443
2020/08/13,580613051
2020/08/14,849136597
2020/08/15,326738884
2020/08/16,160688593
2020/08/17,-13945366
2020/08/18,65046808
2020/08/19,-369747661
2020/08/20,-325376096
2020/08/21,-688074657
2020/08/22,-118602766
2020/08/23,-303482234
2020/08/24,-122136122
2020/08/25,-154415438
2020/08/26,-129539704
2020/08/27,-357740669
2020/08/28,77151115
2020/08/29,265623608
2020/08/30,862720696
2020/08/31,1215103158
2020/09/01,2083255327
2020/09/02,1894294339
2020/09/03,1824322787
2020/09/04,1163444239
2020/09/05,1191597044
2020/09/06,338372182
2020/09/07,-923415813
2020/09/08,-1856501709
2020/09/09,-1488212035
2020/09/10,-568773514
2020/09/11,-701470603
2020/09/12,-674627141
2020/09/13,-86359092
2020/09/14,583964909
2020/09/15,325758812
2020/09/16,247478364
2020/09/17,232862273
2020/09/18,797486183
2020/09/19,-263226149
2020/09/20,-388063523
2020/09/21,-224478757
2020/09/22,-390496002
2020/09/23,-285335208
2020/09/24,-1183814756
2020/09/25,-1548695098
2020/09/26,-546564808
2020/09/27,-394485236
2020/09/28,-627087933
2020/09/29,47520985
2020/09/30,-129207791
2020/10/01,184944386
2020/10/02,102223240
2020/10/03,-172249361
2020/10/04,-300357587
2020/10/05,-296882282
2020/10/06,-380207933
2020/10/07,-152410630
2020/10/08,-354115422
2020/10/09,1143417
2020/10/10,224123534
2020/10/11,109315317
2020/10/12,358675300
2020/10/13,77039993
2020/10/14,161253330
2020/10/15,-77271528
2020/10/16,-71489909
2020/10/17,-330542981
2020/10/18,-207823284
2020/10/19,-395611247
2020/10/20,-137515418
2020/10/21,97145021
2020/10/22,578115152
2020/10/23,109079358
2020/10/24,204819340
2020/10/25,69400208
2020/10/26,471883233
2020/10/27,222298782
2020/10/28,-58972213
2020/10/29,-645618916
2020/10/30,51406375
2020/10/31,32579432
2020/11/01,6531165
2020/11/02,-24716823
2020/11/03,19925931
2020/11/04,-73467636
2020/11/05,748449280
2020/11/06,619827417
2020/11/07,862092678
2020/11/08,107975376
2020/11/09,-55064613
2020/11/10,38722817
2020/11/11,119458136
2020/11/12,199534310
2020/11/13,-359551239
2020/11/14,-762083696
2020/11/15,56541757
2020/11/16,-44408339
2020/11/17,773537113
2020/11/18,558243620
2020/11/19,-405641216
2020/11/20,285086248
2020/11/21,1438194222
2020/11/22,1152623092
2020/11/23,1443715494
2020/11/24,1172841162
2020/11/25,-258926974
2020/11/26,1209372003
2020/11/27,-148632422
2020/11/28,-1421117575
2020/11/29,-945406047
2020/11/30,-695267009
2020/12/01,-640192097
2020/12/02,-283527660
2020/12/03,-1182513915
2020/12/04,-83386614
2020/12/05,178517304
2020/12/06,-15329552
2020/12/07,-319452270
2020/12/08,-983816180
2020/12/09,433881345
2020/12/10,240249910
2020/12/11,45927612
2020/12/12,-97985638
2020/12/13,8263235
2020/12/14,-396629600
2020/12/15,-48699570
2020/12/16,85496388
2020/12/17,1489381888
2020/12/18,345342370
2020/12/19,998827642
2020/12/20,198966431
2020/12/21,928758999
2020/12/22,451593733
2020/12/23,-229199716
2020/12/24,-1485638282
2020/12/25,-858703656
2020/12/26,-716722560
2020/12/27,1087159339
2020/12/28,450441390
2020/12/29,1089176374
2020/12/30,959069050
2020/12/31,562550841
2021/01/01,750824143
2021/01/02,672114335
2021/01/03,2762569628
2021/01/04,5111744381
2021/01/05,2080033566
2021/01/06,3729025338
2021/01/07,4640106463
2021/01/08,5296509619
2021/01/09,2013048258
2021/01/10,-591971204
2021/01/11,-425011586
2021/01/12,-1034357697
2021/01/13,-2260176041
2021/01/14,885248087
2021/01/15,-2655423100
2021/01/16,-432622299
2021/01/17,-1449566300
2021/01/18,-3746624115
2021/01/19,3490698034
2021/01/20,3582627852
2021/01/21,-2228841163
2021/01/22,1052404570
2021/01/23,-441722250
2021/01/24,1136257312
2021/01/25,2101036480
2021/01/26,-2186486290
2021/01/27,-2638654656
2021/01/28,-1088565540
2021/01/29,1645024358
2021/01/30,1378126695
2021/01/31,-72668740
2021/02/01,-1435966972
2021/02/02,1899752277
2021/02/03,2306565586
2021/02/04,3882786377
2021/02/05,1006963
2021/02/06,1396973478
2021/02/07,734380513
2021/02/08,2450626971
2021/02/09,-881353466
2021/02/10,-1078078874
2021/02/11,-3006889857
2021/02/12,-1230235471
2021/02/13,-1768410373
2021/02/14,-832658221
2021/02/15,-1767847301
2021/02/16,-1317518674
2021/02/17,-652009746
2021/02/18,1845251402
2021/02/19,-90688278
2021/02/20,2983952320
2021/02/21,597950762
2021/02/22,2683209912
2021/02/23,6081024034
2021/02/24,709450945
2021/02/25,-1793458303
2021/02/26,359042808
2021/02/27,-3216485933
2021/02/28,156072491
2021/03/01,-2557400783
2021/03/02,-6227008116
2021/03/03,-2104569100
2021/03/04,-571405790
2021/03/05,-2041374319
2021/03/06,501640384
2021/03/07,4039974828
2021/03/08,607341305
2021/03/09,949180043
2021/03/10,1247652224
2021/03/11,795158607
2021/03/12,2788416148
2021/03/13,76769674
2021/03/14,-5457104562
2021/03/15,913487198
2021/03/16,-306756834
2021/03/17,-445649712
2021/03/18,-949615432
2021/03/19,-2992773853
2021/03/20,-1099374051
2021/03/21,272601804
2021/03/22,-1687865718
2021/03/23,-1245253966
2021/03/24,-847904376
2021/03/25,2066967930
2021/03/26,713357584
2021/03/27,-54680963
2021/03/28,-730493065
2021/03/29,497203157
2021/03/30,1827454369
2021/03/31,2273007914
2021/04/01,-907300461
2021/04/02,3829232627
2021/04/03,5683176551
2021/04/04,1554658053
2021/04/05,2049241628
2021/04/06,-24868764
2021/04/07,-391016937
2021/04/08,-299148764
2021/04/09,-3264341512
2021/04/10,-3576730496
2021/04/11,-456359967
2021/04/12,-1856469535
2021/04/13,1461883106
2021/04/14,2999463010
2021/04/15,516192095
2021/04/16,3747286219
2021/04/17,1035797137
2021/04/18,8195970123
2021/04/19,1628750771
2021/04/20,-1168396790
2021/04/21,-980852210
2021/04/22,6460345108
2021/04/23,1090639189
2021/04/24,-1454533564
2021/04/25,-7611838382
2021/04/26,56277394
2021/04/27,1692195596
2021/04/28,1221253754
2021/04/29,-3670386575
2021/04/30,-1550703361
2021/05/01,1819299489
2021/05/02,748534871
2021/05/03,5591041264
2021/05/04,8179446113
2021/05/05,2904298903
2021/05/06,1577037025
2021/05/07,4102127934
2021/05/08,5729326825
2021/05/09,5047768262
2021/05/10,7383491898
2021/05/11,1766569844
2021/05/12,7215443684
2021/05/13,10827037184
2021/05/14,598375758
2021/05/15,-3301423058
2021/05/16,160457859
2021/05/17,-5190309078
2021/05/18,-6680734492
2021/05/19,8819764056
2021/05/20,-172802420
2021/05/21,924433816
2021/05/22,206768847
2021/05/23,3639889985
2021/05/24,-392202524
2021/05/25,2025625030
2021/05/26,-16200447186
2021/05/27,-8807736438
2021/05/28,-3936374310
2021/05/29,-979365065
2021/05/30,-7682103459
2021/05/31,-8922321938
2021/06/01,-4507795425
2021/06/02,-5051002275
2021/06/03,-4638842966
2021/06/04,-2950646642
2021/06/05,-3771931786
2021/06/06,-3250700481
2021/06/07,-98111460
2021/06/08,832433597
2021/06/09,1255528115
2021/06/10,-2877088987
2021/06/11,-2422835718
2021/06/12,-1099921620
2021/06/13,-213320005
2021/06/14,220306616
2021/06/15,-4813636857
2021/06/16,-1366043748
2021/06/17,661798778
2021/06/18,1250745945
2021/06/19,-917689748
2021/06/20,237912352
2021/06/21,2160844050
2021/06/22,5214141392
2021/06/23,-2410787501
2021/06/24,-391882845
2021/06/25,-428555153
2021/06/26,-20166019
2021/06/27,-389130157
2021/06/28,-2831097485
2021/06/29,-4681011343
2021/06/30,-107512878
2021/07/01,1374947191
2021/07/02,197204243
2021/07/03,-465903937
2021/07/04,-364185348
2021/07/05,-1559355645
2021/07/06,-754645004
2021/07/07,795672198
2021/07/08,695596982
2021/07/09,-735665878
2021/07/10,931705493
2021/07/11,-821986729
2021/07/12,1655255361
2021/07/13,-353026671
2021/07/14,-175435227
2021/07/15,-3136026778
2021/07/16,171639504
2021/07/17,-860407754
2021/07/18,617283335
2021/07/19,-1166439479
2021/07/20,-395025073
2021/07/21,121932559
2021/07/22,408603913
2021/07/23,-1511927167
2021/07/24,742589568
2021/07/25,-223811729
2021/07/26,2947305455
2021/07/27,1266195317
2021/07/28,-783696640
2021/07/29,761768026
2021/07/30,1307522528
2021/07/31,2086290694
2021/08/01,2269712917
2021/08/02,-2419187371
2021/08/03,462113266
2021/08/04,1942413436
2021/08/05,1329959156
2021/08/06,1552816372
2021/08/07,767064941
2021/08/08,540436237
2021/08/09,4023957904
2021/08/10,827512327
2021/08/11,-752413632
2021/08/12,-801455918
2021/08/13,-168275606
2021/08/14,-1009193254
2021/08/15,-265930019
2021/08/16,-283944107
2021/08/17,182797675
2021/08/18,904301383
2021/08/19,37276222
2021/08/20,1067992614
2021/08/21,-785965852
2021/08/22,-547257073
2021/08/23,-313101525
2021/08/24,2725117500
2021/08/25,931247388
2021/08/26,-311403074
2021/08/27,-932574068
2021/08/28,581359336
2021/08/29,979888868
2021/08/30,-1188090100
2021/08/31,252318672
2021/09/01,2488348629
2021/09/02,6531229073
2021/09/03,3047202207
2021/09/04,1444321657
2021/09/05,-333905247
2021/09/06,290216524
2021/09/07,2750449635
2021/09/08,-964371651
2021/09/09,-3285252335
2021/09/10,-1708739491
2021/09/11,1423112044
2021/09/12,-492633377
2021/09/13,-895175701
2021/09/14,-7000167816
2021/09/15,747751082
2021/09/16,-2653970751
2021/09/17,-35365939
2021/09/18,-2445537714
2021/09/19,-320983503
2021/09/20,2502364329
2021/09/21,2887698891
2021/09/22,-2477848298
2021/09/23,429031884
2021/09/24,2924838231
2021/09/25,-1905171761
2021/09/26,6587017860
2021/09/27,-3455466176
2021/09/28,-3694153832
2021/09/29,-2908816434
2021/09/30,-1985710221
2021/10/01,-4694909152
2021/10/02,1187212923
2021/10/03,-6647799645
2021/10/04,276766928
2021/10/05,3878157472
2021/10/06,3899045600
2021/10/07,4158027987
2021/10/08,1944271908
2021/10/09,-817094424
2021/10/10,223002809
2021/10/11,-338023475
2021/10/12,-2831709850
2021/10/13,-1136856290
2021/10/14,4910105687
2021/10/15,2612628046
2021/10/16,3343956132
2021/10/17,1612378533
2021/10/18,2119902788
2021/10/19,1097287269
2021/10/20,1269757471
2021/10/21,-1313645196
2021/10/22,-1577592995
2021/10/23,-1689036176
2021/10/24,-1684198193
2021/10/25,-791544713
2021/10/26,415026298
2021/10/27,3036986228
2021/10/28,-4697394965
2021/10/29,3865693431
2021/10/30,596320513
2021/10/31,1619168251
2021/11/01,1569204269
2021/11/02,2795216314
2021/11/03,2541025443
2021/11/04,1833326364
2021/11/05,-4211355335
2021/11/06,-98580501
2021/11/07,-1287301527
2021/11/08,956813126
2021/11/09,-854197493
2021/11/10,-4579354057
2021/11/11,-456536301
2021/11/12,803536223
2021/11/13,-10781646
2021/11/14,1352903988
2021/11/15,8456307355
2021/11/16,1712502812
2021/11/17,-865410547
2021/11/18,444741342
2021/11/19,-1161100440
2021/11/20,437433948
2021/11/21,1649713334
2021/11/22,-9593876039
2021/11/23,-2826230807
2021/11/24,755674795
2021/11/25,-1779457554
2021/11/26,3133662167
2021/11/27,-1385977089
2021/11/28,-3020055561
2021/11/29,516913334
2021/11/30,4770578084
2021/12/01,3126246545
2021/12/02,1823221335
2021/12/03,-855054444
2021/12/04,8954230712
2021/12/05,2877010374
2021/12/06,4748725664
2021/12/07,-2664727713
2021/12/08,-3687940104
2021/12/09,-894290620
2021/12/10,-2061415430
2021/12/11,-8499627871
2021/12/12,-4098496919
2021/12/13,-2942458686
2021/12/14,-1202088235
2021/12/15,-1173859699
2021/12/16,-519200824
2021/12/17,-1591160404
2021/12/18,-241160566
2021/12/19,329730334
2021/12/20,-4391697473
2021/12/21,-2777585539
2021/12/22,-1324353121
2021/12/23,-1025872602
2021/12/24,-850523992
2021/12/25,669748543
2021/12/26,-96739732
2021/12/27,1070153698
2021/12/28,1708032634
2021/12/29,64390271
2021/12/30,5604852698
2021/12/31,2480939838
2022/01/01,-1488130507
2022/01/02,-58082031
2022/01/03,-2452115862
2022/01/04,-962919583
2022/01/05,1920764148
2022/01/06,-3128023282
2022/01/07,-210747063
2022/01/08,525924804
2022/01/09,70308353
2022/01/10,1261220591
2022/01/11,-1630244336
2022/01/12,-2181888739
2022/01/13,-2505859659
2022/01/14,-3073794451
2022/01/15,-1111910898
2022/01/16,176716437
2022/01/17,-823079675
2022/01/18,-326648973
2022/01/19,1175109402
2022/01/20,-947669942
2022/01/21,6350900281
2022/01/22,5687857636
2022/01/23,2194953421
2022/01/24,3201829348
2022/01/25,1000810115
2022/01/26,-156125788
2022/01/27,610430412
2022/01/28,-6261932069
2022/01/29,-5125014944
2022/01/30,-1505008164
2022/01/31,-2596904227
2022/02/01,-367168524
2022/02/02,-2624569758
2022/02/03,137089789
2022/02/04,386723906
2022/02/05,-209795985
2022/02/06,-1461530845
2022/02/07,861671328
2022/02/08,492221405
2022/02/09,1225376140
2022/02/10,2448871592
2022/02/11,926147742
2022/02/12,-231615932
2022/02/13,132130885
2022/02/14,-1729752862
2022/02/15,-238828060
2022/02/16,-1250814112
2022/02/17,-3989674328
2022/02/18,-2032504894
2022/02/19,-1332616983
2022/02/20,419444411
2022/02/21,-222781584
2022/02/22,-2035009848
2022/02/23,-312789794
2022/02/24,4485324665
2022/02/25,873486872
2022/02/26,777612250
2022/02/27,-222681696
2022/02/28,556720773
2022/03/01,2604341848
2022/03/02,986657946
2022/03/03,-5040667879
2022/03/04,-508696439
2022/03/05,-517025809
2022/03/06,-1110612727
2022/03/07,-693193836
2022/03/08,-1935891904
2022/03/09,-1197154594
2022/03/10,-404027455
2022/03/11,-1912564269
2022/03/12,-988644219
2022/03/13,119484232
2022/03/14,-1345188223
2022/03/15,2564841522
2022/03/16,923094566
2022/03/17,540896454
2022/03/18,2467268711
2022/03/19,3213177829
2022/03/20,91134124
2022/03/21,1657501765
2022/03/22,-607833823
2022/03/23,-279651454
2022/03/24,1167129158
2022/03/25,566229545
2022/03/26,-2672976084
2022/03/27,629847439
2022/03/28,1709297650
2022/03/29,1175459295
2022/03/30,2413970962
2022/03/31,723495527
2022/04/01,520765057
2022/04/02,2632569027
2022/04/03,446511300
2022/04/04,-1872626726
2022/04/05,-2337691668
2022/04/06,-713183662
2022/04/07,-777066752
2022/04/08,-2268186160
2022/04/09,-1986250854
2022/04/10,-893462197
2022/04/11,2443124095
2022/04/12,-1257097114
2022/04/13,-2224425015
2022/04/14,-1922829182
2022/04/15,-392885265
2022/04/16,698261144
2022/04/17,798389249
2022/04/18,-2603620567
2022/04/19,1111275677
2022/04/20,3814451725
2022/04/21,724579525
2022/04/22,577696484
2022/04/23,-1466978026
2022/04/24,-913370310
2022/04/25,1774787575
2022/04/26,-49075997
2022/04/27,-3335300417
2022/04/28,533630668
2022/04/29,2579813926
2022/04/30,1187343134
2022/05/01,2519998680
2022/05/02,858060920
2022/05/03,2482421056
2022/05/04,968247152
2022/05/05,368182238
2022/05/06,-1928074613
2022/05/07,-149738167
2022/05/08,-1133933408
2022/05/09,2194130866
2022/05/10,1092959051
2022/05/11,6692212990
2022/05/12,10641850815
2022/05/13,4149440732
2022/05/14,-95889037
2022/05/15,-1037080059
2022/05/16,-1554409987
2022/05/17,-4649866316
2022/05/18,-7560058006
2022/05/19,-11797926998
2022/05/20,-4236911249
2022/05/21,-1095400472
2022/05/22,-341425283
2022/05/23,-2979155500
2022/05/24,-711127444
2022/05/25,-2284340742
2022/05/26,1791861285
2022/05/27,256090564
2022/05/28,60448048
2022/05/29,-414347635
2022/05/30,-1026458430
2022/05/31,1118039214
2022/06/01,2008781773
2022/06/02,-2054648979
2022/06/03,-2744131129
2022/06/04,-541271282
2022/06/05,-331608617
2022/06/06,-685639738
2022/06/07,-609170656
2022/06/08,-1697212046
2022/06/09,-1584696068
2022/06/10,2015602352
2022/06/11,4013638117
2022/06/12,2467295427
2022/06/13,6910870584
2022/06/14,3008360250
2022/06/15,3329185916
2022/06/16,1936480613
2022/06/17,-1017477125
2022/06/18,-1396471356
2022/06/19,-1315937613
2022/06/20,-6783414123
2022/06/21,-4025127145
2022/06/22,-3445774869
2022/06/23,-1950564253
2022/06/24,-1247429651
2022/06/25,-2387299704
2022/06/26,-1229404073
2022/06/27,-368845091
2022/06/28,-381024452
2022/06/29,1473445334
2022/06/30,725671113
2022/07/01,155959937
2022/07/02,-262665882
2022/07/03,-499108934
2022/07/04,-489106691
2022/07/05,-218288130
2022/07/06,-1738721824
2022/07/07,1170633127
2022/07/08,-175669504
2022/07/09,-257188619
2022/07/10,538051303
2022/07/11,-147602135
2022/07/12,400554659
2022/07/13,809831749
2022/07/14,-2089764493
2022/07/15,1362011382
2022/07/16,849911357
2022/07/17,453259103
2022/07/18,2546851657
2022/07/19,3733074663
2022/07/20,449598326
2022/07/21,5128971571
2022/07/22,-1468067834
2022/07/23,-530748445
2022/07/24,-594835077
2022/07/25,-2023227390
2022/07/26,-3510252424
2022/07/27,79216157
2022/07/28,-3404062752
2022/07/29,1361190962
2022/07/30,347579527
2022/07/31,50598327
2022/08/01,301274558
2022/08/02,-153090106
2022/08/03,-1401709015
2022/08/04,-1903258742
2022/08/05,-1185092410
2022/08/06,-106652133
2022/08/07,646558756
2022/08/08,-253436311
2022/08/09,289073213
2022/08/10,2334175039
2022/08/11,1382808450
2022/08/12,236426075
2022/08/13,905890295
2022/08/14,-112925102
2022/08/15,919038192
2022/08/16,-489274063
2022/08/17,945350963
2022/08/18,-1072837265
2022/08/19,803999545
2022/08/20,-816154747
2022/08/21,-516402491
2022/08/22,-1619777629
2022/08/23,-253299242
2022/08/24,-3129579786
2022/08/25,-147000733
2022/08/26,-747268358
2022/08/27,424076061
2022/08/28,875836086
2022/08/29,1500034893
2022/08/30,926118347
2022/08/31,712510222
2022/09/01,769627547
2022/09/02,1430606307
2022/09/03,-729087302
2022/09/04,-1264825569
2022/09/05,-1343699016
2022/09/06,3158233873
2022/09/07,535683667
2022/09/08,125408792
2022/09/09,-691860986
2022/09/10,177608047
2022/09/11,614727672
2022/09/12,2781877015
2022/09/13,1477929630
2022/09/14,8658372728
2022/09/15,6663471520
2022/09/16,2711700513
2022/09/17,269106512
2022/09/18,491595166
2022/09/19,-422974489
2022/09/20,-4364488913
2022/09/21,-8563353829
2022/09/22,-6402229915
2022/09/23,-3183140038
2022/09/24,-530913732
2022/09/25,-651262521
2022/09/26,-1711084463
2022/09/27,-226197889
2022/09/28,-1461498750
2022/09/29,317089326
2022/09/30,-303917136
2022/10/01,-89938977
2022/10/02,-398689006
2022/10/03,-440881874
2022/10/04,-1497396531
2022/10/05,-796313644
2022/10/06,-1816181236
2022/10/07,-919805608
2022/10/08,-221697850
2022/10/09,-459344446
2022/10/10,-1066878197
2022/10/11,99334471
2022/10/12,73913994
2022/10/13,957408645
2022/10/14,-67809839
2022/10/15,-169064078
2022/10/16,327796414
2022/10/17,409872148
2022/10/18,96390583
2022/10/19,183337893
2022/10/20,-1301460556
2022/10/21,320669310
2022/10/22,98675068
2022/10/23,259408735
2022/10/24,714308602
2022/10/25,1978440626
2022/10/26,3102367853
2022/10/27,1851295586
2022/10/28,494240532
2022/10/29,1565451678
2022/10/30,629002893
2022/10/31,367063906
2022/11/01,-1729725427
2022/11/02,-1479373306
2022/11/03,-886489093
2022/11/04,501291444
2022/11/05,-972517011
2022/11/06,154033160
2022/11/07,1505750231
2022/11/08,5806197552
2022/11/09,5632592946
2022/11/10,4561151086
2022/11/11,1017480548
2022/11/12,1610315327
2022/11/13,2067184153
2022/11/14,-370651234
2022/11/15,-4780124920
2022/11/16,-5592989048
2022/11/17,-4424112776
2022/11/18,-1841005212
2022/11/19,-1496794224
2022/11/20,-2430084391
2022/11/21,811444080
2022/11/22,-68292119
2022/11/23,-1253085728
2022/11/24,-1033099082
2022/11/25,-718407214
2022/11/26,-469576905
2022/11/27,-471248518
2022/11/28,-2308691643
2022/11/29,-895977859
