Date,sentbyaddress3roc
2016/01/01,-1.349
2016/01/02,10.211
2016/01/03,-5.491
2016/01/04,6.055
2016/01/05,0.741
2016/01/06,3.646
2016/01/07,6.077
2016/01/08,0.92
2016/01/09,0.417
2016/01/10,6.597
2016/01/11,13.791
2016/01/12,18.646
2016/01/13,-3.8
2016/01/14,-7.795
2016/01/15,-1.502
2016/01/16,-12.81
2016/01/17,-17.024
2016/01/18,-15.396
2016/01/19,0.129
2016/01/20,42.08
2016/01/21,-7.207
2016/01/22,3.361
2016/01/23,-7.76
2016/01/24,36.699
2016/01/25,39.212
2016/01/26,25.133
2016/01/27,-1.515
2016/01/28,-6.11
2016/01/29,-14
2016/01/30,-4.231
2016/01/31,0.478
2016/02/01,2.078
2016/02/02,0.954
2016/02/03,-3.476
2016/02/04,-3.49
2016/02/05,1.74
2016/02/06,-3.848
2016/02/07,7.584
2016/02/08,13.294
2016/02/09,27.193
2016/02/10,52.428
2016/02/11,46.247
2016/02/12,33.28
2016/02/13,-5.942
2016/02/14,-21.74
2016/02/15,-16.314
2016/02/16,-10.485
2016/02/17,1.696
2016/02/18,-1.41
2016/02/19,-3.492
2016/02/20,-6.375
2016/02/21,27.146
2016/02/22,14.361
2016/02/23,18.25
2016/02/24,-16.734
2016/02/25,8.207
2016/02/26,0.201
2016/02/27,6.306
2016/02/28,3.777
2016/02/29,34.146
2016/03/01,40.874
2016/03/02,31.905
2016/03/03,20
2016/03/04,12.124
2016/03/05,28.126
2016/03/06,11.27
2016/03/07,-7.346
2016/03/08,-6.704
2016/03/09,-7.909
2016/03/10,21.581
2016/03/11,-3.5
2016/03/12,3.585
2016/03/13,-7.804
2016/03/14,-2.701
2016/03/15,-4.889
2016/03/16,-9.597
2016/03/17,-0.595
2016/03/18,10.177
2016/03/19,-2.418
2016/03/20,-8.835
2016/03/21,-5.02
2016/03/22,1.306
2016/03/23,0.438
2016/03/24,-12.672
2016/03/25,-4.958
2016/03/26,-10.826
2016/03/27,5.242
2016/03/28,11.626
2016/03/29,47.167
2016/03/30,30.804
2016/03/31,1.76
2016/04/01,-23.535
2016/04/02,-28.845
2016/04/03,-11.141
2016/04/04,7.098
2016/04/05,14.309
2016/04/06,14.461
2016/04/07,-2.554
2016/04/08,-6.57
2016/04/09,0.101
2016/04/10,12.23
2016/04/11,2.774
2016/04/12,2.002
2016/04/13,0.297
2016/04/14,5.168
2016/04/15,-8.725
2016/04/16,-16.593
2016/04/17,1.313
2016/04/18,9.429
2016/04/19,8.662
2016/04/20,-1.335
2016/04/21,-1.231
2016/04/22,3.649
2016/04/23,-2.349
2016/04/24,1.588
2016/04/25,4.17
2016/04/26,10.09
2016/04/27,5.975
2016/04/28,-3.191
2016/04/29,40.196
2016/04/30,51.382
2016/05/01,36.591
2016/05/02,6.181
2016/05/03,-9.521
2016/05/04,-1.856
2016/05/05,-13.507
2016/05/06,-5.071
2016/05/07,-3.23
2016/05/08,2.215
2016/05/09,6.706
2016/05/10,13.562
2016/05/11,22.594
2016/05/12,19.472
2016/05/13,38.263
2016/05/14,5.543
2016/05/15,-10.881
2016/05/16,-26.496
2016/05/17,-9.699
2016/05/18,12.69
2016/05/19,19.567
2016/05/20,3.6
2016/05/21,-13.122
2016/05/22,-24.57
2016/05/23,5.184
2016/05/24,11.206
2016/05/25,21.118
2016/05/26,71.558
2016/05/27,18.191
2016/05/28,90.054
2016/05/29,-43.772
2016/05/30,-15.922
2016/05/31,-43.405
2016/06/01,-5.281
2016/06/02,-9.463
2016/06/03,-13.649
2016/06/04,-13.653
2016/06/05,-7.845
2016/06/06,-1.836
2016/06/07,11.289
2016/06/08,10.893
2016/06/09,-1.687
2016/06/10,-2.769
2016/06/11,-13.384
2016/06/12,6.865
2016/06/13,27.44
2016/06/14,46.152
2016/06/15,8.429
2016/06/16,-3.707
2016/06/17,39.986
2016/06/18,44.425
2016/06/19,3.217
2016/06/20,-35.796
2016/06/21,-23.939
2016/06/22,6.52
2016/06/23,-6.026
2016/06/24,-15.48
2016/06/25,-28.713
2016/06/26,-13.746
2016/06/27,-6.987
2016/06/28,15.92
2016/06/29,14.472
2016/06/30,0.638
2016/07/01,-10.936
2016/07/02,-6.291
2016/07/03,3.343
2016/07/04,8.472
2016/07/05,8.59
2016/07/06,4.807
2016/07/07,-1.959
2016/07/08,-4.243
2016/07/09,-4.001
2016/07/10,-8.543
2016/07/11,-3.744
2016/07/12,-0.191
2016/07/13,2.439
2016/07/14,4.578
2016/07/15,3.03
2016/07/16,-9.118
2016/07/17,-22.022
2016/07/18,-9.008
2016/07/19,153.001
2016/07/20,67.928
2016/07/21,32.251
2016/07/22,-39.161
2016/07/23,-9.871
2016/07/24,49.153
2016/07/25,10.315
2016/07/26,81.258
2016/07/27,-4.929
2016/07/28,5.951
2016/07/29,-40.595
2016/07/30,-35.778
2016/07/31,-20.315
2016/08/01,-0.048
2016/08/02,43.951
2016/08/03,6.898
2016/08/04,-2.275
2016/08/05,-30.508
2016/08/06,-19.19
2016/08/07,-14.676
2016/08/08,7.676
2016/08/09,21.376
2016/08/10,8.024
2016/08/11,14.09
2016/08/12,-16.702
2016/08/13,-14.548
2016/08/14,-20.864
2016/08/15,0.77
2016/08/16,21.464
2016/08/17,1.426
2016/08/18,-0.81
2016/08/19,-10.35
2016/08/20,3.246
2016/08/21,0.771
2016/08/22,-6.002
2016/08/23,10.684
2016/08/24,3.059
2016/08/25,22.919
2016/08/26,-7.272
2016/08/27,6.346
2016/08/28,-10.587
2016/08/29,6.343
2016/08/30,-2.645
2016/08/31,11.652
2016/09/01,12.254
2016/09/02,10.419
2016/09/03,-9.304
2016/09/04,-19.329
2016/09/05,-13.03
2016/09/06,-0.383
2016/09/07,3.484
2016/09/08,21.11
2016/09/09,1.132
2016/09/10,-4.124
2016/09/11,-14.735
2016/09/12,2.662
2016/09/13,6.582
2016/09/14,4.11
2016/09/15,-0.572
2016/09/16,9.333
2016/09/17,0.777
2016/09/18,-9.997
2016/09/19,-24
2016/09/20,40.726
2016/09/21,45.753
2016/09/22,6.515
2016/09/23,-35.464
2016/09/24,-25.166
2016/09/25,7.696
2016/09/26,1.2
2016/09/27,-0.813
2016/09/28,0.545
2016/09/29,13.861
2016/09/30,13.613
2016/10/01,-4.101
2016/10/02,3.203
2016/10/03,-11.674
2016/10/04,-17.646
2016/10/05,-31.759
2016/10/06,-12.791
2016/10/07,31.645
2016/10/08,34.487
2016/10/09,33.108
2016/10/10,12.917
2016/10/11,-3.019
2016/10/12,-49.193
2016/10/13,-65.295
2016/10/14,-13.927
2016/10/15,19.01
2016/10/16,106.267
2016/10/17,4.847
2016/10/18,81.59
2016/10/19,-8.891
2016/10/20,33.4
2016/10/21,2.599
2016/10/22,44.998
2016/10/23,-14.722
2016/10/24,-25.312
2016/10/25,-10.026
2016/10/26,-4.532
2016/10/27,4.418
2016/10/28,5.688
2016/10/29,-4.082
2016/10/30,-12.158
2016/10/31,11.381
2016/11/01,32.211
2016/11/02,4.33
2016/11/03,-6.684
2016/11/04,-40.981
2016/11/05,-3.859
2016/11/06,-27.783
2016/11/07,29.703
2016/11/08,4.111
2016/11/09,24.899
2016/11/10,-16.189
2016/11/11,1.654
2016/11/12,-7.014
2016/11/13,26.935
2016/11/14,-12.523
2016/11/15,0.54
2016/11/16,-17.183
2016/11/17,2.253
2016/11/18,-3.44
2016/11/19,-5.155
2016/11/20,-0.551
2016/11/21,-1.274
2016/11/22,193.462
2016/11/23,287.21
2016/11/24,-34.048
2016/11/25,4.837
2016/11/26,-80.711
2016/11/27,15.979
2016/11/28,-67.365
2016/11/29,19.245
2016/11/30,17.087
2016/12/01,-9.862
2016/12/02,6.869
2016/12/03,29.425
2016/12/04,39.408
2016/12/05,3.978
2016/12/06,5.362
2016/12/07,-29.58
2016/12/08,-11.283
2016/12/09,-12.374
2016/12/10,6.224
2016/12/11,12.748
2016/12/12,-9.227
2016/12/13,1.212
2016/12/14,15.769
2016/12/15,28.973
2016/12/16,9.803
2016/12/17,-13.632
2016/12/18,-25.575
2016/12/19,3.181
2016/12/20,11.061
2016/12/21,18.788
2016/12/22,8.976
2016/12/23,-9.865
2016/12/24,-19.007
2016/12/25,-27.128
2016/12/26,-15.534
2016/12/27,-0.042
2016/12/28,20.523
2016/12/29,31.363
2016/12/30,10.089
2016/12/31,10.988
2017/01/01,-23.723
2017/01/02,-2.412
2017/01/03,-0.386
2017/01/04,67.24
2017/01/05,33.247
2017/01/06,21.593
2017/01/07,-19.69
2017/01/08,-22.765
2017/01/09,-3.324
2017/01/10,-4.162
2017/01/11,15.559
2017/01/12,-6.456
2017/01/13,2.47
2017/01/14,-13.737
2017/01/15,-22.073
2017/01/16,7.79
2017/01/17,7.189
2017/01/18,9.007
2017/01/19,-4.624
2017/01/20,9.771
2017/01/21,4.477
2017/01/22,-11.054
2017/01/23,-9.784
2017/01/24,2.528
2017/01/25,-0.535
2017/01/26,-1.051
2017/01/27,-7.139
2017/01/28,-0.615
2017/01/29,-10.768
2017/01/30,6.385
2017/01/31,6.402
2017/02/01,13.298
2017/02/02,4.98
2017/02/03,-1.162
2017/02/04,7.296
2017/02/05,3.408
2017/02/06,12.102
2017/02/07,-1.925
2017/02/08,-1.139
2017/02/09,-1.956
2017/02/10,14.252
2017/02/11,-7.398
2017/02/12,0.502
2017/02/13,10.885
2017/02/14,31.667
2017/02/15,20.293
2017/02/16,-11.644
2017/02/17,-10.645
2017/02/18,-1.152
2017/02/19,-7.582
2017/02/20,4.503
2017/02/21,-8.085
2017/02/22,6.493
2017/02/23,-7.558
2017/02/24,8.127
2017/02/25,3.347
2017/02/26,7.229
2017/02/27,5.255
2017/02/28,35.738
2017/03/01,40.016
2017/03/02,92.083
2017/03/03,18.341
2017/03/04,-1.402
2017/03/05,-36.276
2017/03/06,-14.425
2017/03/07,-10.754
2017/03/08,-6.256
2017/03/09,8.446
2017/03/10,27.668
2017/03/11,15.383
2017/03/12,13.511
2017/03/13,44.785
2017/03/14,30.894
2017/03/15,18.452
2017/03/16,26.865
2017/03/17,48.29
2017/03/18,18.82
2017/03/19,-31.497
2017/03/20,-29.165
2017/03/21,-13.759
2017/03/22,-5.979
2017/03/23,-7.028
2017/03/24,14.397
2017/03/25,14.285
2017/03/26,-1.449
2017/03/27,-7.614
2017/03/28,-5.717
2017/03/29,10.925
2017/03/30,15.716
2017/03/31,51.4
2017/04/01,-1.465
2017/04/02,-7.685
2017/04/03,-4.125
2017/04/04,10.162
2017/04/05,1.393
2017/04/06,-9.43
2017/04/07,-12.39
2017/04/08,-25.073
2017/04/09,-39.823
2017/04/10,-1.586
2017/04/11,6.404
2017/04/12,24.712
2017/04/13,11.61
2017/04/14,5.29
2017/04/15,-8.68
2017/04/16,-29.477
2017/04/17,-15.563
2017/04/18,8.044
2017/04/19,32.889
2017/04/20,25.686
2017/04/21,-8.415
2017/04/22,-15.771
2017/04/23,-16.978
2017/04/24,13.767
2017/04/25,16.339
2017/04/26,18.438
2017/04/27,43.472
2017/04/28,31.872
2017/04/29,10.109
2017/04/30,-15.802
2017/05/01,8.292
2017/05/02,23.196
2017/05/03,-4.334
2017/05/04,8.02
2017/05/05,8.205
2017/05/06,6.146
2017/05/07,-4.679
2017/05/08,21.024
2017/05/09,26.872
2017/05/10,0.171
2017/05/11,-12.918
2017/05/12,-9.905
2017/05/13,-15.633
2017/05/14,-18.394
2017/05/15,10.963
2017/05/16,29.605
2017/05/17,49.634
2017/05/18,17.378
2017/05/19,51.034
2017/05/20,-8.518
2017/05/21,-1.033
2017/05/22,-5.117
2017/05/23,35.844
2017/05/24,34.971
2017/05/25,8.612
2017/05/26,-2.608
2017/05/27,-23.327
2017/05/28,-25.575
2017/05/29,-11.472
2017/05/30,30.767
2017/05/31,82.295
2017/06/01,50.207
2017/06/02,-2.835
2017/06/03,-27.641
2017/06/04,-22.511
2017/06/05,13.927
2017/06/06,13.477
2017/06/07,12.171
2017/06/08,-11.986
2017/06/09,8.355
2017/06/10,9.609
2017/06/11,39.322
2017/06/12,57.444
2017/06/13,42.938
2017/06/14,9.868
2017/06/15,-17.699
2017/06/16,-19.669
2017/06/17,-7.68
2017/06/18,-7.715
2017/06/19,13.971
2017/06/20,31.906
2017/06/21,25.059
2017/06/22,14.084
2017/06/23,-10.324
2017/06/24,-13.487
2017/06/25,-22.92
2017/06/26,24.092
2017/06/27,5.331
2017/06/28,-100
2017/06/29,-24.683
2017/06/30,-7.763
2017/07/01,0
2017/07/02,-8.962
2017/07/03,15.169
2017/07/04,19.672
2017/07/05,7.558
2017/07/06,-16.522
2017/07/07,5.433
2017/07/08,-15.971
2017/07/09,-16.661
2017/07/10,-9.022
2017/07/11,24.996
2017/07/12,26.715
2017/07/13,-21.989
2017/07/14,-20.679
2017/07/15,-17.922
2017/07/16,-5.265
2017/07/17,5.926
2017/07/18,13.994
2017/07/19,21.874
2017/07/20,5.12
2017/07/21,-13.862
2017/07/22,-28.234
2017/07/23,23.128
2017/07/24,9.003
2017/07/25,18.063
2017/07/26,-31.753
2017/07/27,-7.121
2017/07/28,0.979
2017/07/29,-11.029
2017/07/30,-15.766
2017/07/31,24.76
2017/08/01,14.81
2017/08/02,22.913
2017/08/03,-19.006
2017/08/04,19.334
2017/08/05,14.675
2017/08/06,8.446
2017/08/07,10.37
2017/08/08,21.239
2017/08/09,18.662
2017/08/10,22.066
2017/08/11,7.786
2017/08/12,9.754
2017/08/13,-13.961
2017/08/14,12.756
2017/08/15,21.752
2017/08/16,33.556
2017/08/17,2.533
2017/08/18,9.828
2017/08/19,-14.653
2017/08/20,-24.129
2017/08/21,-12.166
2017/08/22,4.372
2017/08/23,24.168
2017/08/24,-14.962
2017/08/25,0.517
2017/08/26,-29.603
2017/08/27,-12.632
2017/08/28,-5.68
2017/08/29,46.437
2017/08/30,38.618
2017/08/31,24.968
2017/09/01,1.476
2017/09/02,-18.227
2017/09/03,-32.54
2017/09/04,18.812
2017/09/05,35.492
2017/09/06,60.896
2017/09/07,-11.835
2017/09/08,-6.118
2017/09/09,-19.954
2017/09/10,-30.755
2017/09/11,-10.236
2017/09/12,23.302
2017/09/13,35.278
2017/09/14,20.478
2017/09/15,5.831
2017/09/16,-16.436
2017/09/17,-44.67
2017/09/18,-25.151
2017/09/19,8.355
2017/09/20,37.888
2017/09/21,-12.589
2017/09/22,-25.7
2017/09/23,-18.744
2017/09/24,-4.98
2017/09/25,23.508
2017/09/26,8.277
2017/09/27,0.535
2017/09/28,4.648
2017/09/29,14.069
2017/09/30,1.773
2017/10/01,-22.628
2017/10/02,-10.672
2017/10/03,4.663
2017/10/04,11.194
2017/10/05,2.848
2017/10/06,-6.992
2017/10/07,-1.375
2017/10/08,-6.953
2017/10/09,3.233
2017/10/10,27.608
2017/10/11,29.45
2017/10/12,18.726
2017/10/13,14.229
2017/10/14,-11.32
2017/10/15,-16.388
2017/10/16,-26.942
2017/10/17,37.813
2017/10/18,21.88
2017/10/19,8.048
2017/10/20,-13.851
2017/10/21,1.771
2017/10/22,45.338
2017/10/23,-3.081
2017/10/24,2.946
2017/10/25,-28.61
2017/10/26,-10.81
2017/10/27,-100
2017/10/28,-100
2017/10/29,-100
2017/10/30,0
2017/10/31,0
2017/11/01,0
2017/11/02,0
2017/11/03,0
2017/11/04,-29.586
2017/11/05,-37.917
2017/11/06,-6.927
2017/11/07,17.072
2017/11/08,31.3
2017/11/09,14.325
2017/11/10,3.897
2017/11/11,-15.955
2017/11/12,-4.5
2017/11/13,-2.165
2017/11/14,25.104
2017/11/15,22.151
2017/11/16,13.54
2017/11/17,9.1
2017/11/18,-20.121
2017/11/19,-5.501
2017/11/20,-6.767
2017/11/21,23.013
2017/11/22,19.665
2017/11/23,7.646
2017/11/24,-4.045
2017/11/25,-5.458
2017/11/26,0.349
2017/11/27,26.249
2017/11/28,29.114
2017/11/29,36.512
2017/11/30,0.609
2017/12/01,-15.338
2017/12/02,-18.038
2017/12/03,5.343
2017/12/04,20.905
2017/12/05,17.314
2017/12/06,25.948
2017/12/07,-7.291
2017/12/08,8.312
2017/12/09,-12.792
2017/12/10,19.546
2017/12/11,14.307
2017/12/12,35.574
2017/12/13,40.498
2017/12/14,26.622
2017/12/15,-1.096
2017/12/16,-10.085
2017/12/17,-12.967
2017/12/18,1.971
2017/12/19,25.972
2017/12/20,22.49
2017/12/21,19.311
2017/12/22,17.987
2017/12/23,-8.062
2017/12/24,-35.816
2017/12/25,-45.058
2017/12/26,-11.037
2017/12/27,27.929
2017/12/28,30.29
2017/12/29,39.965
2017/12/30,40.514
2017/12/31,3.643
2018/01/01,-21.089
2018/01/02,2.265
2018/01/03,35.823
2018/01/04,53.245
2018/01/05,2.337
2018/01/06,2.035
2018/01/07,-11.129
2018/01/08,-4.253
2018/01/09,16.588
2018/01/10,1.131
2018/01/11,7.47
2018/01/12,-17.897
2018/01/13,5.12
2018/01/14,-8.119
2018/01/15,20.636
2018/01/16,15.583
2018/01/17,21.393
2018/01/18,-2.535
2018/01/19,-28.583
2018/01/20,-40.432
2018/01/21,-1.113
2018/01/22,-6.436
2018/01/23,7.644
2018/01/24,-35.928
2018/01/25,-26.68
2018/01/26,3.692
2018/01/27,-4.851
2018/01/28,9.417
2018/01/29,-6.126
2018/01/30,4.812
2018/01/31,7.819
2018/02/01,11.37
2018/02/02,11.589
2018/02/03,-11.483
2018/02/04,-16.887
2018/02/05,-13.87
2018/02/06,15.954
2018/02/07,-4.772
2018/02/08,-23.22
2018/02/09,-16.445
2018/02/10,-1.81
2018/02/11,14.053
2018/02/12,8.467
2018/02/13,-13.66
2018/02/14,0.848
2018/02/15,-7.234
2018/02/16,-10.199
2018/02/17,-17.812
2018/02/18,-14.082
2018/02/19,15.706
2018/02/20,30.438
2018/02/21,14.355
2018/02/22,-6.368
2018/02/23,-22.621
2018/02/24,-27.52
2018/02/25,-16.343
2018/02/26,12.189
2018/02/27,24.654
2018/02/28,26.101
2018/03/01,-4.056
2018/03/02,-0.277
2018/03/03,-20.677
2018/03/04,-23.956
2018/03/05,-0.023
2018/03/06,29.021
2018/03/07,102.235
2018/03/08,-1.151
2018/03/09,-15.142
2018/03/10,-46.057
2018/03/11,-23.754
2018/03/12,-11.725
2018/03/13,11.665
2018/03/14,43.087
2018/03/15,15.298
2018/03/16,-12.212
2018/03/17,-27.847
2018/03/18,-9.651
2018/03/19,20.02
2018/03/20,11.312
2018/03/21,15.935
2018/03/22,-15.024
2018/03/23,41.031
2018/03/24,4.639
2018/03/25,-20.285
2018/03/26,-31.361
2018/03/27,-21.247
2018/03/28,10.586
2018/03/29,0.589
2018/03/30,10.847
2018/03/31,-1.284
2018/04/01,-21.849
2018/04/02,-15.905
2018/04/03,18.851
2018/04/04,22.762
2018/04/05,29.376
2018/04/06,0.553
2018/04/07,-8.699
2018/04/08,-15.358
2018/04/09,1.992
2018/04/10,10.447
2018/04/11,6.789
2018/04/12,12.799
2018/04/13,24.128
2018/04/14,-3.589
2018/04/15,-16.967
2018/04/16,-14.207
2018/04/17,4.184
2018/04/18,10.578
2018/04/19,18.782
2018/04/20,20.751
2018/04/21,12.484
2018/04/22,15.35
2018/04/23,16.629
2018/04/24,18.476
2018/04/25,-8.223
2018/04/26,-12.617
2018/04/27,-17.443
2018/04/28,-11.932
2018/04/29,-13.59
2018/04/30,2.314
2018/05/01,-4.546
2018/05/02,17.703
2018/05/03,20.358
2018/05/04,167.245
2018/05/05,17.937
2018/05/06,-12.38
2018/05/07,-48.71
2018/05/08,0.53
2018/05/09,12.32
2018/05/10,-0.813
2018/05/11,-6.439
2018/05/12,-2.334
2018/05/13,-11.484
2018/05/14,-1.1
2018/05/15,8.252
2018/05/16,19.585
2018/05/17,14.107
2018/05/18,3.218
2018/05/19,7.483
2018/05/20,-6.89
2018/05/21,-7.38
2018/05/22,2.314
2018/05/23,5.457
2018/05/24,6.88
2018/05/25,-11.57
2018/05/26,-6.571
2018/05/27,-0.746
2018/05/28,9.863
2018/05/29,9.582
2018/05/30,0.327
2018/05/31,-0.863
2018/06/01,-15.707
2018/06/02,2.4
2018/06/03,-4.62
2018/06/04,7.362
2018/06/05,-13.655
2018/06/06,-12.893
2018/06/07,0.176
2018/06/08,-0.267
2018/06/09,14.578
2018/06/10,7.716
2018/06/11,7.626
2018/06/12,-17.717
2018/06/13,-19.876
2018/06/14,-13.201
2018/06/15,15.82
2018/06/16,-12.882
2018/06/17,-4.831
2018/06/18,-20.006
2018/06/19,29.573
2018/06/20,27.914
2018/06/21,24.898
2018/06/22,8.742
2018/06/23,-20.875
2018/06/24,-11.166
2018/06/25,33.771
2018/06/26,21.307
2018/06/27,9.077
2018/06/28,-34.027
2018/06/29,-0.815
2018/06/30,-41.657
2018/07/01,-57.716
2018/07/02,-53.04
2018/07/03,-11.94
2018/07/04,20.616
2018/07/05,23.604
2018/07/06,-9.423
2018/07/07,-1.12
2018/07/08,8.249
2018/07/09,49.419
2018/07/10,50.446
2018/07/11,6.707
2018/07/12,-14.985
2018/07/13,-27.24
2018/07/14,-22.892
2018/07/15,-12.14
2018/07/16,62.025
2018/07/17,68.535
2018/07/18,120.003
2018/07/19,13.36
2018/07/20,-5.082
2018/07/21,-39.094
2018/07/22,-7.773
2018/07/23,31.179
2018/07/24,69.824
2018/07/25,29.081
2018/07/26,-10.664
2018/07/27,-5.692
2018/07/28,-23.134
2018/07/29,-5.95
2018/07/30,-11.104
2018/07/31,7.45
2018/08/01,7.277
2018/08/02,-0.145
2018/08/03,11.621
2018/08/04,-7.071
2018/08/05,-15.404
2018/08/06,-14.576
2018/08/07,-10.598
2018/08/08,-14.043
2018/08/09,-29.886
2018/08/10,-5.418
2018/08/11,26.666
2018/08/12,42.828
2018/08/13,17.128
2018/08/14,-4.383
2018/08/15,-6.927
2018/08/16,4.07
2018/08/17,-3.748
2018/08/18,-5.238
2018/08/19,-18.608
2018/08/20,4.244
2018/08/21,-11.017
2018/08/22,-1.106
2018/08/23,-17.312
2018/08/24,15.486
2018/08/25,0.929
2018/08/26,14.513
2018/08/27,7.113
2018/08/28,-0.858
2018/08/29,-18.402
2018/08/30,-21.568
2018/08/31,-5.814
2018/09/01,23.702
2018/09/02,23.029
2018/09/03,19.031
2018/09/04,-2.716
2018/09/05,-4.341
2018/09/06,-15.401
2018/09/07,-4.533
2018/09/08,-8.767
2018/09/09,2.492
2018/09/10,-6.447
2018/09/11,-15.081
2018/09/12,-14.032
2018/09/13,-5.36
2018/09/14,-1.86
2018/09/15,-21.747
2018/09/16,-27.467
2018/09/17,3.557
2018/09/18,11.03
2018/09/19,7.956
2018/09/20,-9.718
2018/09/21,10.241
2018/09/22,0.893
2018/09/23,-5.561
2018/09/24,-12.531
2018/09/25,5.521
2018/09/26,-5.504
2018/09/27,-0.138
2018/09/28,-8.297
2018/09/29,-9.921
2018/09/30,8.799
2018/10/01,-2.608
2018/10/02,6.055
2018/10/03,18.982
2018/10/04,35.059
2018/10/05,59.115
2018/10/06,12.612
2018/10/07,-12.623
2018/10/08,-16.868
2018/10/09,-12.525
2018/10/10,3.831
2018/10/11,4.788
2018/10/12,-5.724
2018/10/13,7.774
2018/10/14,-12.809
2018/10/15,6.334
2018/10/16,6.861
2018/10/17,29.17
2018/10/18,0.503
2018/10/19,-2.665
2018/10/20,-14.44
2018/10/21,-9.378
2018/10/22,7.121
2018/10/23,7.045
2018/10/24,14.301
2018/10/25,-8.997
2018/10/26,-0.219
2018/10/27,-9.538
2018/10/28,-16.123
2018/10/29,9.016
2018/10/30,21.535
2018/10/31,32.506
2018/11/01,-11.558
2018/11/02,-26.132
2018/11/03,-25.084
2018/11/04,-11.977
2018/11/05,16.162
2018/11/06,15.184
2018/11/07,-2.79
2018/11/08,-14.994
2018/11/09,1.701
2018/11/10,3.714
2018/11/11,21.308
2018/11/12,1
2018/11/13,4.221
2018/11/14,-2.41
2018/11/15,-3.815
2018/11/16,-3.343
2018/11/17,-18.79
2018/11/18,-17.761
2018/11/19,35.066
2018/11/20,29.618
2018/11/21,14.359
2018/11/22,-26.537
2018/11/23,-15.687
2018/11/24,-12.921
2018/11/25,-2.493
2018/11/26,1.873
2018/11/27,11.784
2018/11/28,3.998
2018/11/29,-9.189
2018/11/30,4.403
2018/12/01,-12.983
2018/12/02,-5.586
2018/12/03,-7.13
2018/12/04,3.187
2018/12/05,18.382
2018/12/06,3.813
2018/12/07,21.141
2018/12/08,18.134
2018/12/09,2.773
2018/12/10,-4.726
2018/12/11,-20.959
2018/12/12,-0.989
2018/12/13,-6.53
2018/12/14,1.933
2018/12/15,6.549
2018/12/16,8.857
2018/12/17,5.313
2018/12/18,-10.954
2018/12/19,2.978
2018/12/20,6.68
2018/12/21,10.216
2018/12/22,-22.535
2018/12/23,-10.383
2018/12/24,1.575
2018/12/25,17.315
2018/12/26,7.165
2018/12/27,2.2
2018/12/28,8.798
2018/12/29,7.714
2018/12/30,-15.074
2018/12/31,-5.535
2019/01/01,-21.547
2019/01/02,18.424
2019/01/03,18.304
2019/01/04,15.825
2019/01/05,-11.463
2019/01/06,-17.888
2019/01/07,6.438
2019/01/08,17.199
2019/01/09,11.976
2019/01/10,-1.499
2019/01/11,-5.223
2019/01/12,-27.614
2019/01/13,-22.124
2019/01/14,19.714
2019/01/15,41.036
2019/01/16,12.253
2019/01/17,-25.669
2019/01/18,-14.827
2019/01/19,-4.109
2019/01/20,-8.516
2019/01/21,-2.505
2019/01/22,-1.252
2019/01/23,11.159
2019/01/24,1.648
2019/01/25,7.098
2019/01/26,-16.11
2019/01/27,-3.808
2019/01/28,11.482
2019/01/29,23.328
2019/01/30,-0.432
2019/01/31,-12.386
2019/02/01,-9.994
2019/02/02,-16.242
2019/02/03,-24.648
2019/02/04,-26.034
2019/02/05,-10.264
2019/02/06,-2.642
2019/02/07,3.289
2019/02/08,18.127
2019/02/09,2.7
2019/02/10,-6.01
2019/02/11,-5.394
2019/02/12,8.699
2019/02/13,25.194
2019/02/14,8.135
2019/02/15,10.035
2019/02/16,-3.017
2019/02/17,-7.33
2019/02/18,19.328
2019/02/19,20.395
2019/02/20,16.211
2019/02/21,-16.966
2019/02/22,-7.909
2019/02/23,-6.756
2019/02/24,6.069
2019/02/25,-0.724
2019/02/26,9.599
2019/02/27,8.834
2019/02/28,4.857
2019/03/01,12.921
2019/03/02,-3.858
2019/03/03,-6.316
2019/03/04,-4.461
2019/03/05,12.154
2019/03/06,21.309
2019/03/07,3.107
2019/03/08,-3.524
2019/03/09,-0.145
2019/03/10,-19.441
2019/03/11,-9.532
2019/03/12,-0.52
2019/03/13,20.698
2019/03/14,9.003
2019/03/15,-3.918
2019/03/16,-15.562
2019/03/17,-12.237
2019/03/18,7.997
2019/03/19,32.792
2019/03/20,27.157
2019/03/21,-5.216
2019/03/22,-6.3
2019/03/23,-11.8
2019/03/24,-5.685
2019/03/25,18.041
2019/03/26,21.16
2019/03/27,15.788
2019/03/28,-8.258
2019/03/29,-4.272
2019/03/30,-1.94
2019/03/31,-7.604
2019/04/01,16.677
2019/04/02,43.071
2019/04/03,37.333
2019/04/04,-4.143
2019/04/05,-21.178
2019/04/06,-26.814
2019/04/07,-12.633
2019/04/08,3.727
2019/04/09,23.382
2019/04/10,5.709
2019/04/11,12.568
2019/04/12,18.705
2019/04/13,4.889
2019/04/14,-33.814
2019/04/15,-24.258
2019/04/16,-8.078
2019/04/17,24.349
2019/04/18,6.94
2019/04/19,20.954
2019/04/20,50.569
2019/04/21,7.274
2019/04/22,-3.973
2019/04/23,-18.813
2019/04/24,-1.993
2019/04/25,-5.026
2019/04/26,-17.395
2019/04/27,-22.131
2019/04/28,-17.396
2019/04/29,-5.531
2019/04/30,25.32
2019/05/01,25.867
2019/05/02,-6.507
2019/05/03,-10.416
2019/05/04,-20.198
2019/05/05,4.626
2019/05/06,1.5
2019/05/07,10.901
2019/05/08,6.88
2019/05/09,7.25
2019/05/10,12.054
2019/05/11,10.43
2019/05/12,-0.302
2019/05/13,8.94
2019/05/14,21.107
2019/05/15,30.567
2019/05/16,23.981
2019/05/17,-1.738
2019/05/18,-14.471
2019/05/19,-21.734
2019/05/20,-4.624
2019/05/21,13.404
2019/05/22,6.95
2019/05/23,0.863
2019/05/24,-1.571
2019/05/25,-1.533
2019/05/26,-5.76
2019/05/27,9.077
2019/05/28,10.02
2019/05/29,15.644
2019/05/30,-4.859
2019/05/31,10.925
2019/06/01,37.108
2019/06/02,5.927
2019/06/03,-10.291
2019/06/04,-26.972
2019/06/05,-14.5
2019/06/06,20.162
2019/06/07,-20.104
2019/06/08,-15.581
2019/06/09,-16.15
2019/06/10,11.781
2019/06/11,52.934
2019/06/12,58.211
2019/06/13,14.605
2019/06/14,-15.448
2019/06/15,-38.589
2019/06/16,37.002
2019/06/17,-8.973
2019/06/18,-0.28
2019/06/19,-34.559
2019/06/20,-5.332
2019/06/21,13.596
2019/06/22,12.318
2019/06/23,11.372
2019/06/24,-8.121
2019/06/25,-4.047
2019/06/26,19.933
2019/06/27,-0.624
2019/06/28,-9.447
2019/06/29,-23.406
2019/06/30,-22.119
2019/07/01,-3.111
2019/07/02,29.975
2019/07/03,34.664
2019/07/04,14.445
2019/07/05,-19.053
2019/07/06,-19.114
2019/07/07,-27.444
2019/07/08,-0.13
2019/07/09,19.121
2019/07/10,27.046
2019/07/11,-8.378
2019/07/12,-6.811
2019/07/13,-21.833
2019/07/14,-11.023
2019/07/15,-1.395
2019/07/16,-4.351
2019/07/17,16.679
2019/07/18,-9.498
2019/07/19,24.19
2019/07/20,-17.647
2019/07/21,-21.469
2019/07/22,-10.806
2019/07/23,0.363
2019/07/24,3.178
2019/07/25,-7.671
2019/07/26,10.357
2019/07/27,11.955
2019/07/28,2.368
2019/07/29,0.218
2019/07/30,26.318
2019/07/31,9.461
2019/08/01,-9.197
2019/08/02,-12.73
2019/08/03,-15.769
2019/08/04,-0.778
2019/08/05,13.916
2019/08/06,48.62
2019/08/07,19.588
2019/08/08,-7.59
2019/08/09,-8.072
2019/08/10,-1.441
2019/08/11,-14.576
2019/08/12,9.194
2019/08/13,2.155
2019/08/14,20.908
2019/08/15,-19.451
2019/08/16,4.331
2019/08/17,-18.621
2019/08/18,-7.734
2019/08/19,-4.36
2019/08/20,22.229
2019/08/21,22.435
2019/08/22,1.257
2019/08/23,3.495
2019/08/24,-6.654
2019/08/25,-7.572
2019/08/26,-1.775
2019/08/27,9.86
2019/08/28,7.786
2019/08/29,-3.574
2019/08/30,-8.089
2019/08/31,-8.489
2019/09/01,-10.75
2019/09/02,11.052
2019/09/03,15.087
2019/09/04,15.371
2019/09/05,5.019
2019/09/06,3.254
2019/09/07,-5.842
2019/09/08,-15.316
2019/09/09,1.641
2019/09/10,1.158
2019/09/11,5.003
2019/09/12,-5.628
2019/09/13,-8.333
2019/09/14,-8.975
2019/09/15,-9.458
2019/09/16,19.572
2019/09/17,11.975
2019/09/18,10.276
2019/09/19,-5.839
2019/09/20,2.602
2019/09/21,-21.13
2019/09/22,-25.521
2019/09/23,-24.788
2019/09/24,12.236
2019/09/25,12.356
2019/09/26,8.729
2019/09/27,-6.512
2019/09/28,-2.282
2019/09/29,-14.436
2019/09/30,3.869
2019/10/01,10.878
2019/10/02,22.489
2019/10/03,-12.025
2019/10/04,-16.443
2019/10/05,-10.886
2019/10/06,-0.649
2019/10/07,8.451
2019/10/08,9.837
2019/10/09,32.9
2019/10/10,17.342
2019/10/11,12.389
2019/10/12,-17.487
2019/10/13,-21.414
2019/10/14,-11.857
2019/10/15,6.863
2019/10/16,15.496
2019/10/17,1.109
2019/10/18,7.196
2019/10/19,-0.596
2019/10/20,-9.795
2019/10/21,-9.203
2019/10/22,1.42
2019/10/23,10.832
2019/10/24,-0.305
2019/10/25,4.716
2019/10/26,5.026
2019/10/27,-9.138
2019/10/28,-1.385
2019/10/29,-2.695
2019/10/30,12.899
2019/10/31,-2.669
2019/11/01,0.354
2019/11/02,-14.513
2019/11/03,-17.059
2019/11/04,-5.083
2019/11/05,29.82
2019/11/06,21.679
2019/11/07,43.841
2019/11/08,-8.795
2019/11/09,-14.912
2019/11/10,-31.814
2019/11/11,1.63
2019/11/12,27.887
2019/11/13,14.715
2019/11/14,-4.758
2019/11/15,-11.825
2019/11/16,-20.153
2019/11/17,-6.781
2019/11/18,4.226
2019/11/19,16.968
2019/11/20,5.574
2019/11/21,7.877
2019/11/22,16.807
2019/11/23,-8.906
2019/11/24,-27.884
2019/11/25,-13.035
2019/11/26,4.482
2019/11/27,13.799
2019/11/28,-14.078
2019/11/29,8.345
2019/11/30,-9.91
2019/12/01,-2.28
2019/12/02,6.378
2019/12/03,14.435
2019/12/04,9.725
2019/12/05,-12.943
2019/12/06,-4.671
2019/12/07,-23.195
2019/12/08,-29.651
2019/12/09,14.296
2019/12/10,27.791
2019/12/11,42.614
2019/12/12,-11.017
2019/12/13,-1.905
2019/12/14,-17.922
2019/12/15,-13.032
2019/12/16,3.585
2019/12/17,15.376
2019/12/18,19.982
2019/12/19,-2.428
2019/12/20,1.425
2019/12/21,-12.606
2019/12/22,-18.374
2019/12/23,1.92
2019/12/24,1.819
2019/12/25,5.139
2019/12/26,-5.276
2019/12/27,0.023
2019/12/28,-3.957
2019/12/29,-18.953
2019/12/30,8.849
2019/12/31,3.329
2020/01/01,-9.249
2020/01/02,-23.028
2020/01/03,6.79
2020/01/04,24.902
2020/01/05,6.649
2020/01/06,7.138
2020/01/07,13.832
2020/01/08,29.78
2020/01/09,4.916
2020/01/10,-4.314
2020/01/11,-17.88
2020/01/12,-22.932
2020/01/13,-6.167
2020/01/14,27.168
2020/01/15,43.517
2020/01/16,36.581
2020/01/17,-3.859
2020/01/18,-9.406
2020/01/19,-18.236
2020/01/20,-8.341
2020/01/21,-7.201
2020/01/22,-13.158
2020/01/23,1.915
2020/01/24,-20.547
2020/01/25,-25.207
2020/01/26,-34.567
2020/01/27,1.953
2020/01/28,29.242
2020/01/29,32.795
2020/01/30,10.819
2020/01/31,8.219
2020/02/01,-1.069
2020/02/02,-4.589
2020/02/03,17.75
2020/02/04,2.914
2020/02/05,26.602
2020/02/06,-3.656
2020/02/07,21.448
2020/02/08,10.01
2020/02/09,13.155
2020/02/10,3.491
2020/02/11,5.983
2020/02/12,24.218
2020/02/13,21.609
2020/02/14,1.607
2020/02/15,-18.33
2020/02/16,-17.468
2020/02/17,-3.784
2020/02/18,4.459
2020/02/19,3.254
2020/02/20,-5.054
2020/02/21,-3.592
2020/02/22,0.378
2020/02/23,7.831
2020/02/24,3.931
2020/02/25,-8.372
2020/02/26,-7.941
2020/02/27,-3.902
2020/02/28,9.225
2020/02/29,-7.028
2020/03/01,-20.44
2020/03/02,3.587
2020/03/03,-1.64
2020/03/04,16.195
2020/03/05,2.501
2020/03/06,7.557
2020/03/07,-7.92
2020/03/08,-19.7
2020/03/09,8.115
2020/03/10,10.381
2020/03/11,11.683
2020/03/12,-12.465
2020/03/13,11.104
2020/03/14,-0.605
2020/03/15,-1.382
2020/03/16,-2.341
2020/03/17,11.745
2020/03/18,34.431
2020/03/19,38.197
2020/03/20,21.816
2020/03/21,40.159
2020/03/22,-15.243
2020/03/23,1.32
2020/03/24,-24.085
2020/03/25,-6.453
2020/03/26,-7.252
2020/03/27,-4.053
2020/03/28,-16.326
2020/03/29,-27.204
2020/03/30,-16.011
2020/03/31,3.568
2020/04/01,12.171
2020/04/02,1.157
2020/04/03,4.435
2020/04/04,-9.631
2020/04/05,-17.552
2020/04/06,-0.501
2020/04/07,20.65
2020/04/08,66.504
2020/04/09,3.879
2020/04/10,-0.357
2020/04/11,-31.061
2020/04/12,-2.161
2020/04/13,8.871
2020/04/14,37.298
2020/04/15,16.152
2020/04/16,-2.879
2020/04/17,-8.866
2020/04/18,3.143
2020/04/19,5.261
2020/04/20,4.285
2020/04/21,-4.962
2020/04/22,-4.691
2020/04/23,-1.381
2020/04/24,7.857
2020/04/25,3.481
2020/04/26,-8.109
2020/04/27,-3.082
2020/04/28,5.922
2020/04/29,12.501
2020/04/30,5.166
2020/05/01,1.982
2020/05/02,-3.088
2020/05/03,0.741
2020/05/04,-7.928
2020/05/05,-7.847
2020/05/06,-5.629
2020/05/07,6.393
2020/05/08,9.832
2020/05/09,8.42
2020/05/10,2.074
2020/05/11,0.838
2020/05/12,-10.117
2020/05/13,-13.377
2020/05/14,-13.997
2020/05/15,0.417
2020/05/16,9.038
2020/05/17,1.757
2020/05/18,-1.522
2020/05/19,4.485
2020/05/20,6.715
2020/05/21,0.655
2020/05/22,0.381
2020/05/23,7.965
2020/05/24,-5.282
2020/05/25,-5.848
2020/05/26,-2.654
2020/05/27,12.225
2020/05/28,12.024
2020/05/29,19.098
2020/05/30,7.08
2020/05/31,-1.773
2020/06/01,-7.469
2020/06/02,11.8
2020/06/03,6.674
2020/06/04,3.763
2020/06/05,-12.687
2020/06/06,-10.523
2020/06/07,-19.943
2020/06/08,1.149
2020/06/09,18.205
2020/06/10,20.449
2020/06/11,2.367
2020/06/12,1.699
2020/06/13,1.462
2020/06/14,-6.993
2020/06/15,-6.525
2020/06/16,1.346
2020/06/17,7.451
2020/06/18,10.99
2020/06/19,3.358
2020/06/20,9.819
2020/06/21,-6.286
2020/06/22,5.821
2020/06/23,7.093
2020/06/24,7.167
2020/06/25,-2.327
2020/06/26,-4.619
2020/06/27,-0.031
2020/06/28,4.933
2020/06/29,19.748
2020/06/30,10.33
2020/07/01,3.771
2020/07/02,-11.265
2020/07/03,-8.26
2020/07/04,-5.138
2020/07/05,-16.754
2020/07/06,-3.236
2020/07/07,4.377
2020/07/08,17.307
2020/07/09,6.393
2020/07/10,-5.75
2020/07/11,-2.01
2020/07/12,-7.615
2020/07/13,8.57
2020/07/14,3.687
2020/07/15,17.731
2020/07/16,-7.02
2020/07/17,-5.624
2020/07/18,-18.205
2020/07/19,-3.196
2020/07/20,5.969
2020/07/21,1.283
2020/07/22,2.658
2020/07/23,-2.314
2020/07/24,4.276
2020/07/25,4.153
2020/07/26,0.828
2020/07/27,13.793
2020/07/28,18.458
2020/07/29,-0.921
2020/07/30,-4.269
2020/07/31,-13.234
2020/08/01,9.813
2020/08/02,0.603
2020/08/03,4.537
2020/08/04,2.417
2020/08/05,8.937
2020/08/06,6.94
2020/08/07,-3.649
2020/08/08,-7.77
2020/08/09,-17.041
2020/08/10,-9.935
2020/08/11,-9.445
2020/08/12,-23.339
2020/08/13,-13.404
2020/08/14,-5.902
2020/08/15,29.97
2020/08/16,13.346
2020/08/17,4.868
2020/08/18,-5.386
2020/08/19,-1.229
2020/08/20,0.568
2020/08/21,10.851
2020/08/22,-4.082
2020/08/23,3.218
2020/08/24,-4.396
2020/08/25,1.607
2020/08/26,-0.624
2020/08/27,-1.122
2020/08/28,-4.085
2020/08/29,-15.262
2020/08/30,-26.121
2020/08/31,-5.472
2020/09/01,-4.375
2020/09/02,5.308
2020/09/03,-9.07
2020/09/04,16.881
2020/09/05,-5.982
2020/09/06,6.823
2020/09/07,-8.404
2020/09/08,15.884
2020/09/09,-8.739
2020/09/10,-14.602
2020/09/11,-12.282
2020/09/12,-2.158
2020/09/13,-5.281
2020/09/14,0.698
2020/09/15,9.08
2020/09/16,7.577
2020/09/17,47.367
2020/09/18,27.083
2020/09/19,25.165
2020/09/20,-4.782
2020/09/21,-3.266
2020/09/22,-3.599
2020/09/23,-9.206
2020/09/24,-1.204
2020/09/25,-1.347
2020/09/26,-3.726
2020/09/27,-11.094
2020/09/28,2.044
2020/09/29,1.759
2020/09/30,3.61
2020/10/01,-1.613
2020/10/02,-4.992
2020/10/03,-10.393
2020/10/04,-3.816
2020/10/05,-8.38
2020/10/06,4.303
2020/10/07,2.351
2020/10/08,8.749
2020/10/09,10.103
2020/10/10,5.804
2020/10/11,4.569
2020/10/12,-0.739
2020/10/13,11.453
2020/10/14,10.454
2020/10/15,52.528
2020/10/16,23.045
2020/10/17,12.396
2020/10/18,-33.469
2020/10/19,-20.682
2020/10/20,-12.837
2020/10/21,12.538
2020/10/22,14.925
2020/10/23,12.638
2020/10/24,-4.654
2020/10/25,-24.678
2020/10/26,-13.518
2020/10/27,-4.882
2020/10/28,17.848
2020/10/29,-2.239
2020/10/30,2.306
2020/10/31,1.986
2020/11/01,4.34
2020/11/02,6.444
2020/11/03,-1.71
2020/11/04,25.082
2020/11/05,2.529
2020/11/06,12.863
2020/11/07,-8.449
2020/11/08,-5.625
2020/11/09,-4.715
2020/11/10,-4.948
2020/11/11,7.169
2020/11/12,-7.61
2020/11/13,1.274
2020/11/14,1.125
2020/11/15,-4.058
2020/11/16,-1.531
2020/11/17,-0.582
2020/11/18,3.945
2020/11/19,-1.482
2020/11/20,1.805
2020/11/21,14.028
2020/11/22,9.669
2020/11/23,4.675
2020/11/24,-3.928
2020/11/25,5.124
2020/11/26,-11.81
2020/11/27,2.731
2020/11/28,-12.656
2020/11/29,11.799
2020/11/30,-7.31
2020/12/01,3.315
2020/12/02,-12.965
2020/12/03,-4.727
2020/12/04,-4.942
2020/12/05,1.244
2020/12/06,-6.387
2020/12/07,-3.725
2020/12/08,-0.17
2020/12/09,4.85
2020/12/10,-4.375
2020/12/11,-0.327
2020/12/12,7.515
2020/12/13,18.009
2020/12/14,16.262
2020/12/15,3.519
2020/12/16,9.815
2020/12/17,14.59
2020/12/18,8.909
2020/12/19,0.683
2020/12/20,-24.711
2020/12/21,-17.965
2020/12/22,-18.99
2020/12/23,12.488
2020/12/24,3.969
2020/12/25,0.237
2020/12/26,-10.219
2020/12/27,1.366
2020/12/28,11.6
2020/12/29,7.657
2020/12/30,4.904
2020/12/31,-7.133
2021/01/01,2.13
2021/01/02,-8.019
2021/01/03,9.367
2021/01/04,2.605
2021/01/05,17.258
2021/01/06,10.121
2021/01/07,16.124
2021/01/08,5.059
2021/01/09,4.381
2021/01/10,-5.154
2021/01/11,-3.547
2021/01/12,-15.117
2021/01/13,-12.759
2021/01/14,-2.457
2021/01/15,12.033
2021/01/16,9.878
2021/01/17,-3.397
2021/01/18,-5.427
2021/01/19,-0.173
2021/01/20,5.043
2021/01/21,-9.37
2021/01/22,-12.667
2021/01/23,-6.746
2021/01/24,0.329
2021/01/25,2.453
2021/01/26,3.525
2021/01/27,-6.435
2021/01/28,3.134
2021/01/29,6.83
2021/01/30,18.467
2021/01/31,0.272
2021/02/01,-6.2
2021/02/02,-0.272
2021/02/03,11.064
2021/02/04,3.751
2021/02/05,-2.743
2021/02/06,-9.368
2021/02/07,-4.683
2021/02/08,2.217
2021/02/09,5.574
2021/02/10,3.645
2021/02/11,3.305
2021/02/12,0.435
2021/02/13,-3.543
2021/02/14,-9.596
2021/02/15,-11.759
2021/02/16,1.789
2021/02/17,7.027
2021/02/18,11.947
2021/02/19,8.332
2021/02/20,6.164
2021/02/21,0.163
2021/02/22,-10.231
2021/02/23,-14.224
2021/02/24,-1.48
2021/02/25,0.881
2021/02/26,10.288
2021/02/27,-0.592
2021/02/28,-2.066
2021/03/01,-0.885
2021/03/02,5.521
2021/03/03,1.515
2021/03/04,-0.261
2021/03/05,-14.235
2021/03/06,-3.264
2021/03/07,-12.58
2021/03/08,5.921
2021/03/09,10.363
2021/03/10,21.568
2021/03/11,10.097
2021/03/12,3.432
2021/03/13,-3.064
2021/03/14,-0.161
2021/03/15,-2.356
2021/03/16,-0.001
2021/03/17,-5.147
2021/03/18,-4.581
2021/03/19,1.184
2021/03/20,2.263
2021/03/21,-4.215
2021/03/22,-5.686
2021/03/23,5.895
2021/03/24,9.727
2021/03/25,10.715
2021/03/26,-0.248
2021/03/27,-1.541
2021/03/28,-9.208
2021/03/29,-3.573
2021/03/30,-0.741
2021/03/31,4.362
2021/04/01,4.718
2021/04/02,15.665
2021/04/03,2.122
2021/04/04,-6.1
2021/04/05,-11.293
2021/04/06,3.895
2021/04/07,2.946
2021/04/08,1.739
2021/04/09,-2.433
2021/04/10,7.492
2021/04/11,1.06
2021/04/12,7.568
2021/04/13,-0.153
2021/04/14,10.861
2021/04/15,-11.865
2021/04/16,6.615
2021/04/17,-0.456
2021/04/18,11.155
2021/04/19,2.988
2021/04/20,6.672
2021/04/21,21.379
2021/04/22,11.248
2021/04/23,2.681
2021/04/24,-2.7
2021/04/25,4.154
2021/04/26,6.568
2021/04/27,-0.576
2021/04/28,-7.214
2021/04/29,-2.845
2021/04/30,-5.251
2021/05/01,1.257
2021/05/02,-11.276
2021/05/03,0.852
2021/05/04,-0.391
2021/05/05,12.016
2021/05/06,5.937
2021/05/07,-2.184
2021/05/08,-4.934
2021/05/09,9.468
2021/05/10,-3.566
2021/05/11,-1.062
2021/05/12,-16.362
2021/05/13,11.295
2021/05/14,8.431
2021/05/15,4.894
2021/05/16,-13.032
2021/05/17,-9.276
2021/05/18,-7.994
2021/05/19,-10.577
2021/05/20,0.045
2021/05/21,-1.502
2021/05/22,-6.942
2021/05/23,-23.337
2021/05/24,-9.25
2021/05/25,9.642
2021/05/26,18.195
2021/05/27,11.798
2021/05/28,-4.152
2021/05/29,3.524
2021/05/30,1.588
2021/05/31,6.534
2021/06/01,-4.473
2021/06/02,-3.091
2021/06/03,10.813
2021/06/04,11.227
2021/06/05,1.337
2021/06/06,-8.81
2021/06/07,-10.51
2021/06/08,-13.847
2021/06/09,-10.822
2021/06/10,-6.829
2021/06/11,-3.328
2021/06/12,-2.436
2021/06/13,5.833
2021/06/14,6.24
2021/06/15,5.105
2021/06/16,-4.547
2021/06/17,-4.896
2021/06/18,-8.372
2021/06/19,-15.733
2021/06/20,-9.307
2021/06/21,-0.17
2021/06/22,18.253
2021/06/23,17.725
2021/06/24,13.943
2021/06/25,2.724
2021/06/26,-3.115
2021/06/27,-12.697
2021/06/28,2.303
2021/06/29,10.69
2021/06/30,13.498
2021/07/01,1.245
2021/07/02,-7.58
2021/07/03,-11.26
2021/07/04,-12.997
2021/07/05,-4.161
2021/07/06,2.569
2021/07/07,5.114
2021/07/08,-1.023
2021/07/09,0.574
2021/07/10,-8.394
2021/07/11,-6.813
2021/07/12,-3.746
2021/07/13,1.461
2021/07/14,3.598
2021/07/15,4.293
2021/07/16,2.729
2021/07/17,-0.418
2021/07/18,-7.433
2021/07/19,0.907
2021/07/20,3.913
2021/07/21,11.109
2021/07/22,4.664
2021/07/23,5.141
2021/07/24,7.578
2021/07/25,-4.216
2021/07/26,1.23
2021/07/27,-1.373
2021/07/28,12.9
2021/07/29,5.152
2021/07/30,0.624
2021/07/31,-3.298
2021/08/01,-7.879
2021/08/02,3.897
2021/08/03,-5.305
2021/08/04,-1.945
2021/08/05,-17.958
2021/08/06,-0.032
2021/08/07,-4.031
2021/08/08,3.862
2021/08/09,-5.459
2021/08/10,-0.527
2021/08/11,-0.38
2021/08/12,-1.371
2021/08/13,-1.55
2021/08/14,-5.981
2021/08/15,-4.259
2021/08/16,7.944
2021/08/17,9.168
2021/08/18,6.474
2021/08/19,4.981
2021/08/20,6.323
2021/08/21,3.941
2021/08/22,-11.349
2021/08/23,-7.04
2021/08/24,-6.68
2021/08/25,-8.837
2021/08/26,-10.029
2021/08/27,-9.834
2021/08/28,3.152
2021/08/29,-0.168
2021/08/30,8.287
2021/08/31,6.382
2021/09/01,9.536
2021/09/02,9.428
2021/09/03,-6.061
2021/09/04,-6.047
2021/09/05,-11.915
2021/09/06,3.583
2021/09/07,11.593
2021/09/08,3.927
2021/09/09,1.779
2021/09/10,3.915
2021/09/11,36.339
2021/09/12,14.43
2021/09/13,19.89
2021/09/14,-13.843
2021/09/15,-1.613
2021/09/16,-20.026
2021/09/17,-7.439
2021/09/18,-7.697
2021/09/19,-6.277
2021/09/20,-10.908
2021/09/21,-0.717
2021/09/22,3.586
2021/09/23,10.728
2021/09/24,-7.024
2021/09/25,-2.908
2021/09/26,-12.76
2021/09/27,-1.678
2021/09/28,-10.058
2021/09/29,5.82
2021/09/30,-2.45
2021/10/01,10.985
2021/10/02,4.12
2021/10/03,7.807
2021/10/04,-9.849
2021/10/05,8.624
2021/10/06,13.45
2021/10/07,37.982
2021/10/08,10.21
2021/10/09,-1.072
2021/10/10,-16.593
2021/10/11,-10.841
2021/10/12,-4.711
2021/10/13,-3.505
2021/10/14,0.202
2021/10/15,2.385
2021/10/16,8.825
2021/10/17,0.438
2021/10/18,0.557
2021/10/19,5.217
2021/10/20,12.584
2021/10/21,9.348
2021/10/22,2.581
2021/10/23,3.428
2021/10/24,0.589
2021/10/25,-1.388
2021/10/26,-4.443
2021/10/27,-2.221
2021/10/28,18.584
2021/10/29,12.931
2021/10/30,4.087
2021/10/31,-15.684
2021/11/01,-9.429
2021/11/02,5.884
2021/11/03,13.487
2021/11/04,4.588
2021/11/05,-4.843
2021/11/06,-10.568
2021/11/07,-4.832
2021/11/08,2.296
2021/11/09,0.953
2021/11/10,10.537
2021/11/11,3.357
2021/11/12,8.803
2021/11/13,-3.906
2021/11/14,-0.965
2021/11/15,-10.588
2021/11/16,-8.497
2021/11/17,10.732
2021/11/18,-1.355
2021/11/19,1.706
2021/11/20,-27.473
2021/11/21,6.794
2021/11/22,-12.944
2021/11/23,7.536
2021/11/24,-4.772
2021/11/25,9.061
2021/11/26,4.118
2021/11/27,-10.691
2021/11/28,-12.026
2021/11/29,-1.543
2021/11/30,13.739
2021/12/01,8.804
2021/12/02,2.478
2021/12/03,-9.385
2021/12/04,-5.777
2021/12/05,56.818
2021/12/06,5.69
2021/12/07,10.379
2021/12/08,-30.47
2021/12/09,2.712
2021/12/10,3.773
2021/12/11,-13.132
2021/12/12,-3.671
2021/12/13,-0.636
2021/12/14,2.747
2021/12/15,2.479
2021/12/16,-0.214
2021/12/17,4.472
2021/12/18,-6.771
2021/12/19,-7.272
2021/12/20,-4.595
2021/12/21,0.14
2021/12/22,13.387
2021/12/23,1.373
2021/12/24,17.784
2021/12/25,4.526
2021/12/26,-0.411
2021/12/27,-9.924
2021/12/28,-12.362
2021/12/29,-5.958
2021/12/30,1.159
2021/12/31,-3.124
2022/01/01,4.541
2022/01/02,-13.653
2022/01/03,-1.719
2022/01/04,-1.726
2022/01/05,10.825
2022/01/06,5.031
2022/01/07,-0.765
2022/01/08,-1.769
2022/01/09,-14.213
2022/01/10,-11.279
2022/01/11,1.835
2022/01/12,29.429
2022/01/13,26.204
2022/01/14,2.621
2022/01/15,-8.622
2022/01/16,-9.819
2022/01/17,-2.199
2022/01/18,-5.247
2022/01/19,0.673
2022/01/20,-0.053
2022/01/21,-6.635
2022/01/22,-4.031
2022/01/23,-9.93
2022/01/24,-0.361
2022/01/25,-4.034
2022/01/26,-0.329
2022/01/27,-3.405
2022/01/28,0.228
2022/01/29,3.058
2022/01/30,11.539
2022/01/31,7.359
2022/02/01,6.307
2022/02/02,-1.608
2022/02/03,-7.582
2022/02/04,3.386
2022/02/05,16.587
2022/02/06,16.144
2022/02/07,-2.405
2022/02/08,-8.42
2022/02/09,-2.327
2022/02/10,7.954
2022/02/11,4.233
2022/02/12,-0.092
2022/02/13,0.26
2022/02/14,-0.268
2022/02/15,-0.847
2022/02/16,-9.485
2022/02/17,-9.88
2022/02/18,-15.306
2022/02/19,-2.067
2022/02/20,2.895
2022/02/21,1.582
2022/02/22,-3.747
2022/02/23,-2.819
2022/02/24,11.108
2022/02/25,10.942
2022/02/26,13.873
2022/02/27,2.814
2022/02/28,-5.081
2022/03/01,-6.445
2022/03/02,6.214
2022/03/03,10.113
2022/03/04,1.864
2022/03/05,-8.081
2022/03/06,-1.981
2022/03/07,0.431
2022/03/08,21.415
2022/03/09,10.564
2022/03/10,28.135
2022/03/11,-13.132
2022/03/12,-6.236
2022/03/13,-26.533
2022/03/14,-5.361
2022/03/15,8.092
2022/03/16,33.917
2022/03/17,2.915
2022/03/18,14.966
2022/03/19,-18.246
2022/03/20,3.224
2022/03/21,-14.557
2022/03/22,14.975
2022/03/23,3.993
2022/03/24,-8.854
2022/03/25,-16.474
2022/03/26,-1.716
2022/03/27,-0.673
2022/03/28,1.44
2022/03/29,-1.94
2022/03/30,-2.452
2022/03/31,-3.477
2022/04/01,-7.892
2022/04/02,-9.88
2022/04/03,-14.029
2022/04/04,-11.785
2022/04/05,-1.762
2022/04/06,5.144
2022/04/07,5.446
2022/04/08,-0.957
2022/04/09,5.371
2022/04/10,7.539
2022/04/11,5.263
2022/04/12,-6.691
2022/04/13,-12.471
2022/04/14,4.188
2022/04/15,5.159
2022/04/16,11.138
2022/04/17,-6.91
2022/04/18,-0.38
2022/04/19,26.272
2022/04/20,35.03
2022/04/21,-2.396
2022/04/22,-17.092
2022/04/23,-23.962
2022/04/24,6.203
2022/04/25,-2.231
2022/04/26,3.8
2022/04/27,1.32
2022/04/28,2.74
2022/04/29,1.393
2022/04/30,2.958
2022/05/01,-11.588
2022/05/02,-13.422
2022/05/03,-18.26
2022/05/04,6.866
2022/05/05,23.603
2022/05/06,13.593
2022/05/07,-1.274
2022/05/08,-5.118
2022/05/09,4.106
2022/05/10,9.734
2022/05/11,-11.931
2022/05/12,21.254
2022/05/13,24.939
2022/05/14,12.083
2022/05/15,-19.722
2022/05/16,-20.447
2022/05/17,-1.038
2022/05/18,16.87
2022/05/19,-4.925
2022/05/20,-4.021
2022/05/21,-13.355
2022/05/22,-4.588
2022/05/23,-2.493
2022/05/24,-2.225
2022/05/25,-3.78
2022/05/26,-11.738
2022/05/27,-10.878
2022/05/28,8.864
2022/05/29,15.527
2022/05/30,-5.831
2022/05/31,1.014
2022/06/01,-6.952
2022/06/02,-2.509
2022/06/03,-18.295
2022/06/04,-10.756
2022/06/05,-2.422
2022/06/06,4.534
2022/06/07,3.642
2022/06/08,-0.968
2022/06/09,-2.667
2022/06/10,11.053
2022/06/11,15.39
2022/06/12,-0.216
2022/06/13,-9.339
2022/06/14,-6.527
2022/06/15,0.969
2022/06/16,12.254
2022/06/17,18.909
2022/06/18,1.825
2022/06/19,-5.513
2022/06/20,-11.026
2022/06/21,1.817
2022/06/22,-3.444
2022/06/23,-5.289
2022/06/24,2.433
2022/06/25,-9.738
2022/06/26,-12.228
2022/06/27,-3.145
2022/06/28,5.422
2022/06/29,10.217
2022/06/30,-3.467
2022/07/01,21.195
2022/07/02,27.504
2022/07/03,14.177
2022/07/04,-2.942
2022/07/05,-7.762
2022/07/06,2.259
2022/07/07,5.57
2022/07/08,2.184
2022/07/09,2.195
2022/07/10,0.363
2022/07/11,-4.936
2022/07/12,-6.012
2022/07/13,2.533
2022/07/14,17.008
2022/07/15,25.094
2022/07/16,23.371
2022/07/17,10.035
2022/07/18,-11.04
2022/07/19,-21.421
2022/07/20,-12.905
2022/07/21,4.007
2022/07/22,12.928
2022/07/23,-0.226
2022/07/24,-5.968
2022/07/25,18.212
2022/07/26,148.885
2022/07/27,7.711
2022/07/28,-22.663
2022/07/29,-56.763
2022/07/30,3.195
2022/07/31,8.877
2022/08/01,33.387
2022/08/02,0.862
2022/08/03,6.83
2022/08/04,29.05
2022/08/05,2.871
2022/08/06,-1.303
2022/08/07,-38.426
2022/08/08,-9.639
2022/08/09,-14.6
2022/08/10,-13.105
2022/08/11,-10.55
2022/08/12,2.44
2022/08/13,0.629
2022/08/14,5.609
2022/08/15,-7.161
2022/08/16,-0.436
2022/08/17,5.024
2022/08/18,12.002
2022/08/19,-5.402
2022/08/20,-8.832
2022/08/21,-5.477
2022/08/22,-3.853
2022/08/23,-1.281
2022/08/24,-6.813
2022/08/25,5.488
2022/08/26,-1.774
2022/08/27,1.774
2022/08/28,-5.567
2022/08/29,-1.76
2022/08/30,-9.035
2022/08/31,-5.767
2022/09/01,3.203
2022/09/02,14.235
2022/09/03,21.153
2022/09/04,30.876
2022/09/05,4.81
2022/09/06,-8.162
2022/09/07,-25.693
2022/09/08,-6.076
2022/09/09,4.515
2022/09/10,5.404
2022/09/11,-3.575
2022/09/12,-9.441
2022/09/13,2.754
2022/09/14,10.34
2022/09/15,24.719
2022/09/16,19.665
2022/09/17,45.054
2022/09/18,-7.656
2022/09/19,-15.786
2022/09/20,-33.707
2022/09/21,-9.297
2022/09/22,1.278
2022/09/23,4.833
2022/09/24,19.097
2022/09/25,3.048
2022/09/26,0.047
2022/09/27,5.192
2022/09/28,-8.307
2022/09/29,-3.101
2022/09/30,-17.186
2022/10/01,2.008
2022/10/02,-5.716
2022/10/03,-8.497
2022/10/04,-1.943
2022/10/05,5.497
2022/10/06,23.245
2022/10/07,15.332
2022/10/08,18.39
2022/10/09,12.728
2022/10/10,12.685
2022/10/11,-1.899
2022/10/12,-13.257
2022/10/13,-19.048
2022/10/14,-18.886
2022/10/15,-4.775
2022/10/16,-6.656
2022/10/17,-5.548
2022/10/18,-18.838
2022/10/19,-5.239
2022/10/20,9.13
2022/10/21,15.427
2022/10/22,-1.89
2022/10/23,-7.514
2022/10/24,-4.44
2022/10/25,4.073
2022/10/26,8.497
2022/10/27,8.845
2022/10/28,-1.037
2022/10/29,-9.637
2022/10/30,-13.324
2022/10/31,3.118
2022/11/01,7.359
2022/11/02,-2.772
2022/11/03,1.889
2022/11/04,-11.832
2022/11/05,2.189
2022/11/06,-14.178
2022/11/07,10.916
2022/11/08,1.091
2022/11/09,19.424
2022/11/10,-3.197
2022/11/11,0.1
2022/11/12,-8.808
2022/11/13,-9.157
2022/11/14,3.389
2022/11/15,11.656
2022/11/16,16.237
2022/11/17,10.408
2022/11/18,-3.996
2022/11/19,-10.609
2022/11/20,-22.135
2022/11/21,-15.471
2022/11/22,-5.798
2022/11/23,13.064
2022/11/24,23.184
2022/11/25,28.318
2022/11/26,7.195
2022/11/27,-10.486
2022/11/28,9.304
2022/11/29,5.058
