Date,sentinusd7rsiUSD
2016/01/01,54.879
2016/01/02,49.5
2016/01/03,56.519
2016/01/04,43.27
2016/01/05,73
2016/01/06,47.507
2016/01/07,50.02
2016/01/08,45.798
2016/01/09,46.801
2016/01/10,44.478
2016/01/11,57.558
2016/01/12,70.899
2016/01/13,50.715
2016/01/14,48.397
2016/01/15,63.855
2016/01/16,53.024
2016/01/17,47.904
2016/01/18,76.756
2016/01/19,56.648
2016/01/20,48.588
2016/01/21,47.403
2016/01/22,54.141
2016/01/23,59.744
2016/01/24,73.292
2016/01/25,76.752
2016/01/26,62.757
2016/01/27,54.794
2016/01/28,49.169
2016/01/29,47.982
2016/01/30,51.472
2016/01/31,52.794
2016/02/01,39.275
2016/02/02,40.004
2016/02/03,41.892
2016/02/04,34.809
2016/02/05,44.864
2016/02/06,35.823
2016/02/07,57.055
2016/02/08,70.521
2016/02/09,74.406
2016/02/10,83.055
2016/02/11,83.949
2016/02/12,89.438
2016/02/13,53.52
2016/02/14,46.437
2016/02/15,44.675
2016/02/16,54.147
2016/02/17,42.346
2016/02/18,48.268
2016/02/19,40.52
2016/02/20,52.32
2016/02/21,42.205
2016/02/22,49.46
2016/02/23,62.228
2016/02/24,68.847
2016/02/25,49.613
2016/02/26,73.901
2016/02/27,55.818
2016/02/28,45.346
2016/02/29,44.821
2016/03/01,50.98
2016/03/02,69.621
2016/03/03,57.655
2016/03/04,51.643
2016/03/05,65.524
2016/03/06,51.945
2016/03/07,49.675
2016/03/08,54.369
2016/03/09,46.152
2016/03/10,44.434
2016/03/11,45.014
2016/03/12,55.765
2016/03/13,63.558
2016/03/14,55.167
2016/03/15,48.744
2016/03/16,46.765
2016/03/17,53.767
2016/03/18,58.224
2016/03/19,39.811
2016/03/20,37.443
2016/03/21,43.434
2016/03/22,41.37
2016/03/23,39.964
2016/03/24,47.299
2016/03/25,40.391
2016/03/26,37.321
2016/03/27,53.043
2016/03/28,47.36
2016/03/29,56.396
2016/03/30,58.024
2016/03/31,48.105
2016/04/01,39.452
2016/04/02,39.272
2016/04/03,36.644
2016/04/04,42.716
2016/04/05,48.454
2016/04/06,45.917
2016/04/07,49.367
2016/04/08,44.037
2016/04/09,60.875
2016/04/10,54.49
2016/04/11,43.537
2016/04/12,51.241
2016/04/13,51.892
2016/04/14,49.268
2016/04/15,41.626
2016/04/16,38.503
2016/04/17,51.366
2016/04/18,46.226
2016/04/19,40.803
2016/04/20,47.947
2016/04/21,42.817
2016/04/22,49.898
2016/04/23,56.396
2016/04/24,41.29
2016/04/25,49.123
2016/04/26,57.067
2016/04/27,49.265
2016/04/28,48.766
2016/04/29,44.782
2016/04/30,76.695
2016/05/01,60.664
2016/05/02,64.386
2016/05/03,54.719
2016/05/04,49.173
2016/05/05,49.287
2016/05/06,64.119
2016/05/07,53.09
2016/05/08,51.343
2016/05/09,60.677
2016/05/10,60.902
2016/05/11,73.057
2016/05/12,76.028
2016/05/13,91.832
2016/05/14,66.884
2016/05/15,42.921
2016/05/16,43.182
2016/05/17,43.114
2016/05/18,48.363
2016/05/19,56.176
2016/05/20,52.961
2016/05/21,41.623
2016/05/22,39.457
2016/05/23,45.922
2016/05/24,49.984
2016/05/25,48.675
2016/05/26,44.247
2016/05/27,56.121
2016/05/28,51.883
2016/05/29,41.34
2016/05/30,41.847
2016/05/31,42.986
2016/06/01,40.438
2016/06/02,36.526
2016/06/03,39.31
2016/06/04,36.782
2016/06/05,36.664
2016/06/06,37.653
2016/06/07,53.355
2016/06/08,72.209
2016/06/09,43.087
2016/06/10,48.912
2016/06/11,44.196
2016/06/12,53.03
2016/06/13,56.179
2016/06/14,61.499
2016/06/15,50.991
2016/06/16,61.42
2016/06/17,79.789
2016/06/18,73.58
2016/06/19,46.03
2016/06/20,50.241
2016/06/21,45.728
2016/06/22,50.18
2016/06/23,46.69
2016/06/24,42.475
2016/06/25,44.23
2016/06/26,38.647
2016/06/27,39.019
2016/06/28,49.689
2016/06/29,45.591
2016/06/30,41.884
2016/07/01,41.564
2016/07/02,37.229
2016/07/03,38.073
2016/07/04,48.93
2016/07/05,69.362
2016/07/06,45.911
2016/07/07,45.022
2016/07/08,43.034
2016/07/09,42.456
2016/07/10,43.361
2016/07/11,45.156
2016/07/12,46.065
2016/07/13,47.314
2016/07/14,48.18
2016/07/15,79.624
2016/07/16,46.045
2016/07/17,45.697
2016/07/18,60.178
2016/07/19,80.221
2016/07/20,86.397
2016/07/21,45.475
2016/07/22,49.112
2016/07/23,48.516
2016/07/24,68.329
2016/07/25,60.096
2016/07/26,72.854
2016/07/27,56.072
2016/07/28,48.824
2016/07/29,45.472
2016/07/30,43.118
2016/07/31,42.662
2016/08/01,46.198
2016/08/02,53.377
2016/08/03,49.642
2016/08/04,41.878
2016/08/05,43.37
2016/08/06,38.608
2016/08/07,39.631
2016/08/08,39.769
2016/08/09,44.654
2016/08/10,51.897
2016/08/11,47.679
2016/08/12,41.714
2016/08/13,40.526
2016/08/14,38.885
2016/08/15,37.978
2016/08/16,35.755
2016/08/17,42.098
2016/08/18,38.862
2016/08/19,37.885
2016/08/20,43.37
2016/08/21,58.691
2016/08/22,48.741
2016/08/23,61.712
2016/08/24,42.183
2016/08/25,41.893
2016/08/26,48.62
2016/08/27,43.042
2016/08/28,42.218
2016/08/29,45.121
2016/08/30,42.849
2016/08/31,45.436
2016/09/01,55.157
2016/09/02,52.424
2016/09/03,46.659
2016/09/04,49.177
2016/09/05,41.778
2016/09/06,43.897
2016/09/07,42.838
2016/09/08,52.603
2016/09/09,41.735
2016/09/10,41.512
2016/09/11,45.173
2016/09/12,46.752
2016/09/13,47.783
2016/09/14,43.209
2016/09/15,40.358
2016/09/16,70.032
2016/09/17,46.569
2016/09/18,56.208
2016/09/19,47.942
2016/09/20,71.298
2016/09/21,73.251
2016/09/22,50.229
2016/09/23,51.635
2016/09/24,45.655
2016/09/25,54.91
2016/09/26,46.474
2016/09/27,44.173
2016/09/28,55.96
2016/09/29,52.206
2016/09/30,42.433
2016/10/01,41.73
2016/10/02,51.674
2016/10/03,41.635
2016/10/04,42.716
2016/10/05,46.579
2016/10/06,45.157
2016/10/07,45.047
2016/10/08,46.349
2016/10/09,64.365
2016/10/10,63.037
2016/10/11,58.666
2016/10/12,62.229
2016/10/13,40.809
2016/10/14,58.001
2016/10/15,44.243
2016/10/16,48.542
2016/10/17,50.812
2016/10/18,60.955
2016/10/19,43.718
2016/10/20,41.185
2016/10/21,40.346
2016/10/22,39.319
2016/10/23,38.627
2016/10/24,42.203
2016/10/25,48.837
2016/10/26,46.312
2016/10/27,46.099
2016/10/28,56.358
2016/10/29,59.75
2016/10/30,66.725
2016/10/31,47.377
2016/11/01,64.445
2016/11/02,73.793
2016/11/03,87.972
2016/11/04,44.498
2016/11/05,43.556
2016/11/06,42.414
2016/11/07,43.006
2016/11/08,43.181
2016/11/09,50.6
2016/11/10,45.369
2016/11/11,58.508
2016/11/12,46.326
2016/11/13,46.417
2016/11/14,43.025
2016/11/15,46.158
2016/11/16,46.549
2016/11/17,59.191
2016/11/18,46.148
2016/11/19,44.972
2016/11/20,43.697
2016/11/21,43.876
2016/11/22,58.233
2016/11/23,56.781
2016/11/24,44.307
2016/11/25,49.418
2016/11/26,43.7
2016/11/27,43.622
2016/11/28,44.239
2016/11/29,48.844
2016/11/30,47.817
2016/12/01,46.241
2016/12/02,65.799
2016/12/03,73.294
2016/12/04,47.272
2016/12/05,56.827
2016/12/06,65.724
2016/12/07,48.722
2016/12/08,50.183
2016/12/09,50.086
2016/12/10,43.28
2016/12/11,47.046
2016/12/12,41.653
2016/12/13,42.11
2016/12/14,41.68
2016/12/15,51.587
2016/12/16,45.168
2016/12/17,58.333
2016/12/18,50.687
2016/12/19,44.435
2016/12/20,44.356
2016/12/21,51.488
2016/12/22,61.303
2016/12/23,74.543
2016/12/24,47.741
2016/12/25,41.983
2016/12/26,40.985
2016/12/27,44.881
2016/12/28,54.008
2016/12/29,64.487
2016/12/30,55.33
2016/12/31,67.83
2017/01/01,45.491
2017/01/02,49.992
2017/01/03,59.795
2017/01/04,71.338
2017/01/05,71.99
2017/01/06,65.047
2017/01/07,48.712
2017/01/08,41.652
2017/01/09,51.252
2017/01/10,52.004
2017/01/11,51.247
2017/01/12,49.422
2017/01/13,39.149
2017/01/14,32.985
2017/01/15,31.69
2017/01/16,33.558
2017/01/17,40.804
2017/01/18,36.813
2017/01/19,38.268
2017/01/20,54.407
2017/01/21,41.623
2017/01/22,41.992
2017/01/23,41.189
2017/01/24,40.327
2017/01/25,42.379
2017/01/26,44.236
2017/01/27,43.592
2017/01/28,37.993
2017/01/29,43.375
2017/01/30,40.716
2017/01/31,52.402
2017/02/01,52.382
2017/02/02,51.443
2017/02/03,60.31
2017/02/04,64.13
2017/02/05,40.782
2017/02/06,53.038
2017/02/07,51.445
2017/02/08,49.569
2017/02/09,52.286
2017/02/10,58.732
2017/02/11,43.017
2017/02/12,49.585
2017/02/13,49.372
2017/02/14,79.311
2017/02/15,83.544
2017/02/16,55.292
2017/02/17,57.126
2017/02/18,54.44
2017/02/19,53.958
2017/02/20,55.378
2017/02/21,69.307
2017/02/22,53.302
2017/02/23,52.348
2017/02/24,72.96
2017/02/25,53.476
2017/02/26,58.939
2017/02/27,80.196
2017/02/28,85.043
2017/03/01,85.968
2017/03/02,92.628
2017/03/03,92.992
2017/03/04,59.052
2017/03/05,52.452
2017/03/06,67.703
2017/03/07,52.17
2017/03/08,52.594
2017/03/09,59.498
2017/03/10,57.49
2017/03/11,65.732
2017/03/12,80.169
2017/03/13,75.795
2017/03/14,44.593
2017/03/15,45.832
2017/03/16,81.777
2017/03/17,58.437
2017/03/18,62.644
2017/03/19,42.722
2017/03/20,45.022
2017/03/21,52.668
2017/03/22,49.978
2017/03/23,50.355
2017/03/24,58.248
2017/03/25,53.387
2017/03/26,48.537
2017/03/27,51.423
2017/03/28,51.08
2017/03/29,57.603
2017/03/30,65.65
2017/03/31,55.768
2017/04/01,44.467
2017/04/02,55.726
2017/04/03,56.491
2017/04/04,40.096
2017/04/05,48.319
2017/04/06,55.875
2017/04/07,38.496
2017/04/08,41.607
2017/04/09,41.488
2017/04/10,45.082
2017/04/11,45.126
2017/04/12,44.036
2017/04/13,40.678
2017/04/14,44.969
2017/04/15,35.936
2017/04/16,32.278
2017/04/17,34.908
2017/04/18,56.277
2017/04/19,59.638
2017/04/20,62.229
2017/04/21,50.564
2017/04/22,47.701
2017/04/23,47.871
2017/04/24,54.935
2017/04/25,51.639
2017/04/26,64.653
2017/04/27,76.493
2017/04/28,78.807
2017/04/29,79.347
2017/04/30,83.942
2017/05/01,92.276
2017/05/02,71.278
2017/05/03,74.705
2017/05/04,77.988
2017/05/05,80.834
2017/05/06,51.758
2017/05/07,61.282
2017/05/08,57.667
2017/05/09,54.754
2017/05/10,54.355
2017/05/11,64.162
2017/05/12,50.594
2017/05/13,39.495
2017/05/14,38.472
2017/05/15,51.676
2017/05/16,60.94
2017/05/17,43.79
2017/05/18,37.55
2017/05/19,54.775
2017/05/20,46.062
2017/05/21,55.016
2017/05/22,77.275
2017/05/23,56.486
2017/05/24,58.652
2017/05/25,57.647
2017/05/26,58.532
2017/05/27,44.558
2017/05/28,43.125
2017/05/29,45.904
2017/05/30,54.856
2017/05/31,75.227
2017/06/01,58.386
2017/06/02,57.498
2017/06/03,55.11
2017/06/04,53.659
2017/06/05,62.374
2017/06/06,69.753
2017/06/07,61.977
2017/06/08,53.357
2017/06/09,56.446
2017/06/10,45.662
2017/06/11,54.295
2017/06/12,80.191
2017/06/13,68.754
2017/06/14,49.317
2017/06/15,57.08
2017/06/16,54.908
2017/06/17,42.217
2017/06/18,41.258
2017/06/19,44.611
2017/06/20,52.166
2017/06/21,36.772
2017/06/22,41.691
2017/06/23,45.357
2017/06/24,47.274
2017/06/25,35.444
2017/06/26,45.627
2017/06/27,46.235
2017/06/28,47.642
2017/06/29,50.455
2017/06/30,46.402
2017/07/01,42.6
2017/07/02,38.543
2017/07/03,69.83
2017/07/04,60.403
2017/07/05,41.774
2017/07/06,43.728
2017/07/07,44.365
2017/07/08,41.678
2017/07/09,36.746
2017/07/10,48.364
2017/07/11,49.056
2017/07/12,49.823
2017/07/13,62.668
2017/07/14,64.822
2017/07/15,60.585
2017/07/16,55.212
2017/07/17,54.468
2017/07/18,65.462
2017/07/19,63.393
2017/07/20,54.687
2017/07/21,56.868
2017/07/22,29.406
2017/07/23,34.968
2017/07/24,57.178
2017/07/25,58.058
2017/07/26,50.166
2017/07/27,53.317
2017/07/28,57.16
2017/07/29,51.347
2017/07/30,41.423
2017/07/31,34.907
2017/08/01,38.507
2017/08/02,37.911
2017/08/03,35.662
2017/08/04,36.485
2017/08/05,42.979
2017/08/06,44.378
2017/08/07,49.834
2017/08/08,56.646
2017/08/09,59.967
2017/08/10,82.782
2017/08/11,92.434
2017/08/12,61.779
2017/08/13,62.616
2017/08/14,54.824
2017/08/15,47.946
2017/08/16,43.968
2017/08/17,44.384
2017/08/18,44.881
2017/08/19,38.83
2017/08/20,36.655
2017/08/21,44.411
2017/08/22,41.892
2017/08/23,46.943
2017/08/24,44.404
2017/08/25,41.512
2017/08/26,31.208
2017/08/27,62.616
2017/08/28,72.075
2017/08/29,60.106
2017/08/30,74.409
2017/08/31,49.508
2017/09/01,48.736
2017/09/02,45.468
2017/09/03,41.958
2017/09/04,47.497
2017/09/05,46.177
2017/09/06,48.899
2017/09/07,42.391
2017/09/08,44.73
2017/09/09,53.583
2017/09/10,48.535
2017/09/11,45.603
2017/09/12,46.549
2017/09/13,36.565
2017/09/14,44.661
2017/09/15,47.562
2017/09/16,38.305
2017/09/17,41.829
2017/09/18,56.932
2017/09/19,49.911
2017/09/20,41.556
2017/09/21,40.575
2017/09/22,38.53
2017/09/23,37.59
2017/09/24,36.331
2017/09/25,42.937
2017/09/26,43.942
2017/09/27,46.476
2017/09/28,49.935
2017/09/29,42.908
2017/09/30,37.477
2017/10/01,31.697
2017/10/02,44.741
2017/10/03,76.167
2017/10/04,57.342
2017/10/05,47.374
2017/10/06,47.817
2017/10/07,44.534
2017/10/08,47.298
2017/10/09,51.245
2017/10/10,52.998
2017/10/11,49.354
2017/10/12,53.258
2017/10/13,64.015
2017/10/14,51.344
2017/10/15,47.731
2017/10/16,42.559
2017/10/17,54.205
2017/10/18,61.316
2017/10/19,54.124
2017/10/20,50.304
2017/10/21,46.143
2017/10/22,42.158
2017/10/23,53.736
2017/10/24,55.489
2017/10/25,45.14
2017/10/26,43.701
2017/10/27,23.151
2017/10/28,23.151
2017/10/29,23.151
2017/10/30,23.151
2017/10/31,23.151
2017/11/01,68.823
2017/11/02,70.362
2017/11/03,61.739
2017/11/04,50.423
2017/11/05,48.96
2017/11/06,53.792
2017/11/07,48.41
2017/11/08,58.301
2017/11/09,72.656
2017/11/10,57.134
2017/11/11,54.243
2017/11/12,63.217
2017/11/13,49.471
2017/11/14,49.798
2017/11/15,62.266
2017/11/16,57.677
2017/11/17,58.291
2017/11/18,50.524
2017/11/19,52.464
2017/11/20,63.962
2017/11/21,63.036
2017/11/22,63.962
2017/11/23,66.522
2017/11/24,58.99
2017/11/25,71.252
2017/11/26,65.928
2017/11/27,77.527
2017/11/28,83.505
2017/11/29,86.756
2017/11/30,68.986
2017/12/01,55.843
2017/12/02,60.546
2017/12/03,57.027
2017/12/04,54.082
2017/12/05,30.057
2017/12/06,40.616
2017/12/07,34.843
2017/12/08,32.908
2017/12/09,29.801
2017/12/10,28.775
2017/12/11,30.671
2017/12/12,57.911
2017/12/13,56.619
2017/12/14,63.577
2017/12/15,51.886
2017/12/16,46.493
2017/12/17,46.667
2017/12/18,50.748
2017/12/19,65.753
2017/12/20,69.85
2017/12/21,71.045
2017/12/22,62.944
2017/12/23,44.418
2017/12/24,35.76
2017/12/25,34.11
2017/12/26,47.877
2017/12/27,53.36
2017/12/28,59.803
2017/12/29,67.353
2017/12/30,69.639
2017/12/31,42.974
2018/01/01,41.721
2018/01/02,63.118
2018/01/03,64.486
2018/01/04,77.49
2018/01/05,72.554
2018/01/06,60.916
2018/01/07,53.532
2018/01/08,63.883
2018/01/09,68.143
2018/01/10,73.735
2018/01/11,60.334
2018/01/12,49.147
2018/01/13,43.139
2018/01/14,73.87
2018/01/15,47.664
2018/01/16,49.664
2018/01/17,47.174
2018/01/18,46.013
2018/01/19,39.764
2018/01/20,38.725
2018/01/21,37.767
2018/01/22,40.533
2018/01/23,39.212
2018/01/24,40.063
2018/01/25,31.6
2018/01/26,49.063
2018/01/27,41.849
2018/01/28,46.448
2018/01/29,48.567
2018/01/30,49.168
2018/01/31,47.108
2018/02/01,47.78
2018/02/02,52.515
2018/02/03,37.326
2018/02/04,33.808
2018/02/05,38.71
2018/02/06,41.071
2018/02/07,39.382
2018/02/08,30.495
2018/02/09,38.538
2018/02/10,42.926
2018/02/11,35.967
2018/02/12,40.469
2018/02/13,49.238
2018/02/14,43.475
2018/02/15,48.465
2018/02/16,42.642
2018/02/17,42.53
2018/02/18,41.771
2018/02/19,39.409
2018/02/20,45.675
2018/02/21,42.259
2018/02/22,51.986
2018/02/23,36.273
2018/02/24,34.975
2018/02/25,29.891
2018/02/26,36.572
2018/02/27,31.65
2018/02/28,31.691
2018/03/01,33.454
2018/03/02,32.302
2018/03/03,28.376
2018/03/04,28.898
2018/03/05,38.811
2018/03/06,44.279
2018/03/07,43.031
2018/03/08,37.741
2018/03/09,37.959
2018/03/10,31.083
2018/03/11,30.134
2018/03/12,40.483
2018/03/13,59.439
2018/03/14,46.47
2018/03/15,43.892
2018/03/16,38.848
2018/03/17,36.75
2018/03/18,54.077
2018/03/19,49.765
2018/03/20,45.182
2018/03/21,44.583
2018/03/22,40.756
2018/03/23,47.47
2018/03/24,37.636
2018/03/25,35.057
2018/03/26,49.662
2018/03/27,54.271
2018/03/28,52.977
2018/03/29,51.424
2018/03/30,45.301
2018/03/31,36.698
2018/04/01,33.649
2018/04/02,37.237
2018/04/03,43.214
2018/04/04,40.977
2018/04/05,36.253
2018/04/06,36.252
2018/04/07,30.425
2018/04/08,41.585
2018/04/09,49.862
2018/04/10,43.55
2018/04/11,50.459
2018/04/12,67.019
2018/04/13,70.027
2018/04/14,42.108
2018/04/15,46.886
2018/04/16,50.975
2018/04/17,52.015
2018/04/18,58.386
2018/04/19,61.59
2018/04/20,70.455
2018/04/21,57.244
2018/04/22,47.072
2018/04/23,73.795
2018/04/24,70.216
2018/04/25,61.773
2018/04/26,51.722
2018/04/27,54.728
2018/04/28,49.244
2018/04/29,46.908
2018/04/30,54.509
2018/05/01,49.798
2018/05/02,64.858
2018/05/03,70.194
2018/05/04,66.927
2018/05/05,47.259
2018/05/06,42.645
2018/05/07,63.583
2018/05/08,50.278
2018/05/09,51.573
2018/05/10,50.858
2018/05/11,48.734
2018/05/12,38.464
2018/05/13,34.03
2018/05/14,52.936
2018/05/15,49.905
2018/05/16,44.226
2018/05/17,44.804
2018/05/18,43.058
2018/05/19,36.173
2018/05/20,38.471
2018/05/21,48.774
2018/05/22,58.794
2018/05/23,63.217
2018/05/24,48.19
2018/05/25,43.698
2018/05/26,36.639
2018/05/27,48.251
2018/05/28,57.257
2018/05/29,49.576
2018/05/30,49.774
2018/05/31,52.39
2018/06/01,56.674
2018/06/02,36.622
2018/06/03,34.881
2018/06/04,52.54
2018/06/05,52.801
2018/06/06,56.498
2018/06/07,54.512
2018/06/08,57.695
2018/06/09,35.892
2018/06/10,45.877
2018/06/11,50.478
2018/06/12,61.166
2018/06/13,69.27
2018/06/14,69.886
2018/06/15,61.4
2018/06/16,36.624
2018/06/17,33.361
2018/06/18,39.586
2018/06/19,45.988
2018/06/20,48.109
2018/06/21,45.214
2018/06/22,51.361
2018/06/23,36.618
2018/06/24,45.864
2018/06/25,51.653
2018/06/26,45.34
2018/06/27,44.404
2018/06/28,42.71
2018/06/29,47.731
2018/06/30,36.888
2018/07/01,34.154
2018/07/02,43.524
2018/07/03,51.438
2018/07/04,46.531
2018/07/05,48.843
2018/07/06,47.444
2018/07/07,38.056
2018/07/08,43.586
2018/07/09,54.729
2018/07/10,55.503
2018/07/11,43.481
2018/07/12,40.91
2018/07/13,39.796
2018/07/14,33.476
2018/07/15,31.336
2018/07/16,58.409
2018/07/17,60.725
2018/07/18,66.441
2018/07/19,53.024
2018/07/20,54.204
2018/07/21,39.617
2018/07/22,38.834
2018/07/23,53.436
2018/07/24,56.025
2018/07/25,51.128
2018/07/26,44.042
2018/07/27,46.675
2018/07/28,34.6
2018/07/29,34.041
2018/07/30,55.395
2018/07/31,71.512
2018/08/01,48.235
2018/08/02,49.125
2018/08/03,45.156
2018/08/04,40.59
2018/08/05,39.595
2018/08/06,46.305
2018/08/07,48.963
2018/08/08,57.776
2018/08/09,49.024
2018/08/10,52.44
2018/08/11,46.283
2018/08/12,37.724
2018/08/13,57.719
2018/08/14,59.715
2018/08/15,51.946
2018/08/16,42.859
2018/08/17,48.226
2018/08/18,39.672
2018/08/19,36.206
2018/08/20,46.312
2018/08/21,45.621
2018/08/22,50.078
2018/08/23,45.321
2018/08/24,45.052
2018/08/25,39.592
2018/08/26,37.726
2018/08/27,51.968
2018/08/28,49.882
2018/08/29,52.935
2018/08/30,48.198
2018/08/31,50.049
2018/09/01,42.32
2018/09/02,36.761
2018/09/03,59.208
2018/09/04,73.375
2018/09/05,59.439
2018/09/06,60.924
2018/09/07,52.785
2018/09/08,45.232
2018/09/09,44.113
2018/09/10,48.394
2018/09/11,47.62
2018/09/12,61.587
2018/09/13,46.25
2018/09/14,45.793
2018/09/15,37.195
2018/09/16,34.544
2018/09/17,47.683
2018/09/18,44.564
2018/09/19,41.35
2018/09/20,48.44
2018/09/21,66.023
2018/09/22,46.233
2018/09/23,44.094
2018/09/24,51.202
2018/09/25,48.366
2018/09/26,47.884
2018/09/27,45.361
2018/09/28,47.149
2018/09/29,41.848
2018/09/30,41.026
2018/10/01,38.514
2018/10/02,34.805
2018/10/03,49.818
2018/10/04,50.518
2018/10/05,46.685
2018/10/06,36.406
2018/10/07,33.792
2018/10/08,55.587
2018/10/09,49.837
2018/10/10,51.24
2018/10/11,73.92
2018/10/12,51.725
2018/10/13,41.633
2018/10/14,41.305
2018/10/15,67.036
2018/10/16,53.693
2018/10/17,50.218
2018/10/18,54.401
2018/10/19,46.321
2018/10/20,43.976
2018/10/21,51.132
2018/10/22,46.196
2018/10/23,47.727
2018/10/24,46.786
2018/10/25,55.796
2018/10/26,47.64
2018/10/27,37.798
2018/10/28,38.27
2018/10/29,54.571
2018/10/30,49.009
2018/10/31,50.324
2018/11/01,48.275
2018/11/02,53.884
2018/11/03,39.75
2018/11/04,48.844
2018/11/05,61.998
2018/11/06,53.592
2018/11/07,58.444
2018/11/08,50.065
2018/11/09,48.263
2018/11/10,39.416
2018/11/11,39.556
2018/11/12,55.016
2018/11/13,51.341
2018/11/14,67.088
2018/11/15,64.499
2018/11/16,49.556
2018/11/17,39.547
2018/11/18,46.955
2018/11/19,68.452
2018/11/20,68.926
2018/11/21,51.411
2018/11/22,43.782
2018/11/23,45.171
2018/11/24,40.411
2018/11/25,50.407
2018/11/26,47.424
2018/11/27,42.68
2018/11/28,49.224
2018/11/29,51.832
2018/11/30,86.467
2018/12/01,78.093
2018/12/02,40.667
2018/12/03,42.409
2018/12/04,42.352
2018/12/05,43.828
2018/12/06,45.809
2018/12/07,47.292
2018/12/08,42.247
2018/12/09,41.548
2018/12/10,41.979
2018/12/11,41.937
2018/12/12,41.105
2018/12/13,44.866
2018/12/14,42.833
2018/12/15,38.41
2018/12/16,38.471
2018/12/17,52
2018/12/18,51.682
2018/12/19,62.068
2018/12/20,63.822
2018/12/21,66.015
2018/12/22,41.55
2018/12/23,52.557
2018/12/24,63.014
2018/12/25,46.588
2018/12/26,44.936
2018/12/27,49.603
2018/12/28,50.827
2018/12/29,60.418
2018/12/30,41.817
2018/12/31,45.873
2019/01/01,42.54
2019/01/02,54.258
2019/01/03,52.237
2019/01/04,63.217
2019/01/05,66.698
2019/01/06,47.595
2019/01/07,49.461
2019/01/08,46.288
2019/01/09,45.014
2019/01/10,52.499
2019/01/11,56.907
2019/01/12,37.275
2019/01/13,39.552
2019/01/14,53.597
2019/01/15,46.351
2019/01/16,47.827
2019/01/17,43.731
2019/01/18,40.594
2019/01/19,38.273
2019/01/20,41.465
2019/01/21,42.284
2019/01/22,42.459
2019/01/23,45.165
2019/01/24,51.787
2019/01/25,44.764
2019/01/26,35.608
2019/01/27,46.114
2019/01/28,61.272
2019/01/29,48.442
2019/01/30,50.063
2019/01/31,50.067
2019/02/01,43.952
2019/02/02,35.449
2019/02/03,37.198
2019/02/04,33.804
2019/02/05,33.278
2019/02/06,48.96
2019/02/07,44.132
2019/02/08,57.804
2019/02/09,43.429
2019/02/10,48.544
2019/02/11,56.549
2019/02/12,49.65
2019/02/13,54.673
2019/02/14,51.684
2019/02/15,49.863
2019/02/16,39.954
2019/02/17,55.124
2019/02/18,73.232
2019/02/19,70.498
2019/02/20,57.99
2019/02/21,56.274
2019/02/22,56.012
2019/02/23,44.364
2019/02/24,66.152
2019/02/25,70.73
2019/02/26,45.309
2019/02/27,55.511
2019/02/28,49.654
2019/03/01,44.695
2019/03/02,40.921
2019/03/03,43.682
2019/03/04,52.505
2019/03/05,51.277
2019/03/06,50.861
2019/03/07,49.662
2019/03/08,54.464
2019/03/09,43.64
2019/03/10,41.674
2019/03/11,55.639
2019/03/12,53.286
2019/03/13,46.959
2019/03/14,51.539
2019/03/15,50.381
2019/03/16,46.055
2019/03/17,41.037
2019/03/18,61.175
2019/03/19,45.919
2019/03/20,61.696
2019/03/21,54.094
2019/03/22,46.915
2019/03/23,54.801
2019/03/24,42.966
2019/03/25,57.402
2019/03/26,52.413
2019/03/27,49.744
2019/03/28,50.461
2019/03/29,55.485
2019/03/30,54.987
2019/03/31,46.546
2019/04/01,53.005
2019/04/02,75.967
2019/04/03,79.205
2019/04/04,53.142
2019/04/05,50.927
2019/04/06,41.315
2019/04/07,49.567
2019/04/08,65.683
2019/04/09,58.575
2019/04/10,52.521
2019/04/11,51.232
2019/04/12,45.153
2019/04/13,35.523
2019/04/14,38.328
2019/04/15,50.353
2019/04/16,45.896
2019/04/17,46.738
2019/04/18,54.345
2019/04/19,48.875
2019/04/20,42.416
2019/04/21,44.201
2019/04/22,52.23
2019/04/23,58.783
2019/04/24,66.92
2019/04/25,58.612
2019/04/26,71.133
2019/04/27,40.451
2019/04/28,45.066
2019/04/29,52.259
2019/04/30,51.603
2019/05/01,47.924
2019/05/02,41.925
2019/05/03,49.197
2019/05/04,42.099
2019/05/05,40.602
2019/05/06,57.311
2019/05/07,63.32
2019/05/08,56.928
2019/05/09,52.387
2019/05/10,53.422
2019/05/11,73.379
2019/05/12,51.747
2019/05/13,61.651
2019/05/14,59.15
2019/05/15,69.918
2019/05/16,83.884
2019/05/17,56.31
2019/05/18,43.732
2019/05/19,45.273
2019/05/20,50.114
2019/05/21,48.244
2019/05/22,48.674
2019/05/23,49.092
2019/05/24,44.441
2019/05/25,39.13
2019/05/26,46.321
2019/05/27,57.074
2019/05/28,49.034
2019/05/29,60.857
2019/05/30,59.591
2019/05/31,54.336
2019/06/01,39.238
2019/06/02,36.985
2019/06/03,51.335
2019/06/04,53.192
2019/06/05,54.432
2019/06/06,40.421
2019/06/07,40.991
2019/06/08,34.085
2019/06/09,41.017
2019/06/10,49.779
2019/06/11,46.782
2019/06/12,51.14
2019/06/13,56.075
2019/06/14,55.523
2019/06/15,67.957
2019/06/16,56.092
2019/06/17,47.331
2019/06/18,54.544
2019/06/19,56.131
2019/06/20,45.714
2019/06/21,58.396
2019/06/22,57.989
2019/06/23,46.084
2019/06/24,52.42
2019/06/25,58.636
2019/06/26,71.436
2019/06/27,64.802
2019/06/28,47.635
2019/06/29,46.208
2019/06/30,38.836
2019/07/01,45.053
2019/07/02,42.47
2019/07/03,40.17
2019/07/04,35.772
2019/07/05,33.739
2019/07/06,27.969
2019/07/07,36.102
2019/07/08,46.141
2019/07/09,74.944
2019/07/10,51.253
2019/07/11,58.457
2019/07/12,44.15
2019/07/13,39.146
2019/07/14,47.447
2019/07/15,51.328
2019/07/16,47.427
2019/07/17,48.859
2019/07/18,46.12
2019/07/19,42.949
2019/07/20,38.634
2019/07/21,36.368
2019/07/22,43.18
2019/07/23,41.892
2019/07/24,41.495
2019/07/25,44.569
2019/07/26,57.354
2019/07/27,39.789
2019/07/28,37.924
2019/07/29,48.455
2019/07/30,48.371
2019/07/31,48.291
2019/08/01,64.386
2019/08/02,50.224
2019/08/03,42.844
2019/08/04,39.624
2019/08/05,61.927
2019/08/06,54.885
2019/08/07,48.935
2019/08/08,52.822
2019/08/09,48.315
2019/08/10,42.506
2019/08/11,40.74
2019/08/12,46.063
2019/08/13,47.789
2019/08/14,56.252
2019/08/15,57.801
2019/08/16,48.645
2019/08/17,38.11
2019/08/18,38.95
2019/08/19,49.213
2019/08/20,59.396
2019/08/21,47.63
2019/08/22,48.008
2019/08/23,48.888
2019/08/24,39.643
2019/08/25,39.17
2019/08/26,52.627
2019/08/27,47.194
2019/08/28,52.435
2019/08/29,51.538
2019/08/30,51.557
2019/08/31,60.593
2019/09/01,37.531
2019/09/02,48.593
2019/09/03,60.946
2019/09/04,49.777
2019/09/05,45.988
2019/09/06,48.307
2019/09/07,49.591
2019/09/08,44.488
2019/09/09,52.691
2019/09/10,43.827
2019/09/11,51.251
2019/09/12,45.348
2019/09/13,53.767
2019/09/14,40.382
2019/09/15,44.352
2019/09/16,62.35
2019/09/17,64.729
2019/09/18,68.986
2019/09/19,52.996
2019/09/20,52.531
2019/09/21,37.905
2019/09/22,37.498
2019/09/23,52.489
2019/09/24,68.169
2019/09/25,54.683
2019/09/26,54.146
2019/09/27,46.979
2019/09/28,41.319
2019/09/29,37.612
2019/09/30,55.789
2019/10/01,45.918
2019/10/02,41.145
2019/10/03,38.732
2019/10/04,40.598
2019/10/05,37.515
2019/10/06,39.362
2019/10/07,48.687
2019/10/08,53.442
2019/10/09,57.929
2019/10/10,50.137
2019/10/11,49.363
2019/10/12,43.335
2019/10/13,35.749
2019/10/14,60.909
2019/10/15,48.026
2019/10/16,49.542
2019/10/17,44.926
2019/10/18,53.304
2019/10/19,40.915
2019/10/20,46.473
2019/10/21,49.519
2019/10/22,49.067
2019/10/23,65.539
2019/10/24,62.934
2019/10/25,54.894
2019/10/26,62.523
2019/10/27,43.102
2019/10/28,65.226
2019/10/29,51.65
2019/10/30,48.902
2019/10/31,48.384
2019/11/01,44.443
2019/11/02,39.197
2019/11/03,41.226
2019/11/04,53.371
2019/11/05,59.68
2019/11/06,46.347
2019/11/07,44.278
2019/11/08,47.919
2019/11/09,39.364
2019/11/10,39.052
2019/11/11,48.072
2019/11/12,55.666
2019/11/13,48.508
2019/11/14,45.314
2019/11/15,52.223
2019/11/16,40.76
2019/11/17,40.019
2019/11/18,52.76
2019/11/19,53.239
2019/11/20,50.051
2019/11/21,60.673
2019/11/22,73.914
2019/11/23,43.902
2019/11/24,42.178
2019/11/25,59.089
2019/11/26,45.847
2019/11/27,53.541
2019/11/28,52.188
2019/11/29,45.862
2019/11/30,45.054
2019/12/01,40.179
2019/12/02,50.942
2019/12/03,46.06
2019/12/04,47.506
2019/12/05,47.31
2019/12/06,48.141
2019/12/07,38.482
2019/12/08,36.001
2019/12/09,48.069
2019/12/10,54.43
2019/12/11,43.455
2019/12/12,48.295
2019/12/13,46.966
2019/12/14,41.801
2019/12/15,39.271
2019/12/16,56.838
2019/12/17,67.836
2019/12/18,70.492
2019/12/19,72.739
2019/12/20,44.031
2019/12/21,39.053
2019/12/22,38.777
2019/12/23,53.145
2019/12/24,45.447
2019/12/25,48.391
2019/12/26,44.743
2019/12/27,46.146
2019/12/28,42.411
2019/12/29,43.655
2019/12/30,53.35
2019/12/31,62.649
2020/01/01,39.624
2020/01/02,47.134
2020/01/03,56.852
2020/01/04,47.464
2020/01/05,44.764
2020/01/06,56.209
2020/01/07,52.245
2020/01/08,59.511
2020/01/09,49.171
2020/01/10,49.001
2020/01/11,50.268
2020/01/12,43.869
2020/01/13,52.633
2020/01/14,69.922
2020/01/15,62.312
2020/01/16,53.591
2020/01/17,52.831
2020/01/18,56.304
2020/01/19,44.206
2020/01/20,41.491
2020/01/21,40.233
2020/01/22,38.96
2020/01/23,44.609
2020/01/24,54.692
2020/01/25,33.754
2020/01/26,38.333
2020/01/27,50.093
2020/01/28,52.985
2020/01/29,55.419
2020/01/30,57.837
2020/01/31,69.601
2020/02/01,47.952
2020/02/02,48.939
2020/02/03,54.499
2020/02/04,59.742
2020/02/05,61.402
2020/02/06,75.824
2020/02/07,78.191
2020/02/08,48.038
2020/02/09,48.978
2020/02/10,58.549
2020/02/11,50.298
2020/02/12,71.996
2020/02/13,64.291
2020/02/14,56.635
2020/02/15,56.813
2020/02/16,50.117
2020/02/17,64.408
2020/02/18,59.096
2020/02/19,49.895
2020/02/20,55.954
2020/02/21,46.218
2020/02/22,35.412
2020/02/23,42.486
2020/02/24,50.751
2020/02/25,52.303
2020/02/26,63.051
2020/02/27,58.14
2020/02/28,44.588
2020/02/29,37.243
2020/03/01,44.787
2020/03/02,56.745
2020/03/03,46.923
2020/03/04,43.536
2020/03/05,47.919
2020/03/06,50.819
2020/03/07,41.148
2020/03/08,50.492
2020/03/09,67.032
2020/03/10,52.879
2020/03/11,50.322
2020/03/12,76.059
2020/03/13,60.445
2020/03/14,44.387
2020/03/15,43.918
2020/03/16,52.667
2020/03/17,44.445
2020/03/18,42.825
2020/03/19,48.086
2020/03/20,49.393
2020/03/21,40.394
2020/03/22,40.53
2020/03/23,45.603
2020/03/24,56.067
2020/03/25,45.191
2020/03/26,44.152
2020/03/27,42.136
2020/03/28,42.536
2020/03/29,38.64
2020/03/30,42.89
2020/03/31,47.229
2020/04/01,41.852
2020/04/02,50.845
2020/04/03,51.168
2020/04/04,40.922
2020/04/05,39.026
2020/04/06,59.353
2020/04/07,62.58
2020/04/08,49.915
2020/04/09,46.7
2020/04/10,60.711
2020/04/11,42.1
2020/04/12,43.014
2020/04/13,51.918
2020/04/14,45.969
2020/04/15,46.028
2020/04/16,59.577
2020/04/17,49.423
2020/04/18,50.706
2020/04/19,47.691
2020/04/20,59.549
2020/04/21,53.087
2020/04/22,51.819
2020/04/23,55.487
2020/04/24,68.575
2020/04/25,45.265
2020/04/26,44.607
2020/04/27,52.842
2020/04/28,44.391
2020/04/29,59.508
2020/04/30,63.898
2020/05/01,45.736
2020/05/02,43.727
2020/05/03,44.228
2020/05/04,48.844
2020/05/05,48.162
2020/05/06,55.9
2020/05/07,64.473
2020/05/08,53.228
2020/05/09,44.472
2020/05/10,59.836
2020/05/11,50.735
2020/05/12,51.306
2020/05/13,52.79
2020/05/14,50.72
2020/05/15,45.698
2020/05/16,37.664
2020/05/17,39.933
2020/05/18,53.877
2020/05/19,45.97
2020/05/20,47.218
2020/05/21,52.043
2020/05/22,48.935
2020/05/23,45.816
2020/05/24,38.194
2020/05/25,44.764
2020/05/26,52.57
2020/05/27,45.31
2020/05/28,58.03
2020/05/29,66.942
2020/05/30,66.186
2020/05/31,59.624
2020/06/01,57.6
2020/06/02,79.558
2020/06/03,43.947
2020/06/04,45.176
2020/06/05,49.32
2020/06/06,38.655
2020/06/07,41.754
2020/06/08,48.462
2020/06/09,49.532
2020/06/10,53.048
2020/06/11,60.306
2020/06/12,46.874
2020/06/13,37.517
2020/06/14,40.398
2020/06/15,60.355
2020/06/16,48.956
2020/06/17,48.803
2020/06/18,51.616
2020/06/19,52.845
2020/06/20,40.237
2020/06/21,47.878
2020/06/22,61.127
2020/06/23,59.865
2020/06/24,74.499
2020/06/25,80.61
2020/06/26,50.501
2020/06/27,43.852
2020/06/28,40.759
2020/06/29,42.859
2020/06/30,47.125
2020/07/01,45.89
2020/07/02,45.631
2020/07/03,45.402
2020/07/04,38.355
2020/07/05,36.361
2020/07/06,55.552
2020/07/07,56.274
2020/07/08,66.657
2020/07/09,54.917
2020/07/10,54.516
2020/07/11,37.961
2020/07/12,40.187
2020/07/13,58.476
2020/07/14,62.547
2020/07/15,47.114
2020/07/16,50.044
2020/07/17,46.516
2020/07/18,40.941
2020/07/19,45.069
2020/07/20,53.569
2020/07/21,55.507
2020/07/22,63.087
2020/07/23,80.006
2020/07/24,55.838
2020/07/25,55.098
2020/07/26,61.343
2020/07/27,72.91
2020/07/28,54.031
2020/07/29,52.402
2020/07/30,55.784
2020/07/31,57.208
2020/08/01,55.363
2020/08/02,60.241
2020/08/03,60.198
2020/08/04,62.831
2020/08/05,44.672
2020/08/06,46.185
2020/08/07,52.545
2020/08/08,34.499
2020/08/09,39.395
2020/08/10,59.869
2020/08/11,55.854
2020/08/12,66.191
2020/08/13,64.993
2020/08/14,73.217
2020/08/15,43.194
2020/08/16,41.804
2020/08/17,51.916
2020/08/18,51.278
2020/08/19,50.295
2020/08/20,50.876
2020/08/21,52.086
2020/08/22,37.52
2020/08/23,31.463
2020/08/24,51.822
2020/08/25,50.113
2020/08/26,49.85
2020/08/27,42.693
2020/08/28,58.189
2020/08/29,49.985
2020/08/30,59.406
2020/08/31,74.505
2020/09/01,81.546
2020/09/02,75.642
2020/09/03,67.499
2020/09/04,62.11
2020/09/05,56.307
2020/09/06,44.716
2020/09/07,38.577
2020/09/08,36.484
2020/09/09,41.71
2020/09/10,57.047
2020/09/11,49.302
2020/09/12,45.187
2020/09/13,47.308
2020/09/14,55.831
2020/09/15,45.926
2020/09/16,48.547
2020/09/17,62.658
2020/09/18,66.718
2020/09/19,40.051
2020/09/20,39.358
2020/09/21,49.972
2020/09/22,40.802
2020/09/23,45.081
2020/09/24,40.371
2020/09/25,38.217
2020/09/26,34.097
2020/09/27,37.446
2020/09/28,45.538
2020/09/29,49.299
2020/09/30,49.978
2020/10/01,51.359
2020/10/02,43.869
2020/10/03,30.837
2020/10/04,30.369
2020/10/05,42.149
2020/10/06,44.052
2020/10/07,53.709
2020/10/08,47.495
2020/10/09,53.169
2020/10/10,42.261
2020/10/11,38.043
2020/10/12,56.829
2020/10/13,48.92
2020/10/14,58.468
2020/10/15,46.338
2020/10/16,50.832
2020/10/17,37.385
2020/10/18,37.071
2020/10/19,48.003
2020/10/20,48.712
2020/10/21,63.476
2020/10/22,65.13
2020/10/23,53.867
2020/10/24,41.664
2020/10/25,38.353
2020/10/26,57.469
2020/10/27,51.656
2020/10/28,57.931
2020/10/29,45.723
2020/10/30,54.164
2020/10/31,44.048
2020/11/01,40.777
2020/11/02,55.894
2020/11/03,51.861
2020/11/04,55.809
2020/11/05,61.767
2020/11/06,66.013
2020/11/07,58.787
2020/11/08,39.194
2020/11/09,50.32
2020/11/10,48.602
2020/11/11,54.238
2020/11/12,61.363
2020/11/13,53.752
2020/11/14,41.335
2020/11/15,39.47
2020/11/16,49.729
2020/11/17,62.238
2020/11/18,63.108
2020/11/19,50.171
2020/11/20,57.078
2020/11/21,64.728
2020/11/22,55.736
2020/11/23,65.843
2020/11/24,70.758
2020/11/25,47.084
2020/11/26,57.869
2020/11/27,46.01
2020/11/28,38.789
2020/11/29,39.917
2020/11/30,52.672
2020/12/01,58.124
2020/12/02,45.912
2020/12/03,45.926
2020/12/04,47.742
2020/12/05,41.229
2020/12/06,39.756
2020/12/07,51.486
2020/12/08,48.987
2020/12/09,55.668
2020/12/10,51.87
2020/12/11,50.393
2020/12/12,38.744
2020/12/13,38.587
2020/12/14,45.68
2020/12/15,50.584
2020/12/16,61.594
2020/12/17,75.806
2020/12/18,52.9
2020/12/19,53.06
2020/12/20,41.677
2020/12/21,55.421
2020/12/22,51.446
2020/12/23,49.314
2020/12/24,48.583
2020/12/25,39.638
2020/12/26,42.848
2020/12/27,59.213
2020/12/28,63.619
2020/12/29,67.671
2020/12/30,61.54
2020/12/31,52.606
2021/01/01,45.613
2021/01/02,47.151
2021/01/03,77.576
2021/01/04,85.896
2021/01/05,60.191
2021/01/06,66.248
2021/01/07,68.178
2021/01/08,69.298
2021/01/09,45.796
2021/01/10,48.823
2021/01/11,63.203
2021/01/12,45.997
2021/01/13,46.761
2021/01/14,62.034
2021/01/15,47.57
2021/01/16,43.98
2021/01/17,41.966
2021/01/18,45.129
2021/01/19,61.732
2021/01/20,62.536
2021/01/21,51.093
2021/01/22,51.079
2021/01/23,39.872
2021/01/24,45.705
2021/01/25,53.513
2021/01/26,51.646
2021/01/27,50.341
2021/01/28,46.187
2021/01/29,61.742
2021/01/30,46.104
2021/01/31,44.157
2021/02/01,45.346
2021/02/02,61.298
2021/02/03,62.135
2021/02/04,66.202
2021/02/05,57.311
2021/02/06,48.41
2021/02/07,42.32
2021/02/08,54.208
2021/02/09,52.038
2021/02/10,52.024
2021/02/11,44.641
2021/02/12,49.842
2021/02/13,37.45
2021/02/14,36.679
2021/02/15,45.825
2021/02/16,46.952
2021/02/17,53.171
2021/02/18,64.218
2021/02/19,51.76
2021/02/20,59.961
2021/02/21,42.167
2021/02/22,59.221
2021/02/23,70.816
2021/02/24,49.049
2021/02/25,45.562
2021/02/26,49.101
2021/02/27,40.406
2021/02/28,44.484
2021/03/01,46.173
2021/03/02,45.446
2021/03/03,42.415
2021/03/04,46.194
2021/03/05,42.343
2021/03/06,43.681
2021/03/07,68.265
2021/03/08,50.208
2021/03/09,51.14
2021/03/10,49.519
2021/03/11,50.008
2021/03/12,58.451
2021/03/13,42.692
2021/03/14,37.42
2021/03/15,55.66
2021/03/16,50.283
2021/03/17,48.042
2021/03/18,45.656
2021/03/19,41.82
2021/03/20,38.15
2021/03/21,40.231
2021/03/22,51.314
2021/03/23,46.788
2021/03/24,46.555
2021/03/25,64.526
2021/03/26,48.868
2021/03/27,40.732
2021/03/28,38.392
2021/03/29,55.306
2021/03/30,59.141
2021/03/31,61.311
2021/04/01,55.582
2021/04/02,68.836
2021/04/03,70.437
2021/04/04,42.638
2021/04/05,56.048
2021/04/06,50.061
2021/04/07,50.298
2021/04/08,47.209
2021/04/09,45.791
2021/04/10,46.573
2021/04/11,37.989
2021/04/12,50.03
2021/04/13,60.829
2021/04/14,67.397
2021/04/15,48.842
2021/04/16,60.929
2021/04/17,49.078
2021/04/18,65.987
2021/04/19,49.422
2021/04/20,47.157
2021/04/21,52.708
2021/04/22,63.638
2021/04/23,55.412
2021/04/24,41.861
2021/04/25,40.832
2021/04/26,49.534
2021/04/27,52.024
2021/04/28,56.019
2021/04/29,53.872
2021/04/30,52.646
2021/05/01,45.023
2021/05/02,39.324
2021/05/03,64.998
2021/05/04,71.369
2021/05/05,57.239
2021/05/06,51.643
2021/05/07,57.491
2021/05/08,56.951
2021/05/09,49.087
2021/05/10,70.459
2021/05/11,63.547
2021/05/12,66.15
2021/05/13,69.185
2021/05/14,46.827
2021/05/15,39.306
2021/05/16,42.635
2021/05/17,53.463
2021/05/18,45.376
2021/05/19,69.848
2021/05/20,57.113
2021/05/21,47.508
2021/05/22,41.824
2021/05/23,48.843
2021/05/24,49.645
2021/05/25,47.555
2021/05/26,45.375
2021/05/27,45.722
2021/05/28,41.56
2021/05/29,37.936
2021/05/30,34.079
2021/05/31,32.711
2021/06/01,44.252
2021/06/02,39.721
2021/06/03,41.897
2021/06/04,40.898
2021/06/05,33.387
2021/06/06,29.768
2021/06/07,41.801
2021/06/08,56.346
2021/06/09,51.321
2021/06/10,40.353
2021/06/11,40.884
2021/06/12,36.975
2021/06/13,35.157
2021/06/14,49.012
2021/06/15,45.236
2021/06/16,54.141
2021/06/17,47.462
2021/06/18,50.757
2021/06/19,37.468
2021/06/20,40.341
2021/06/21,59.39
2021/06/22,65.06
2021/06/23,45.432
2021/06/24,47.031
2021/06/25,49.503
2021/06/26,39.747
2021/06/27,40.546
2021/06/28,50.588
2021/06/29,51.561
2021/06/30,47.181
2021/07/01,55.98
2021/07/02,53.349
2021/07/03,37.784
2021/07/04,39.339
2021/07/05,45.862
2021/07/06,51.353
2021/07/07,54.348
2021/07/08,62.894
2021/07/09,51.273
2021/07/10,41.654
2021/07/11,36.032
2021/07/12,53.951
2021/07/13,49.656
2021/07/14,53.082
2021/07/15,47.58
2021/07/16,54.468
2021/07/17,40.521
2021/07/18,40.551
2021/07/19,50.812
2021/07/20,49.776
2021/07/21,56.631
2021/07/22,51.39
2021/07/23,47.957
2021/07/24,42.764
2021/07/25,37.379
2021/07/26,64.584
2021/07/27,54.324
2021/07/28,50.451
2021/07/29,54.045
2021/07/30,54.071
2021/07/31,53.605
2021/08/01,47.789
2021/08/02,50.506
2021/08/03,58.109
2021/08/04,62.77
2021/08/05,63.555
2021/08/06,65.222
2021/08/07,54.39
2021/08/08,44.257
2021/08/09,69.486
2021/08/10,53.353
2021/08/11,48.137
2021/08/12,48.591
2021/08/13,54.495
2021/08/14,43.142
2021/08/15,41.581
2021/08/16,63.819
2021/08/17,53.137
2021/08/18,52.226
2021/08/19,47.308
2021/08/20,58.182
2021/08/21,40.092
2021/08/22,40
2021/08/23,59.483
2021/08/24,63.939
2021/08/25,53.74
2021/08/26,44.968
2021/08/27,50.798
2021/08/28,42.417
2021/08/29,44.399
2021/08/30,53.648
2021/08/31,63.965
2021/09/01,64.918
2021/09/02,71.103
2021/09/03,57.923
2021/09/04,42.747
2021/09/05,38.237
2021/09/06,49.327
2021/09/07,64.772
2021/09/08,52.509
2021/09/09,51.449
2021/09/10,49.142
2021/09/11,47.197
2021/09/12,36.159
2021/09/13,45.524
2021/09/14,42.441
2021/09/15,58.434
2021/09/16,45.681
2021/09/17,52.166
2021/09/18,43.302
2021/09/19,40.049
2021/09/20,55.949
2021/09/21,54.234
2021/09/22,50.48
2021/09/23,47.489
2021/09/24,61.948
2021/09/25,39.825
2021/09/26,56.795
2021/09/27,46.131
2021/09/28,44.716
2021/09/29,44.164
2021/09/30,44.499
2021/10/01,50.184
2021/10/02,44.579
2021/10/03,42.966
2021/10/04,50.034
2021/10/05,59.387
2021/10/06,58.327
2021/10/07,59.625
2021/10/08,57.109
2021/10/09,37.805
2021/10/10,40.369
2021/10/11,46.657
2021/10/12,48.538
2021/10/13,55.764
2021/10/14,74.3
2021/10/15,61.453
2021/10/16,47.783
2021/10/17,44.166
2021/10/18,50.385
2021/10/19,48.036
2021/10/20,54.223
2021/10/21,65.494
2021/10/22,53.444
2021/10/23,41.571
2021/10/24,38.52
2021/10/25,48.097
2021/10/26,49.997
2021/10/27,62.391
2021/10/28,49.301
2021/10/29,62.401
2021/10/30,44.748
2021/10/31,44.346
2021/11/01,50.994
2021/11/02,55.279
2021/11/03,63.624
2021/11/04,50.852
2021/11/05,49.621
2021/11/06,41.959
2021/11/07,38.879
2021/11/08,52.904
2021/11/09,52.804
2021/11/10,53.618
2021/11/11,51.749
2021/11/12,54.663
2021/11/13,40.108
2021/11/14,40.03
2021/11/15,71.258
2021/11/16,52.977
2021/11/17,48.081
2021/11/18,50.002
2021/11/19,47.903
2021/11/20,42.043
2021/11/21,45.904
2021/11/22,48.239
2021/11/23,48.203
2021/11/24,53.282
2021/11/25,46.188
2021/11/26,60.715
2021/11/27,39.623
2021/11/28,38.609
2021/11/29,52.13
2021/11/30,61.948
2021/12/01,60.687
2021/12/02,50.81
2021/12/03,54.795
2021/12/04,62.228
2021/12/05,43.54
2021/12/06,57.468
2021/12/07,49.989
2021/12/08,46.865
2021/12/09,46.325
2021/12/10,47.071
2021/12/11,37.813
2021/12/12,33.219
2021/12/13,55.009
2021/12/14,51.17
2021/12/15,47.483
2021/12/16,48.846
2021/12/17,46.135
2021/12/18,39.508
2021/12/19,35.284
2021/12/20,46.228
2021/12/21,46.99
2021/12/22,47.413
2021/12/23,51.117
2021/12/24,47.568
2021/12/25,44.059
2021/12/26,33.738
2021/12/27,53.859
2021/12/28,57.227
2021/12/29,49.295
2021/12/30,69.319
2021/12/31,54.23
2022/01/01,41.4
2022/01/02,39.314
2022/01/03,44.139
2022/01/04,52.02
2022/01/05,56.17
2022/01/06,59.891
2022/01/07,55.947
2022/01/08,41.658
2022/01/09,37.764
2022/01/10,48.245
2022/01/11,46.139
2022/01/12,49.585
2022/01/13,53.583
2022/01/14,46.671
2022/01/15,38.851
2022/01/16,38.634
2022/01/17,47.839
2022/01/18,47.376
2022/01/19,59.771
2022/01/20,52.084
2022/01/21,72.111
2022/01/22,59.344
2022/01/23,46.238
2022/01/24,54.507
2022/01/25,46.837
2022/01/26,50.807
2022/01/27,49.064
2022/01/28,45.078
2022/01/29,39.69
2022/01/30,40.104
2022/01/31,48.248
2022/02/01,47.953
2022/02/02,41.777
2022/02/03,55.39
2022/02/04,50.806
2022/02/05,40.348
2022/02/06,35.438
2022/02/07,55.453
2022/02/08,53.265
2022/02/09,51.042
2022/02/10,65.715
2022/02/11,53.58
2022/02/12,41.151
2022/02/13,38.495
2022/02/14,47.553
2022/02/15,52.227
2022/02/16,45.903
2022/02/17,49.855
2022/02/18,48.15
2022/02/19,36.898
2022/02/20,42.734
2022/02/21,49.85
2022/02/22,45.825
2022/02/23,47.861
2022/02/24,70.913
2022/02/25,51.999
2022/02/26,43.142
2022/02/27,42.93
2022/02/28,51.57
2022/03/01,56.542
2022/03/02,50.467
2022/03/03,48.422
2022/03/04,51.503
2022/03/05,39.414
2022/03/06,36.866
2022/03/07,50.606
2022/03/08,50.911
2022/03/09,47.62
2022/03/10,49.953
2022/03/11,44.006
2022/03/12,35.056
2022/03/13,38.93
2022/03/14,46.842
2022/03/15,67.252
2022/03/16,53.819
2022/03/17,53.65
2022/03/18,58.756
2022/03/19,52.495
2022/03/20,38.762
2022/03/21,52.487
2022/03/22,59.604
2022/03/23,49.955
2022/03/24,56.181
2022/03/25,57.945
2022/03/26,39.176
2022/03/27,42.46
2022/03/28,57.701
2022/03/29,61.554
2022/03/30,58.148
2022/03/31,56.598
2022/04/01,57.594
2022/04/02,45.438
2022/04/03,38.33
2022/04/04,46.435
2022/04/05,50.579
2022/04/06,56.085
2022/04/07,53.681
2022/04/08,45.098
2022/04/09,35.821
2022/04/10,33.722
2022/04/11,60.638
2022/04/12,46.403
2022/04/13,46.463
2022/04/14,46.286
2022/04/15,47.871
2022/04/16,43.637
2022/04/17,41.4
2022/04/18,51.249
2022/04/19,56.289
2022/04/20,69.959
2022/04/21,49.267
2022/04/22,49.814
2022/04/23,36.936
2022/04/24,38.238
2022/04/25,58.622
2022/04/26,52.876
2022/04/27,49.924
2022/04/28,53.838
2022/04/29,63.456
2022/04/30,43.228
2022/05/01,50.08
2022/05/02,58.672
2022/05/03,60.506
2022/05/04,50.111
2022/05/05,50.787
2022/05/06,49.951
2022/05/07,38.47
2022/05/08,42.038
2022/05/09,65.891
2022/05/10,62.753
2022/05/11,72.122
2022/05/12,79.223
2022/05/13,53.443
2022/05/14,38.813
2022/05/15,38.073
2022/05/16,51.635
2022/05/17,43.552
2022/05/18,45.197
2022/05/19,44.83
2022/05/20,47.94
2022/05/21,38.424
2022/05/22,39.845
2022/05/23,49.242
2022/05/24,44.526
2022/05/25,41.347
2022/05/26,56.16
2022/05/27,53.672
2022/05/28,41.126
2022/05/29,40.753
2022/05/30,48.767
2022/05/31,51.856
2022/06/01,51.471
2022/06/02,50.728
2022/06/03,43.491
2022/06/04,36.728
2022/06/05,37.413
2022/06/06,48.308
2022/06/07,53.568
2022/06/08,45.77
2022/06/09,45.637
2022/06/10,60.842
2022/06/11,63.688
2022/06/12,52.004
2022/06/13,74.274
2022/06/14,57.87
2022/06/15,54.058
2022/06/16,47.907
2022/06/17,45.103
2022/06/18,46.059
2022/06/19,39.6
2022/06/20,42.553
2022/06/21,40.773
2022/06/22,39.235
2022/06/23,40.053
2022/06/24,40.522
2022/06/25,33.402
2022/06/26,31.911
2022/06/27,47.837
2022/06/28,44.603
2022/06/29,59.4
2022/06/30,52.542
2022/07/01,47.465
2022/07/02,36.626
2022/07/03,33.67
2022/07/04,47.714
2022/07/05,47.064
2022/07/06,47.835
2022/07/07,66.616
2022/07/08,49.314
2022/07/09,39.854
2022/07/10,42.803
2022/07/11,48.215
2022/07/12,52.267
2022/07/13,56.274
2022/07/14,49.6
2022/07/15,62.189
2022/07/16,45.529
2022/07/17,45.113
2022/07/18,63.279
2022/07/19,70.304
2022/07/20,51.055
2022/07/21,66.43
2022/07/22,45.588
2022/07/23,42.366
2022/07/24,41.959
2022/07/25,48.049
2022/07/26,48.899
2022/07/27,52.934
2022/07/28,55.748
2022/07/29,53.975
2022/07/30,41.527
2022/07/31,39.367
2022/08/01,50.379
2022/08/02,48.504
2022/08/03,45.236
2022/08/04,45.595
2022/08/05,50.12
2022/08/06,41.602
2022/08/07,45.302
2022/08/08,52.036
2022/08/09,54.729
2022/08/10,67.527
2022/08/11,56.723
2022/08/12,49.769
2022/08/13,46.745
2022/08/14,40.394
2022/08/15,56.977
2022/08/16,46.579
2022/08/17,65.759
2022/08/18,46.729
2022/08/19,53.171
2022/08/20,43.302
2022/08/21,41.506
2022/08/22,45.364
2022/08/23,46.966
2022/08/24,48.075
2022/08/25,48.55
2022/08/26,54.123
2022/08/27,46.608
2022/08/28,47.356
2022/08/29,59.249
2022/08/30,54.94
2022/08/31,53.958
2022/09/01,55.303
2022/09/02,67.873
2022/09/03,38.502
2022/09/04,35.61
2022/09/05,46.647
2022/09/06,69.493
2022/09/07,52.451
2022/09/08,50.829
2022/09/09,53.279
2022/09/10,41.881
2022/09/11,41.718
2022/09/12,60.185
2022/09/13,69.863
2022/09/14,79.169
2022/09/15,66.835
2022/09/16,52.288
2022/09/17,39.478
2022/09/18,40.202
2022/09/19,49.029
2022/09/20,45.397
2022/09/21,46.59
2022/09/22,46.031
2022/09/23,44.665
2022/09/24,36.738
2022/09/25,37.233
2022/09/26,46.333
2022/09/27,48.912
2022/09/28,42.999
2022/09/29,54.161
2022/09/30,48.044
2022/10/01,38.945
2022/10/02,37.72
2022/10/03,47.814
2022/10/04,43.45
2022/10/05,41.78
2022/10/06,47.621
2022/10/07,47.445
2022/10/08,39.473
2022/10/09,35.858
2022/10/10,44.028
2022/10/11,49.742
2022/10/12,46.658
2022/10/13,61.751
2022/10/14,50.251
2022/10/15,41.407
2022/10/16,41.645
2022/10/17,50.132
2022/10/18,52.174
2022/10/19,49.734
2022/10/20,50.06
2022/10/21,58.129
2022/10/22,41.282
2022/10/23,44.026
2022/10/24,58.767
2022/10/25,70.006
2022/10/26,75.112
2022/10/27,59.562
2022/10/28,51.643
2022/10/29,49.875
2022/10/30,42.656
2022/10/31,52.491
2022/11/01,46.041
2022/11/02,57.245
2022/11/03,50.662
2022/11/04,56.272
2022/11/05,41.359
2022/11/06,45.169
2022/11/07,62.573
2022/11/08,76.517
2022/11/09,79.04
2022/11/10,65.238
2022/11/11,48.311
2022/11/12,43.555
2022/11/13,48.206
2022/11/14,47.326
2022/11/15,42.996
2022/11/16,44.547
2022/11/17,41.017
2022/11/18,38.673
2022/11/19,34.069
2022/11/20,33.387
2022/11/21,60.452
2022/11/22,48.29
2022/11/23,42.308
2022/11/24,40.423
2022/11/25,40.173
2022/11/26,36.914
2022/11/27,36.131
2022/11/28,50.427
2022/11/29,48.159
