Date,sentinusd7varUSD
2016/01/01,12813071000
2016/01/02,10474452633
2016/01/03,4719323329
2016/01/04,6302156561
2016/01/05,72142011578
2016/01/06,69295061080
2016/01/07,69486175780
2016/01/08,73946808467
2016/01/09,74918599248
2016/01/10,80373284707
2016/01/11,78194935630
2016/01/12,108504864390
2016/01/13,104714513371
2016/01/14,104009328384
2016/01/15,150848693825
2016/01/16,129449548260
2016/01/17,96975699057
2016/01/18,853753547369
2016/01/19,901775897996
2016/01/20,843275751728
2016/01/21,770441993168
2016/01/22,770272023546
2016/01/23,754106439426
2016/01/24,1317236869048
2016/01/25,2259049076221
2016/01/26,2445358368611
2016/01/27,1986229236119
2016/01/28,1362540366016
2016/01/29,1070720872368
2016/01/30,933358227502
2016/01/31,831812861325
2016/02/01,460706252615
2016/02/02,314217170569
2016/02/03,256775359341
2016/02/04,382191822801
2016/02/05,362155155646
2016/02/06,352954191184
2016/02/07,287626628676
2016/02/08,1550093947716
2016/02/09,3084294737105
2016/02/10,7201447004944
2016/02/11,9223737978600
2016/02/12,14266088385098
2016/02/13,9219264218341
2016/02/14,7045899153504
2016/02/15,7520287414307
2016/02/16,7196447565101
2016/02/17,8936860841942
2016/02/18,8326713991691
2016/02/19,2075144736192
2016/02/20,1578711097103
2016/02/21,2128066904281
2016/02/22,2132564691647
2016/02/23,4565345175241
2016/02/24,11490388414339
2016/02/25,11300463289276
2016/02/26,47256701187479
2016/02/27,47052078392766
2016/02/28,41465598253200
2016/02/29,40705495237262
2016/03/01,40710911898712
2016/03/02,81908784598538
2016/03/03,76866386410562
2016/03/04,62947806395243
2016/03/05,1.0478400376018E+14
2016/03/06,84486540546957
2016/03/07,57731531054713
2016/03/08,38927619085126
2016/03/09,37051627626459
2016/03/10,46081759194054
2016/03/11,51054271243358
2016/03/12,16853600931864
2016/03/13,38711835022369
2016/03/14,41641259003043
2016/03/15,40144620269031
2016/03/16,36980255306893
2016/03/17,28134215859970
2016/03/18,18086586526711
2016/03/19,37354463105408
2016/03/20,40669971483373
2016/03/21,37829413383346
2016/03/22,41169308345786
2016/03/23,44888684346257
2016/03/24,33160660350410
2016/03/25,3205855256389
2016/03/26,5363154585423
2016/03/27,8066379586098
2016/03/28,7760689639188
2016/03/29,13472094634352
2016/03/30,18004580923935
2016/03/31,17976082465179
2016/04/01,20192619495399
2016/04/02,18952618681803
2016/04/03,24726008684311
2016/04/04,26549992480142
2016/04/05,19117339208870
2016/04/06,5847606864731
2016/04/07,2821656003912
2016/04/08,2688872219665
2016/04/09,8268639740643
2016/04/10,6386522864209
2016/04/11,6132127181649
2016/04/12,6166113706808
2016/04/13,5708877099730
2016/04/14,5635391787017
2016/04/15,6096597021200
2016/04/16,5109524054348
2016/04/17,3623397619115
2016/04/18,3455245554027
2016/04/19,3828440295330
2016/04/20,2519016647026
2016/04/21,1830858580515
2016/04/22,1937608175814
2016/04/23,2341035559812
2016/04/24,2589397671496
2016/04/25,2558064186607
2016/04/26,3353372982455
2016/04/27,3352865204404
2016/04/28,2783353062936
2016/04/29,3104904677686
2016/04/30,36869580048524
2016/05/01,38202618700777
2016/05/02,43054738029895
2016/05/03,41793575115295
2016/05/04,36089242648229
2016/05/05,29123346119230
2016/05/06,18098094376955
2016/05/07,10935357430078
2016/05/08,11041099261636
2016/05/09,11998219868448
2016/05/10,14608828437199
2016/05/11,33285558433176
2016/05/12,47710848048142
2016/05/13,5.5672330019844E+14
2016/05/14,6.0037653696136E+14
2016/05/15,5.8753191029015E+14
2016/05/16,6.0726025778397E+14
2016/05/17,6.2811792214586E+14
2016/05/18,6.4414294218831E+14
2016/05/19,643213013392338
2016/05/20,2.3350846059567E+14
2016/05/21,76866896839268
2016/05/22,91813640160382
2016/05/23,89281499372902
2016/05/24,83698058205065
2016/05/25,83537868927506
2016/05/26,47582904305533
2016/05/27,37615210268304
2016/05/28,37270594426273
2016/05/29,29870068836502
2016/05/30,37290683956825
2016/05/31,40055546292716
2016/06/01,45206329787562
2016/06/02,58243582805429
2016/06/03,29788324031365
2016/06/04,7096573756153
2016/06/05,7999858896244
2016/06/06,6730831507659
2016/06/07,7493372267927
2016/06/08,71385810258740
2016/06/09,71728303267623
2016/06/10,70461293127995
2016/06/11,69070635681771
2016/06/12,64561879937004
2016/06/13,59750860021493
2016/06/14,72029710055897
2016/06/15,39336781522233
2016/06/16,46927431115154
2016/06/17,3.964113979234E+14
2016/06/18,4.9359835821436E+14
2016/06/19,4.6559442230228E+14
2016/06/20,4.2871686566077E+14
2016/06/21,4.4567103315045E+14
2016/06/22,3.9294751998779E+14
2016/06/23,4.1325160116818E+14
2016/06/24,243298832223551
2016/06/25,26166803740856
2016/06/26,51091655268386
2016/06/27,48226189479857
2016/06/28,47360688852453
2016/06/29,25041523146451
2016/06/30,17599896579298
2016/07/01,18473663263443
2016/07/02,20805475325746
2016/07/03,23674418692120
2016/07/04,23484552135863
2016/07/05,1.0256218372094E+14
2016/07/06,1.0326943477456E+14
2016/07/07,1.0408998637593E+14
2016/07/08,1.0818491886984E+14
2016/07/09,1.0630336274919E+14
2016/07/10,1.0420925159478E+14
2016/07/11,1.0698431413658E+14
2016/07/12,2453797469408
2016/07/13,1614596678896
2016/07/14,1802954246620
2016/07/15,1.7724644572997E+14
2016/07/16,1.7234440134529E+14
2016/07/17,1.6971918500506E+14
2016/07/18,1.9824514110663E+14
2016/07/19,1185842980012970
2016/07/20,3.2875371952092E+15
2016/07/21,3155855263726805
2016/07/22,3.1759725565827E+15
2016/07/23,2892150100167024
2016/07/24,3738124956553854
2016/07/25,3487487291310062
2016/07/26,7059743000494410
2016/07/27,6904308763758506
2016/07/28,5524554087990638
2016/07/29,4939030709660034
2016/07/30,4687884033465756
2016/07/31,5318301337788826
2016/08/01,5594396816939172
2016/08/02,1369791698473738
2016/08/03,464278489281882
2016/08/04,4.6422225913278E+14
2016/08/05,5.0068971889618E+14
2016/08/06,706799871946527
2016/08/07,8.4017538707368E+14
2016/08/08,931233723226917
2016/08/09,423414740147555
2016/08/10,1.7581580264026E+14
2016/08/11,189305350381869
2016/08/12,1.8045000251731E+14
2016/08/13,166564357890372
2016/08/14,1.8314753600205E+14
2016/08/15,2.10792122605E+14
2016/08/16,2.6236849840355E+14
2016/08/17,1.1323061781095E+14
2016/08/18,28665284131213
2016/08/19,19482147610508
2016/08/20,11179986315060
2016/08/21,85164159007799
2016/08/22,89887674562228
2016/08/23,1.7813571046983E+14
2016/08/24,1.9980248569004E+14
2016/08/25,2.0852033640551E+14
2016/08/26,1.8442319052464E+14
2016/08/27,2.0355088305387E+14
2016/08/28,1.8301957883132E+14
2016/08/29,1.82443076253E+14
2016/08/30,17486569567656
2016/08/31,17230759683550
2016/09/01,31971295965240
2016/09/02,29967707263645
2016/09/03,27916963736958
2016/09/04,22683585630551
2016/09/05,27283233075145
2016/09/06,24769693710505
2016/09/07,27467637557409
2016/09/08,16422473107319
2016/09/09,12620547196447
2016/09/10,14214092590993
2016/09/11,8886492245744
2016/09/12,8694992174600
2016/09/13,8737927703715
2016/09/14,9142253197509
2016/09/15,2220086326761
2016/09/16,42812974170020
2016/09/17,40686818490410
2016/09/18,46196464528470
2016/09/19,45542130110472
2016/09/20,2.0402434800761E+14
2016/09/21,3.3185273588017E+14
2016/09/22,2.7558154668783E+14
2016/09/23,2.7574330580257E+14
2016/09/24,2.434637773194E+14
2016/09/25,2.2810013833307E+14
2016/09/26,1.9564559753197E+14
2016/09/27,1.6745422223044E+14
2016/09/28,45428497663958
2016/09/29,47113762773270
2016/09/30,63447115730038
2016/10/01,78038083908637
2016/10/02,60168179640317
2016/10/03,78267267300312
2016/10/04,87715577329273
2016/10/05,49309647932924
2016/10/06,22705084446934
2016/10/07,22740001200054
2016/10/08,22085175613308
2016/10/09,53403880690606
2016/10/10,75826729850222
2016/10/11,74264219443520
2016/10/12,79985986448148
2016/10/13,79477078727587
2016/10/14,66906139129344
2016/10/15,63965750880801
2016/10/16,61158323716316
2016/10/17,53262049856208
2016/10/18,73332547997137
2016/10/19,74607692511359
2016/10/20,84562963101505
2016/10/21,80035153713280
2016/10/22,94627317439998
2016/10/23,1.0594163893466E+14
2016/10/24,98662473642041
2016/10/25,8061962248184
2016/10/26,5908708218893
2016/10/27,6497309364138
2016/10/28,15090347754731
2016/10/29,22725846236886
2016/10/30,34539718891613
2016/10/31,26582261340585
2016/11/01,50668766436209
2016/11/02,1.3110398596391E+14
2016/11/03,9.4057137568710E+14
2016/11/04,9.6702508883798E+14
2016/11/05,1.0306212743688E+15
2016/11/06,1.1362533481191E+15
2016/11/07,1.1788689474344E+15
2016/11/08,1.2520375455E+15
2016/11/09,1.196004370331E+15
2016/11/10,25178264851541
2016/11/11,1.2579496762495E+14
2016/11/12,1.2271280872742E+14
2016/11/13,1.102244466179E+14
2016/11/14,1.1468089121117E+14
2016/11/15,1.0851739625195E+14
2016/11/16,1.0562365831455E+14
2016/11/17,1.3795669179869E+14
2016/11/18,62341079149142
2016/11/19,65750296282479
2016/11/20,71404162098698
2016/11/21,69682182186759
2016/11/22,90544744779097
2016/11/23,98942706518380
2016/11/24,60323426005420
2016/11/25,59703439089425
2016/11/26,62464320793162
2016/11/27,61804399708203
2016/11/28,60565366687009
2016/11/29,34693726949680
2016/11/30,7034585364144
2016/12/01,6872326772962
2016/12/02,42547817343277
2016/12/03,1.2486456774858E+14
2016/12/04,1.1355831006642E+14
2016/12/05,1.0813581898235E+14
2016/12/06,1.5801012516961E+14
2016/12/07,1.3300127426824E+14
2016/12/08,94800975084884
2016/12/09,98618179812548
2016/12/10,92464372197827
2016/12/11,85792559908969
2016/12/12,1.043414924181E+14
2016/12/13,24705053844726
2016/12/14,26725840142185
2016/12/15,19854404931999
2016/12/16,9592934314863
2016/12/17,26880150000714
2016/12/18,27684066477239
2016/12/19,25619490851599
2016/12/20,24101577900103
2016/12/21,19600881027716
2016/12/22,32626523874898
2016/12/23,1.2820270960193E+14
2016/12/24,1.2907578332394E+14
2016/12/25,1.4874381219093E+14
2016/12/26,1.6256078263438E+14
2016/12/27,1.6356693649133E+14
2016/12/28,163322525824614
2016/12/29,2.0197724944586E+14
2016/12/30,1.1014029496813E+14
2016/12/31,241101938399955
2017/01/01,2.158359646817E+14
2017/01/02,1.6413823913815E+14
2017/01/03,1.5029256852844E+14
2017/01/04,4.2736228924243E+14
2017/01/05,6.6539912422971E+14
2017/01/06,6.7128659504264E+14
2017/01/07,684802363779542
2017/01/08,5.8989532314638E+14
2017/01/09,4.5543601469204E+14
2017/01/10,4.4564451722661E+14
2017/01/11,3.5135578028328E+14
2017/01/12,179505694143648
2017/01/13,90928496027061
2017/01/14,1.9657939771392E+14
2017/01/15,2.9438205391747E+14
2017/01/16,317348478843281
2017/01/17,2.4657197516451E+14
2017/01/18,1.5417637020772E+14
2017/01/19,33270245348485
2017/01/20,51394728055578
2017/01/21,50522633794933
2017/01/22,44140312580129
2017/01/23,41893643297684
2017/01/24,43629060617412
2017/01/25,42748281744086
2017/01/26,42261507090943
2017/01/27,759897252003
2017/01/28,2476690695562
2017/01/29,2298191967758
2017/01/30,2775839559152
2017/01/31,5091876239051
2017/02/01,6855790880525
2017/02/02,7795005182604
2017/02/03,14007488715489
2017/02/04,16424713571153
2017/02/05,17441487131449
2017/02/06,11566708238087
2017/02/07,11415337686397
2017/02/08,11407041994829
2017/02/09,11012867726159
2017/02/10,11435152770543
2017/02/11,8979485992268
2017/02/12,4430637880413
2017/02/13,4295715375390
2017/02/14,1.0542589175993E+14
2017/02/15,2.4972995489558E+14
2017/02/16,2.3910141353755E+14
2017/02/17,232040798712199
2017/02/18,1.8002678817037E+14
2017/02/19,1.3186838590726E+14
2017/02/20,70431301738043
2017/02/21,82965571810742
2017/02/22,34184475677919
2017/02/23,32438412133983
2017/02/24,1.6021558135943E+14
2017/02/25,148124135273629
2017/02/26,1.4142054310029E+14
2017/02/27,1.0566988594379E+15
2017/02/28,2708857975700627
2017/03/01,3698128161971546
2017/03/02,8020183918314220
2017/03/03,10843166555871764
2017/03/04,7881099290198072
2017/03/05,4617465120526016
2017/03/06,4041850306126560
2017/03/07,3721071349453824
2017/03/08,3520093357846304
2017/03/09,2814264135945912
2017/03/10,1592859618584312
2017/03/11,2439358281537824
2017/03/12,11615268738744112
2017/03/13,17491123358362336
2017/03/14,16657103468603216
2017/03/15,15526609697225488
2017/03/16,120190544506471584
2017/03/17,117262526964367872
2017/03/18,121726385818305088
2017/03/19,144414992141777216
2017/03/20,155500275178418560
2017/03/21,137451471804242048
2017/03/22,119636373281136768
2017/03/23,52386267526383968
2017/03/24,52198123531384608
2017/03/25,28974019371631840
2017/03/26,16649085886392960
2017/03/27,7561722253760768
2017/03/28,7565425634601088
2017/03/29,8238942555520256
2017/03/30,17895411344331136
2017/03/31,17922008183041536
2017/04/01,21252830473758080
2017/04/02,18942843004895936
2017/04/03,17737506644782208
2017/04/04,29682103888827328
2017/04/05,31181198942009152
2017/04/06,23129270665986112
2017/04/07,40711153536084544
2017/04/08,48881106544008928
2017/04/09,45705049653464352
2017/04/10,30273591292703936
2017/04/11,30192951967223680
2017/04/12,26782400476780224
2017/04/13,2631713506786448
2017/04/14,1190136222614176
2017/04/15,4426089026041488
2017/04/16,10802198330457536
2017/04/17,12332017446852632
2017/04/18,14353027283086520
2017/04/19,20478968732801472
2017/04/20,29259638592723424
2017/04/21,29826660454872816
2017/04/22,26351861912654240
2017/04/23,15965578328427152
2017/04/24,4723216111739968
2017/04/25,4806666953894784
2017/04/26,7739471125528000
2017/04/27,32605009851645760
2017/04/28,58041916141957760
2017/04/29,67933947095853632
2017/04/30,77763975685666176
2017/05/01,206415107630481408
2017/05/02,175714805522846208
2017/05/03,152114379314253056
2017/05/04,158370294165067264
2017/05/05,158624612041117184
2017/05/06,101029897542966784
2017/05/07,53822934798351872
2017/05/08,51284920698480128
2017/05/09,47472674641527808
2017/05/10,50548371042740736
2017/05/11,52751355023121920
2017/05/12,29828346314289152
2017/05/13,58603738473595392
2017/05/14,84951019125735936
2017/05/15,79615364134962432
2017/05/16,99209574678998528
2017/05/17,111214178720964352
2017/05/18,108274734958634240
2017/05/19,115123587278282496
2017/05/20,112307856031571456
2017/05/21,112980447618437888
2017/05/22,1104214058808990720
2017/05/23,1184521356458377216
2017/05/24,1186647815412694016
2017/05/25,921090873052881920
2017/05/26,830052179557952512
2017/05/27,629496628072347648
2017/05/28,644755932089486336
2017/05/29,286232963905732608
2017/05/30,277125986558343168
2017/05/31,1293589690364016640
2017/06/01,1428416179454669824
2017/06/02,1513344357490357248
2017/06/03,1320148178703581184
2017/06/04,957404423702331392
2017/06/05,609673848707024896
2017/06/06,567344936335114240
2017/06/07,428229660139464704
2017/06/08,414415471626788864
2017/06/09,387027606831276032
2017/06/10,400517962530914304
2017/06/11,284694021126703104
2017/06/12,3798310315185238016
2017/06/13,5078205856115781632
2017/06/14,5018804215931031552
2017/06/15,4746868829349564416
2017/06/16,4305155573712805888
2017/06/17,4055445622841327616
2017/06/18,4530978200155717632
2017/06/19,2839667339575209984
2017/06/20,1459444970871623680
2017/06/21,2549989244542570496
2017/06/22,1911583765009977344
2017/06/23,906381996349390848
2017/06/24,903995926548234240
2017/06/25,1530068727121051648
2017/06/26,1423991956567007232
2017/06/27,584309200709771264
2017/06/28,510886724950987776
2017/06/29,556061110985182208
2017/06/30,525039781555182592
2017/07/01,429036503323075584
2017/07/02,202932323678112768
2017/07/03,2277559721103370240
2017/07/04,2796539320567887872
2017/07/05,3204535588227037184
2017/07/06,3431705303829035008
2017/07/07,3555567181599266816
2017/07/08,3757371366821482496
2017/07/09,4292434814944055296
2017/07/10,1876991677825544192
2017/07/11,285971803617134080
2017/07/12,326494547737946624
2017/07/13,1059988762359185408
2017/07/14,1807552356418334720
2017/07/15,1932511859947997184
2017/07/16,1024548412940701696
2017/07/17,772941486011095040
2017/07/18,658111714567227392
2017/07/19,252382810484240384
2017/07/20,254864067939442688
2017/07/21,240499497673826304
2017/07/22,1802019294668580864
2017/07/23,2578250178263478272
2017/07/24,2696959761454729216
2017/07/25,2534334882100944896
2017/07/26,2225978496609138688
2017/07/27,2179690564775886848
2017/07/28,2224994187527186432
2017/07/29,1135912712431996928
2017/07/30,454036873488121856
2017/07/31,1119674726224087040
2017/08/01,1202331615687178240
2017/08/02,1387594767559315456
2017/08/03,1360782033863005184
2017/08/04,701681475110300672
2017/08/05,136179538000814592
2017/08/06,46865732749070336
2017/08/07,84968112089110528
2017/08/08,207744812788700160
2017/08/09,338057826735900672
2017/08/10,2681932407839479808
2017/08/11,1.6123734172189E+19
2017/08/12,1.6201241266141E+19
2017/08/13,1.4847152061974E+19
2017/08/14,1.1906206255992E+19
2017/08/15,9.5272674396965E+18
2017/08/16,8150835685993906176
2017/08/17,9.5347308109941E+18
2017/08/18,3275485647370084352
2017/08/19,3131821276409978880
2017/08/20,1722588293554802688
2017/08/21,653770392025264128
2017/08/22,390914621134256128
2017/08/23,348052587623878656
2017/08/24,266706393646288896
2017/08/25,138371287066570752
2017/08/26,564970538246828032
2017/08/27,1745676711691814912
2017/08/28,5828395472859398144
2017/08/29,6486086681740447744
2017/08/30,1.4277823198473E+19
2017/08/31,1.3018192086729E+19
2017/09/01,1.1173926894174E+19
2017/09/02,7322275209312206848
2017/09/03,9.3601197134806E+18
2017/09/04,8962610023662133248
2017/09/05,9.2744134778038E+18
2017/09/06,670384213918142464
2017/09/07,617265519241019392
2017/09/08,374597876393922560
2017/09/09,613795206322126848
2017/09/10,444885350119456768
2017/09/11,456905045438529536
2017/09/12,463009447365447680
2017/09/13,891145694644195328
2017/09/14,893802432292802560
2017/09/15,895287361490829312
2017/09/16,768028063100284928
2017/09/17,623247541175914496
2017/09/18,919874699489914880
2017/09/19,850091027049164800
2017/09/20,830916578138544128
2017/09/21,982644440123205632
2017/09/22,1080078082987233280
2017/09/23,1210756820844654592
2017/09/24,1419229811000583168
2017/09/25,533509930185747456
2017/09/26,80913531884107776
2017/09/27,73993447425403904
2017/09/28,115004180918731776
2017/09/29,109994098457659392
2017/09/30,124549866988795904
2017/10/01,234651033280227328
2017/10/02,237270696976866304
2017/10/03,2566003702304344064
2017/10/04,2833964917711820800
2017/10/05,2845943843418034176
2017/10/06,2785597285480783872
2017/10/07,2670633065418991616
2017/10/08,2194117840256530432
2017/10/09,1954009725390110720
2017/10/10,382369452276566016
2017/10/11,90180530653709312
2017/10/12,115107229203243008
2017/10/13,422186163797946368
2017/10/14,300875208829339648
2017/10/15,241360367235475456
2017/10/16,331226843165534208
2017/10/17,342261740657078272
2017/10/18,448923692945125376
2017/10/19,446368846227052544
2017/10/20,310480677570242560
2017/10/21,327649490620340224
2017/10/22,374065050842527744
2017/10/23,249361397859178496
2017/10/24,257544113014865920
2017/10/25,155610270008973312
2017/10/26,142554442792052736
2017/10/27,1386503439835645952
2017/10/28,2245216401836782592
2017/10/29,2819441770407293440
2017/10/30,2632062024981004800
2017/10/31,1773477395989747200
2017/11/01,2649588292953302016
2017/11/02,3808862365868951552
2017/11/03,4190614440998849536
2017/11/04,3699232451867133440
2017/11/05,2947854309192910848
2017/11/06,1936504507398651904
2017/11/07,680124943837583360
2017/11/08,545497360372754432
2017/11/09,1328656052414113792
2017/11/10,1415257164946731008
2017/11/11,1310600958171752448
2017/11/12,1368679480730202112
2017/11/13,1213851811744268288
2017/11/14,798444451042363392
2017/11/15,854370078916026368
2017/11/16,628819353222643712
2017/11/17,670285444435005440
2017/11/18,604323364733136896
2017/11/19,526808535879700480
2017/11/20,599029942833205248
2017/11/21,413273975877251072
2017/11/22,500637094173417472
2017/11/23,634492524469665792
2017/11/24,628726161222156288
2017/11/25,688042360779038720
2017/11/26,354282855567646720
2017/11/27,1328920433067999232
2017/11/28,3454561399578075136
2017/11/29,6119909125059018752
2017/11/30,5824776485059526656
2017/12/01,3871427909597921280
2017/12/02,2962473115811545088
2017/12/03,1436336195808264192
2017/12/04,1378872453495341056
2017/12/05,5773012915685998592
2017/12/06,5024836208904257536
2017/12/07,5707490667538128896
2017/12/08,6750554945728045056
2017/12/09,6264806321528303616
2017/12/10,4499862302002966528
2017/12/11,1243948791446388736
2017/12/12,2528004072015724544
2017/12/13,3026869595464613888
2017/12/14,5026483013020499968
2017/12/15,5076317419237756928
2017/12/16,4125524258178486272
2017/12/17,2611634162162982912
2017/12/18,850518995932971008
2017/12/19,1607504236912885760
2017/12/20,2934331319066361856
2017/12/21,4102545355849752576
2017/12/22,4276351460280475648
2017/12/23,3587958059968233472
2017/12/24,4342762325780021248
2017/12/25,5839798088043175936
2017/12/26,5799101422096818176
2017/12/27,4605060609279967232
2017/12/28,3256268897787142144
2017/12/29,4212872241503920128
2017/12/30,6431581718334570496
2017/12/31,5403013815901667328
2018/01/01,4012174485126742016
2018/01/02,4845316302894350336
2018/01/03,5659069445704269824
2018/01/04,1.626987625798E+19
2018/01/05,2.2018254636115E+19
2018/01/06,2.2985951361355E+19
2018/01/07,1.6411525388098E+19
2018/01/08,7496765557634727936
2018/01/09,7064061036875415552
2018/01/10,8331097493849047040
2018/01/11,8367510971000553472
2018/01/12,9156337744663609344
2018/01/13,1.1415471249641E+19
2018/01/14,3.850355429995E+19
2018/01/15,4.0387188998039E+19
2018/01/16,4.123548541248E+19
2018/01/17,4.1089825859804E+19
2018/01/18,4.2897138002655E+19
2018/01/19,5.105728908328E+19
2018/01/20,5.8007014558726E+19
2018/01/21,1.2263398705705E+19
2018/01/22,1.2027204276936E+19
2018/01/23,7661017741947322368
2018/01/24,4034748119655055360
2018/01/25,2591907972589617152
2018/01/26,3026970334072832000
2018/01/27,3191391326570422272
2018/01/28,3244982831203934208
2018/01/29,3343426577372577792
2018/01/30,3627047674621714432
2018/01/31,3671365107325009920
2018/02/01,1018242449901305856
2018/02/02,979977059225862144
2018/02/03,1690348133617221632
2018/02/04,3992812227315040256
2018/02/05,4567850727008198656
2018/02/06,4206580472722694144
2018/02/07,3900929106683518976
2018/02/08,4319719245109403648
2018/02/09,1077605849086980096
2018/02/10,931059538506760192
2018/02/11,1244408196321202176
2018/02/12,1145956849911549952
2018/02/13,918947908364550144
2018/02/14,666597479945734144
2018/02/15,482424529348636672
2018/02/16,502082404376854528
2018/02/17,462509103659134976
2018/02/18,324950468014592000
2018/02/19,394588503339778048
2018/02/20,195156513233162240
2018/02/21,208590903311968256
2018/02/22,107586873161934848
2018/02/23,337721887887632384
2018/02/24,556192179417819136
2018/02/25,1022959640281036800
2018/02/26,1157465679825487872
2018/02/27,1236173459508007936
2018/02/28,1181813780297000960
2018/03/01,256673453395419136
2018/03/02,165669259834352640
2018/03/03,114667171825910272
2018/03/04,143512984596668672
2018/03/05,47526395842294528
2018/03/06,65091297234072832
2018/03/07,73873829605307904
2018/03/08,69680729751927552
2018/03/09,68983355730828800
2018/03/10,76984591046997760
2018/03/11,94904834128126720
2018/03/12,94479110141268736
2018/03/13,136632427041657088
2018/03/14,120019715176730112
2018/03/15,119867718625489408
2018/03/16,131186038505389568
2018/03/17,141122326184370688
2018/03/18,133130234209474560
2018/03/19,130475699931159296
2018/03/20,56268532936101376
2018/03/21,51830805094227968
2018/03/22,56350087247486080
2018/03/23,50891352215909376
2018/03/24,59183901782997376
2018/03/25,56964078342077056
2018/03/26,38878659918561792
2018/03/27,45792879941450880
2018/03/28,50522793789076352
2018/03/29,53122185359285376
2018/03/30,50499082008878464
2018/03/31,53734821511276160
2018/04/01,57510877181822464
2018/04/02,69932656783520896
2018/04/03,55164997036091648
2018/04/04,36902981260030848
2018/04/05,16875192264316416
2018/04/06,4703782662011456
2018/04/07,9903662698766560
2018/04/08,9825235559507392
2018/04/09,11207774264907648
2018/04/10,7959061286136352
2018/04/11,8214544841666016
2018/04/12,39494370759995392
2018/04/13,71053913846908416
2018/04/14,59506440710059328
2018/04/15,54395388195978560
2018/04/16,53224697115585472
2018/04/17,45476844189422592
2018/04/18,44083575629018496
2018/04/19,42076155974786304
2018/04/20,58924816689063424
2018/04/21,43750113592340736
2018/04/22,33249416969013248
2018/04/23,155191057370863360
2018/04/24,196733512930695168
2018/04/25,186492802537010176
2018/04/26,165367888603674368
2018/04/27,162504584259733504
2018/04/28,145506556313384960
2018/04/29,93694526495980288
2018/04/30,56140836624790016
2018/05/01,22171243884603392
2018/05/02,42656232084466176
2018/05/03,109438368699355648
2018/05/04,144982030914184192
2018/05/05,130712366147670528
2018/05/06,121849151890422272
2018/05/07,152569921603309568
2018/05/08,120392198525886976
2018/05/09,121294742636743168
2018/05/10,99371200559323648
2018/05/11,79080817992171008
2018/05/12,110567304184383488
2018/05/13,164790297663448064
2018/05/14,87616622671202304
2018/05/15,82810919601506048
2018/05/16,74626227441097728
2018/05/17,60174544619270400
2018/05/18,48144329597308416
2018/05/19,62705372618548480
2018/05/20,56725023356768256
2018/05/21,32607368623549184
2018/05/22,40315681684921600
2018/05/23,78253033172551168
2018/05/24,78406667922187520
2018/05/25,79791481516382720
2018/05/26,85721530183612928
2018/05/27,72732743445165312
2018/05/28,78873860168485888
2018/05/29,69867794942113536
2018/05/30,36456875733467392
2018/05/31,38110768523790592
2018/06/01,43551575242200320
2018/06/02,46989484472022784
2018/06/03,82821656058581760
2018/06/04,67638356751473152
2018/06/05,68103145207665920
2018/06/06,74137261163901696
2018/06/07,74418249263647232
2018/06/08,72079597972161536
2018/06/09,77088422229919232
2018/06/10,48813904021138176
2018/06/11,48522105733638400
2018/06/12,66964323660219392
2018/06/13,138861441183021824
2018/06/14,200399470035065856
2018/06/15,219796413957268224
2018/06/16,203860664594053120
2018/06/17,279390083527140096
2018/06/18,320701922305763072
2018/06/19,326116824929639680
2018/06/20,247807933844991488
2018/06/21,127732088092208256
2018/06/22,35714967982891008
2018/06/23,47283656806655744
2018/06/24,32029630418070528
2018/06/25,30930693933083520
2018/06/26,32054354834766464
2018/06/27,30428567782894592
2018/06/28,31870604781686912
2018/06/29,19084911383724416
2018/06/30,22786497313830272
2018/07/01,41098444585873920
2018/07/02,25374338059474816
2018/07/03,24475885573399296
2018/07/04,22178897232159360
2018/07/05,21999408379207360
2018/07/06,15946653067794496
2018/07/07,17328053754251200
2018/07/08,10224172432547776
2018/07/09,12117271868332224
2018/07/10,12358353107110400
2018/07/11,13651257367044800
2018/07/12,15227883987091840
2018/07/13,16601619245290368
2018/07/14,22888109771417728
2018/07/15,33026210458924992
2018/07/16,30469295937561536
2018/07/17,30580739784020992
2018/07/18,52435760536465024
2018/07/19,53206463774317184
2018/07/20,51533252436948288
2018/07/21,43944145005278976
2018/07/22,31961120214093760
2018/07/23,31518603990769152
2018/07/24,30115011184352960
2018/07/25,17532431118225216
2018/07/26,17100307889051008
2018/07/27,13653566840852864
2018/07/28,20816768783897088
2018/07/29,27622814076283072
2018/07/30,26303969612504512
2018/07/31,76938065047353216
2018/08/01,76354905742926464
2018/08/02,75741641957785728
2018/08/03,77483319053629504
2018/08/04,75738748395431424
2018/08/05,75289378025028992
2018/08/06,77111383830541312
2018/08/07,11137326194427616
2018/08/08,16720197901649408
2018/08/09,14490973639522464
2018/08/10,16397900498502208
2018/08/11,12917295440745728
2018/08/12,15238879974271360
2018/08/13,19836367507570624
2018/08/14,25926470240620288
2018/08/15,23823620302395968
2018/08/16,27613172878630016
2018/08/17,27379668581401664
2018/08/18,35266951527965952
2018/08/19,42557959546594816
2018/08/20,35357149955891520
2018/08/21,17404501671877952
2018/08/22,9519452985031456
2018/08/23,9351034898939648
2018/08/24,5499527619767488
2018/08/25,6126255929639200
2018/08/26,4818456544557440
2018/08/27,5137857083415744
2018/08/28,5212485268542752
2018/08/29,4437883077083680
2018/08/30,4454256868810304
2018/08/31,4629878746604640
2018/09/01,3859980392918304
2018/09/02,3809238314880288
2018/09/03,5586093766449632
2018/09/04,29272370579471616
2018/09/05,33664324924396672
2018/09/06,36267696818052576
2018/09/07,34248136951092416
2018/09/08,28960376550468416
2018/09/09,18293826853702272
2018/09/10,19214556924560384
2018/09/11,9151394672369664
2018/09/12,9494175666401024
2018/09/13,6050143209313984
2018/09/14,5488429610958208
2018/09/15,9232984406207296
2018/09/16,14416458658218624
2018/09/17,14250252150211712
2018/09/18,14440077100061856
2018/09/19,4815416684550944
2018/09/20,3675192729370672
2018/09/21,14950059793160928
2018/09/22,14011702663421088
2018/09/23,11826060785260832
2018/09/24,11964835724508064
2018/09/25,11641822762715872
2018/09/26,10257340998493120
2018/09/27,10731863322119488
2018/09/28,999351523192096
2018/09/29,1503259872637104
2018/09/30,1840689462124064
2018/10/01,1700148308859840
2018/10/02,2370399898176688
2018/10/03,1785860804868224
2018/10/04,1714616791458048
2018/10/05,1186326949579088
2018/10/06,1798578063726976
2018/10/07,2678615217477680
2018/10/08,3422562816044608
2018/10/09,2976533010970720
2018/10/10,2830214784171456
2018/10/11,15114122405742240
2018/10/12,15278168823093504
2018/10/13,15505565523457152
2018/10/14,14984618549397664
2018/10/15,29383106292009888
2018/10/16,28570464823105920
2018/10/17,27304265177626848
2018/10/18,22307792118649184
2018/10/19,23041087738744672
2018/10/20,20564289523956480
2018/10/21,14924553456230240
2018/10/22,4610902901419744
2018/10/23,3592089539995152
2018/10/24,3549918821234880
2018/10/25,2323690670150688
2018/10/26,2288689708429840
2018/10/27,5056053526218016
2018/10/28,6435895252825392
2018/10/29,7252380973841024
2018/10/30,7178710604171184
2018/10/31,7210156885717040
2018/11/01,4729945888437504
2018/11/02,5154878843437632
2018/11/03,4676088831323280
2018/11/04,2838805871205584
2018/11/05,5823790848825504
2018/11/06,6142421922873680
2018/11/07,7738964317443856
2018/11/08,7352912498352160
2018/11/09,7438173304815056
2018/11/10,6735211763212512
2018/11/11,8775598934926480
2018/11/12,6371799183181328
2018/11/13,6027759450457856
2018/11/14,12171719911865520
2018/11/15,17290154756127712
2018/11/16,17026075838591776
2018/11/17,16643040106184608
2018/11/18,13262930866930912
2018/11/19,29081960570746176
2018/11/20,38424442645600288
2018/11/21,37791933378380064
2018/11/22,40451215219487328
2018/11/23,41110103296669536
2018/11/24,38851823601537728
2018/11/25,35677947611644448
2018/11/26,23973020997762272
2018/11/27,5430661886259536
2018/11/28,2560831310330752
2018/11/29,3128206554399760
2018/11/30,330132228256903808
2018/12/01,472830893435032320
2018/12/02,511852474209063808
2018/12/03,529013593865460992
2018/12/04,536399482576366080
2018/12/05,546189760026441920
2018/12/06,551092033393712960
2018/12/07,284531919536033504
2018/12/08,6885853645259552
2018/12/09,5255434910610208
2018/12/10,5609736463335328
2018/12/11,5921964610782912
2018/12/12,6640197401897184
2018/12/13,4917709518876384
2018/12/14,284218926646816
2018/12/15,1027403853520864
2018/12/16,1578636277754696
2018/12/17,2820981871173760
2018/12/18,3719953593939768
2018/12/19,9300429384186224
2018/12/20,14820946487896880
2018/12/21,19186483517932416
2018/12/22,15660361704663328
2018/12/23,9194160624507840
2018/12/24,12371119197718304
2018/12/25,12190947658441504
2018/12/26,14316621770456736
2018/12/27,13302288206097472
2018/12/28,10314155041863520
2018/12/29,10299819853354304
2018/12/30,14211010904999840
2018/12/31,7960663311193328
2019/01/01,9463040840486336
2019/01/02,9909942378277600
2019/01/03,10076963277247872
2019/01/04,17139489983509696
2019/01/05,25357397162048512
2019/01/06,20736381659640160
2019/01/07,18024877677766528
2019/01/08,12447756007804800
2019/01/09,14100029617170176
2019/01/10,13506327555491808
2019/01/11,11045549947407520
2019/01/12,7922618585612176
2019/01/13,10725657641751920
2019/01/14,11019042235026096
2019/01/15,11254585347085232
2019/01/16,11284361370624656
2019/01/17,10360697194077136
2019/01/18,5659351277260032
2019/01/19,5862252066594288
2019/01/20,6005070268196064
2019/01/21,2489598940276016
2019/01/22,1943673279314288
2019/01/23,541905357040216
2019/01/24,749144837436496
2019/01/25,749052752619848
2019/01/26,1223638478676192
2019/01/27,1210813404651512
2019/01/28,3163644815137464
2019/01/29,3084945860610872
2019/01/30,3090298732736936
2019/01/31,2939644605914056
2019/02/01,3065526947633592
2019/02/02,3607143629911944
2019/02/03,4728629331891000
2019/02/04,3357466470801544
2019/02/05,3694122602178592
2019/02/06,2630821351329920
2019/02/07,1199201783515084
2019/02/08,1807189891103644
2019/02/09,1773228584739916
2019/02/10,1789771000915056
2019/02/11,1980567866495716
2019/02/12,1202610349792656
2019/02/13,1353786481921376
2019/02/14,1098026911082208
2019/02/15,847235878351656
2019/02/16,929876263025664
2019/02/17,953334906750112
2019/02/18,7374066782809856
2019/02/19,10872178256005216
2019/02/20,11104768686070736
2019/02/21,10405797816375712
2019/02/22,8908357747260720
2019/02/23,5234862897805136
2019/02/24,5068536615801904
2019/02/25,8033641205321872
2019/02/26,8912987160227296
2019/02/27,9215923406770464
2019/02/28,9116143731866832
2019/03/01,10244619305216848
2019/03/02,11443551654319968
2019/03/03,10902000546713520
2019/03/04,4041259656229872
2019/03/05,3989951035851696
2019/03/06,2095953947456272
2019/03/07,1809136632687248
2019/03/08,2124251643505152
2019/03/09,1222115061522000
2019/03/10,1088655699839392
2019/03/11,1200027515024208
2019/03/12,1244210619623152
2019/03/13,1272142784640208
2019/03/14,1290663491170992
2019/03/15,1055751473129488
2019/03/16,888092149404592
2019/03/17,742904417271904
2019/03/18,1184443249781104
2019/03/19,1209679790152400
2019/03/20,2682048497765792
2019/03/21,2855340295172656
2019/03/22,2928499114353152
2019/03/23,2852745795937776
2019/03/24,2863415447735104
2019/03/25,3283688117778912
2019/03/26,2654918915017168
2019/03/27,1975196218811296
2019/03/28,1912203337311536
2019/03/29,1836454747684848
2019/03/30,1897965524700976
2019/03/31,748384267039712
2019/04/01,423261368249776
2019/04/02,10988881802600016
2019/04/03,22788349509626176
2019/04/04,20747506723442752
2019/04/05,19481581675441376
2019/04/06,21347940426909632
2019/04/07,18241297938117984
2019/04/08,20089125718762592
2019/04/09,19092372159592096
2019/04/10,13027008977726144
2019/04/11,12960492735905632
2019/04/12,13442928642581824
2019/04/13,16598466502647488
2019/04/14,21006851622299872
2019/04/15,12809145919663104
2019/04/16,8188901094299680
2019/04/17,5808412158547952
2019/04/18,4627246049651392
2019/04/19,4463248356133360
2019/04/20,2846184258017840
2019/04/21,1752609435766368
2019/04/22,1650227136859328
2019/04/23,2653270601085120
2019/04/24,6366111942290944
2019/04/25,7315378916387104
2019/04/26,15419271655477888
2019/04/27,16588888894528320
2019/04/28,15648674302275776
2019/04/29,14888477463437408
2019/04/30,14914877615866336
2019/05/01,13883686157127424
2019/05/02,15206610184853632
2019/05/03,3830422963279008
2019/05/04,3219471521959424
2019/05/05,4352349368090464
2019/05/06,4909149678414016
2019/05/07,9573965172674688
2019/05/08,11239133884037056
2019/05/09,9948630216431712
2019/05/10,9948589821285120
2019/05/11,22333403428631200
2019/05/12,13488977745964928
2019/05/13,16884418910619264
2019/05/14,18594333853140672
2019/05/15,34414202188860544
2019/05/16,176714905369352704
2019/05/17,152679068673013376
2019/05/18,175208000719285888
2019/05/19,169690904774997760
2019/05/20,168839963981417728
2019/05/21,169621988730108928
2019/05/22,173606630617665536
2019/05/23,26997701218998848
2019/05/24,6747557216024448
2019/05/25,10354134186149568
2019/05/26,10196986369066624
2019/05/27,14267396960265024
2019/05/28,14078753074679296
2019/05/29,29796407077475840
2019/05/30,39918493580516096
2019/05/31,38394209028965760
2019/06/01,35414443347494400
2019/06/02,49832962334713216
2019/06/03,48136254554163840
2019/06/04,47539476901861632
2019/06/05,37790954756267136
2019/06/06,31812075559868672
2019/06/07,25385900178777024
2019/06/08,36125243767493632
2019/06/09,35978759740687936
2019/06/10,31634243054865920
2019/06/11,22381540286610432
2019/06/12,9137641661936128
2019/06/13,14369759811706624
2019/06/14,17678105195635136
2019/06/15,24065348793837120
2019/06/16,17425177587233984
2019/06/17,16466553107867008
2019/06/18,11769289621011008
2019/06/19,9333314492946432
2019/06/20,11346148336561792
2019/06/21,12179518392231936
2019/06/22,8315355658539264
2019/06/23,9311116241625344
2019/06/24,7185799969565312
2019/06/25,9216134899096832
2019/06/26,35778956285062528
2019/06/27,36050010810749696
2019/06/28,37241796207793792
2019/06/29,39268733640291968
2019/06/30,44177166142029440
2019/07/01,46880309713156096
2019/07/02,53330242234277888
2019/07/03,30974774654196992
2019/07/04,9880296783104320
2019/07/05,10126777448769984
2019/07/06,14128256918686784
2019/07/07,15807472170506240
2019/07/08,10508875042512416
2019/07/09,93871621779414784
2019/07/10,96466617168376896
2019/07/11,112118167307723392
2019/07/12,109881968245542784
2019/07/13,115815406626144448
2019/07/14,107703996360935168
2019/07/15,103406909986414528
2019/07/16,45302598688146432
2019/07/17,42694031330301184
2019/07/18,13581436450023360
2019/07/19,14676518687964640
2019/07/20,12403864711434880
2019/07/21,21213600984385472
2019/07/22,14879710962402208
2019/07/23,13095244161408448
2019/07/24,6854543533866784
2019/07/25,2752597837449728
2019/07/26,7606431119886512
2019/07/27,9048511383892016
2019/07/28,10628001057280256
2019/07/29,10620087197052688
2019/07/30,10649279876308272
2019/07/31,10610146981744416
2019/08/01,20036964531951008
2019/08/02,15854061705258304
2019/08/03,14810240045961952
2019/08/04,14312406297264048
2019/08/05,23706066797653664
2019/08/06,24358145774192832
2019/08/07,23594395076190368
2019/08/08,18716886354995872
2019/08/09,18798681502661792
2019/08/10,18545861194795328
2019/08/11,16491209090094656
2019/08/12,8585560147606368
2019/08/13,5244554250795344
2019/08/14,6435352185899488
2019/08/15,6505077389223520
2019/08/16,6362617287495072
2019/08/17,8052655348423456
2019/08/18,8541286964682640
2019/08/19,8429372361527168
2019/08/20,10284541847600800
2019/08/21,9059322422430144
2019/08/22,6310404467171536
2019/08/23,6008025650713984
2019/08/24,5682189456677984
2019/08/25,5753004762476896
2019/08/26,5816074088816288
2019/08/27,2275875146337536
2019/08/28,2431770219030832
2019/08/29,2466963818138352
2019/08/30,2413547745621456
2019/08/31,2720768797408816
2019/09/01,3502055438314912
2019/09/02,3444064093284384
2019/09/03,5594689091878848
2019/09/04,5599898875707392
2019/09/05,5959696418952704
2019/09/06,6015979263034528
2019/09/07,4920657113884400
2019/09/08,3203015678790560
2019/09/09,3130574307990864
2019/09/10,836540454881168
2019/09/11,776478578047120
2019/09/12,872595238902864
2019/09/13,1104791631856928
2019/09/14,2129500652590752
2019/09/15,2388125026442096
2019/09/16,5373643369443728
2019/09/17,8906678445109696
2019/09/18,14675442134103984
2019/09/19,13333245270216480
2019/09/20,13099048203302368
2019/09/21,12509871457241984
2019/09/22,13768589530913952
2019/09/23,13241741444565824
2019/09/24,20405294611724704
2019/09/25,17529601608764992
2019/09/26,18091319473113888
2019/09/27,18228954131628736
2019/09/28,16204082925390496
2019/09/29,16470567712350112
2019/09/30,16659072873429792
2019/10/01,8704879272674576
2019/10/02,8842337831665216
2019/10/03,7969336727288000
2019/10/04,7760144169354232
2019/10/05,9234921272561408
2019/10/06,9963427580740768
2019/10/07,2469193821716544
2019/10/08,2280823988076248
2019/10/09,4580488051565408
2019/10/10,4427658645510192
2019/10/11,4182257436612928
2019/10/12,2740008501468304
2019/10/13,3264904080801640
2019/10/14,5074146942278224
2019/10/15,5122925366887072
2019/10/16,4232789041332440
2019/10/17,4405041710040992
2019/10/18,4612723902293008
2019/10/19,5815825386878720
2019/10/20,4665074854010808
2019/10/21,1770872786798000
2019/10/22,1735712204733640
2019/10/23,6295089059843720
2019/10/24,8498644597259520
2019/10/25,8885107361698064
2019/10/26,7735969008078704
2019/10/27,7302264855556864
2019/10/28,12920822460738720
2019/10/29,9767045863770816
2019/10/30,10148488929920400
2019/10/31,10514409129849216
2019/11/01,11982702926710656
2019/11/02,14759000312975184
2019/11/03,15620305427748256
2019/11/04,4772742515576976
2019/11/05,6456513384904304
2019/11/06,6321903153613184
2019/11/07,6341313332658696
2019/11/08,6322269809666152
2019/11/09,6824306400573184
2019/11/10,7911612354966344
2019/11/11,7056440196362904
2019/11/12,2984124144515136
2019/11/13,2890050380851840
2019/11/14,2924015351057776
2019/11/15,2974806608634456
2019/11/16,2993353526423888
2019/11/17,3104707110961144
2019/11/18,3211617491889520
2019/11/19,2250321933355496
2019/11/20,2201679084325736
2019/11/21,3607156920174288
2019/11/22,13580597304307840
2019/11/23,12642926083144816
2019/11/24,12216202746823200
2019/11/25,14374176218550048
2019/11/26,15547134880388160
2019/11/27,15164792197738192
2019/11/28,15103400448286736
2019/11/29,7836110985609160
2019/11/30,7572149847430568
2019/12/01,8706049115786272
2019/12/02,4596816214521280
2019/12/03,4688273700431432
2019/12/04,2951931323717064
2019/12/05,1309866547814976
2019/12/06,1302415755016008
2019/12/07,2206364709489244
2019/12/08,3133101248492204
2019/12/09,2181873038182320
2019/12/10,2624478384226760
2019/12/11,2648090859342560
2019/12/12,2395774006673168
2019/12/13,1944006428797692
2019/12/14,1922395353395876
2019/12/15,1756132912893416
2019/12/16,2281564336001248
2019/12/17,6315239498799152
2019/12/18,10954889703972784
2019/12/19,15504686496793448
2019/12/20,15097839135243560
2019/12/21,15350363180291512
2019/12/22,14835769999180848
2019/12/23,14697419862470920
2019/12/24,14102110054749616
2019/12/25,9943589213733392
2019/12/26,1869082242681624
2019/12/27,1826447638292024
2019/12/28,1613254943960828
2019/12/29,1257316397875300
2019/12/30,544989977701028
2019/12/31,2164701467172424
2020/01/01,3181741087632620
2020/01/02,3194545375139728
2020/01/03,4061112908876936
2020/01/04,3814746122589924
2020/01/05,3949567232477028
2020/01/06,4403722647859128
2020/01/07,3104071153039332
2020/01/08,2903975037360064
2020/01/09,2491469606315368
2020/01/10,2234167886482536
2020/01/11,1940869812081616
2020/01/12,1522937945620496
2020/01/13,1358389348098480
2020/01/14,6379669997882624
2020/01/15,7915272739067040
2020/01/16,7566612675178760
2020/01/17,6853638169432504
2020/01/18,6164906284960640
2020/01/19,4423826820817952
2020/01/20,5218401850294864
2020/01/21,3894836597253952
2020/01/22,2965271896829040
2020/01/23,2565508644160984
2020/01/24,2187300750752136
2020/01/25,2298715470650700
2020/01/26,2663051820485252
2020/01/27,2701728897708920
2020/01/28,2988132693560592
2020/01/29,3409807839311020
2020/01/30,3991573028362040
2020/01/31,7201309307031256
2020/02/01,4684289376729312
2020/02/02,2604247994090328
2020/02/03,2257923184733288
2020/02/04,2376200543852744
2020/02/05,2579601795806488
2020/02/06,8303922668989840
2020/02/07,14904495604676848
2020/02/08,12667889681400368
2020/02/09,10276746780485216
2020/02/10,8776156576933808
2020/02/11,8212567906805936
2020/02/12,19877179371843744
2020/02/13,23940386101944032
2020/02/14,23741027555118592
2020/02/15,19508876186274304
2020/02/16,14330097932575584
2020/02/17,15623615621977792
2020/02/18,7711047822283776
2020/02/19,5902096551252864
2020/02/20,5455384901906944
2020/02/21,6731155784096064
2020/02/22,17848043814820352
2020/02/23,21058378690496544
2020/02/24,14854193571974848
2020/02/25,10878891841111936
2020/02/26,17573226188892096
2020/02/27,18453077691700384
2020/02/28,18839530165125888
2020/02/29,17749980696833824
2020/03/01,16811079970635520
2020/03/02,18139651241359616
2020/03/03,18924239830099648
2020/03/04,13469468891372704
2020/03/05,7597890545174592
2020/03/06,7914311995512160
2020/03/07,6938567558985824
2020/03/08,6754484478561536
2020/03/09,21306740206296800
2020/03/10,22012587364760064
2020/03/11,19572868520930112
2020/03/12,128649988897604544
2020/03/13,140181581071403584
2020/03/14,127379196983770496
2020/03/15,130136145612147456
2020/03/16,129678284291264384
2020/03/17,139909922620805184
2020/03/18,153054573970255872
2020/03/19,54836665554089824
2020/03/20,14124669260024320
2020/03/21,20953461657619840
2020/03/22,26147166220489120
2020/03/23,11083375737920576
2020/03/24,18686409384845632
2020/03/25,18673197032093472
2020/03/26,18085872375532912
2020/03/27,15083077206292272
2020/03/28,14604016711478480
2020/03/29,17089933071892016
2020/03/30,17984433213344720
2020/03/31,2409112252818096
2020/04/01,1865185419260768
2020/04/02,2302576294477240
2020/04/03,3143770208314336
2020/04/04,3825274737163912
2020/04/05,4242142934012792
2020/04/06,8430824798285104
2020/04/07,14533142983873504
2020/04/08,12867480572677632
2020/04/09,13104718313524416
2020/04/10,17957589606292224
2020/04/11,18497568354996496
2020/04/12,16858053678527504
2020/04/13,15512449989344608
2020/04/14,11534647335104848
2020/04/15,11702361424596192
2020/04/16,15981256441783424
2020/04/17,9069438109512656
2020/04/18,7381710540944560
2020/04/19,5529097831865776
2020/04/20,8750055867744896
2020/04/21,7323000143524192
2020/04/22,4991022729150656
2020/04/23,3921788801454720
2020/04/24,13060189630428416
2020/04/25,13849157531134432
2020/04/26,13658651670540736
2020/04/27,13079238793089568
2020/04/28,15287932154370432
2020/04/29,19230459101182272
2020/04/30,28219944765349408
2020/05/01,22696018065273824
2020/05/02,23484878753655104
2020/05/03,23509084376769728
2020/05/04,23683310073538272
2020/05/05,21628679683119840
2020/05/06,18085998565635488
2020/05/07,14137420553658688
2020/05/08,14421344802417792
2020/05/09,12682956920594624
2020/05/10,14342489710070048
2020/05/11,12531617413492736
2020/05/12,9735984301111616
2020/05/13,9599935078947168
2020/05/14,6591835136731776
2020/05/15,7343860070272512
2020/05/16,10180132063357024
2020/05/17,7506590497258272
2020/05/18,7524955481907680
2020/05/19,7073126020077888
2020/05/20,5169489126123216
2020/05/21,4203749975154096
2020/05/22,4151596578977504
2020/05/23,2594398267244432
2020/05/24,3146050499087536
2020/05/25,2055064351984608
2020/05/26,2245508968081328
2020/05/27,2383336336792912
2020/05/28,3145898939848944
2020/05/29,9530416582518432
2020/05/30,13666935182021632
2020/05/31,10835159521126208
2020/06/01,8049401003184576
2020/06/02,29102599556302912
2020/06/03,26135995725284224
2020/06/04,28384208411063232
2020/06/05,29043903824189312
2020/06/06,39775097989983136
2020/06/07,44473460499234208
2020/06/08,44283253239497920
2020/06/09,5559267911789568
2020/06/10,6791128190575056
2020/06/11,12142198088318208
2020/06/12,11456311076009536
2020/06/13,12659547556330624
2020/06/14,13935255076804032
2020/06/15,19885820736723744
2020/06/16,19960731137469184
2020/06/17,19564250176676960
2020/06/18,14515108748235728
2020/06/19,15221826856572768
2020/06/20,13340422103881216
2020/06/21,10099247538237024
2020/06/22,10300233053243776
2020/06/23,13969299898773056
2020/06/24,52731859669879680
2020/06/25,126580499560927808
2020/06/26,119923166944867776
2020/06/27,101492598626966720
2020/06/28,106590026812746688
2020/06/29,120908283192926656
2020/06/30,125858022055209984
2020/07/01,106980033631584960
2020/07/02,10285328021616864
2020/07/03,2275219673132128
2020/07/04,3958259204403264
2020/07/05,6043664280587280
2020/07/06,9233992194471008
2020/07/07,11860358268319040
2020/07/08,28884727002849280
2020/07/09,30902646117580096
2020/07/10,31315456264665728
2020/07/11,31907013972787264
2020/07/12,27197799890565280
2020/07/13,29816731844636832
2020/07/14,36733288005195520
2020/07/15,30080917350749504
2020/07/16,29089683688094560
2020/07/17,28264698924721696
2020/07/18,25175443590028064
2020/07/19,21237149826640640
2020/07/20,17744462530670560
2020/07/21,6781211641333696
2020/07/22,15207936145524768
2020/07/23,109623117650352768
2020/07/24,109021658639349696
2020/07/25,88217837668612736
2020/07/26,71882221813784064
2020/07/27,114441965480248192
2020/07/28,84484635538208768
2020/07/29,67743815963958016
2020/07/30,55432749096328448
2020/07/31,48309689106997760
2020/08/01,35799121031831808
2020/08/02,34904341965803264
2020/08/03,8946012996701440
2020/08/04,11497344649513984
2020/08/05,12611254749878528
2020/08/06,16156055136235008
2020/08/07,16270133061019136
2020/08/08,48012444839012096
2020/08/09,54688045376851712
2020/08/10,58305155289535744
2020/08/11,49110399978093824
2020/08/12,93395429820382208
2020/08/13,119514752415623680
2020/08/14,196103764691659520
2020/08/15,148688261036806656
2020/08/16,124388084561970944
2020/08/17,124638223072414208
2020/08/18,122224693298050304
2020/08/19,114120334339812096
2020/08/20,102832516095697408
2020/08/21,22802666189869824
2020/08/22,31320571761718784
2020/08/23,64551262011448320
2020/08/24,60101844032844032
2020/08/25,55373244877573760
2020/08/26,51401232694371968
2020/08/27,46774771307189504
2020/08/28,53711246227196416
2020/08/29,50151516319174784
2020/08/30,29589614153289216
2020/08/31,208514114908914688
2020/09/01,599949686066609664
2020/09/02,746806370728495104
2020/09/03,621594013814010880
2020/09/04,516133891572078592
2020/09/05,272959914170471424
2020/09/06,185222547632785408
2020/09/07,336458744271418368
2020/09/08,351985102971834368
2020/09/09,268170805911197184
2020/09/10,183207490020450816
2020/09/11,112428872452133376
2020/09/12,64210980897232896
2020/09/13,62038348208520192
2020/09/14,70261618245664768
2020/09/15,45508596179881472
2020/09/16,33176253394587136
2020/09/17,61284420944214016
2020/09/18,130650315304782848
2020/09/19,164640365909390848
2020/09/20,207901025583901184
2020/09/21,203584012277191680
2020/09/22,242759852848143872
2020/09/23,255553801999787008
2020/09/24,214067910527515136
2020/09/25,48906567742058240
2020/09/26,83979133755189504
2020/09/27,98462053158920960
2020/09/28,40466469621849344
2020/09/29,42598392092793088
2020/09/30,32520399583311104
2020/10/01,40525794428086016
2020/10/02,39433796759670528
2020/10/03,59910328740514048
2020/10/04,89212379519081728
2020/10/05,92107614051641984
2020/10/06,81048899629383680
2020/10/07,69051175421772928
2020/10/08,43715819053886080
2020/10/09,43795373017384448
2020/10/10,32140584283772544
2020/10/11,23194890879125504
2020/10/12,30494351794075648
2020/10/13,29288033777255808
2020/10/14,39417240247393280
2020/10/15,40908573111516288
2020/10/16,39039835593289728
2020/10/17,68057741666368128
2020/10/18,88569623768576000
2020/10/19,75060224218119552
2020/10/20,73059626712867968
2020/10/21,87074000875723264
2020/10/22,136049111142597248
2020/10/23,141166616518281728
2020/10/24,119669938571026944
2020/10/25,110352128163512960
2020/10/26,113133396905855744
2020/10/27,104788916846784000
2020/10/28,99990862447947264
2020/10/29,77473226548217600
2020/10/30,80341649556713600
2020/10/31,77722552551345408
2020/11/01,76886776274843008
2020/11/02,74992481930497536
2020/11/03,75355055012576640
2020/11/04,68890129422993280
2020/11/05,104043837557837056
2020/11/06,171629690490333184
2020/11/07,151146530524634112
2020/11/08,129358454108652800
2020/11/09,130811418936939776
2020/11/10,128301448282214400
2020/11/11,128164403158327040
2020/11/12,146909818562346240
2020/11/13,114923190148505344
2020/11/14,125286384760051712
2020/11/15,116906072417197312
2020/11/16,117336581830792192
2020/11/17,169091760090166272
2020/11/18,217885178057733120
2020/11/19,193694511165585408
2020/11/20,214406906038757888
2020/11/21,242102955320594944
2020/11/22,119370984895944704
2020/11/23,128703110187207168
2020/11/24,272610194311658496
2020/11/25,294248464409374208
2020/11/26,227053381367628800
2020/11/27,251128539450543104
2020/11/28,485929254299550720
2020/11/29,639678311125190656
2020/11/30,560344587201640448
2020/12/01,380984600710679552
2020/12/02,392945549792394240
2020/12/03,255221341179522560
2020/12/04,253507626424161792
2020/12/05,224759340209553920
2020/12/06,227362367873142784
2020/12/07,204181123190319872
2020/12/08,55695871503120896
2020/12/09,87988701154745344
2020/12/10,95992876198461440
2020/12/11,97599560249583104
2020/12/12,110019046250859264
2020/12/13,108838511567108352
2020/12/14,109112246946315264
2020/12/15,108383784903980032
2020/12/16,121052912197733888
2020/12/17,510648824039224832
2020/12/18,524618499262611456
2020/12/19,447730977826924544
2020/12/20,404264971781336064
2020/12/21,347787488914506752
2020/12/22,302229731649363968
2020/12/23,313582067849107456
2020/12/24,87661524362933248
2020/12/25,137162347562302976
2020/12/26,138490991817654784
2020/12/27,156952442973338624
2020/12/28,237834739361992704
2020/12/29,411363233254351360
2020/12/30,466574390215192576
2020/12/31,442373797244463104
2021/01/01,284006912075055104
2021/01/02,144688217134014464
2021/01/03,988236512999059456
2021/01/04,3969641504430645248
2021/01/05,4189710584119261184
2021/01/06,4727732643961921536
2021/01/07,4623128642813104128
2021/01/08,3321434187624243200
2021/01/09,1625300151588651008
2021/01/10,1839801958959710208
2021/01/11,1645806272829808640
2021/01/12,2022927232312004608
2021/01/13,2203457846707503104
2021/01/14,2674110210806448128
2021/01/15,2314788375943557120
2021/01/16,2488190370950934528
2021/01/17,3025410764029784064
2021/01/18,2166750866336505856
2021/01/19,3320194827536711680
2021/01/20,4185687218102382592
2021/01/21,3257230362052182016
2021/01/22,3226754442140094464
2021/01/23,3463729012334268416
2021/01/24,2919792996126760960
2021/01/25,2412695309802090496
2021/01/26,1805254083532525568
2021/01/27,801704916699951104
2021/01/28,747019683386585088
2021/01/29,1452093350935539712
2021/01/30,928791868867256320
2021/01/31,951773204266315776
2021/02/01,1007734210863718400
2021/02/02,1640390392759095296
2021/02/03,2204888854390853632
2021/02/04,2821794280461934592
2021/02/05,2822101730553192448
2021/02/06,2391075486201356288
2021/02/07,1977003109115576320
2021/02/08,1163567635363151872
2021/02/09,1147672504855535616
2021/02/10,1055395165029867520
2021/02/11,577146693030088704
2021/02/12,367399271225544704
2021/02/13,776086955244335104
2021/02/14,1068181679974531072
2021/02/15,872369743779921920
2021/02/16,682573974149754880
2021/02/17,500800233742016512
2021/02/18,1101863457559781376
2021/02/19,1084438286878064640
2021/02/20,1181877748875194368
2021/02/21,930499010589265920
2021/02/22,1159704462090240000
2021/02/23,3753995572353490944
2021/02/24,3548456812771655680
2021/02/25,3901951797335154688
2021/02/26,3817693268435820544
2021/02/27,4938183821095993344
2021/02/28,4856258354327166976
2021/03/01,4838030554954366976
2021/03/02,680667656663011328
2021/03/03,509221754065948672
2021/03/04,470348740915769344
2021/03/05,160038645466636288
2021/03/06,91782038452826112
2021/03/07,2190546690350673920
2021/03/08,2208573242552438784
2021/03/09,2212135328640118784
2021/03/10,2005368932828876800
2021/03/11,1909092779810738176
2021/03/12,1661485126967541760
2021/03/13,1623801777406033920
2021/03/14,1175689069771505664
2021/03/15,1357998746866991104
2021/03/16,1337279087874928640
2021/03/17,1345722969278398464
2021/03/18,1384441755977441280
2021/03/19,971533136198078464
2021/03/20,1234284870012100608
2021/03/21,1137917388965679104
2021/03/22,580712777913368576
2021/03/23,382413525849446400
2021/03/24,266219172275234816
2021/03/25,1105972235205214208
2021/03/26,1079266708250263552
2021/03/27,1098437626364321792
2021/03/28,1366164552680296448
2021/03/29,1459802149133570048
2021/03/30,1758432772008120320
2021/03/31,2065790800487866368
2021/04/01,1735946733683769344
2021/04/02,3268481953762779136
2021/04/03,3618005235568058368
2021/04/04,2367325978815922176
2021/04/05,2199468589461553152
2021/04/06,2204615540396605440
2021/04/07,2256090226728222720
2021/04/08,2346603256533549056
2021/04/09,1956478484813979648
2021/04/10,759135305286791168
2021/04/11,962314417064267776
2021/04/12,463421206027812864
2021/04/13,1005480317219164160
2021/04/14,2546989952984915968
2021/04/15,2503392876516810752
2021/04/16,3312328852883578880
2021/04/17,3065716276639473664
2021/04/18,4539942985246507008
2021/04/19,3738477399058874368
2021/04/20,4127554490880761856
2021/04/21,3939732022184304640
2021/04/22,5627809773988806656
2021/04/23,5833964525301612544
2021/04/24,7158828610217279488
2021/04/25,6977601545018466304
2021/04/26,6969938431433146368
2021/04/27,6683497287621763072
2021/04/28,6941685349677760512
2021/04/29,3978755737779167232
2021/04/30,3154802029531119616
2021/05/01,2311362719127494656
2021/05/02,1713312791194435584
2021/05/03,4758872813999120384
2021/05/04,1.1872895800413E+19
2021/05/05,1.2636196224499E+19
2021/05/06,1.2366215605764E+19
2021/05/07,1.2341517983139E+19
2021/05/08,9.5785864442343E+18
2021/05/09,3342242795964268544
2021/05/10,1.0794828985872E+19
2021/05/11,1.2554384570329E+19
2021/05/12,1.5850497443865E+19
2021/05/13,1.6634118768224E+19
2021/05/14,1.604757293803E+19
2021/05/15,2.1083246330663E+19
2021/05/16,2.0826947829479E+19
2021/05/17,1.7852083671477E+19
2021/05/18,1.8029151724099E+19
2021/05/19,4.0666841019829E+19
2021/05/20,4.0389441693356E+19
2021/05/21,3.9895825822322E+19
2021/05/22,3.9520141871851E+19
2021/05/23,3.5710915376324E+19
2021/05/24,3.5862073395622E+19
2021/05/25,3.3576793415382E+19
2021/05/26,1.0757048258789E+19
2021/05/27,2781873341156065280
2021/05/28,3197984539765964800
2021/05/29,4123834722964897792
2021/05/30,7095065191085244416
2021/05/31,7752647519032016896
2021/06/01,5647543444478836736
2021/06/02,4494731834510548992
2021/06/03,2047821069322371072
2021/06/04,1020455105381015552
2021/06/05,1584310940828442624
2021/06/06,3233784050528116736
2021/06/07,3252589616154353664
2021/06/08,3938122546657476608
2021/06/09,4352350270374584320
2021/06/10,4545060498203041792
2021/06/11,4513423660633624576
2021/06/12,5039465607548968960
2021/06/13,5199794097949331456
2021/06/14,5201554210200121344
2021/06/15,2574649591711199232
2021/06/16,1517606861093453824
2021/06/17,1555654801949270016
2021/06/18,1729966054218043392
2021/06/19,2236002975832096768
2021/06/20,2106116626085453824
2021/06/21,3189723027452059648
2021/06/22,5859388988700479488
2021/06/23,5955838296691908608
2021/06/24,6008892386141286400
2021/06/25,5974109492213792768
2021/06/26,5991151958311108608
2021/06/27,6276294257163333632
2021/06/28,5270766435561320448
2021/06/29,1332005015960395776
2021/06/30,1331097691134369792
2021/07/01,1785099315313049600
2021/07/02,1849077326495432704
2021/07/03,2148145011549966336
2021/07/04,2351782580536516608
2021/07/05,2378716303798034432
2021/07/06,2217531314439501824
2021/07/07,2342343941751332864
2021/07/08,2809462589322207232
2021/07/09,2569670001403682816
2021/07/10,2097855471759265792
2021/07/11,2655840981568876544
2021/07/12,2639210713247895552
2021/07/13,2648009372300959744
2021/07/14,2616989490461134848
2021/07/15,1512275486486192128
2021/07/16,1569675147454801920
2021/07/17,1904471972366751744
2021/07/18,1537948475131181056
2021/07/19,1301981531814088704
2021/07/20,1274658606881675264
2021/07/21,1319153927339358208
2021/07/22,1351829778374569984
2021/07/23,1015720570848077824
2021/07/24,774418996783728640
2021/07/25,880082355987226624
2021/07/26,2222189841011412992
2021/07/27,2316427002770595840
2021/07/28,2210028817193119744
2021/07/29,2304354783142440960
2021/07/30,2310914407699152896
2021/07/31,1906444694851260416
2021/08/01,700779360693530624
2021/08/02,124808545424728064
2021/08/03,196218045048279040
2021/08/04,381275394090037248
2021/08/05,579956628152336384
2021/08/06,772165319569756160
2021/08/07,730600350733406208
2021/08/08,549299086563336192
2021/08/09,1214907122565857280
2021/08/10,1130405210201792512
2021/08/11,1226762888506220544
2021/08/12,1282826678586220544
2021/08/13,1265098345617014784
2021/08/14,1500867656278102016
2021/08/15,1604153561619271680
2021/08/16,1402004202872352768
2021/08/17,1430433423234768896
2021/08/18,1418034441137430528
2021/08/19,1412912947286654976
2021/08/20,1662038162480406528
2021/08/21,2071115728182517760
2021/08/22,2363232577615486976
2021/08/23,2174194758322597888
2021/08/24,3527945289125666816
2021/08/25,3641468605258252288
2021/08/26,3733828765815881728
2021/08/27,3565485485492469760
2021/08/28,3211507692945031168
2021/08/29,2633155352980635648
2021/08/30,2326924828398206976
2021/08/31,2543637632167641088
2021/09/01,3951733230624342016
2021/09/02,6407390942489010176
2021/09/03,6546870570872537088
2021/09/04,5311745490140741632
2021/09/05,5653798401224826880
2021/09/06,5537614012355854336
2021/09/07,7399340886039134208
2021/09/08,7214088336714547200
2021/09/09,5509015500809920512
2021/09/10,5143877511565172736
2021/09/11,4615438317674143744
2021/09/12,5139898991937486848
2021/09/13,5481370042396024832
2021/09/14,2693449361602379776
2021/09/15,3182245470054252544
2021/09/16,2876347239989354496
2021/09/17,2863537355223482368
2021/09/18,3046724440643788800
2021/09/19,3259506920126259200
2021/09/20,3993276097316167680
2021/09/21,3949173766852116480
2021/09/22,2847707941736185856
2021/09/23,2778340316369223680
2021/09/24,4803979165357621248
2021/09/25,6423953973537046528
2021/09/26,5938920339312394240
2021/09/27,6520105587839885312
2021/09/28,7258324539297521664
2021/09/29,7989117157710381056
2021/09/30,8489965378257674240
2021/10/01,4845198995250876416
2021/10/02,4223279592890355712
2021/10/03,542448461384290304
2021/10/04,599918265926574080
2021/10/05,2250798320678600704
2021/10/06,3014970574082494464
2021/10/07,3428895695657279488
2021/10/08,3747644609578835968
2021/10/09,4389060286362877952
2021/10/10,4215681330683559936
2021/10/11,4331324418928099328
2021/10/12,3811279564215033856
2021/10/13,3312462413867532288
2021/10/14,9.8458583937669E+18
2021/10/15,1.1730988763045E+19
2021/10/16,9.6712539413098E+18
2021/10/17,8348308749914374144
2021/10/18,7349211944590360576
2021/10/19,6714758383614107648
2021/10/20,6479064572566937600
2021/10/21,4799034728986869760
2021/10/22,3984266783102713856
2021/10/23,4903535854321631232
2021/10/24,6293804273143742464
2021/10/25,6412186838901743616
2021/10/26,6347091310173192192
2021/10/27,8208144632522432512
2021/10/28,5218979976603664384
2021/10/29,9152173007437070336
2021/10/30,8744314078559166464
2021/10/31,7234562898347819008
2021/11/01,6839570842887258112
2021/11/02,6816525090768011264
2021/11/03,9.513054206389E+18
2021/11/04,9064946062305329152
2021/11/05,6841255519453347840
2021/11/06,6927404281930825728
2021/11/07,8308107258851270656
2021/11/08,8301808187279245312
2021/11/09,8096552079314829312
2021/11/10,3695579522361425920
2021/11/11,3542482050496462848
2021/11/12,3838716392833671168
2021/11/13,3845898911447998464
2021/11/14,2634343323846615040
2021/11/15,1.3618050329269E+19
2021/11/16,1.3820473324035E+19
2021/11/17,1.3984604086699E+19
2021/11/18,1.3925272430479E+19
2021/11/19,1.4073642313546E+19
2021/11/20,1.3627613220234E+19
2021/11/21,1.2149138987203E+19
2021/11/22,1892732881623425024
2021/11/23,895674612618928128
2021/11/24,1083005665872158720
2021/11/25,831284149871419392
2021/11/26,2640331101468418048
2021/11/27,3724590377674768384
2021/11/28,5496159792696705024
2021/11/29,5582313572709744640
2021/11/30,8747557084792619008
2021/12/01,1.0723297308626E+19
2021/12/02,1.0459539416227E+19
2021/12/03,9.9308498396721E+18
2021/12/04,8898882212140875776
2021/12/05,5007636405442527232
2021/12/06,4849492512219103232
2021/12/07,4642977099866898432
2021/12/08,4806279024615456768
2021/12/09,5176032280355520512
2021/12/10,5422880316949626880
2021/12/11,5345571251221889024
2021/12/12,9.3172981162479E+18
2021/12/13,6133510841324683264
2021/12/14,5521058036611358720
2021/12/15,5328060228881047552
2021/12/16,5209222440626446336
2021/12/17,4914097481926680576
2021/12/18,5056552099088072704
2021/12/19,4688080939101413376
2021/12/20,3091893923892043776
2021/12/21,2170092639191949312
2021/12/22,1860650516900741120
2021/12/23,1401364717273485312
2021/12/24,1170505000732385280
2021/12/25,1084498559540105216
2021/12/26,1151542389168758784
2021/12/27,1341346473007529984
2021/12/28,1793088235732090880
2021/12/29,1794323129924108288
2021/12/30,6859415202842050560
2021/12/31,7114688897674387456
2022/01/01,8112827698549743616
2022/01/02,8176561497634881536
2022/01/03,8988515331781771264
2022/01/04,8809166124930629632
2022/01/05,9067942947598262272
2022/01/06,5221033006263246848
2022/01/07,5087703341780869120
2022/01/08,4777977398135947264
2022/01/09,4713293090266062848
2022/01/10,4203629967597797376
2022/01/11,4446880789812920320
2022/01/12,3945583075586809856
2022/01/13,2371043890924802048
2022/01/14,1103021928215232512
2022/01/15,1471820590637273088
2022/01/16,1381250420363141120
2022/01/17,1322765436378800128
2022/01/18,1322852617949974528
2022/01/19,1815593389572403200
2022/01/20,1466795886504591360
2022/01/21,7116687100130025472
2022/01/22,7115840063286763520
2022/01/23,5632398749161496576
2022/01/24,4945328797804625920
2022/01/25,4306156896359088128
2022/01/26,4332656969128165376
2022/01/27,4076661823274647552
2022/01/28,1642724931182977024
2022/01/29,1413686111837569024
2022/01/30,1890269115830689792
2022/01/31,1042910716683853824
2022/02/01,1023601490968694784
2022/02/02,729543235852816384
2022/02/03,788008593485991936
2022/02/04,850812612308283392
2022/02/05,922226152751906816
2022/02/06,1601287870495318016
2022/02/07,1844940199491547136
2022/02/08,1936835204790480896
2022/02/09,1853861393921236992
2022/02/10,3544267864015937536
2022/02/11,3716667615816425472
2022/02/12,3850500735663009792
2022/02/13,3736737929739550720
2022/02/14,3784011844962316288
2022/02/15,3759027149260079104
2022/02/16,3914344265551294464
2022/02/17,1523441871044853760
2022/02/18,814131855408541696
2022/02/19,1343911300313083904
2022/02/20,1192136912648474624
2022/02/21,1174879897528459264
2022/02/22,830135083980339200
2022/02/23,811494122108151808
2022/02/24,4781535115511951360
2022/02/25,4926693050249781248
2022/02/26,4462899106075901952
2022/02/27,4570520602392862720
2022/02/28,4555379706396831744
2022/03/01,4523574126286704640
2022/03/02,4298330070354345984
2022/03/03,1326759642851565568
2022/03/04,1212482525004279808
2022/03/05,1470078170005278720
2022/03/06,2101178243030257664
2022/03/07,2030153662508265472
2022/03/08,1351431398571765760
2022/03/09,1176427147602771968
2022/03/10,1109280928085194752
2022/03/11,789377218823589888
2022/03/12,1171522495499180032
2022/03/13,1123904807980052480
2022/03/14,974895293520652288
2022/03/15,2671315519366402048
2022/03/16,2849356503204802560
2022/03/17,2962421364216539136
2022/03/18,3359964230698708992
2022/03/19,2301989877196926976
2022/03/20,2236908409018638336
2022/03/21,1820871902777974784
2022/03/22,1493818234772611072
2022/03/23,1501881346312093696
2022/03/24,1678321379742285824
2022/03/25,1858743868244557824
2022/03/26,2845104791975084032
2022/03/27,2455278054917390336
2022/03/28,2814446895201161216
2022/03/29,3474890694536056832
2022/03/30,3782457191035117568
2022/03/31,3946463813791547392
2022/04/01,4097135605934415872
2022/04/02,2341925838131335168
2022/04/03,1957195628295229440
2022/04/04,2205961293952794624
2022/04/05,1689360753633075200
2022/04/06,1453255936964317184
2022/04/07,1240220369116200960
2022/04/08,826599910763565056
2022/04/09,1383857511632879616
2022/04/10,1839557105221201920
2022/04/11,2580738710492049408
2022/04/12,2641035660156264448
2022/04/13,2274502872198033408
2022/04/14,1897520820460136448
2022/04/15,1860229089028872192
2022/04/16,1675259611290832896
2022/04/17,1345303376526002176
2022/04/18,149574949456449536
2022/04/19,332572445532766208
2022/04/20,2063634680742653952
2022/04/21,1998060210111586304
2022/04/22,1958837646720528384
2022/04/23,2750345716587126784
2022/04/24,3221109612463722496
2022/04/25,3577343418167631872
2022/04/26,3571915153544642560
2022/04/27,1950778634464094208
2022/04/28,2059021160748816384
2022/04/29,3245252894130184192
2022/04/30,2535349332630667264
2022/05/01,1455457060743528448
2022/05/02,1783963197363150848
2022/05/03,2358103372527898624
2022/05/04,2146507691964985344
2022/05/05,2102613972162633728
2022/05/06,1722005676225650688
2022/05/07,1824710088651911168
2022/05/08,2238473637835079680
2022/05/09,3844149809948979200
2022/05/10,4561208740685021184
2022/05/11,9.2549773244717E+18
2022/05/12,1.9393714778039E+19
2022/05/13,1.8066401350672E+19
2022/05/14,1.8227565107114E+19
2022/05/15,1.9926158607484E+19
2022/05/16,2.0027360642417E+19
2022/05/17,2.2569243926669E+19
2022/05/18,2.0370294259974E+19
2022/05/19,5624642732927737856
2022/05/20,2408772452507283456
2022/05/21,3030939599760173056
2022/05/22,3217240043478577152
2022/05/23,1455794884019709952
2022/05/24,1498323416477145088
2022/05/25,1614412513455951872
2022/05/26,2510453917893232640
2022/05/27,2638739006022760448
2022/05/28,2607275659681378304
2022/05/29,2806325636885792768
2022/05/30,2648361676206739456
2022/05/31,2710984422960314368
2022/06/01,2394712952383354880
2022/06/02,1601316721264058368
2022/06/03,1028184618751514624
2022/06/04,1273016204694345728
2022/06/05,1418759201655685120
2022/06/06,1385767231536785408
2022/06/07,1205567125145415680
2022/06/08,925437675620502528
2022/06/09,592224852350653440
2022/06/10,1281726914265108480
2022/06/11,1646691960520497152
2022/06/12,1061259539404462080
2022/06/13,5362681064521891840
2022/06/14,5647489171284471808
2022/06/15,4575170939410083840
2022/06/16,3347046804887515136
2022/06/17,3774405336294285312
2022/06/18,4148055487555940352
2022/06/19,4960722782144659456
2022/06/20,1890918381180469248
2022/06/21,1148848882576586752
2022/06/22,535525953906137088
2022/06/23,344135916304295936
2022/06/24,250851993510683648
2022/06/25,166903408022260736
2022/06/26,313758328708923392
2022/06/27,254800474415668224
2022/06/28,224821393617630208
2022/06/29,586170383077844992
2022/06/30,671172436771976192
2022/07/01,675788723538152448
2022/07/02,755812461116899328
2022/07/03,948420776231866368
2022/07/04,945824369019078656
2022/07/05,954506602786524160
2022/07/06,542883017692983808
2022/07/07,1097651834163241984
2022/07/08,1078268607189019648
2022/07/09,1152522287739895808
2022/07/10,984968980426370048
2022/07/11,991589299852172288
2022/07/12,994578411358113792
2022/07/13,1043652924264833024
2022/07/14,388123710577132032
2022/07/15,777739729961836544
2022/07/16,563756988338003968
2022/07/17,455705578778639360
2022/07/18,904061603205542912
2022/07/19,2222311862762170368
2022/07/20,2193089944236814336
2022/07/21,3743968293941407744
2022/07/22,4131740929856485376
2022/07/23,4479534534021218304
2022/07/24,4871030880043192320
2022/07/25,4939908225826275328
2022/07/26,3742354472174489600
2022/07/27,3752029224050806784
2022/07/28,885550570003051520
2022/07/29,1062888532711640064
2022/07/30,942127827112653824
2022/07/31,920219656890284032
2022/08/01,908854974928223232
2022/08/02,917399477577007104
2022/08/03,887577891891456000
2022/08/04,561068273133209600
2022/08/05,247681605162992640
2022/08/06,262909163879111680
2022/08/07,155552370100834304
2022/08/08,121182587826690048
2022/08/09,159459505167516672
2022/08/10,715035766301294592
2022/08/11,766796251791301632
2022/08/12,760429839551503360
2022/08/13,548342535226006528
2022/08/14,582275829162619904
2022/08/15,592926424325998592
2022/08/16,653275052068919296
2022/08/17,1148255464827815936
2022/08/18,1172668992757236736
2022/08/19,1217506078560198656
2022/08/20,1432707526832278528
2022/08/21,1633792627472134144
2022/08/22,1678285171597068288
2022/08/23,1709030598952029184
2022/08/24,463605167583455232
2022/08/25,455720064021517312
2022/08/26,211143302986947072
2022/08/27,189974106071638528
2022/08/28,83120199848768512
2022/08/29,202206703794897920
2022/08/30,212358189585107968
2022/08/31,202669262893182976
2022/09/01,186672022228772864
2022/09/02,470488190484467712
2022/09/03,719055413502820352
2022/09/04,1171596151497920512
2022/09/05,1140384359876535296
2022/09/06,2809282405586093056
2022/09/07,2839686662879209472
2022/09/08,2841677579245189120
2022/09/09,2655438615501881344
2022/09/10,2579131338204215296
2022/09/11,2261041137319825408
2022/09/12,2370479648904572928
2022/09/13,3776716015496986624
2022/09/14,1.2430510947333E+19
2022/09/15,1.4534790227386E+19
2022/09/16,1.3680391766019E+19
2022/09/17,1.3327872321621E+19
2022/09/18,1.2687374200543E+19
2022/09/19,1.2898544527486E+19
2022/09/20,1.3561132111532E+19
2022/09/21,6772072719694426112
2022/09/22,1964109293842624512
2022/09/23,683239173642446848
2022/09/24,909363164044867584
2022/09/25,1146818538640866304
2022/09/26,793317642193475584
2022/09/27,760537435830432768
2022/09/28,638012315901791232
2022/09/29,740357748343074816
2022/09/30,694940113941336064
2022/10/01,725264593230923776
2022/10/02,865329688056086528
2022/10/03,851494592492383232
2022/10/04,805194436064256000
2022/10/05,880136951251069440
2022/10/06,365852886375359488
2022/10/07,177028666069601280
2022/10/08,207127458296093696
2022/10/09,310039749977420800
2022/10/10,224851421930937856
2022/10/11,232326180851367424
2022/10/12,232059591685788928
2022/10/13,499968760789542656
2022/10/14,492540259822085632
2022/10/15,520385120988693504
2022/10/16,443980864589707776
2022/10/17,423297941536267776
2022/10/18,426833482833596416
2022/10/19,420314110480404480
2022/10/20,152420812306450688
2022/10/21,203409285529614592
2022/10/22,186159579093206016
2022/10/23,146385986465100800
2022/10/24,218668329520375808
2022/10/25,771678660095177216
2022/10/26,1647416566010865664
2022/10/27,1663944273278947328
2022/10/28,1630374042358881280
2022/10/29,1138975206789776384
2022/10/30,861769556990007296
2022/10/31,803376780319696896
2022/11/01,832681779304734720
2022/11/02,312937095106836480
2022/11/03,194745069457815552
2022/11/04,253192688834978816
2022/11/05,384723512277789696
2022/11/06,358013212563206144
2022/11/07,734988287916278784
2022/11/08,3813847082039592960
2022/11/09,7252928787677544448
2022/11/10,7562551662080536576
2022/11/11,7177390140071219200
2022/11/12,5857760876810870784
2022/11/13,4362782846116958208
2022/11/14,4531555915845664768
2022/11/15,4228791163357237248
2022/11/16,1723959430154622976
2022/11/17,257135948956243968
2022/11/18,276262287187038208
2022/11/19,569213647101895680
2022/11/20,599099730460110848
2022/11/21,954532454705634304
2022/11/22,949013120162137088
2022/11/23,954997444371900416
2022/11/24,1038100514361498624
2022/11/25,1110318270965084160
2022/11/26,1225368622236839936
2022/11/27,1346052326371480576
2022/11/28,379834032283768320
2022/11/29,184497080821374976
