Date,size7var
2016/01/01,57884
2016/01/02,64939
2016/01/03,47395
2016/01/04,46906
2016/01/05,58041
2016/01/06,56588
2016/01/07,78656
2016/01/08,66748
2016/01/09,56042
2016/01/10,49628
2016/01/11,44262
2016/01/12,44559
2016/01/13,34573
2016/01/14,16124
2016/01/15,18022
2016/01/16,19570
2016/01/17,24828
2016/01/18,24833
2016/01/19,24938
2016/01/20,4829
2016/01/21,4666
2016/01/22,4822
2016/01/23,5729
2016/01/24,4164
2016/01/25,18241
2016/01/26,22419
2016/01/27,50733
2016/01/28,51669
2016/01/29,46552
2016/01/30,28709
2016/01/31,19080
2016/02/01,25241
2016/02/02,30026
2016/02/03,16110
2016/02/04,6565
2016/02/05,1473
2016/02/06,42437
2016/02/07,45181
2016/02/08,46530
2016/02/09,47761
2016/02/10,46853
2016/02/11,47690
2016/02/12,47048
2016/02/13,8930
2016/02/14,7317
2016/02/15,5528
2016/02/16,3326
2016/02/17,3635
2016/02/18,2837
2016/02/19,2843
2016/02/20,3710
2016/02/21,4658
2016/02/22,4814
2016/02/23,4807
2016/02/24,1288
2016/02/25,1306
2016/02/26,5674
2016/02/27,4936
2016/02/28,4284
2016/02/29,4198
2016/03/01,4102
2016/03/02,4082
2016/03/03,4492
2016/03/04,3451
2016/03/05,4575
2016/03/06,4895
2016/03/07,4284
2016/03/08,2892
2016/03/09,2221
2016/03/10,2505
2016/03/11,2911
2016/03/12,4513
2016/03/13,5283
2016/03/14,10217
2016/03/15,9259
2016/03/16,8896
2016/03/17,7308
2016/03/18,3457
2016/03/19,4726
2016/03/20,4858
2016/03/21,4771
2016/03/22,4114
2016/03/23,2039
2016/03/24,19376
2016/03/25,16968
2016/03/26,16298
2016/03/27,27196
2016/03/28,26828
2016/03/29,30230
2016/03/30,30348
2016/03/31,14478
2016/04/01,11286
2016/04/02,15860
2016/04/03,16611
2016/04/04,14282
2016/04/05,15972
2016/04/06,12892
2016/04/07,12888
2016/04/08,14562
2016/04/09,11526
2016/04/10,9970
2016/04/11,11116
2016/04/12,8640
2016/04/13,9701
2016/04/14,9706
2016/04/15,6217
2016/04/16,9104
2016/04/17,44724
2016/04/18,40938
2016/04/19,43531
2016/04/20,44056
2016/04/21,44688
2016/04/22,47441
2016/04/23,44561
2016/04/24,5839
2016/04/25,5984
2016/04/26,5682
2016/04/27,6094
2016/04/28,3402
2016/04/29,3260
2016/04/30,6556
2016/05/01,15289
2016/05/02,14886
2016/05/03,12718
2016/05/04,8275
2016/05/05,6890
2016/05/06,6612
2016/05/07,9463
2016/05/08,5035
2016/05/09,5154
2016/05/10,4882
2016/05/11,5407
2016/05/12,9089
2016/05/13,10717
2016/05/14,8077
2016/05/15,7951
2016/05/16,6960
2016/05/17,6079
2016/05/18,6928
2016/05/19,6192
2016/05/20,6259
2016/05/21,6018
2016/05/22,6990
2016/05/23,5594
2016/05/24,5297
2016/05/25,4863
2016/05/26,6902
2016/05/27,8001
2016/05/28,89173
2016/05/29,80623
2016/05/30,82089
2016/05/31,78303
2016/06/01,82753
2016/06/02,93926
2016/06/03,103635
2016/06/04,8135
2016/06/05,5577
2016/06/06,5269
2016/06/07,10047
2016/06/08,9065
2016/06/09,9065
2016/06/10,8980
2016/06/11,9534
2016/06/12,8788
2016/06/13,10116
2016/06/14,11325
2016/06/15,10655
2016/06/16,11301
2016/06/17,52538
2016/06/18,58924
2016/06/19,49949
2016/06/20,46722
2016/06/21,48855
2016/06/22,43874
2016/06/23,49070
2016/06/24,24694
2016/06/25,8038
2016/06/26,10048
2016/06/27,8898
2016/06/28,7164
2016/06/29,16658
2016/06/30,102111
2016/07/01,111221
2016/07/02,113180
2016/07/03,115668
2016/07/04,115387
2016/07/05,115822
2016/07/06,112942
2016/07/07,770.423
2016/07/08,3946
2016/07/09,3533
2016/07/10,3495
2016/07/11,3449
2016/07/12,5271
2016/07/13,6352
2016/07/14,6859
2016/07/15,4796
2016/07/16,6021
2016/07/17,9965
2016/07/18,10037
2016/07/19,7803
2016/07/20,18385
2016/07/21,18110
2016/07/22,22171
2016/07/23,19133
2016/07/24,17077
2016/07/25,13308
2016/07/26,21151
2016/07/27,21086
2016/07/28,17772
2016/07/29,18779
2016/07/30,21019
2016/07/31,20245
2016/08/01,20324
2016/08/02,5742
2016/08/03,4735
2016/08/04,4769
2016/08/05,5350
2016/08/06,5173
2016/08/07,6760
2016/08/08,7321
2016/08/09,5033
2016/08/10,3507
2016/08/11,3593
2016/08/12,3589
2016/08/13,4522
2016/08/14,6371
2016/08/15,6830
2016/08/16,7495
2016/08/17,6544
2016/08/18,7992
2016/08/19,7911
2016/08/20,7442
2016/08/21,5729
2016/08/22,5097
2016/08/23,34432
2016/08/24,33800
2016/08/25,33803
2016/08/26,31707
2016/08/27,27477
2016/08/28,28910
2016/08/29,27715
2016/08/30,3703
2016/08/31,3946
2016/09/01,2747
2016/09/02,12868
2016/09/03,13797
2016/09/04,12019
2016/09/05,13413
2016/09/06,14715
2016/09/07,13402
2016/09/08,19082
2016/09/09,19233
2016/09/10,19495
2016/09/11,26359
2016/09/12,23835
2016/09/13,26961
2016/09/14,28416
2016/09/15,20332
2016/09/16,34388
2016/09/17,31873
2016/09/18,33577
2016/09/19,46133
2016/09/20,43602
2016/09/21,41954
2016/09/22,48406
2016/09/23,37090
2016/09/24,36777
2016/09/25,38383
2016/09/26,32566
2016/09/27,31589
2016/09/28,31280
2016/09/29,13645
2016/09/30,7448
2016/10/01,18767
2016/10/02,15888
2016/10/03,17259
2016/10/04,58458
2016/10/05,56545
2016/10/06,46280
2016/10/07,650701
2016/10/08,1871112
2016/10/09,2671755
2016/10/10,12630742
2016/10/11,12238420
2016/10/12,12770268
2016/10/13,13343965
2016/10/14,14741686
2016/10/15,15619257
2016/10/16,15572603
2016/10/17,261210
2016/10/18,26422
2016/10/19,31118
2016/10/20,28644
2016/10/21,36765
2016/10/22,29535
2016/10/23,29877
2016/10/24,34643
2016/10/25,31738
2016/10/26,30805
2016/10/27,29866
2016/10/28,25675
2016/10/29,22077
2016/10/30,14994
2016/10/31,5782
2016/11/01,6395
2016/11/02,6308
2016/11/03,6523
2016/11/04,14002
2016/11/05,15767
2016/11/06,19442
2016/11/07,18106
2016/11/08,7540
2016/11/09,7181
2016/11/10,7732
2016/11/11,5072
2016/11/12,4375
2016/11/13,962.628
2016/11/14,1814
2016/11/15,2855
2016/11/16,2865
2016/11/17,2923
2016/11/18,2761
2016/11/19,4189
2016/11/20,4153
2016/11/21,3454
2016/11/22,8781
2016/11/23,31944
2016/11/24,33779
2016/11/25,37660
2016/11/26,31346
2016/11/27,27970
2016/11/28,26019
2016/11/29,25939
2016/11/30,54009
2016/12/01,55400
2016/12/02,62351
2016/12/03,68211
2016/12/04,75389
2016/12/05,74512
2016/12/06,72790
2016/12/07,5279
2016/12/08,5134
2016/12/09,5198
2016/12/10,4767
2016/12/11,7917
2016/12/12,8070
2016/12/13,6714
2016/12/14,19886
2016/12/15,16704
2016/12/16,16622
2016/12/17,17056
2016/12/18,20860
2016/12/19,21173
2016/12/20,21180
2016/12/21,16303
2016/12/22,22480
2016/12/23,22243
2016/12/24,25069
2016/12/25,26923
2016/12/26,33970
2016/12/27,34200
2016/12/28,23614
2016/12/29,17688
2016/12/30,20551
2016/12/31,18417
2017/01/01,15089
2017/01/02,7939
2017/01/03,8879
2017/01/04,12090
2017/01/05,12009
2017/01/06,11721
2017/01/07,11597
2017/01/08,6150
2017/01/09,2908
2017/01/10,3461
2017/01/11,2184
2017/01/12,2636
2017/01/13,4125
2017/01/14,5996
2017/01/15,7532
2017/01/16,7692
2017/01/17,6990
2017/01/18,7031
2017/01/19,5730
2017/01/20,2473
2017/01/21,2389
2017/01/22,1795
2017/01/23,1879
2017/01/24,5122
2017/01/25,5204
2017/01/26,4893
2017/01/27,4884
2017/01/28,2044
2017/01/29,4157
2017/01/30,4574
2017/01/31,3041
2017/02/01,2811
2017/02/02,1958
2017/02/03,1136
2017/02/04,668.885
2017/02/05,588.764
2017/02/06,685.164
2017/02/07,7307
2017/02/08,9617
2017/02/09,8951
2017/02/10,8334
2017/02/11,7359
2017/02/12,8415
2017/02/13,9899
2017/02/14,13819
2017/02/15,14862
2017/02/16,14110
2017/02/17,14695
2017/02/18,12157
2017/02/19,9469
2017/02/20,8961
2017/02/21,13471
2017/02/22,13018
2017/02/23,12878
2017/02/24,11758
2017/02/25,11736
2017/02/26,9707
2017/02/27,8938
2017/02/28,6192
2017/03/01,31650
2017/03/02,40261
2017/03/03,39198
2017/03/04,34617
2017/03/05,27798
2017/03/06,28347
2017/03/07,27978
2017/03/08,21612
2017/03/09,41421
2017/03/10,46498
2017/03/11,44196
2017/03/12,38892
2017/03/13,48504
2017/03/14,54046
2017/03/15,33451
2017/03/16,110700
2017/03/17,131541
2017/03/18,95811
2017/03/19,59966
2017/03/20,67969
2017/03/21,65537
2017/03/22,69853
2017/03/23,29487
2017/03/24,7148
2017/03/25,6582
2017/03/26,6911
2017/03/27,27958
2017/03/28,27978
2017/03/29,28385
2017/03/30,36067
2017/03/31,46925
2017/04/01,48827
2017/04/02,33725
2017/04/03,29791
2017/04/04,31034
2017/04/05,33123
2017/04/06,30782
2017/04/07,20642
2017/04/08,34210
2017/04/09,41894
2017/04/10,35366
2017/04/11,38344
2017/04/12,42558
2017/04/13,31854
2017/04/14,19201
2017/04/15,14559
2017/04/16,21279
2017/04/17,23567
2017/04/18,26567
2017/04/19,24492
2017/04/20,24218
2017/04/21,31069
2017/04/22,28629
2017/04/23,18443
2017/04/24,10746
2017/04/25,18161
2017/04/26,19891
2017/04/27,49995
2017/04/28,81948
2017/04/29,65937
2017/04/30,44720
2017/05/01,70482
2017/05/02,81106
2017/05/03,57763
2017/05/04,60580
2017/05/05,60635
2017/05/06,46591
2017/05/07,43094
2017/05/08,34272
2017/05/09,29772
2017/05/10,23271
2017/05/11,23298
2017/05/12,23730
2017/05/13,13868
2017/05/14,15322
2017/05/15,56813
2017/05/16,70905
2017/05/17,176906
2017/05/18,237094
2017/05/19,347071
2017/05/20,245465
2017/05/21,137735
2017/05/22,242806
2017/05/23,652650
2017/05/24,955675
2017/05/25,844556
2017/05/26,774759
2017/05/27,511593
2017/05/28,338036
2017/05/29,413623
2017/05/30,548700
2017/05/31,595798
2017/06/01,657809
2017/06/02,934985
2017/06/03,749761
2017/06/04,571685
2017/06/05,137955
2017/06/06,173635
2017/06/07,211482
2017/06/08,188839
2017/06/09,179392
2017/06/10,183728
2017/06/11,465985
2017/06/12,864743
2017/06/13,984005
2017/06/14,940269
2017/06/15,757174
2017/06/16,687456
2017/06/17,272977
2017/06/18,291237
2017/06/19,162887
2017/06/20,258299
2017/06/21,823110
2017/06/22,870364
2017/06/23,980669
2017/06/24,1001504
2017/06/25,983248
2017/06/26,1086899
2017/06/27,1084755
2017/06/28,371860
2017/06/29,370561
2017/06/30,384599
2017/07/01,505690
2017/07/02,532511
2017/07/03,685802
2017/07/04,605156
2017/07/05,623891
2017/07/06,647217
2017/07/07,636817
2017/07/08,432177
2017/07/09,1137033
2017/07/10,1273812
2017/07/11,1371104
2017/07/12,1554506
2017/07/13,1640258
2017/07/14,1652425
2017/07/15,1689274
2017/07/16,530194
2017/07/17,489422
2017/07/18,688309
2017/07/19,628016
2017/07/20,588462
2017/07/21,736031
2017/07/22,995874
2017/07/23,991430
2017/07/24,1120702
2017/07/25,685772
2017/07/26,653264
2017/07/27,716689
2017/07/28,702244
2017/07/29,906490
2017/07/30,1115125
2017/07/31,664625
2017/08/01,584666
2017/08/02,668788
2017/08/03,733840
2017/08/04,1060352
2017/08/05,780084
2017/08/06,257782
2017/08/07,631448
2017/08/08,1564994
2017/08/09,1267661
2017/08/10,1530739
2017/08/11,2142445
2017/08/12,1776959
2017/08/13,971077
2017/08/14,1476392
2017/08/15,2415978
2017/08/16,2292039
2017/08/17,2636133
2017/08/18,2862398
2017/08/19,2076863
2017/08/20,2237449
2017/08/21,2336624
2017/08/22,2721108
2017/08/23,2492660
2017/08/24,2048115
2017/08/25,1246364
2017/08/26,772467
2017/08/27,367989
2017/08/28,1531781
2017/08/29,2712952
2017/08/30,3477980
2017/08/31,2484835
2017/09/01,2547581
2017/09/02,2085494
2017/09/03,2953559
2017/09/04,3786563
2017/09/05,4337910
2017/09/06,7380993
2017/09/07,8287512
2017/09/08,8891549
2017/09/09,7366556
2017/09/10,6188374
2017/09/11,7004237
2017/09/12,7009675
2017/09/13,4725821
2017/09/14,3040999
2017/09/15,1682097
2017/09/16,1709244
2017/09/17,1950930
2017/09/18,1959911
2017/09/19,1855135
2017/09/20,1962183
2017/09/21,1978695
2017/09/22,876780
2017/09/23,865848
2017/09/24,541387
2017/09/25,1516464
2017/09/26,1733444
2017/09/27,1692111
2017/09/28,2067736
2017/09/29,2823257
2017/09/30,2026844
2017/10/01,1748720
2017/10/02,1676444
2017/10/03,937370
2017/10/04,320251
2017/10/05,371027
2017/10/06,385515
2017/10/07,503885
2017/10/08,642252
2017/10/09,620921
2017/10/10,753307
2017/10/11,761387
2017/10/12,853258
2017/10/13,925770
2017/10/14,872168
2017/10/15,926436
2017/10/16,3067247
2017/10/17,6145390
2017/10/18,9946823
2017/10/19,10689032
2017/10/20,6494806
2017/10/21,4935877
2017/10/22,2995829
2017/10/23,1760483
2017/10/24,1607844
2017/10/25,1832844
2017/10/26,2002089
2017/10/27,22365293
2017/10/28,37300453
2017/10/29,47441383
2017/10/30,49654454
2017/10/31,42212499
2017/11/01,46277727
2017/11/02,50296026
2017/11/03,60748264
2017/11/04,55399707
2017/11/05,43767144
2017/11/06,27067285
2017/11/07,2586432
2017/11/08,2220551
2017/11/09,1700760
2017/11/10,926195
2017/11/11,785013
2017/11/12,286434
2017/11/13,365430
2017/11/14,1135217
2017/11/15,1873995
2017/11/16,1939113
2017/11/17,1772333
2017/11/18,1046198
2017/11/19,562972
2017/11/20,639385
2017/11/21,630450
2017/11/22,539338
2017/11/23,558562
2017/11/24,581103
2017/11/25,451189
2017/11/26,186253
2017/11/27,4914925
2017/11/28,5359874
2017/11/29,5251261
2017/11/30,4850209
2017/12/01,3568567
2017/12/02,2878467
2017/12/03,1873686
2017/12/04,401655
2017/12/05,553418
2017/12/06,1207071
2017/12/07,1261371
2017/12/08,1548873
2017/12/09,1103948
2017/12/10,1156960
2017/12/11,2563174
2017/12/12,5316925
2017/12/13,8019322
2017/12/14,6187218
2017/12/15,6191281
2017/12/16,3637341
2017/12/17,825319
2017/12/18,477215
2017/12/19,3460375
2017/12/20,3310568
2017/12/21,3892254
2017/12/22,3485377
2017/12/23,3598032
2017/12/24,10939039
2017/12/25,15022047
2017/12/26,12675071
2017/12/27,11971999
2017/12/28,7845498
2017/12/29,8332978
2017/12/30,11123252
2017/12/31,7974484
2018/01/01,6110079
2018/01/02,5832416
2018/01/03,8214980
2018/01/04,10845690
2018/01/05,13083672
2018/01/06,14057644
2018/01/07,9613496
2018/01/08,1286993
2018/01/09,533582
2018/01/10,1070553
2018/01/11,933149
2018/01/12,841957
2018/01/13,708365
2018/01/14,1313850
2018/01/15,1131107
2018/01/16,994669
2018/01/17,1144770
2018/01/18,1156866
2018/01/19,1956201
2018/01/20,3665872
2018/01/21,5381134
2018/01/22,7048872
2018/01/23,6896326
2018/01/24,5205138
2018/01/25,2725517
2018/01/26,1437057
2018/01/27,1931582
2018/01/28,1369303
2018/01/29,1185544
2018/01/30,1213445
2018/01/31,1234750
2018/02/01,1442452
2018/02/02,1485553
2018/02/03,1387868
2018/02/04,1959753
2018/02/05,1946884
2018/02/06,1904883
2018/02/07,2167921
2018/02/08,3272391
2018/02/09,2049243
2018/02/10,2104496
2018/02/11,2479503
2018/02/12,2001563
2018/02/13,961279
2018/02/14,660676
2018/02/15,383739
2018/02/16,437422
2018/02/17,399092
2018/02/18,436500
2018/02/19,368580
2018/02/20,1301084
2018/02/21,1545350
2018/02/22,1550557
2018/02/23,1519088
2018/02/24,1604422
2018/02/25,1669365
2018/02/26,1680455
2018/02/27,722866
2018/02/28,182995
2018/03/01,165384
2018/03/02,403715
2018/03/03,406243
2018/03/04,364325
2018/03/05,547700
2018/03/06,505205
2018/03/07,700459
2018/03/08,530593
2018/03/09,680427
2018/03/10,1581777
2018/03/11,2428452
2018/03/12,2101232
2018/03/13,1993845
2018/03/14,1233589
2018/03/15,999324
2018/03/16,1021457
2018/03/17,1759938
2018/03/18,1551324
2018/03/19,1185233
2018/03/20,1000155
2018/03/21,1093629
2018/03/22,1501516
2018/03/23,1548233
2018/03/24,2066361
2018/03/25,4009567
2018/03/26,3273304
2018/03/27,2681749
2018/03/28,1266657
2018/03/29,1214822
2018/03/30,1048083
2018/03/31,1005880
2018/04/01,533017
2018/04/02,503711
2018/04/03,947439
2018/04/04,1120502
2018/04/05,1527222
2018/04/06,1481177
2018/04/07,1930073
2018/04/08,1474132
2018/04/09,1360810
2018/04/10,1217789
2018/04/11,1181319
2018/04/12,2371869
2018/04/13,3429792
2018/04/14,2258653
2018/04/15,1816734
2018/04/16,2071053
2018/04/17,2298524
2018/04/18,2402843
2018/04/19,4966317
2018/04/20,8180138
2018/04/21,5828983
2018/04/22,3391507
2018/04/23,2528656
2018/04/24,2616742
2018/04/25,2254573
2018/04/26,2180686
2018/04/27,1525927
2018/04/28,560200
2018/04/29,225734
2018/04/30,334535
2018/05/01,270657
2018/05/02,344683
2018/05/03,588775
2018/05/04,1180473
2018/05/05,1344780
2018/05/06,2567370
2018/05/07,3013499
2018/05/08,3133612
2018/05/09,3003033
2018/05/10,3231233
2018/05/11,1723289
2018/05/12,1754106
2018/05/13,1321801
2018/05/14,1269654
2018/05/15,1131530
2018/05/16,1111462
2018/05/17,567806
2018/05/18,530241
2018/05/19,426166
2018/05/20,354421
2018/05/21,246495
2018/05/22,302308
2018/05/23,489207
2018/05/24,506549
2018/05/25,485034
2018/05/26,972583
2018/05/27,1064153
2018/05/28,1031971
2018/05/29,1032904
2018/05/30,907342
2018/05/31,1788867
2018/06/01,1788396
2018/06/02,1194155
2018/06/03,696708
2018/06/04,796880
2018/06/05,783131
2018/06/06,1008656
2018/06/07,512610
2018/06/08,557889
2018/06/09,637124
2018/06/10,654035
2018/06/11,266930
2018/06/12,79323
2018/06/13,241273
2018/06/14,253167
2018/06/15,647340
2018/06/16,1239460
2018/06/17,3701273
2018/06/18,3953743
2018/06/19,4246423
2018/06/20,4319857
2018/06/21,4283589
2018/06/22,4194182
2018/06/23,4152671
2018/06/24,3398272
2018/06/25,3621469
2018/06/26,3334001
2018/06/27,2847846
2018/06/28,2890679
2018/06/29,2681220
2018/06/30,1842675
2018/07/01,1061750
2018/07/02,2344435
2018/07/03,2212059
2018/07/04,2886028
2018/07/05,2105015
2018/07/06,1998099
2018/07/07,1844538
2018/07/08,1770409
2018/07/09,2017289
2018/07/10,2714892
2018/07/11,1996394
2018/07/12,2006811
2018/07/13,1290322
2018/07/14,1365224
2018/07/15,2326662
2018/07/16,2832087
2018/07/17,2927649
2018/07/18,3520520
2018/07/19,4052843
2018/07/20,3936485
2018/07/21,4240327
2018/07/22,2829824
2018/07/23,2719011
2018/07/24,3030783
2018/07/25,3286810
2018/07/26,3204197
2018/07/27,3020345
2018/07/28,2641657
2018/07/29,2231051
2018/07/30,2378995
2018/07/31,2269386
2018/08/01,2528146
2018/08/02,2868505
2018/08/03,2915083
2018/08/04,1621410
2018/08/05,1505679
2018/08/06,1454039
2018/08/07,2689003
2018/08/08,6360241
2018/08/09,8143254
2018/08/10,7435084
2018/08/11,7074521
2018/08/12,5866074
2018/08/13,4443311
2018/08/14,5502000
2018/08/15,4085394
2018/08/16,1703428
2018/08/17,1028682
2018/08/18,1230058
2018/08/19,895389
2018/08/20,2487387
2018/08/21,3740240
2018/08/22,2493246
2018/08/23,2626657
2018/08/24,1484523
2018/08/25,1479711
2018/08/26,884845
2018/08/27,823399
2018/08/28,1114533
2018/08/29,764119
2018/08/30,854514
2018/08/31,1255627
2018/09/01,1222998
2018/09/02,1369494
2018/09/03,1406225
2018/09/04,807783
2018/09/05,1131774
2018/09/06,1139448
2018/09/07,882620
2018/09/08,984472
2018/09/09,1437391
2018/09/10,1366720
2018/09/11,1638439
2018/09/12,1278753
2018/09/13,1282311
2018/09/14,1913438
2018/09/15,2172982
2018/09/16,2539649
2018/09/17,2396631
2018/09/18,1149485
2018/09/19,5001285
2018/09/20,4947770
2018/09/21,4925605
2018/09/22,4839080
2018/09/23,4187744
2018/09/24,6035160
2018/09/25,7130070
2018/09/26,3612376
2018/09/27,3077633
2018/09/28,2782653
2018/09/29,9083011
2018/09/30,10317838
2018/10/01,10306660
2018/10/02,10173193
2018/10/03,9163489
2018/10/04,5284516
2018/10/05,2422295
2018/10/06,5109341
2018/10/07,9760197
2018/10/08,8883285
2018/10/09,5992730
2018/10/10,5421501
2018/10/11,2406804
2018/10/12,1882569
2018/10/13,1895974
2018/10/14,1999315
2018/10/15,1950588
2018/10/16,1894451
2018/10/17,1811535
2018/10/18,1778345
2018/10/19,904758
2018/10/20,1245978
2018/10/21,854408
2018/10/22,1492837
2018/10/23,1492505
2018/10/24,2668334
2018/10/25,4458096
2018/10/26,4738401
2018/10/27,5244972
2018/10/28,5687217
2018/10/29,5716919
2018/10/30,5535840
2018/10/31,5071841
2018/11/01,3159227
2018/11/02,2396713
2018/11/03,2050768
2018/11/04,1880298
2018/11/05,1203476
2018/11/06,1114062
2018/11/07,1103583
2018/11/08,1178801
2018/11/09,1173694
2018/11/10,952557
2018/11/11,581944
2018/11/12,649704
2018/11/13,442769
2018/11/14,630699
2018/11/15,565344
2018/11/16,600754
2018/11/17,998135
2018/11/18,1971255
2018/11/19,2228017
2018/11/20,3033783
2018/11/21,2794623
2018/11/22,2808287
2018/11/23,2799110
2018/11/24,2734933
2018/11/25,1673388
2018/11/26,1425099
2018/11/27,655781
2018/11/28,1512864
2018/11/29,1514762
2018/11/30,1670966
2018/12/01,1345964
2018/12/02,1968249
2018/12/03,1969267
2018/12/04,1973732
2018/12/05,1494086
2018/12/06,1813290
2018/12/07,1760060
2018/12/08,1454897
2018/12/09,585172
2018/12/10,584848
2018/12/11,603532
2018/12/12,675485
2018/12/13,350883
2018/12/14,426315
2018/12/15,499963
2018/12/16,802757
2018/12/17,1025113
2018/12/18,1631805
2018/12/19,1795857
2018/12/20,1966635
2018/12/21,2150199
2018/12/22,2248145
2018/12/23,1409163
2018/12/24,1418069
2018/12/25,1871998
2018/12/26,1607472
2018/12/27,1285890
2018/12/28,767626
2018/12/29,690984
2018/12/30,1910745
2018/12/31,1414673
2019/01/01,2731742
2019/01/02,2540444
2019/01/03,3490103
2019/01/04,3931595
2019/01/05,3962540
2019/01/06,3285392
2019/01/07,3348197
2019/01/08,1091634
2019/01/09,1087053
2019/01/10,1012054
2019/01/11,963344
2019/01/12,1423741
2019/01/13,1453792
2019/01/14,1500675
2019/01/15,1514267
2019/01/16,1523261
2019/01/17,1205847
2019/01/18,1009697
2019/01/19,641159
2019/01/20,46660
2019/01/21,1469490
2019/01/22,3673205
2019/01/23,3754764
2019/01/24,3358726
2019/01/25,3081991
2019/01/26,3350533
2019/01/27,3133358
2019/01/28,3237070
2019/01/29,2782956
2019/01/30,3108983
2019/01/31,3214117
2019/02/01,2734420
2019/02/02,2671311
2019/02/03,3992527
2019/02/04,5114453
2019/02/05,4453006
2019/02/06,3047867
2019/02/07,1632831
2019/02/08,690862
2019/02/09,676857
2019/02/10,846982
2019/02/11,1793585
2019/02/12,2207512
2019/02/13,4149897
2019/02/14,4773570
2019/02/15,4968551
2019/02/16,2541515
2019/02/17,1061243
2019/02/18,1124569
2019/02/19,966656
2019/02/20,1303032
2019/02/21,1744634
2019/02/22,1815659
2019/02/23,1603545
2019/02/24,1093660
2019/02/25,1792085
2019/02/26,2113862
2019/02/27,2135450
2019/02/28,2129340
2019/03/01,6536713
2019/03/02,13536946
2019/03/03,20789686
2019/03/04,17412197
2019/03/05,13102367
2019/03/06,8503443
2019/03/07,2072484
2019/03/08,2025248
2019/03/09,1780569
2019/03/10,2002319
2019/03/11,1373802
2019/03/12,1115377
2019/03/13,1536982
2019/03/14,1623194
2019/03/15,1436363
2019/03/16,1638490
2019/03/17,1458418
2019/03/18,1885427
2019/03/19,3312618
2019/03/20,3488448
2019/03/21,3942031
2019/03/22,4032998
2019/03/23,3379225
2019/03/24,2013154
2019/03/25,2091894
2019/03/26,1755040
2019/03/27,1857105
2019/03/28,1751260
2019/03/29,2105471
2019/03/30,1556459
2019/03/31,163541
2019/04/01,156077
2019/04/02,1065556
2019/04/03,1682822
2019/04/04,1362676
2019/04/05,1951485
2019/04/06,4144450
2019/04/07,5283109
2019/04/08,5280458
2019/04/09,4018124
2019/04/10,3538995
2019/04/11,5570635
2019/04/12,5464088
2019/04/13,4968479
2019/04/14,5498098
2019/04/15,5695862
2019/04/16,6167724
2019/04/17,5659364
2019/04/18,3759706
2019/04/19,3809388
2019/04/20,2681431
2019/04/21,530634
2019/04/22,512827
2019/04/23,251574
2019/04/24,375331
2019/04/25,415777
2019/04/26,473101
2019/04/27,2673095
2019/04/28,3052220
2019/04/29,2701359
2019/04/30,2047866
2019/05/01,2090837
2019/05/02,4954113
2019/05/03,5528624
2019/05/04,3889443
2019/05/05,3252822
2019/05/06,4964142
2019/05/07,10222066
2019/05/08,9830061
2019/05/09,9643766
2019/05/10,9520862
2019/05/11,6284714
2019/05/12,3917009
2019/05/13,3843814
2019/05/14,873802
2019/05/15,1303061
2019/05/16,2587606
2019/05/17,2861997
2019/05/18,2722907
2019/05/19,2460165
2019/05/20,2228752
2019/05/21,2260968
2019/05/22,2331178
2019/05/23,1838193
2019/05/24,1820052
2019/05/25,1811378
2019/05/26,1857374
2019/05/27,2557129
2019/05/28,2589538
2019/05/29,2710021
2019/05/30,2760938
2019/05/31,2940236
2019/06/01,2532429
2019/06/02,1081977
2019/06/03,741769
2019/06/04,700857
2019/06/05,788342
2019/06/06,755394
2019/06/07,1004454
2019/06/08,2982822
2019/06/09,5268317
2019/06/10,6789974
2019/06/11,7618115
2019/06/12,7348673
2019/06/13,8050723
2019/06/14,7597706
2019/06/15,6134486
2019/06/16,3608418
2019/06/17,2966028
2019/06/18,2140955
2019/06/19,2798858
2019/06/20,2687299
2019/06/21,3153130
2019/06/22,4583455
2019/06/23,5225606
2019/06/24,4595119
2019/06/25,5391804
2019/06/26,5671340
2019/06/27,3981985
2019/06/28,5523780
2019/06/29,6311405
2019/06/30,8021566
2019/07/01,8807794
2019/07/02,8513520
2019/07/03,8281921
2019/07/04,8626459
2019/07/05,5717803
2019/07/06,5304670
2019/07/07,2826179
2019/07/08,6491734
2019/07/09,7049418
2019/07/10,7527442
2019/07/11,7100514
2019/07/12,8686000
2019/07/13,15825164
2019/07/14,18578758
2019/07/15,34624525
2019/07/16,38562315
2019/07/17,37257512
2019/07/18,36348681
2019/07/19,35298069
2019/07/20,35321730
2019/07/21,41660516
2019/07/22,21683192
2019/07/23,12758008
2019/07/24,13709665
2019/07/25,17387377
2019/07/26,16608071
2019/07/27,16608938
2019/07/28,15433714
2019/07/29,14967089
2019/07/30,14440304
2019/07/31,10443383
2019/08/01,6504152
2019/08/02,6976038
2019/08/03,5823603
2019/08/04,5022249
2019/08/05,4770220
2019/08/06,4602287
2019/08/07,4348148
2019/08/08,1919664
2019/08/09,1674783
2019/08/10,2271358
2019/08/11,3119993
2019/08/12,2940389
2019/08/13,2690594
2019/08/14,2731762
2019/08/15,2681947
2019/08/16,2671848
2019/08/17,2398124
2019/08/18,1372641
2019/08/19,1493421
2019/08/20,1558566
2019/08/21,1362149
2019/08/22,1474438
2019/08/23,1466349
2019/08/24,1017337
2019/08/25,461060
2019/08/26,1572745
2019/08/27,1545079
2019/08/28,1503954
2019/08/29,1525662
2019/08/30,1536847
2019/08/31,1593074
2019/09/01,1818573
2019/09/02,661816
2019/09/03,548879
2019/09/04,528462
2019/09/05,586405
2019/09/06,709791
2019/09/07,862559
2019/09/08,1224716
2019/09/09,1074446
2019/09/10,1101975
2019/09/11,1179703
2019/09/12,929727
2019/09/13,940112
2019/09/14,1396717
2019/09/15,1566286
2019/09/16,15141868
2019/09/17,49870202
2019/09/18,68568230
2019/09/19,69628264
2019/09/20,62597715
2019/09/21,43053580
2019/09/22,8202522
2019/09/23,0
2019/09/24,0
2019/09/25,0
2019/09/26,0
2019/09/27,0
2019/09/28,0
2019/09/29,0
2019/09/30,0
2019/10/01,0
2019/10/02,0
2019/10/03,0
2019/10/04,0
2019/10/05,0
2019/10/06,0
2019/10/07,0
2019/10/08,0
2019/10/09,0
2019/10/10,0
2019/10/11,0
2019/10/12,0
2019/10/13,0
2019/10/14,0
2019/10/15,0
2019/10/16,0
2019/10/17,0
2019/10/18,0
2019/10/19,0
2019/10/20,0
2019/10/21,0
2019/10/22,0
2019/10/23,0
2019/10/24,0
2019/10/25,0
2019/10/26,0
2019/10/27,0
2019/10/28,0
2019/10/29,0
2019/10/30,0
2019/10/31,0
2019/11/01,0
2019/11/02,0
2019/11/03,0
2019/11/04,0
2019/11/05,0
2019/11/06,0
2019/11/07,0
2019/11/08,0
2019/11/09,0
2019/11/10,0
2019/11/11,0
2019/11/12,0
2019/11/13,0
2019/11/14,0
2019/11/15,0
2019/11/16,0
2019/11/17,0
2019/11/18,0
2019/11/19,0
2019/11/20,0
2019/11/21,0
2019/11/22,0
2019/11/23,0
2019/11/24,0
2019/11/25,0
2019/11/26,0
2019/11/27,0
2019/11/28,0
2019/11/29,0
2019/11/30,20314959
2019/12/01,89031438
2019/12/02,135854424
2019/12/03,142949754
2019/12/04,140346488
2019/12/05,94478329
2019/12/06,23835384
2019/12/07,8550769
2019/12/08,10296228
2019/12/09,9022655
2019/12/10,9251305
2019/12/11,4626024
2019/12/12,4701234
2019/12/13,4895750
2019/12/14,2251078
2019/12/15,711563
2019/12/16,1469755
2019/12/17,2283098
2019/12/18,3533193
2019/12/19,3857329
2019/12/20,3855482
2019/12/21,2885302
2019/12/22,1727684
2019/12/23,1775161
2019/12/24,2077949
2019/12/25,1870965
2019/12/26,1538492
2019/12/27,910696
2019/12/28,2269290
2019/12/29,3701010
2019/12/30,2162823
2019/12/31,2040689
2020/01/01,3020430
2020/01/02,3476613
2020/01/03,3478590
2020/01/04,4323781
2020/01/05,5353716
2020/01/06,3088550
2020/01/07,776999
2020/01/08,1554624
2020/01/09,1555561
2020/01/10,1470240
2020/01/11,1761561
2020/01/12,176330604
2020/01/13,172346837
2020/01/14,170291032
2020/01/15,169244899
2020/01/16,167171543
2020/01/17,163678748
2020/01/18,158977180
2020/01/19,1480088
2020/01/20,1332165
2020/01/21,2062951
2020/01/22,2446480
2020/01/23,2334209
2020/01/24,1298340
2020/01/25,1838688
2020/01/26,1536632
2020/01/27,892737
2020/01/28,1047674
2020/01/29,1136127
2020/01/30,1917147
2020/01/31,2952320
2020/02/01,2195819
2020/02/02,1718516
2020/02/03,1412838
2020/02/04,1882677
2020/02/05,1949768
2020/02/06,1863001
2020/02/07,1923655
2020/02/08,2433680
2020/02/09,1638467
2020/02/10,1824757
2020/02/11,889055
2020/02/12,3694572
2020/02/13,4104507
2020/02/14,4573464
2020/02/15,4172105
2020/02/16,3329037
2020/02/17,2435951
2020/02/18,2206086
2020/02/19,1727822
2020/02/20,1322510
2020/02/21,566958
2020/02/22,1816952
2020/02/23,2830014
2020/02/24,2615000
2020/02/25,2557576
2020/02/26,3791603
2020/02/27,4263839
2020/02/28,4338561
2020/02/29,3772438
2020/03/01,2609899
2020/03/02,2651130
2020/03/03,2625169
2020/03/04,1822692
2020/03/05,1213094
2020/03/06,756418
2020/03/07,722613
2020/03/08,891482
2020/03/09,4583415
2020/03/10,4884473
2020/03/11,4257468
2020/03/12,5773898
2020/03/13,5856301
2020/03/14,3350968
2020/03/15,3677269
2020/03/16,2989733
2020/03/17,3009658
2020/03/18,3193013
2020/03/19,2990973
2020/03/20,2691799
2020/03/21,2234902
2020/03/22,1226268
2020/03/23,1238470
2020/03/24,1092406
2020/03/25,766734
2020/03/26,693668
2020/03/27,1021924
2020/03/28,1615545
2020/03/29,4700117
2020/03/30,4215444
2020/03/31,3100221
2020/04/01,2613191
2020/04/02,2721003
2020/04/03,2920983
2020/04/04,3204824
2020/04/05,2228775
2020/04/06,3371256
2020/04/07,3731677
2020/04/08,4076514
2020/04/09,3935170
2020/04/10,4014730
2020/04/11,3200666
2020/04/12,1409362
2020/04/13,936369
2020/04/14,867581
2020/04/15,648718
2020/04/16,1143436
2020/04/17,1181811
2020/04/18,875588
2020/04/19,662584
2020/04/20,927435
2020/04/21,973950
2020/04/22,957347
2020/04/23,910443
2020/04/24,934282
2020/04/25,820838
2020/04/26,178149
2020/04/27,112965
2020/04/28,161078
2020/04/29,835006
2020/04/30,1777341
2020/05/01,1716315
2020/05/02,2305090
2020/05/03,2387126
2020/05/04,2429889
2020/05/05,2820842
2020/05/06,2809902
2020/05/07,5766410
2020/05/08,5738047
2020/05/09,4489298
2020/05/10,3540125
2020/05/11,3469284
2020/05/12,2048003
2020/05/13,2713506
2020/05/14,681525
2020/05/15,697853
2020/05/16,575894
2020/05/17,645248
2020/05/18,437363
2020/05/19,435009
2020/05/20,577976
2020/05/21,846995
2020/05/22,1141183
2020/05/23,1127093
2020/05/24,671638
2020/05/25,624924
2020/05/26,624278
2020/05/27,717462
2020/05/28,565772
2020/05/29,1719872
2020/05/30,1636657
2020/05/31,1684959
2020/06/01,1685096
2020/06/02,1953800
2020/06/03,1615553
2020/06/04,1471550
2020/06/05,1325636
2020/06/06,1031957
2020/06/07,1022436
2020/06/08,845317
2020/06/09,519524
2020/06/10,1004556
2020/06/11,1186377
2020/06/12,963198
2020/06/13,2595246
2020/06/14,4187453
2020/06/15,4293471
2020/06/16,4300817
2020/06/17,3046002
2020/06/18,2325851
2020/06/19,3366492
2020/06/20,3153494
2020/06/21,3352652
2020/06/22,8413037
2020/06/23,11224659
2020/06/24,11711886
2020/06/25,9318930
2020/06/26,5960735
2020/06/27,2105535
2020/06/28,2413828
2020/06/29,2762101
2020/06/30,2980698
2020/07/01,1931551
2020/07/02,890850
2020/07/03,958136
2020/07/04,1835662
2020/07/05,4839752
2020/07/06,4807117
2020/07/07,5141735
2020/07/08,5806395
2020/07/09,5747316
2020/07/10,5414897
2020/07/11,5862974
2020/07/12,3034028
2020/07/13,5283773
2020/07/14,5261598
2020/07/15,5115892
2020/07/16,4859755
2020/07/17,4638921
2020/07/18,2629198
2020/07/19,2323467
2020/07/20,2310932
2020/07/21,2549569
2020/07/22,2765582
2020/07/23,1603983
2020/07/24,576736
2020/07/25,2124902
2020/07/26,2130094
2020/07/27,2820735
2020/07/28,2530801
2020/07/29,2266118
2020/07/30,1916459
2020/07/31,1861265
2020/08/01,1250506
2020/08/02,1597326
2020/08/03,844388
2020/08/04,870680
2020/08/05,829997
2020/08/06,836668
2020/08/07,810441
2020/08/08,1052477
2020/08/09,1738562
2020/08/10,2712545
2020/08/11,2051283
2020/08/12,1288402
2020/08/13,963894
2020/08/14,942348
2020/08/15,3297498
2020/08/16,3524140
2020/08/17,2453972
2020/08/18,2321583
2020/08/19,1795763
2020/08/20,1769425
2020/08/21,2788853
2020/08/22,2011228
2020/08/23,2828894
2020/08/24,2991443
2020/08/25,2953202
2020/08/26,2839139
2020/08/27,2969683
2020/08/28,222713
2020/08/29,400554
2020/08/30,1037981
2020/08/31,1491263
2020/09/01,1689122
2020/09/02,1536155
2020/09/03,991522
2020/09/04,1616567
2020/09/05,3440545
2020/09/06,4279710
2020/09/07,3849660
2020/09/08,2314251
2020/09/09,1311117
2020/09/10,1102878
2020/09/11,1031014
2020/09/12,986104
2020/09/13,879600
2020/09/14,1183385
2020/09/15,995511
2020/09/16,766070
2020/09/17,56137289
2020/09/18,55295799
2020/09/19,52623461
2020/09/20,52804211
2020/09/21,53098028
2020/09/22,51705855
2020/09/23,49680477
2020/09/24,5268341
2020/09/25,993340
2020/09/26,1276701
2020/09/27,1506747
2020/09/28,1529845
2020/09/29,884210
2020/09/30,733907
2020/10/01,798494
2020/10/02,876787
2020/10/03,1711985
2020/10/04,1638679
2020/10/05,1410377
2020/10/06,1807879
2020/10/07,1755878
2020/10/08,1744912
2020/10/09,1692804
2020/10/10,1215227
2020/10/11,1848359
2020/10/12,2053835
2020/10/13,1422481
2020/10/14,1322585
2020/10/15,1963412
2020/10/16,1994480
2020/10/17,2378773
2020/10/18,2603465
2020/10/19,2506097
2020/10/20,2655771
2020/10/21,3113016
2020/10/22,2980309
2020/10/23,2965249
2020/10/24,4149213
2020/10/25,5123842
2020/10/26,5007701
2020/10/27,4841117
2020/10/28,4957451
2020/10/29,4736421
2020/10/30,5073654
2020/10/31,2984247
2020/11/01,615974
2020/11/02,719560
2020/11/03,726717
2020/11/04,566054
2020/11/05,612085
2020/11/06,1049551
2020/11/07,942739
2020/11/08,2098473
2020/11/09,2126018
2020/11/10,2423699
2020/11/11,2937675
2020/11/12,2963101
2020/11/13,2618378
2020/11/14,2751536
2020/11/15,1936084
2020/11/16,1718566
2020/11/17,1522643
2020/11/18,1310350
2020/11/19,1300625
2020/11/20,1560702
2020/11/21,1350597
2020/11/22,741607
2020/11/23,1464149
2020/11/24,1870077
2020/11/25,1469009
2020/11/26,591087
2020/11/27,1446245
2020/11/28,6581222
2020/11/29,9609693
2020/11/30,8346644
2020/12/01,7540823
2020/12/02,6261693
2020/12/03,6031678
2020/12/04,7222982
2020/12/05,4264781
2020/12/06,1353576
2020/12/07,1421978
2020/12/08,2450987
2020/12/09,2266207
2020/12/10,2265426
2020/12/11,2709199
2020/12/12,3678386
2020/12/13,3952555
2020/12/14,3981765
2020/12/15,3161416
2020/12/16,3679228
2020/12/17,5098394
2020/12/18,4644052
2020/12/19,2490811
2020/12/20,1306676
2020/12/21,1337032
2020/12/22,1344941
2020/12/23,7738764
2020/12/24,7588314
2020/12/25,22620689
2020/12/26,20748904
2020/12/27,16037688
2020/12/28,13790533
2020/12/29,11265914
2020/12/30,12007404
2020/12/31,13605030
2021/01/01,3817725
2021/01/02,4177070
2021/01/03,3459888
2021/01/04,1925647
2021/01/05,1280689
2021/01/06,1649658
2021/01/07,2058052
2021/01/08,1363811
2021/01/09,517174
2021/01/10,637460
2021/01/11,972899
2021/01/12,1495400
2021/01/13,2244375
2021/01/14,1638012
2021/01/15,1578834
2021/01/16,1573942
2021/01/17,1590776
2021/01/18,1119902
2021/01/19,2115190
2021/01/20,1201473
2021/01/21,1117045
2021/01/22,1112997
2021/01/23,1409526
2021/01/24,1333867
2021/01/25,1524638
2021/01/26,914931
2021/01/27,1016369
2021/01/28,1314395
2021/01/29,2037995
2021/01/30,1198280
2021/01/31,473752
2021/02/01,561522
2021/02/02,718018
2021/02/03,576899
2021/02/04,635579
2021/02/05,492222
2021/02/06,1659732
2021/02/07,2170381
2021/02/08,2019309
2021/02/09,1333238
2021/02/10,1074109
2021/02/11,1081937
2021/02/12,1662736
2021/02/13,1542104
2021/02/14,940265
2021/02/15,827308
2021/02/16,918439
2021/02/17,773027
2021/02/18,819476
2021/02/19,731989
2021/02/20,544093
2021/02/21,840866
2021/02/22,950921
2021/02/23,730962
2021/02/24,707393
2021/02/25,808227
2021/02/26,783537
2021/02/27,840823
2021/02/28,708800
2021/03/01,740110
2021/03/02,594024
2021/03/03,655648
2021/03/04,737117
2021/03/05,965102
2021/03/06,1125257
2021/03/07,1136988
2021/03/08,740975
2021/03/09,1116258
2021/03/10,1048056
2021/03/11,1413850
2021/03/12,1549904
2021/03/13,1092892
2021/03/14,807252
2021/03/15,565493
2021/03/16,566239
2021/03/17,989452
2021/03/18,1898010
2021/03/19,2209945
2021/03/20,2710665
2021/03/21,2985028
2021/03/22,2568290
2021/03/23,2488545
2021/03/24,2168569
2021/03/25,336210
2021/03/26,767751
2021/03/27,1086998
2021/03/28,1433181
2021/03/29,1193854
2021/03/30,1068029
2021/03/31,2021976
2021/04/01,2391562
2021/04/02,2116201
2021/04/03,1517137
2021/04/04,1935265
2021/04/05,2062762
2021/04/06,2232751
2021/04/07,1737901
2021/04/08,1495393
2021/04/09,1383358
2021/04/10,1466474
2021/04/11,1354110
2021/04/12,1331649
2021/04/13,1133496
2021/04/14,1993917
2021/04/15,2086065
2021/04/16,2269036
2021/04/17,2663816
2021/04/18,1692722
2021/04/19,1643809
2021/04/20,1894255
2021/04/21,4837273
2021/04/22,10429311
2021/04/23,12267781
2021/04/24,11864348
2021/04/25,11408097
2021/04/26,9802249
2021/04/27,8411355
2021/04/28,8930698
2021/04/29,7210047
2021/04/30,5582499
2021/05/01,3259833
2021/05/02,1108392
2021/05/03,931714
2021/05/04,1986562
2021/05/05,2018235
2021/05/06,2113969
2021/05/07,1852465
2021/05/08,2780184
2021/05/09,2810185
2021/05/10,2338902
2021/05/11,2350765
2021/05/12,1873994
2021/05/13,1495411
2021/05/14,2686072
2021/05/15,3466326
2021/05/16,3336820
2021/05/17,2260220
2021/05/18,2032305
2021/05/19,8013987
2021/05/20,8366438
2021/05/21,7792864
2021/05/22,8481658
2021/05/23,7528359
2021/05/24,7547084
2021/05/25,7488837
2021/05/26,2128331
2021/05/27,1722134
2021/05/28,1325023
2021/05/29,2167522
2021/05/30,3221650
2021/05/31,3347803
2021/06/01,2992768
2021/06/02,1311577
2021/06/03,1296827
2021/06/04,463354
2021/06/05,2153308
2021/06/06,6730075
2021/06/07,6787923
2021/06/08,8045726
2021/06/09,8347272
2021/06/10,8010455
2021/06/11,8374414
2021/06/12,7341019
2021/06/13,1928960
2021/06/14,1899985
2021/06/15,1534120
2021/06/16,2250801
2021/06/17,2786191
2021/06/18,3082145
2021/06/19,4986902
2021/06/20,4904001
2021/06/21,8836348
2021/06/22,11880187
2021/06/23,12082351
2021/06/24,12089448
2021/06/25,12810092
2021/06/26,7531153
2021/06/27,5740652
2021/06/28,5416782
2021/06/29,3771934
2021/06/30,3713659
2021/07/01,3583121
2021/07/02,3409721
2021/07/03,3985790
2021/07/04,3930055
2021/07/05,1816623
2021/07/06,1666051
2021/07/07,1528658
2021/07/08,1344881
2021/07/09,1852719
2021/07/10,1193526
2021/07/11,1590974
2021/07/12,1573638
2021/07/13,1946203
2021/07/14,4559025
2021/07/15,9250989
2021/07/16,10135662
2021/07/17,8753018
2021/07/18,4972934
2021/07/19,5290518
2021/07/20,4597237
2021/07/21,4272503
2021/07/22,4589201
2021/07/23,3776675
2021/07/24,2774954
2021/07/25,2470516
2021/07/26,1674254
2021/07/27,1129596
2021/07/28,1410006
2021/07/29,1300298
2021/07/30,1613401
2021/07/31,1596180
2021/08/01,3550825
2021/08/02,5322039
2021/08/03,7072983
2021/08/04,14449864
2021/08/05,17917349
2021/08/06,18081900
2021/08/07,9740635
2021/08/08,8458863
2021/08/09,6946756
2021/08/10,6712085
2021/08/11,5871043
2021/08/12,5465639
2021/08/13,8236811
2021/08/14,6076508
2021/08/15,4510091
2021/08/16,6501959
2021/08/17,6239919
2021/08/18,10846063
2021/08/19,13819802
2021/08/20,12401698
2021/08/21,5554027
2021/08/22,10859830
2021/08/23,22731720
2021/08/24,68221137
2021/08/25,69467804
2021/08/26,59606784
2021/08/27,34424788
2021/08/28,15703886
2021/08/29,10418259
2021/08/30,8450709
2021/08/31,3141139
2021/09/01,7250226
2021/09/02,17658619
2021/09/03,28161590
2021/09/04,28736514
2021/09/05,26440956
2021/09/06,9958088
2021/09/07,4225967
2021/09/08,6180321
2021/09/09,6136663
2021/09/10,6082265
2021/09/11,7506276
2021/09/12,13710064
2021/09/13,13932229
2021/09/14,15341263
2021/09/15,7243204
2021/09/16,13250699
2021/09/17,7857008
2021/09/18,7055433
2021/09/19,8626026
2021/09/20,11619562
2021/09/21,11632813
2021/09/22,8482204
2021/09/23,7841184
2021/09/24,8433894
2021/09/25,3387895
2021/09/26,3239764
2021/09/27,3126864
2021/09/28,6025360
2021/09/29,6116500
2021/09/30,5481402
2021/10/01,7673030
2021/10/02,8643080
2021/10/03,12765971
2021/10/04,15299542
2021/10/05,18029110
2021/10/06,17948107
2021/10/07,19265911
2021/10/08,18395618
2021/10/09,24740211
2021/10/10,32046212
2021/10/11,28713035
2021/10/12,12720756
2021/10/13,4737261
2021/10/14,7293814
2021/10/15,4262140
2021/10/16,13596828
2021/10/17,16115115
2021/10/18,17253991
2021/10/19,14390262
2021/10/20,7415340
2021/10/21,7302303
2021/10/22,2374219
2021/10/23,1140864
2021/10/24,1106671
2021/10/25,914946
2021/10/26,1274804
2021/10/27,1609775
2021/10/28,3314817
2021/10/29,7045141
2021/10/30,10985431
2021/10/31,10575594
2021/11/01,7146261
2021/11/02,4814478
2021/11/03,2273075
2021/11/04,1213984
2021/11/05,1470546
2021/11/06,1198392
2021/11/07,1279156
2021/11/08,1130932
2021/11/09,1936962
2021/11/10,3757343
2021/11/11,3811082
2021/11/12,4524446
2021/11/13,4172226
2021/11/14,3903711
2021/11/15,4880206
2021/11/16,9245422
2021/11/17,11576182
2021/11/18,10716400
2021/11/19,6363730
2021/11/20,4436730
2021/11/21,3349010
2021/11/22,4075119
2021/11/23,4498356
2021/11/24,5146094
2021/11/25,4405669
2021/11/26,4183878
2021/11/27,1432990
2021/11/28,1333690
2021/11/29,1036797
2021/11/30,1069796
2021/12/01,1085204
2021/12/02,1059562
2021/12/03,3080212
2021/12/04,2959879
2021/12/05,2428281
2021/12/06,1850044
2021/12/07,2979686
2021/12/08,3230522
2021/12/09,2933220
2021/12/10,2396864
2021/12/11,1982601
2021/12/12,1799795
2021/12/13,4824287
2021/12/14,4400681
2021/12/15,4455718
2021/12/16,7467583
2021/12/17,10391258
2021/12/18,13737487
2021/12/19,12159065
2021/12/20,11696166
2021/12/21,11720895
2021/12/22,11918355
2021/12/23,6956247
2021/12/24,6192993
2021/12/25,3078242
2021/12/26,2258688
2021/12/27,9691699
2021/12/28,14046941
2021/12/29,19946697
2021/12/30,20276472
2021/12/31,16671165
2022/01/01,11284858
2022/01/02,5650145
2022/01/03,10022542
2022/01/04,9236861
2022/01/05,12042654
2022/01/06,11369988
2022/01/07,8833809
2022/01/08,5323091
2022/01/09,23152445
2022/01/10,27952032
2022/01/11,22726815
2022/01/12,25129991
2022/01/13,19525065
2022/01/14,16095300
2022/01/15,16284205
2022/01/16,8419245
2022/01/17,6036432
2022/01/18,3975817
2022/01/19,2020778
2022/01/20,14942796
2022/01/21,14483260
2022/01/22,14128545
2022/01/23,17403889
2022/01/24,12914263
2022/01/25,10792118
2022/01/26,13522452
2022/01/27,12118065
2022/01/28,12699659
2022/01/29,12546538
2022/01/30,5201111
2022/01/31,6023663
2022/02/01,6118917
2022/02/02,7792216
2022/02/03,5289207
2022/02/04,6239364
2022/02/05,10421130
2022/02/06,16723512
2022/02/07,16898698
2022/02/08,15128900
2022/02/09,7608905
2022/02/10,9991870
2022/02/11,12976239
2022/02/12,11858214
2022/02/13,4577704
2022/02/14,4779187
2022/02/15,5853221
2022/02/16,10236832
2022/02/17,21883481
2022/02/18,28523410
2022/02/19,25781901
2022/02/20,21732181
2022/02/21,63780119
2022/02/22,50431597
2022/02/23,44965880
2022/02/24,51382763
2022/02/25,51291247
2022/02/26,61387647
2022/02/27,73798009
2022/02/28,15285717
2022/03/01,13125065
2022/03/02,9920841
2022/03/03,9947279
2022/03/04,10179364
2022/03/05,25557052
2022/03/06,34014038
2022/03/07,34666379
2022/03/08,33482267
2022/03/09,21762953
2022/03/10,7874066
2022/03/11,10932023
2022/03/12,6207608
2022/03/13,2096455
2022/03/14,2014439
2022/03/15,2250332
2022/03/16,2379270
2022/03/17,5124761
2022/03/18,5457467
2022/03/19,9189330
2022/03/20,9360338
2022/03/21,8018742
2022/03/22,7278721
2022/03/23,8026247
2022/03/24,7091794
2022/03/25,6087448
2022/03/26,7257470
2022/03/27,8823508
2022/03/28,9282930
2022/03/29,8027219
2022/03/30,3661022
2022/03/31,3460806
2022/04/01,4523656
2022/04/02,6084525
2022/04/03,10440152
2022/04/04,10899067
2022/04/05,7794011
2022/04/06,7840776
2022/04/07,20855830
2022/04/08,22982575
2022/04/09,20191057
2022/04/10,19796065
2022/04/11,17488190
2022/04/12,13098842
2022/04/13,14313698
2022/04/14,8461513
2022/04/15,5369161
2022/04/16,8685849
2022/04/17,4464131
2022/04/18,4048818
2022/04/19,3925685
2022/04/20,8803760
2022/04/21,8700750
2022/04/22,7768296
2022/04/23,5249234
2022/04/24,5845320
2022/04/25,6008522
2022/04/26,7814312
2022/04/27,7677922
2022/04/28,8053234
2022/04/29,10287056
2022/04/30,16534847
2022/05/01,15396422
2022/05/02,13949992
2022/05/03,14019431
2022/05/04,3846936
2022/05/05,5870743
2022/05/06,7414626
2022/05/07,10212213
2022/05/08,20436771
2022/05/09,21449855
2022/05/10,33007866
2022/05/11,45825978
2022/05/12,53247496
2022/05/13,54740593
2022/05/14,47723058
2022/05/15,27656932
2022/05/16,28507903
2022/05/17,40531506
2022/05/18,35269067
2022/05/19,28634957
2022/05/20,27226532
2022/05/21,25802573
2022/05/22,25079471
2022/05/23,20618817
2022/05/24,12738635
2022/05/25,12056468
2022/05/26,36093604
2022/05/27,28551021
2022/05/28,30692367
2022/05/29,46599788
2022/05/30,36611637
2022/05/31,34223769
2022/06/01,85695153
2022/06/02,131337830
2022/06/03,112992637
2022/06/04,74625489
2022/06/05,77231991
2022/06/06,65285450
2022/06/07,61801457
2022/06/08,41559846
2022/06/09,17791426
2022/06/10,39712894
2022/06/11,59307567
2022/06/12,60369705
2022/06/13,55434190
2022/06/14,39485813
2022/06/15,9175498
2022/06/16,15995231
2022/06/17,27722255
2022/06/18,33238310
2022/06/19,38140274
2022/06/20,29819167
2022/06/21,15110202
2022/06/22,16161191
2022/06/23,17728896
2022/06/24,20526504
2022/06/25,24323499
2022/06/26,51592748
2022/06/27,39134990
2022/06/28,30763517
2022/06/29,32714631
2022/06/30,26931278
2022/07/01,75090711
2022/07/02,124200239
2022/07/03,105314756
2022/07/04,82239867
2022/07/05,73670672
2022/07/06,27394093
2022/07/07,5581768
2022/07/08,5190833
2022/07/09,2050947
2022/07/10,1655767
2022/07/11,1971418
2022/07/12,641225
2022/07/13,1684303
2022/07/14,1760975
2022/07/15,1822756
2022/07/16,1871075
2022/07/17,1757273
2022/07/18,2857373
2022/07/19,4372530
2022/07/20,4158800
2022/07/21,4134969
2022/07/22,5897394
2022/07/23,6269123
2022/07/24,6021355
2022/07/25,3569382
2022/07/26,2806261
2022/07/27,3515433
2022/07/28,3356588
2022/07/29,2329164
2022/07/30,2255761
2022/07/31,2441561
2022/08/01,1131036
2022/08/02,802051
2022/08/03,409569
2022/08/04,298217
2022/08/05,4840777
2022/08/06,4671209
2022/08/07,4657974
2022/08/08,4658464
2022/08/09,4487095
2022/08/10,14059344
2022/08/11,13010141
2022/08/12,13813318
2022/08/13,14129396
2022/08/14,13253643
2022/08/15,15723182
2022/08/16,17207263
2022/08/17,4810976
2022/08/18,3300406
2022/08/19,9534124
2022/08/20,9187573
2022/08/21,8112445
2022/08/22,7005981
2022/08/23,5958984
2022/08/24,6983242
2022/08/25,6659200
2022/08/26,2198697
2022/08/27,2412534
2022/08/28,5072964
2022/08/29,13589249
2022/08/30,28882691
2022/08/31,20234039
2022/09/01,32647531
2022/09/02,52537124
2022/09/03,79302869
2022/09/04,93210039
2022/09/05,79241391
2022/09/06,27756215
2022/09/07,8811410
2022/09/08,8892589
2022/09/09,10635498
2022/09/10,9566958
2022/09/11,6748883
2022/09/12,5893679
2022/09/13,5735661
2022/09/14,5226471
2022/09/15,6401039
2022/09/16,5118882
2022/09/17,8283229
2022/09/18,8641645
2022/09/19,8853481
2022/09/20,13305258
2022/09/21,17293347
2022/09/22,17432368
2022/09/23,15500574
2022/09/24,9584937
2022/09/25,16570094
2022/09/26,16287967
2022/09/27,14105299
2022/09/28,10973718
2022/09/29,7323057
2022/09/30,4759760
2022/10/01,4241899
2022/10/02,1367877
2022/10/03,1369410
2022/10/04,5326195
2022/10/05,11998620
2022/10/06,10896146
2022/10/07,8560155
2022/10/08,17886560
2022/10/09,106659967
2022/10/10,159257954
2022/10/11,155127630
2022/10/12,113755153
2022/10/13,93500494
2022/10/14,63520193
2022/10/15,54010566
2022/10/16,37206759
2022/10/17,26198646
2022/10/18,28061502
2022/10/19,24873490
2022/10/20,25616935
2022/10/21,25351380
2022/10/22,18125289
2022/10/23,13894315
2022/10/24,13894541
2022/10/25,12950323
2022/10/26,25111972
2022/10/27,36492658
2022/10/28,36801870
2022/10/29,19984525
2022/10/30,13515186
2022/10/31,11536378
2022/11/01,11871730
2022/11/02,8984073
2022/11/03,1610357
2022/11/04,1266396
2022/11/05,2659662
2022/11/06,3058146
2022/11/07,6185739
2022/11/08,24846463
2022/11/09,47519864
2022/11/10,42668603
2022/11/11,39173506
2022/11/12,33032168
2022/11/13,39910496
2022/11/14,39665215
2022/11/15,36970786
2022/11/16,20830451
2022/11/17,13166376
2022/11/18,11668694
2022/11/19,15358625
2022/11/20,15371966
2022/11/21,8337921
2022/11/22,8958740
2022/11/23,9167116
2022/11/24,10843061
2022/11/25,12971476
2022/11/26,11318373
2022/11/27,14197665
2022/11/28,10866976
2022/11/29,9709795
