Date,size30roc
2016/01/01,7.981
2016/01/02,22.531
2016/01/03,18.843
2016/01/04,17.471
2016/01/05,59.199
2016/01/06,100.395
2016/01/07,100.991
2016/01/08,38.633
2016/01/09,47.461
2016/01/10,18.021
2016/01/11,15.474
2016/01/12,29.505
2016/01/13,-18.769
2016/01/14,-42.11
2016/01/15,-17.222
2016/01/16,-8.137
2016/01/17,-16.127
2016/01/18,4.704
2016/01/19,0.3
2016/01/20,-18.15
2016/01/21,-53.865
2016/01/22,-33.452
2016/01/23,-29.899
2016/01/24,-4.692
2016/01/25,24.316
2016/01/26,-22.025
2016/01/27,26.415
2016/01/28,18.712
2016/01/29,-16.395
2016/01/30,11.514
2016/01/31,28.351
2016/02/01,13.333
2016/02/02,12.799
2016/02/03,7.976
2016/02/04,-22.149
2016/02/05,-28.061
2016/02/06,8.252
2016/02/07,-4.982
2016/02/08,-14.538
2016/02/09,-1.089
2016/02/10,4.565
2016/02/11,16.986
2016/02/12,-17.756
2016/02/13,15.086
2016/02/14,13.291
2016/02/15,16.481
2016/02/16,27.224
2016/02/17,19.732
2016/02/18,0.248
2016/02/19,20.618
2016/02/20,10.889
2016/02/21,2.275
2016/02/22,20.373
2016/02/23,12.508
2016/02/24,-16.936
2016/02/25,-9.309
2016/02/26,-17.704
2016/02/27,-22.628
2016/02/28,-16.544
2016/02/29,-0.313
2016/03/01,1.861
2016/03/02,10.911
2016/03/03,15.889
2016/03/04,17.89
2016/03/05,20.958
2016/03/06,22.292
2016/03/07,-27.41
2016/03/08,21.067
2016/03/09,23.792
2016/03/10,18.327
2016/03/11,9.456
2016/03/12,8.203
2016/03/13,18.928
2016/03/14,22.848
2016/03/15,15.594
2016/03/16,16.827
2016/03/17,26.003
2016/03/18,10.899
2016/03/19,34.662
2016/03/20,25.001
2016/03/21,43.152
2016/03/22,44.132
2016/03/23,40.284
2016/03/24,66.664
2016/03/25,46.213
2016/03/26,38.044
2016/03/27,-2.181
2016/03/28,42.27
2016/03/29,27.336
2016/03/30,33.784
2016/03/31,21.52
2016/04/01,24.53
2016/04/02,-1.078
2016/04/03,-0.354
2016/04/04,14.273
2016/04/05,11.858
2016/04/06,9.776
2016/04/07,13.065
2016/04/08,20.431
2016/04/09,7.879
2016/04/10,5.774
2016/04/11,-8.865
2016/04/12,4.264
2016/04/13,-1.598
2016/04/14,6.67
2016/04/15,7.277
2016/04/16,-14.49
2016/04/17,36.656
2016/04/18,-9.577
2016/04/19,-8.9
2016/04/20,-9.251
2016/04/21,-0.679
2016/04/22,-15.608
2016/04/23,-31.769
2016/04/24,-11.61
2016/04/25,-9.044
2016/04/26,6.639
2016/04/27,-16.194
2016/04/28,1.329
2016/04/29,-9.492
2016/04/30,13.001
2016/05/01,12.588
2016/05/02,19.857
2016/05/03,16.196
2016/05/04,-0.27
2016/05/05,-2.735
2016/05/06,21.581
2016/05/07,-2.106
2016/05/08,-0.691
2016/05/09,10.76
2016/05/10,15.634
2016/05/11,23.512
2016/05/12,15.703
2016/05/13,13.328
2016/05/14,19.727
2016/05/15,9.026
2016/05/16,22.721
2016/05/17,-20.984
2016/05/18,25.011
2016/05/19,19.669
2016/05/20,23.391
2016/05/21,11.202
2016/05/22,15.739
2016/05/23,23.468
2016/05/24,6.65
2016/05/25,19.386
2016/05/26,28.917
2016/05/27,31.42
2016/05/28,73.015
2016/05/29,17.719
2016/05/30,-2.819
2016/05/31,-5.165
2016/06/01,5.535
2016/06/02,0.479
2016/06/03,-4.63
2016/06/04,-5.181
2016/06/05,-14.102
2016/06/06,3.695
2016/06/07,10.609
2016/06/08,-1.551
2016/06/09,-0.316
2016/06/10,-7.778
2016/06/11,-17.736
2016/06/12,-12.643
2016/06/13,-4.969
2016/06/14,11.281
2016/06/15,2.114
2016/06/16,5.867
2016/06/17,26.59
2016/06/18,29.668
2016/06/19,-3.164
2016/06/20,2.16
2016/06/21,9.01
2016/06/22,2.928
2016/06/23,-0.979
2016/06/24,-1.924
2016/06/25,-18.388
2016/06/26,-15.867
2016/06/27,-42.132
2016/06/28,-11.516
2016/06/29,16.115
2016/06/30,48.524
2016/07/01,-11.668
2016/07/02,-4.875
2016/07/03,-1.747
2016/07/04,0.412
2016/07/05,5.321
2016/07/06,-1.189
2016/07/07,-16.451
2016/07/08,10
2016/07/09,-4.047
2016/07/10,-2.107
2016/07/11,2.832
2016/07/12,7.12
2016/07/13,-15.165
2016/07/14,-10.349
2016/07/15,-4.297
2016/07/16,-15.863
2016/07/17,-40.887
2016/07/18,-31.627
2016/07/19,-7.523
2016/07/20,0.534
2016/07/21,-6.53
2016/07/22,1.647
2016/07/23,-1.132
2016/07/24,9.719
2016/07/25,22.819
2016/07/26,33.973
2016/07/27,21.004
2016/07/28,8.585
2016/07/29,-10.827
2016/07/30,-38.311
2016/07/31,14.89
2016/08/01,12.899
2016/08/02,20.216
2016/08/03,17.708
2016/08/04,9.949
2016/08/05,8.404
2016/08/06,3.613
2016/08/07,-6.798
2016/08/08,6.145
2016/08/09,13.134
2016/08/10,13.103
2016/08/11,3.435
2016/08/12,14.908
2016/08/13,-6.843
2016/08/14,-3.528
2016/08/15,8.69
2016/08/16,28.3
2016/08/17,9.648
2016/08/18,10.729
2016/08/19,-13.212
2016/08/20,-4.571
2016/08/21,-9.82
2016/08/22,1.967
2016/08/23,12.588
2016/08/24,-8.483
2016/08/25,-14.535
2016/08/26,-5.618
2016/08/27,-1.448
2016/08/28,-9.221
2016/08/29,7.663
2016/08/30,1.925
2016/08/31,-1.457
2016/09/01,-6.194
2016/09/02,11.08
2016/09/03,-6.404
2016/09/04,12.58
2016/09/05,3.184
2016/09/06,16.911
2016/09/07,12.531
2016/09/08,19.342
2016/09/09,15.347
2016/09/10,-6.923
2016/09/11,-6.334
2016/09/12,10.766
2016/09/13,6.484
2016/09/14,19.83
2016/09/15,7.527
2016/09/16,31.823
2016/09/17,-4.523
2016/09/18,-3.91
2016/09/19,-7.684
2016/09/20,14.165
2016/09/21,4.764
2016/09/22,-7.256
2016/09/23,-19.482
2016/09/24,-8.246
2016/09/25,-13.871
2016/09/26,-2.63
2016/09/27,14.487
2016/09/28,-0.686
2016/09/29,-10.788
2016/09/30,-6.591
2016/10/01,14.349
2016/10/02,-8.814
2016/10/03,13.585
2016/10/04,27.474
2016/10/05,19.203
2016/10/06,12.54
2016/10/07,143.418
2016/10/08,185.797
2016/10/09,206.608
2016/10/10,743.663
2016/10/11,89.175
2016/10/12,-21.27
2016/10/13,-12.764
2016/10/14,-20.327
2016/10/15,-29.09
2016/10/16,-35.79
2016/10/17,-13.287
2016/10/18,21.916
2016/10/19,22.159
2016/10/20,-13.249
2016/10/21,7.89
2016/10/22,-27.683
2016/10/23,0.888
2016/10/24,17.389
2016/10/25,20.823
2016/10/26,0.32
2016/10/27,-8.601
2016/10/28,-5.706
2016/10/29,1.379
2016/10/30,-0.986
2016/10/31,-15.154
2016/11/01,0.105
2016/11/02,-12.917
2016/11/03,-32.897
2016/11/04,-29.966
2016/11/05,-29.94
2016/11/06,-68.7
2016/11/07,-74.225
2016/11/08,-74.028
2016/11/09,-88.339
2016/11/10,-45.978
2016/11/11,17.178
2016/11/12,9.181
2016/11/13,4.829
2016/11/14,27.48
2016/11/15,21.618
2016/11/16,7.597
2016/11/17,-15.499
2016/11/18,-7.606
2016/11/19,-6.163
2016/11/20,-14.587
2016/11/21,13.311
2016/11/22,32.239
2016/11/23,8.848
2016/11/24,-15.025
2016/11/25,14.035
2016/11/26,-1.125
2016/11/27,15.669
2016/11/28,18.448
2016/11/29,18.976
2016/11/30,43.822
2016/12/01,-16.651
2016/12/02,-2.347
2016/12/03,-4.497
2016/12/04,11.181
2016/12/05,9.828
2016/12/06,25.257
2016/12/07,8.807
2016/12/08,-4.082
2016/12/09,1.229
2016/12/10,-4.331
2016/12/11,14.954
2016/12/12,3.574
2016/12/13,4.805
2016/12/14,16.452
2016/12/15,0.272
2016/12/16,1.659
2016/12/17,-3.933
2016/12/18,-11.115
2016/12/19,17.527
2016/12/20,4.311
2016/12/21,15.08
2016/12/22,3.16
2016/12/23,-21.949
2016/12/24,-4.403
2016/12/25,-25.495
2016/12/26,-13.778
2016/12/27,-8.501
2016/12/28,-11.583
2016/12/29,-0.824
2016/12/30,-26.526
2016/12/31,9.724
2017/01/01,-4.882
2017/01/02,3.834
2017/01/03,15.977
2017/01/04,15.132
2017/01/05,3.754
2017/01/06,4.588
2017/01/07,10.911
2017/01/08,3.675
2017/01/09,11.748
2017/01/10,0.297
2017/01/11,7.749
2017/01/12,10.284
2017/01/13,-5.798
2017/01/14,-5.205
2017/01/15,-0.547
2017/01/16,11.068
2017/01/17,22.089
2017/01/18,-2.06
2017/01/19,1.032
2017/01/20,-9.089
2017/01/21,-14.641
2017/01/22,6.2
2017/01/23,18.476
2017/01/24,33.217
2017/01/25,27.019
2017/01/26,7.37
2017/01/27,8.317
2017/01/28,-3.025
2017/01/29,-6.179
2017/01/30,2.241
2017/01/31,10.685
2017/02/01,10.224
2017/02/02,-3.032
2017/02/03,-8.669
2017/02/04,-6.873
2017/02/05,1.365
2017/02/06,2.281
2017/02/07,17.318
2017/02/08,10.58
2017/02/09,-3.343
2017/02/10,9.04
2017/02/11,-6.058
2017/02/12,-9.127
2017/02/13,21.619
2017/02/14,27.783
2017/02/15,15.419
2017/02/16,1.131
2017/02/17,4.923
2017/02/18,14.227
2017/02/19,1.643
2017/02/20,12.787
2017/02/21,23.075
2017/02/22,11.046
2017/02/23,-4.946
2017/02/24,8.189
2017/02/25,5.241
2017/02/26,3.315
2017/02/27,11.74
2017/02/28,27.108
2017/03/01,41.555
2017/03/02,43.586
2017/03/03,29.639
2017/03/04,17.838
2017/03/05,16.131
2017/03/06,15.872
2017/03/07,21.63
2017/03/08,12.063
2017/03/09,31.547
2017/03/10,24.154
2017/03/11,23.586
2017/03/12,17.723
2017/03/13,53.816
2017/03/14,54.888
2017/03/15,34.684
2017/03/16,60.456
2017/03/17,58.424
2017/03/18,51.262
2017/03/19,44.253
2017/03/20,30.622
2017/03/21,53.345
2017/03/22,39.63
2017/03/23,26.317
2017/03/24,42.815
2017/03/25,45.62
2017/03/26,33.525
2017/03/27,64.493
2017/03/28,48.479
2017/03/29,50.885
2017/03/30,47.405
2017/03/31,31.941
2017/04/01,8.753
2017/04/02,28.078
2017/04/03,49.935
2017/04/04,38.265
2017/04/05,41.452
2017/04/06,42.565
2017/04/07,54.273
2017/04/08,-6.443
2017/04/09,7.671
2017/04/10,22.177
2017/04/11,16.341
2017/04/12,9.987
2017/04/13,6.383
2017/04/14,-0.206
2017/04/15,-23.539
2017/04/16,-22.915
2017/04/17,-8.085
2017/04/18,8.636
2017/04/19,15.025
2017/04/20,2.965
2017/04/21,13.61
2017/04/22,-3.323
2017/04/23,-6.412
2017/04/24,5.162
2017/04/25,18.052
2017/04/26,-5.96
2017/04/27,21.702
2017/04/28,15.795
2017/04/29,-2.098
2017/04/30,3.895
2017/05/01,47.512
2017/05/02,29.682
2017/05/03,8.583
2017/05/04,33.062
2017/05/05,23.972
2017/05/06,4.817
2017/05/07,19.646
2017/05/08,51.605
2017/05/09,43.152
2017/05/10,31.155
2017/05/11,41.023
2017/05/12,16.975
2017/05/13,18.398
2017/05/14,28.135
2017/05/15,63.168
2017/05/16,64.156
2017/05/17,86.409
2017/05/18,63.098
2017/05/19,80.226
2017/05/20,61.876
2017/05/21,70.435
2017/05/22,119.34
2017/05/23,176.909
2017/05/24,161.076
2017/05/25,112.332
2017/05/26,104.115
2017/05/27,65.648
2017/05/28,69.271
2017/05/29,76.241
2017/05/30,130.732
2017/05/31,93.051
2017/06/01,88.986
2017/06/02,149.122
2017/06/03,98.062
2017/06/04,103.678
2017/06/05,119.455
2017/06/06,121.975
2017/06/07,116.721
2017/06/08,105.33
2017/06/09,131.857
2017/06/10,96.675
2017/06/11,174.492
2017/06/12,208.341
2017/06/13,180.438
2017/06/14,107.294
2017/06/15,124.817
2017/06/16,86.631
2017/06/17,87.452
2017/06/18,65.19
2017/06/19,114.329
2017/06/20,101.873
2017/06/21,16.257
2017/06/22,31.16
2017/06/23,36.868
2017/06/24,50.11
2017/06/25,61.522
2017/06/26,86.163
2017/06/27,47.071
2017/06/28,103.27
2017/06/29,33.833
2017/06/30,28.608
2017/07/01,23.924
2017/07/02,12.737
2017/07/03,52.832
2017/07/04,56.888
2017/07/05,56.772
2017/07/06,19.75
2017/07/07,31.418
2017/07/08,28.16
2017/07/09,-6.706
2017/07/10,60.591
2017/07/11,21.088
2017/07/12,13.585
2017/07/13,21.219
2017/07/14,26.411
2017/07/15,6.783
2017/07/16,14.814
2017/07/17,23.332
2017/07/18,42.303
2017/07/19,14.803
2017/07/20,1.208
2017/07/21,39.813
2017/07/22,-8.053
2017/07/23,1.749
2017/07/24,18.186
2017/07/25,8.77
2017/07/26,-11.957
2017/07/27,5.5
2017/07/28,-7.471
2017/07/29,-21.225
2017/07/30,-13.403
2017/07/31,14.642
2017/08/01,11.766
2017/08/02,-7.065
2017/08/03,-5.283
2017/08/04,4.09
2017/08/05,18.085
2017/08/06,7.764
2017/08/07,33.575
2017/08/08,90.224
2017/08/09,7.429
2017/08/10,29.536
2017/08/11,34.415
2017/08/12,27.782
2017/08/13,29.445
2017/08/14,78.968
2017/08/15,77.814
2017/08/16,76.89
2017/08/17,53.552
2017/08/18,68.596
2017/08/19,74.476
2017/08/20,48.074
2017/08/21,89.936
2017/08/22,53.609
2017/08/23,35.912
2017/08/24,41.255
2017/08/25,87.693
2017/08/26,75.244
2017/08/27,61.429
2017/08/28,138.27
2017/08/29,142.176
2017/08/30,102.607
2017/08/31,83.476
2017/09/01,95.587
2017/09/02,59.786
2017/09/03,32.011
2017/09/04,89.509
2017/09/05,88.332
2017/09/06,90.467
2017/09/07,59.166
2017/09/08,84.438
2017/09/09,26.263
2017/09/10,1.735
2017/09/11,22.89
2017/09/12,38.788
2017/09/13,8.163
2017/09/14,5.397
2017/09/15,11.24
2017/09/16,-3.651
2017/09/17,-17.223
2017/09/18,7.268
2017/09/19,29.403
2017/09/20,5.593
2017/09/21,12.944
2017/09/22,18.257
2017/09/23,15.616
2017/09/24,14.023
2017/09/25,33.856
2017/09/26,23.971
2017/09/27,6.395
2017/09/28,11.365
2017/09/29,14.406
2017/09/30,26.162
2017/10/01,18.143
2017/10/02,37.884
2017/10/03,50.808
2017/10/04,3.206
2017/10/05,3.086
2017/10/06,-4.186
2017/10/07,-6.991
2017/10/08,-8.704
2017/10/09,14.715
2017/10/10,46.042
2017/10/11,19.573
2017/10/12,17.187
2017/10/13,29.009
2017/10/14,15.407
2017/10/15,-1.555
2017/10/16,-2.415
2017/10/17,0.435
2017/10/18,-25.524
2017/10/19,-21.796
2017/10/20,-4.829
2017/10/21,-25.592
2017/10/22,-35.497
2017/10/23,-19.579
2017/10/24,-22.451
2017/10/25,-26.717
2017/10/26,-22.183
2017/10/27,-100
2017/10/28,-100
2017/10/29,-100
2017/10/30,-100
2017/10/31,-100
2017/11/01,-25.915
2017/11/02,-24.784
2017/11/03,-22.274
2017/11/04,-40.154
2017/11/05,-46.25
2017/11/06,-29.817
2017/11/07,-25.499
2017/11/08,-27.71
2017/11/09,-35.029
2017/11/10,-33.088
2017/11/11,-40.082
2017/11/12,-39.424
2017/11/13,-27.609
2017/11/14,-14.617
2017/11/15,0.976
2017/11/16,6.011
2017/11/17,17.152
2017/11/18,12.71
2017/11/19,-4.609
2017/11/20,38.977
2017/11/21,47.819
2017/11/22,24.563
2017/11/23,14.935
2017/11/24,5.278
2017/11/25,12.322
2017/11/26,0
2017/11/27,0
2017/11/28,0
2017/11/29,0
2017/11/30,0
2017/12/01,16.086
2017/12/02,14.11
2017/12/03,21.92
2017/12/04,62.394
2017/12/05,70.096
2017/12/06,53.482
2017/12/07,25.46
2017/12/08,49.229
2017/12/09,42.806
2017/12/10,55.555
2017/12/11,85.979
2017/12/12,93.511
2017/12/13,81.51
2017/12/14,60.478
2017/12/15,59.117
2017/12/16,72.722
2017/12/17,69.702
2017/12/18,90.951
2017/12/19,116.235
2017/12/20,64.921
2017/12/21,86.753
2017/12/22,82.732
2017/12/23,63.446
2017/12/24,35.854
2017/12/25,34.133
2017/12/26,39.347
2017/12/27,11.477
2017/12/28,36.803
2017/12/29,59.35
2017/12/30,62.499
2017/12/31,37.708
2018/01/01,33.82
2018/01/02,56.049
2018/01/03,64.495
2018/01/04,70.108
2018/01/05,57.817
2018/01/06,82.441
2018/01/07,47.339
2018/01/08,63.4
2018/01/09,58.344
2018/01/10,30.11
2018/01/11,22.224
2018/01/12,16.935
2018/01/13,20.018
2018/01/14,12.006
2018/01/15,20.678
2018/01/16,26.197
2018/01/17,16.091
2018/01/18,0.769
2018/01/19,5.029
2018/01/20,-9.288
2018/01/21,-8.219
2018/01/22,-1.278
2018/01/23,22.223
2018/01/24,13.096
2018/01/25,5.516
2018/01/26,5.357
2018/01/27,-13.536
2018/01/28,-18.094
2018/01/29,-13.965
2018/01/30,0.734
2018/01/31,3.647
2018/02/01,-12.699
2018/02/02,-19.365
2018/02/03,-32.923
2018/02/04,-31.934
2018/02/05,-25.968
2018/02/06,-20.252
2018/02/07,-29.323
2018/02/08,-39.18
2018/02/09,-27.901
2018/02/10,-29.321
2018/02/11,-31.555
2018/02/12,-29.063
2018/02/13,-30.314
2018/02/14,-31.394
2018/02/15,-33.456
2018/02/16,-36.131
2018/02/17,-30.955
2018/02/18,-28.119
2018/02/19,-20.438
2018/02/20,-8.899
2018/02/21,-9.883
2018/02/22,-13.287
2018/02/23,-15.359
2018/02/24,-10.165
2018/02/25,-21.076
2018/02/26,-3.559
2018/02/27,-13.363
2018/02/28,-14.475
2018/03/01,-18.082
2018/03/02,-9.446
2018/03/03,-19.579
2018/03/04,-20.587
2018/03/05,-0.116
2018/03/06,-4.935
2018/03/07,-5.588
2018/03/08,-13.86
2018/03/09,-11.308
2018/03/10,-6.129
2018/03/11,-15.764
2018/03/12,-2.051
2018/03/13,-0.171
2018/03/14,-9.341
2018/03/15,-1.85
2018/03/16,-10.739
2018/03/17,-20.311
2018/03/18,-2.479
2018/03/19,-5.706
2018/03/20,-3.221
2018/03/21,-5.415
2018/03/22,-26.75
2018/03/23,-19.137
2018/03/24,-23.672
2018/03/25,-27.943
2018/03/26,-16.101
2018/03/27,-16.224
2018/03/28,-20.177
2018/03/29,-16.484
2018/03/30,-14.525
2018/03/31,-17.609
2018/04/01,-29.517
2018/04/02,-20.319
2018/04/03,-8.255
2018/04/04,-17.239
2018/04/05,-9.836
2018/04/06,-22.15
2018/04/07,-26.293
2018/04/08,-15.418
2018/04/09,-1.228
2018/04/10,-5.537
2018/04/11,-14.637
2018/04/12,1.426
2018/04/13,5.122
2018/04/14,-9.513
2018/04/15,-4.254
2018/04/16,19.52
2018/04/17,10.412
2018/04/18,8.877
2018/04/19,25.609
2018/04/20,27.9
2018/04/21,21.189
2018/04/22,22.426
2018/04/23,46.037
2018/04/24,70.882
2018/04/25,40.94
2018/04/26,43.387
2018/04/27,39.559
2018/04/28,40.249
2018/04/29,33.576
2018/04/30,52.082
2018/05/01,54.895
2018/05/02,51.896
2018/05/03,38.057
2018/05/04,48.675
2018/05/05,23.634
2018/05/06,25.994
2018/05/07,45.843
2018/05/08,38.452
2018/05/09,31.559
2018/05/10,52.147
2018/05/11,35.804
2018/05/12,11.803
2018/05/13,11.28
2018/05/14,42.889
2018/05/15,32.773
2018/05/16,19.144
2018/05/17,10.352
2018/05/18,9.65
2018/05/19,-2.963
2018/05/20,-9.955
2018/05/21,18.034
2018/05/22,9.762
2018/05/23,7.112
2018/05/24,-0.526
2018/05/25,-0.857
2018/05/26,-6.689
2018/05/27,-2.583
2018/05/28,3.5
2018/05/29,2.752
2018/05/30,-1.483
2018/05/31,11.443
2018/06/01,-1.934
2018/06/02,-6.534
2018/06/03,-9.685
2018/06/04,9.639
2018/06/05,15.455
2018/06/06,5.577
2018/06/07,2.198
2018/06/08,0.014
2018/06/09,-9.67
2018/06/10,-2.224
2018/06/11,3.024
2018/06/12,0.688
2018/06/13,-1.864
2018/06/14,-2.595
2018/06/15,-8.603
2018/06/16,7.089
2018/06/17,-18.973
2018/06/18,-9.752
2018/06/19,5.222
2018/06/20,0.027
2018/06/21,-7.107
2018/06/22,-5.64
2018/06/23,-19.148
2018/06/24,-15.891
2018/06/25,9.438
2018/06/26,1.546
2018/06/27,-3.282
2018/06/28,-5.553
2018/06/29,-8.973
2018/06/30,-19.502
2018/07/01,-10.47
2018/07/02,-20.276
2018/07/03,-12.083
2018/07/04,-28.424
2018/07/05,-16.851
2018/07/06,-21.147
2018/07/07,-19.168
2018/07/08,-8.759
2018/07/09,-7.456
2018/07/10,-4.602
2018/07/11,-9.663
2018/07/12,-10.319
2018/07/13,-18.294
2018/07/14,-18.908
2018/07/15,-17.417
2018/07/16,-11.08
2018/07/17,18.108
2018/07/18,6.87
2018/07/19,-5.089
2018/07/20,-17.03
2018/07/21,-18.521
2018/07/22,-15.132
2018/07/23,12.022
2018/07/24,15.544
2018/07/25,-4.239
2018/07/26,-1.494
2018/07/27,-7.379
2018/07/28,-18.139
2018/07/29,-5.793
2018/07/30,7.989
2018/07/31,6.309
2018/08/01,25.996
2018/08/02,11.588
2018/08/03,18.396
2018/08/04,-1.022
2018/08/05,15.53
2018/08/06,18.301
2018/08/07,-11.457
2018/08/08,-27.275
2018/08/09,-33.66
2018/08/10,-15.878
2018/08/11,-4.488
2018/08/12,-4.995
2018/08/13,12.108
2018/08/14,17.057
2018/08/15,-15.653
2018/08/16,-5.321
2018/08/17,-13.043
2018/08/18,-5.122
2018/08/19,3.701
2018/08/20,31.118
2018/08/21,21.429
2018/08/22,-1.015
2018/08/23,0.33
2018/08/24,-5.383
2018/08/25,6.095
2018/08/26,6.269
2018/08/27,26.959
2018/08/28,18.791
2018/08/29,2.945
2018/08/30,-1.049
2018/08/31,-10.551
2018/09/01,-3.472
2018/09/02,2.976
2018/09/03,17.545
2018/09/04,3.968
2018/09/05,8.992
2018/09/06,18.558
2018/09/07,54.419
2018/09/08,62.182
2018/09/09,18.943
2018/09/10,15.974
2018/09/11,12.974
2018/09/12,9.925
2018/09/13,9.982
2018/09/14,33.111
2018/09/15,15.583
2018/09/16,32.52
2018/09/17,15.133
2018/09/18,18.901
2018/09/19,-20.329
2018/09/20,-3.98
2018/09/21,14.942
2018/09/22,2.936
2018/09/23,12.697
2018/09/24,15.042
2018/09/25,16.608
2018/09/26,19.612
2018/09/27,13.446
2018/09/28,14.335
2018/09/29,-13.691
2018/09/30,7.812
2018/10/01,3.562
2018/10/02,4.533
2018/10/03,-14.325
2018/10/04,-1.873
2018/10/05,-17.96
2018/10/06,-24.997
2018/10/07,-38.67
2018/10/08,-32.419
2018/10/09,-17.512
2018/10/10,-28.303
2018/10/11,-18.601
2018/10/12,-16.289
2018/10/13,-27.969
2018/10/14,-42.065
2018/10/15,-31.879
2018/10/16,-35.086
2018/10/17,-31.458
2018/10/18,-32.119
2018/10/19,-7.392
2018/10/20,-35.027
2018/10/21,-38.592
2018/10/22,-21.784
2018/10/23,-31.614
2018/10/24,-27.958
2018/10/25,-22.452
2018/10/26,-32.373
2018/10/27,-48.388
2018/10/28,-44.52
2018/10/29,-3.663
2018/10/30,-19.973
2018/10/31,-27.35
2018/11/01,-24.976
2018/11/02,-19.868
2018/11/03,-30.248
2018/11/04,-23.796
2018/11/05,-0.271
2018/11/06,22.672
2018/11/07,4.46
2018/11/08,0.735
2018/11/09,3.573
2018/11/10,-9.857
2018/11/11,-15.382
2018/11/12,6.352
2018/11/13,16.133
2018/11/14,7.117
2018/11/15,-0.003
2018/11/16,-3.74
2018/11/17,-12.753
2018/11/18,-20.834
2018/11/19,20.63
2018/11/20,22.587
2018/11/21,-8.268
2018/11/22,0.987
2018/11/23,-14.552
2018/11/24,-28.605
2018/11/25,-17.909
2018/11/26,13.432
2018/11/27,14.992
2018/11/28,1.105
2018/11/29,-6.648
2018/11/30,4.337
2018/12/01,-10.082
2018/12/02,-10.976
2018/12/03,14.049
2018/12/04,13.118
2018/12/05,7.977
2018/12/06,1.434
2018/12/07,3.416
2018/12/08,-5.748
2018/12/09,-3.399
2018/12/10,11.12
2018/12/11,3.68
2018/12/12,-9.468
2018/12/13,-0.34
2018/12/14,-0.831
2018/12/15,-4.815
2018/12/16,-7.147
2018/12/17,21.841
2018/12/18,33.998
2018/12/19,3.301
2018/12/20,-0.849
2018/12/21,9.522
2018/12/22,-6.619
2018/12/23,-2.076
2018/12/24,21.96
2018/12/25,-0.348
2018/12/26,7.163
2018/12/27,-1.924
2018/12/28,-9.985
2018/12/29,-5.036
2018/12/30,-21.977
2018/12/31,1.478
2019/01/01,-10.576
2019/01/02,0.576
2019/01/03,7.641
2019/01/04,-0.479
2019/01/05,-9.462
2019/01/06,-13.847
2019/01/07,5.088
2019/01/08,6.166
2019/01/09,-1.819
2019/01/10,8.053
2019/01/11,12.042
2019/01/12,-9.771
2019/01/13,-15.409
2019/01/14,9.855
2019/01/15,13.825
2019/01/16,-4.664
2019/01/17,-9.005
2019/01/18,-9.567
2019/01/19,-8.809
2019/01/20,-9.309
2019/01/21,28.555
2019/01/22,31.331
2019/01/23,8.716
2019/01/24,20.588
2019/01/25,-0.992
2019/01/26,-0.812
2019/01/27,2.029
2019/01/28,27.546
2019/01/29,51.963
2019/01/30,30.694
2019/01/31,52.224
2019/02/01,12.398
2019/02/02,-9.544
2019/02/03,-12.054
2019/02/04,-5.908
2019/02/05,4.704
2019/02/06,-6.487
2019/02/07,-2.703
2019/02/08,6.252
2019/02/09,-10.507
2019/02/10,-0.458
2019/02/11,30.043
2019/02/12,31.817
2019/02/13,26.644
2019/02/14,28.943
2019/02/15,26.341
2019/02/16,20.185
2019/02/17,25.059
2019/02/18,34.95
2019/02/19,37.85
2019/02/20,15.929
2019/02/21,11.037
2019/02/22,20.565
2019/02/23,10.084
2019/02/24,33.253
2019/02/25,53.203
2019/02/26,43.752
2019/02/27,17.438
2019/02/28,13.637
2019/03/01,-12.169
2019/03/02,-20.882
2019/03/03,-24.718
2019/03/04,13.166
2019/03/05,12.907
2019/03/06,8.574
2019/03/07,3.102
2019/03/08,10.436
2019/03/09,0.672
2019/03/10,-20.741
2019/03/11,-0.463
2019/03/12,-4.958
2019/03/13,-7.564
2019/03/14,-11.229
2019/03/15,-23.304
2019/03/16,-30.193
2019/03/17,-32.614
2019/03/18,-9.908
2019/03/19,-4.643
2019/03/20,-18.359
2019/03/21,-17.714
2019/03/22,-19.943
2019/03/23,-31.175
2019/03/24,-32.162
2019/03/25,-8.341
2019/03/26,-16.416
2019/03/27,-24.339
2019/03/28,-24.931
2019/03/29,-17.326
2019/03/30,-17.527
2019/03/31,5.339
2019/04/01,24.502
2019/04/02,50.373
2019/04/03,16.877
2019/04/04,16.29
2019/04/05,8.653
2019/04/06,-0.593
2019/04/07,-6.214
2019/04/08,15.25
2019/04/09,30.405
2019/04/10,32.507
2019/04/11,36.458
2019/04/12,6.31
2019/04/13,-4.785
2019/04/14,-5.136
2019/04/15,32.066
2019/04/16,47.985
2019/04/17,7.699
2019/04/18,0.205
2019/04/19,5.743
2019/04/20,-0.288
2019/04/21,5.29
2019/04/22,21.704
2019/04/23,29.706
2019/04/24,-0.061
2019/04/25,-1.281
2019/04/26,-0.859
2019/04/27,-16.747
2019/04/28,-14.283
2019/04/29,-7.244
2019/04/30,4.689
2019/05/01,-1.492
2019/05/02,4.304
2019/05/03,-5.097
2019/05/04,-15.278
2019/05/05,-0.799
2019/05/06,45.935
2019/05/07,58.862
2019/05/08,21.425
2019/05/09,16.488
2019/05/10,1.283
2019/05/11,-6.034
2019/05/12,5.859
2019/05/13,30.686
2019/05/14,42.398
2019/05/15,18.162
2019/05/16,17.019
2019/05/17,23.07
2019/05/18,8.578
2019/05/19,5.232
2019/05/20,23.712
2019/05/21,14.757
2019/05/22,21.357
2019/05/23,15.742
2019/05/24,28.147
2019/05/25,14.517
2019/05/26,9.062
2019/05/27,62.918
2019/05/28,42.849
2019/05/29,35.685
2019/05/30,23.075
2019/05/31,15.906
2019/06/01,4.702
2019/06/02,10.721
2019/06/03,37.22
2019/06/04,32.411
2019/06/05,-5.719
2019/06/06,-16.503
2019/06/07,-7.597
2019/06/08,23.585
2019/06/09,-10.946
2019/06/10,22.252
2019/06/11,25.8
2019/06/12,7.141
2019/06/13,-8.437
2019/06/14,-6.671
2019/06/15,-1.242
2019/06/16,-8.487
2019/06/17,16.024
2019/06/18,11.786
2019/06/19,7.373
2019/06/20,17.548
2019/06/21,-10.372
2019/06/22,-13.748
2019/06/23,-12.859
2019/06/24,5.226
2019/06/25,23.475
2019/06/26,1.823
2019/06/27,-1.123
2019/06/28,9.779
2019/06/29,-17.643
2019/06/30,-11.765
2019/07/01,9.736
2019/07/02,7.394
2019/07/03,-8.922
2019/07/04,-10.354
2019/07/05,6.513
2019/07/06,13.576
2019/07/07,13.005
2019/07/08,9.696
2019/07/09,15.067
2019/07/10,-19.099
2019/07/11,3.363
2019/07/12,-9.228
2019/07/13,-19.852
2019/07/14,-18.971
2019/07/15,39.705
2019/07/16,28.224
2019/07/17,-4.525
2019/07/18,3.877
2019/07/19,-10.286
2019/07/20,-36.928
2019/07/21,-29.167
2019/07/22,-13.285
2019/07/23,-14.177
2019/07/24,8.039
2019/07/25,3.27
2019/07/26,-28.603
2019/07/27,-29.998
2019/07/28,-39.646
2019/07/29,-4.908
2019/07/30,-0.564
2019/07/31,-26.004
2019/08/01,-1.605
2019/08/02,-2.7
2019/08/03,-1.242
2019/08/04,-27.664
2019/08/05,-19.696
2019/08/06,-16.299
2019/08/07,-29.672
2019/08/08,-9.852
2019/08/09,-5.457
2019/08/10,-35.289
2019/08/11,-24.032
2019/08/12,13.552
2019/08/13,6.945
2019/08/14,-40.297
2019/08/15,-30.379
2019/08/16,-17.05
2019/08/17,-26.398
2019/08/18,-23.164
2019/08/19,19.896
2019/08/20,29.988
2019/08/21,11.618
2019/08/22,12.089
2019/08/23,-19.422
2019/08/24,-28.196
2019/08/25,15.706
2019/08/26,36.641
2019/08/27,28.23
2019/08/28,6.992
2019/08/29,3.877
2019/08/30,3.006
2019/08/31,-22.614
2019/09/01,-10.324
2019/09/02,-1.532
2019/09/03,19.93
2019/09/04,-3.038
2019/09/05,1.155
2019/09/06,1.064
2019/09/07,-7.729
2019/09/08,-9.364
2019/09/09,18.07
2019/09/10,16.27
2019/09/11,-1.854
2019/09/12,-1.061
2019/09/13,-17.901
2019/09/14,-15.212
2019/09/15,-13.579
2019/09/16,-56.271
2019/09/17,-100
2019/09/18,-100
2019/09/19,-100
2019/09/20,-100
2019/09/21,-100
2019/09/22,-100
2019/09/23,-100
2019/09/24,-100
2019/09/25,-100
2019/09/26,-100
2019/09/27,-100
2019/09/28,-100
2019/09/29,-100
2019/09/30,-100
2019/10/01,-100
2019/10/02,-100
2019/10/03,-100
2019/10/04,-100
2019/10/05,-100
2019/10/06,-100
2019/10/07,-100
2019/10/08,-100
2019/10/09,-100
2019/10/10,-100
2019/10/11,-100
2019/10/12,-100
2019/10/13,-100
2019/10/14,-100
2019/10/15,-100
2019/10/16,-100
2019/10/17,0
2019/10/18,0
2019/10/19,0
2019/10/20,0
2019/10/21,0
2019/10/22,0
2019/10/23,0
2019/10/24,0
2019/10/25,0
2019/10/26,0
2019/10/27,0
2019/10/28,0
2019/10/29,0
2019/10/30,0
2019/10/31,0
2019/11/01,0
2019/11/02,0
2019/11/03,0
2019/11/04,0
2019/11/05,0
2019/11/06,0
2019/11/07,0
2019/11/08,0
2019/11/09,0
2019/11/10,0
2019/11/11,0
2019/11/12,0
2019/11/13,0
2019/11/14,0
2019/11/15,0
2019/11/16,0
2019/11/17,0
2019/11/18,0
2019/11/19,0
2019/11/20,0
2019/11/21,0
2019/11/22,0
2019/11/23,0
2019/11/24,0
2019/11/25,0
2019/11/26,0
2019/11/27,0
2019/11/28,0
2019/11/29,0
2019/11/30,0
2019/12/01,0
2019/12/02,0
2019/12/03,0
2019/12/04,0
2019/12/05,0
2019/12/06,0
2019/12/07,0
2019/12/08,0
2019/12/09,0
2019/12/10,0
2019/12/11,0
2019/12/12,0
2019/12/13,0
2019/12/14,0
2019/12/15,0
2019/12/16,0
2019/12/17,0
2019/12/18,0
2019/12/19,0
2019/12/20,0
2019/12/21,0
2019/12/22,0
2019/12/23,0
2019/12/24,0
2019/12/25,0
2019/12/26,0
2019/12/27,0
2019/12/28,0
2019/12/29,0
2019/12/30,90.936
2019/12/31,-6.532
2020/01/01,-24.088
2020/01/02,-17.265
2020/01/03,-33.919
2020/01/04,-22.886
2020/01/05,-20.034
2020/01/06,4.694
2020/01/07,2.479
2020/01/08,-10.18
2020/01/09,-19.799
2020/01/10,-18.623
2020/01/11,-26.178
2020/01/12,137.029
2020/01/13,2.69
2020/01/14,-0.619
2020/01/15,-12.829
2020/01/16,-21.122
2020/01/17,-21.173
2020/01/18,-24.856
2020/01/19,-24.351
2020/01/20,-17.976
2020/01/21,-24.112
2020/01/22,-36.628
2020/01/23,-24.79
2020/01/24,-20.002
2020/01/25,-32.663
2020/01/26,-31.643
2020/01/27,-19.562
2020/01/28,-9.348
2020/01/29,-22.511
2020/01/30,-14.99
2020/01/31,3.762
2020/02/01,-6.839
2020/02/02,-8.202
2020/02/03,9.254
2020/02/04,-4.085
2020/02/05,0.268
2020/02/06,-4.327
2020/02/07,-4.231
2020/02/08,8.722
2020/02/09,4.286
2020/02/10,18.386
2020/02/11,-60.198
2020/02/12,11.7
2020/02/13,12.518
2020/02/14,11.452
2020/02/15,7.679
2020/02/16,0.038
2020/02/17,18.192
2020/02/18,17.732
2020/02/19,14.106
2020/02/20,26.429
2020/02/21,29.354
2020/02/22,7.645
2020/02/23,3.339
2020/02/24,42.91
2020/02/25,43.116
2020/02/26,46.886
2020/02/27,29.585
2020/02/28,26.077
2020/02/29,0.491
2020/03/01,0.38
2020/03/02,21.435
2020/03/03,25.735
2020/03/04,3.309
2020/03/05,32.627
2020/03/06,10.795
2020/03/07,2.719
2020/03/08,10.432
2020/03/09,26.964
2020/03/10,19.949
2020/03/11,14.125
2020/03/12,19.637
2020/03/13,4.001
2020/03/14,-9.069
2020/03/15,-11.029
2020/03/16,14.314
2020/03/17,12.519
2020/03/18,-0.205
2020/03/19,13.187
2020/03/20,17.706
2020/03/21,13.502
2020/03/22,14.99
2020/03/23,27.106
2020/03/24,31.25
2020/03/25,4.814
2020/03/26,2.282
2020/03/27,-8.745
2020/03/28,-9.962
2020/03/29,-19.867
2020/03/30,10.665
2020/03/31,12.413
2020/04/01,1.735
2020/04/02,11.026
2020/04/03,12.335
2020/04/04,-8.892
2020/04/05,-9.687
2020/04/06,25.226
2020/04/07,6.384
2020/04/08,-8.944
2020/04/09,-6.634
2020/04/10,-0.837
2020/04/11,-17.05
2020/04/12,-17.483
2020/04/13,4.3
2020/04/14,7.643
2020/04/15,-6.584
2020/04/16,4.777
2020/04/17,3.454
2020/04/18,-11.458
2020/04/19,-14.253
2020/04/20,-1.403
2020/04/21,-0.338
2020/04/22,-0.78
2020/04/23,-0.531
2020/04/24,3.058
2020/04/25,1.324
2020/04/26,7.722
2020/04/27,15.83
2020/04/28,35.332
2020/04/29,21.881
2020/04/30,19.149
2020/05/01,11.704
2020/05/02,-3.993
2020/05/03,2.883
2020/05/04,26.267
2020/05/05,20.536
2020/05/06,7.177
2020/05/07,24.757
2020/05/08,6.637
2020/05/09,18.387
2020/05/10,12.093
2020/05/11,19.984
2020/05/12,17.896
2020/05/13,5.753
2020/05/14,2.675
2020/05/15,10.73
2020/05/16,2.257
2020/05/17,2.041
2020/05/18,9.309
2020/05/19,15.474
2020/05/20,5.628
2020/05/21,12.127
2020/05/22,13.15
2020/05/23,3.363
2020/05/24,4.723
2020/05/25,7.035
2020/05/26,12.658
2020/05/27,3.79
2020/05/28,7.4
2020/05/29,9.415
2020/05/30,-4.855
2020/05/31,13.021
2020/06/01,25.477
2020/06/02,21.503
2020/06/03,1.679
2020/06/04,17.547
2020/06/05,-1.656
2020/06/06,-7.405
2020/06/07,7.702
2020/06/08,4.641
2020/06/09,4.61
2020/06/10,12.849
2020/06/11,13.165
2020/06/12,8.63
2020/06/13,0.536
2020/06/14,-7.545
2020/06/15,10.254
2020/06/16,13.543
2020/06/17,5.999
2020/06/18,8.044
2020/06/19,10.739
2020/06/20,8.45
2020/06/21,19.12
2020/06/22,36.967
2020/06/23,38.74
2020/06/24,43.711
2020/06/25,35.457
2020/06/26,32.042
2020/06/27,30.336
2020/06/28,9.999
2020/06/29,27.702
2020/06/30,17.944
2020/07/01,17.754
2020/07/02,20.737
2020/07/03,31.192
2020/07/04,11.216
2020/07/05,8.34
2020/07/06,19.098
2020/07/07,22.545
2020/07/08,26.335
2020/07/09,25.987
2020/07/10,8.104
2020/07/11,3.434
2020/07/12,19.404
2020/07/13,50.764
2020/07/14,41.149
2020/07/15,23.356
2020/07/16,20.827
2020/07/17,26.119
2020/07/18,28.642
2020/07/19,27.27
2020/07/20,25.026
2020/07/21,14.446
2020/07/22,6.339
2020/07/23,5.069
2020/07/24,4.217
2020/07/25,12.855
2020/07/26,10.409
2020/07/27,16.436
2020/07/28,20.245
2020/07/29,15.052
2020/07/30,16.002
2020/07/31,17.127
2020/08/01,7.635
2020/08/02,6.477
2020/08/03,21.987
2020/08/04,30.41
2020/08/05,13.204
2020/08/06,12.122
2020/08/07,12.393
2020/08/08,12.604
2020/08/09,27.036
2020/08/10,38.892
2020/08/11,26.825
2020/08/12,9.474
2020/08/13,14.68
2020/08/14,13.785
2020/08/15,7.881
2020/08/16,11.136
2020/08/17,8.838
2020/08/18,7.59
2020/08/19,5.747
2020/08/20,4.057
2020/08/21,10.771
2020/08/22,-0.69
2020/08/23,-5.189
2020/08/24,-8.642
2020/08/25,-1.448
2020/08/26,-8.522
2020/08/27,-6.05
2020/08/28,-3.776
2020/08/29,-0.705
2020/08/30,-0.066
2020/08/31,4.816
2020/09/01,7.938
2020/09/02,1.615
2020/09/03,1.447
2020/09/04,-4.42
2020/09/05,-9.734
2020/09/06,-13.076
2020/09/07,-11.232
2020/09/08,-15.658
2020/09/09,-16.547
2020/09/10,-7.676
2020/09/11,-12.89
2020/09/12,-9.978
2020/09/13,-9.401
2020/09/14,3.367
2020/09/15,-2.354
2020/09/16,-8.195
2020/09/17,40.455
2020/09/18,8.947
2020/09/19,-3.546
2020/09/20,-13.787
2020/09/21,-0.3
2020/09/22,5.907
2020/09/23,-1.41
2020/09/24,-1.906
2020/09/25,-4.096
2020/09/26,-3.522
2020/09/27,-5.125
2020/09/28,-2.609
2020/09/29,-5.902
2020/09/30,-7.014
2020/10/01,-10.466
2020/10/02,-7.553
2020/10/03,-11.37
2020/10/04,-0.921
2020/10/05,4.873
2020/10/06,10.355
2020/10/07,4.595
2020/10/08,2.91
2020/10/09,2.437
2020/10/10,-8.755
2020/10/11,-4.723
2020/10/12,5.197
2020/10/13,1.992
2020/10/14,-4.241
2020/10/15,2.2
2020/10/16,1.771
2020/10/17,-40.659
2020/10/18,-21.872
2020/10/19,-1.748
2020/10/20,3.607
2020/10/21,1.832
2020/10/22,-2.927
2020/10/23,-3.271
2020/10/24,-10.684
2020/10/25,-9.392
2020/10/26,3.635
2020/10/27,4.536
2020/10/28,1.972
2020/10/29,-0.6
2020/10/30,1.391
2020/10/31,1.858
2020/11/01,0.162
2020/11/02,12.483
2020/11/03,4.241
2020/11/04,1.75
2020/11/05,-1.481
2020/11/06,6.081
2020/11/07,6.032
2020/11/08,-5.312
2020/11/09,10.524
2020/11/10,14.013
2020/11/11,-4.698
2020/11/12,-0.706
2020/11/13,5.832
2020/11/14,-6.927
2020/11/15,-3.163
2020/11/16,9.837
2020/11/17,14.188
2020/11/18,-0.251
2020/11/19,-1.168
2020/11/20,1.892
2020/11/21,2.642
2020/11/22,6.82
2020/11/23,24.99
2020/11/24,23.32
2020/11/25,9.06
2020/11/26,6.832
2020/11/27,-3.207
2020/11/28,-11.355
2020/11/29,-10.306
2020/11/30,6.356
2020/12/01,9.86
2020/12/02,-0.935
2020/12/03,4.678
2020/12/04,6.905
2020/12/05,-2.632
2020/12/06,-4.831
2020/12/07,2.809
2020/12/08,20.629
2020/12/09,3.404
2020/12/10,-0.736
2020/12/11,14.765
2020/12/12,-3.076
2020/12/13,-4.002
2020/12/14,11.099
2020/12/15,11.703
2020/12/16,9.349
2020/12/17,9.124
2020/12/18,6.445
2020/12/19,6.873
2020/12/20,-1.069
2020/12/21,5.006
2020/12/22,4.583
2020/12/23,15.778
2020/12/24,2.615
2020/12/25,30.182
2020/12/26,11.734
2020/12/27,18.492
2020/12/28,34.495
2020/12/29,29.104
2020/12/30,7.414
2020/12/31,1.99
2021/01/01,5.417
2021/01/02,0.836
2021/01/03,4.689
2021/01/04,14.041
2021/01/05,13.829
2021/01/06,9.052
2021/01/07,5.609
2021/01/08,6.948
2021/01/09,6.543
2021/01/10,0.7
2021/01/11,23.028
2021/01/12,10.32
2021/01/13,0.472
2021/01/14,4.792
2021/01/15,2.81
2021/01/16,-1.382
2021/01/17,4
2021/01/18,8.873
2021/01/19,15.695
2021/01/20,4.558
2021/01/21,4.439
2021/01/22,-11.276
2021/01/23,-1.494
2021/01/24,-20.989
2021/01/25,-1.144
2021/01/26,-2.319
2021/01/27,-3.196
2021/01/28,0.799
2021/01/29,8.083
2021/01/30,8.18
2021/01/31,9.296
2021/02/01,12.158
2021/02/02,8.282
2021/02/03,5.495
2021/02/04,2.822
2021/02/05,3.14
2021/02/06,-5.878
2021/02/07,-1.045
2021/02/08,4.545
2021/02/09,5.647
2021/02/10,-2.132
2021/02/11,7.517
2021/02/12,14.147
2021/02/13,9.13
2021/02/14,3.815
2021/02/15,6.12
2021/02/16,5.009
2021/02/17,3.923
2021/02/18,2.208
2021/02/19,4.084
2021/02/20,4.577
2021/02/21,1.735
2021/02/22,10.457
2021/02/23,7.071
2021/02/24,1.686
2021/02/25,-0.376
2021/02/26,1.334
2021/02/27,-2.184
2021/02/28,-4.278
2021/03/01,-3.102
2021/03/02,-0.549
2021/03/03,0.423
2021/03/04,-2.513
2021/03/05,1.026
2021/03/06,-2.742
2021/03/07,-2.439
2021/03/08,6.218
2021/03/09,9.045
2021/03/10,2.061
2021/03/11,4.51
2021/03/12,5.428
2021/03/13,4.945
2021/03/14,1.984
2021/03/15,2.233
2021/03/16,4.496
2021/03/17,-2.069
2021/03/18,11.293
2021/03/19,-1.412
2021/03/20,-3.975
2021/03/21,-2.221
2021/03/22,1.209
2021/03/23,5.384
2021/03/24,-1.436
2021/03/25,0.514
2021/03/26,-4.508
2021/03/27,-0.58
2021/03/28,-3.487
2021/03/29,3.047
2021/03/30,3.282
2021/03/31,10.396
2021/04/01,5.521
2021/04/02,1.204
2021/04/03,-0.027
2021/04/04,-6.738
2021/04/05,2.892
2021/04/06,5.843
2021/04/07,2.671
2021/04/08,-3.669
2021/04/09,1.726
2021/04/10,-5.187
2021/04/11,-7.453
2021/04/12,-3.072
2021/04/13,-2.317
2021/04/14,0.215
2021/04/15,-4.581
2021/04/16,5.083
2021/04/17,-3.049
2021/04/18,6.624
2021/04/19,7.632
2021/04/20,9.793
2021/04/21,13.169
2021/04/22,22.778
2021/04/23,22.213
2021/04/24,5.718
2021/04/25,12.289
2021/04/26,19.171
2021/04/27,19.84
2021/04/28,19.713
2021/04/29,19.811
2021/04/30,12.451
2021/05/01,13.039
2021/05/02,16.58
2021/05/03,20.464
2021/05/04,34.512
2021/05/05,23.451
2021/05/06,18.724
2021/05/07,20.678
2021/05/08,31.33
2021/05/09,27.369
2021/05/10,30.743
2021/05/11,30.866
2021/05/12,24.848
2021/05/13,22.857
2021/05/14,12.574
2021/05/15,19.491
2021/05/16,14.297
2021/05/17,15.927
2021/05/18,12.915
2021/05/19,28.295
2021/05/20,17.708
2021/05/21,7.377
2021/05/22,-7.424
2021/05/23,-1.083
2021/05/24,14.691
2021/05/25,11.776
2021/05/26,7.116
2021/05/27,1.817
2021/05/28,-0.04
2021/05/29,-6.57
2021/05/30,-4.754
2021/05/31,-3.482
2021/06/01,-4.786
2021/06/02,-4.625
2021/06/03,-8.231
2021/06/04,-5.25
2021/06/05,-13.499
2021/06/06,-18.512
2021/06/07,-13.287
2021/06/08,-8.233
2021/06/09,-9.013
2021/06/10,-7.296
2021/06/11,-6.669
2021/06/12,-12.495
2021/06/13,-6.88
2021/06/14,-1.693
2021/06/15,-1.07
2021/06/16,-1.96
2021/06/17,-0.901
2021/06/18,-12.768
2021/06/19,-16.908
2021/06/20,-10.494
2021/06/21,10.339
2021/06/22,5.261
2021/06/23,-0.39
2021/06/24,-2.302
2021/06/25,0.943
2021/06/26,-1.878
2021/06/27,-4.307
2021/06/28,12.118
2021/06/29,7.779
2021/06/30,7.261
2021/07/01,5.723
2021/07/02,0.979
2021/07/03,-3.331
2021/07/04,-0.404
2021/07/05,10.578
2021/07/06,20.577
2021/07/07,5.983
2021/07/08,0.121
2021/07/09,4.661
2021/07/10,0.377
2021/07/11,-3.109
2021/07/12,7.178
2021/07/13,10.625
2021/07/14,11.388
2021/07/15,14.724
2021/07/16,6.54
2021/07/17,6.836
2021/07/18,9.74
2021/07/19,32.278
2021/07/20,24.847
2021/07/21,6.171
2021/07/22,1.306
2021/07/23,8.487
2021/07/24,11.717
2021/07/25,7.022
2021/07/26,18.996
2021/07/27,18.591
2021/07/28,8.253
2021/07/29,7.567
2021/07/30,7.61
2021/07/31,9.944
2021/08/01,22.61
2021/08/02,26.961
2021/08/03,25.505
2021/08/04,31.418
2021/08/05,30.405
2021/08/06,34.318
2021/08/07,28.506
2021/08/08,29.871
2021/08/09,40.873
2021/08/10,50.732
2021/08/11,38.574
2021/08/12,30.092
2021/08/13,33.461
2021/08/14,28.507
2021/08/15,28.631
2021/08/16,23.075
2021/08/17,21.766
2021/08/18,7.561
2021/08/19,9.051
2021/08/20,9.688
2021/08/21,20.94
2021/08/22,30.115
2021/08/23,34.933
2021/08/24,52.033
2021/08/25,37.174
2021/08/26,36.646
2021/08/27,31.379
2021/08/28,41.222
2021/08/29,42.867
2021/08/30,44.601
2021/08/31,25.239
2021/09/01,19.518
2021/09/02,11.733
2021/09/03,2.625
2021/09/04,4.181
2021/09/05,-1.525
2021/09/06,5.644
2021/09/07,6.232
2021/09/08,-8.519
2021/09/09,-6.277
2021/09/10,-2.604
2021/09/11,5.419
2021/09/12,2.936
2021/09/13,-2.605
2021/09/14,4.796
2021/09/15,8.436
2021/09/16,17.258
2021/09/17,16.341
2021/09/18,13.107
2021/09/19,22.432
2021/09/20,21.22
2021/09/21,8.406
2021/09/22,3.704
2021/09/23,-10.473
2021/09/24,2.298
2021/09/25,-2.682
2021/09/26,4.405
2021/09/27,3.157
2021/09/28,5.87
2021/09/29,0.422
2021/09/30,2.086
2021/10/01,4.247
2021/10/02,10.789
2021/10/03,25.92
2021/10/04,21.124
2021/10/05,26.923
2021/10/06,18.461
2021/10/07,6.771
2021/10/08,20.733
2021/10/09,6.861
2021/10/10,4.419
2021/10/11,0.994
2021/10/12,-2.307
2021/10/13,4.389
2021/10/14,-7.245
2021/10/15,-0.222
2021/10/16,-19.943
2021/10/17,-10.819
2021/10/18,-9.427
2021/10/19,-14.589
2021/10/20,-19.051
2021/10/21,-14.631
2021/10/22,-12.882
2021/10/23,-12.084
2021/10/24,-17.824
2021/10/25,-13.125
2021/10/26,-18.521
2021/10/27,-19.631
2021/10/28,-24.649
2021/10/29,-26.529
2021/10/30,-24.729
2021/10/31,-21.501
2021/11/01,-19.437
2021/11/02,-27.309
2021/11/03,-27.531
2021/11/04,-29.663
2021/11/05,-27.429
2021/11/06,-22.963
2021/11/07,-22.543
2021/11/08,-18.343
2021/11/09,-11.089
2021/11/10,-11.699
2021/11/11,-18.49
2021/11/12,-22.138
2021/11/13,-11.073
2021/11/14,-16.106
2021/11/15,0.512
2021/11/16,0.782
2021/11/17,0.494
2021/11/18,-3.356
2021/11/19,-0.128
2021/11/20,-7.054
2021/11/21,-0.592
2021/11/22,1.174
2021/11/23,1.387
2021/11/24,2.077
2021/11/25,-0.237
2021/11/26,3.288
2021/11/27,5.098
2021/11/28,11.672
2021/11/29,15.068
2021/11/30,10.107
2021/12/01,5.324
2021/12/02,5.865
2021/12/03,1.536
2021/12/04,8.897
2021/12/05,10.235
2021/12/06,7.354
2021/12/07,3.064
2021/12/08,9.768
2021/12/09,2.178
2021/12/10,-0.472
2021/12/11,4.68
2021/12/12,7.289
2021/12/13,12.058
2021/12/14,10.031
2021/12/15,2.456
2021/12/16,-10.303
2021/12/17,3.837
2021/12/18,10.377
2021/12/19,-2.937
2021/12/20,3.915
2021/12/21,-5.349
2021/12/22,-6.072
2021/12/23,-0.383
2021/12/24,-1.145
2021/12/25,3.717
2021/12/26,-0.186
2021/12/27,11.254
2021/12/28,11.275
2021/12/29,16.256
2021/12/30,14.95
2021/12/31,14.821
2022/01/01,12.242
2022/01/02,28.309
2022/01/03,24.486
2022/01/04,19.648
2022/01/05,29.019
2022/01/06,29.66
2022/01/07,24.354
2022/01/08,32.58
2022/01/09,45.809
2022/01/10,41.744
2022/01/11,41.851
2022/01/12,17.9
2022/01/13,25.549
2022/01/14,29.44
2022/01/15,40.906
2022/01/16,23.627
2022/01/17,21.936
2022/01/18,33.99
2022/01/19,24.821
2022/01/20,16.291
2022/01/21,28.265
2022/01/22,20.123
2022/01/23,12.84
2022/01/24,21.05
2022/01/25,24.788
2022/01/26,14.844
2022/01/27,17.506
2022/01/28,3.033
2022/01/29,9.744
2022/01/30,14.285
2022/01/31,10.225
2022/02/01,5.956
2022/02/02,6.501
2022/02/03,6.506
2022/02/04,-2.502
2022/02/05,-1.945
2022/02/06,-7.767
2022/02/07,-3.287
2022/02/08,-13.309
2022/02/09,-8.438
2022/02/10,-3.742
2022/02/11,6.185
2022/02/12,-5.725
2022/02/13,-3.257
2022/02/14,-1.582
2022/02/15,1.375
2022/02/16,3.675
2022/02/17,9.485
2022/02/18,13.303
2022/02/19,27.091
2022/02/20,16.155
2022/02/21,37.172
2022/02/22,23.253
2022/02/23,13.06
2022/02/24,6.749
2022/02/25,9.22
2022/02/26,-0.288
2022/02/27,5.592
2022/02/28,1.211
2022/03/01,-0.055
2022/03/02,11.021
2022/03/03,5.828
2022/03/04,-7.539
2022/03/05,-9.7
2022/03/06,-4.598
2022/03/07,2.78
2022/03/08,9.135
2022/03/09,-0.509
2022/03/10,0.895
2022/03/11,3.308
2022/03/12,-5.956
2022/03/13,-4.645
2022/03/14,4.932
2022/03/15,1.24
2022/03/16,-0.437
2022/03/17,-9.93
2022/03/18,-12.722
2022/03/19,-18.942
2022/03/20,-11.899
2022/03/21,-15.345
2022/03/22,-14.142
2022/03/23,-25.024
2022/03/24,-14.288
2022/03/25,-13.241
2022/03/26,-16.01
2022/03/27,-16.976
2022/03/28,-11.076
2022/03/29,-8.641
2022/03/30,-6.544
2022/03/31,-5.175
2022/04/01,-9.147
2022/04/02,-6.18
2022/04/03,6.994
2022/04/04,13.96
2022/04/05,10.445
2022/04/06,10.852
2022/04/07,16.926
2022/04/08,15.038
2022/04/09,6.625
2022/04/10,8.39
2022/04/11,9.968
2022/04/12,7.352
2022/04/13,4.691
2022/04/14,4.781
2022/04/15,0.268
2022/04/16,5.835
2022/04/17,10.013
2022/04/18,14.966
2022/04/19,6.277
2022/04/20,13.363
2022/04/21,3.882
2022/04/22,5.682
2022/04/23,4.81
2022/04/24,11.703
2022/04/25,18.65
2022/04/26,9.512
2022/04/27,17.47
2022/04/28,9.352
2022/04/29,5.974
2022/04/30,-0.517
2022/05/01,0.826
2022/05/02,-3.506
2022/05/03,-1.964
2022/05/04,-0.976
2022/05/05,3.734
2022/05/06,-2.413
2022/05/07,-18.437
2022/05/08,-20.5
2022/05/09,-0.657
2022/05/10,0.96
2022/05/11,6.734
2022/05/12,6.605
2022/05/13,-4.65
2022/05/14,-6.47
2022/05/15,-0.692
2022/05/16,2.777
2022/05/17,13.286
2022/05/18,-3.317
2022/05/19,1.124
2022/05/20,-4.492
2022/05/21,7.687
2022/05/22,6.983
2022/05/23,4.931
2022/05/24,2.845
2022/05/25,8.247
2022/05/26,25.479
2022/05/27,1.942
2022/05/28,6.074
2022/05/29,26.354
2022/05/30,20.418
2022/05/31,23.261
2022/06/01,45.795
2022/06/02,41.153
2022/06/03,27.854
2022/06/04,16.49
2022/06/05,18.441
2022/06/06,28.726
2022/06/07,38.033
2022/06/08,22.765
2022/06/09,2.601
2022/06/10,-7.12
2022/06/11,-6.447
2022/06/12,7.83
2022/06/13,14.697
2022/06/14,12.002
2022/06/15,6.934
2022/06/16,-16.116
2022/06/17,-5.341
2022/06/18,-7.044
2022/06/19,-8.531
2022/06/20,-13.903
2022/06/21,-10.87
2022/06/22,2.477
2022/06/23,-6.767
2022/06/24,-6.945
2022/06/25,-13.597
2022/06/26,10.078
2022/06/27,7.93
2022/06/28,-15.154
2022/06/29,0.673
2022/06/30,-12.095
2022/07/01,-36.237
2022/07/02,-38.937
2022/07/03,-29.611
2022/07/04,-23.691
2022/07/05,-21.544
2022/07/06,-23.946
2022/07/07,-24.16
2022/07/08,-26.525
2022/07/09,-17.29
2022/07/10,-11.452
2022/07/11,-11.959
2022/07/12,-13.156
2022/07/13,-13.889
2022/07/14,-14.872
2022/07/15,-12.593
2022/07/16,-3.39
2022/07/17,0.071
2022/07/18,1.866
2022/07/19,-4.982
2022/07/20,-0.395
2022/07/21,-5.845
2022/07/22,-16.596
2022/07/23,-10.356
2022/07/24,-12.599
2022/07/25,-11.325
2022/07/26,-22.669
2022/07/27,-21.727
2022/07/28,-11.469
2022/07/29,-19.387
2022/07/30,-13.166
2022/07/31,2.795
2022/08/01,7.598
2022/08/02,2.643
2022/08/03,1.833
2022/08/04,-2.85
2022/08/05,9.621
2022/08/06,-0.905
2022/08/07,-0.099
2022/08/08,1.705
2022/08/09,2.939
2022/08/10,14.684
2022/08/11,4.311
2022/08/12,-5.173
2022/08/13,-1.894
2022/08/14,3.114
2022/08/15,-3.361
2022/08/16,-3.827
2022/08/17,-5.697
2022/08/18,2.715
2022/08/19,7.456
2022/08/20,-1.593
2022/08/21,3.304
2022/08/22,2.998
2022/08/23,2.433
2022/08/24,-5.29
2022/08/25,1.046
2022/08/26,6.291
2022/08/27,2.633
2022/08/28,8.066
2022/08/29,14.372
2022/08/30,19.706
2022/08/31,7.301
2022/09/01,-4.578
2022/09/02,-8.896
2022/09/03,-12.054
2022/09/04,-17.413
2022/09/05,-8.835
2022/09/06,-2.539
2022/09/07,-4.219
2022/09/08,-5.896
2022/09/09,-13.142
2022/09/10,-14.155
2022/09/11,-4.707
2022/09/12,-1.548
2022/09/13,-8.352
2022/09/14,-4.269
2022/09/15,-7.867
2022/09/16,-8.706
2022/09/17,-13.92
2022/09/18,-12.982
2022/09/19,-2.357
2022/09/20,0.05
2022/09/21,-1.492
2022/09/22,-2.888
2022/09/23,-0.503
2022/09/24,-13.06
2022/09/25,-15.161
2022/09/26,-7.597
2022/09/27,-12.567
2022/09/28,-17.176
2022/09/29,-22.316
2022/09/30,-14.584
2022/10/01,-0.241
2022/10/02,3.479
2022/10/03,4.296
2022/10/04,13.219
2022/10/05,13.821
2022/10/06,2.082
2022/10/07,-0.757
2022/10/08,-9.096
2022/10/09,-34.381
2022/10/10,-25.049
2022/10/11,-20.96
2022/10/12,-19.671
2022/10/13,-4.132
2022/10/14,-10.621
2022/10/15,-14.924
2022/10/16,-10.218
2022/10/17,4.265
2022/10/18,0.261
2022/10/19,-5.992
2022/10/20,-7.758
2022/10/21,-8.102
2022/10/22,-19.307
2022/10/23,-11.733
2022/10/24,0.588
2022/10/25,6.64
2022/10/26,5.808
2022/10/27,8.345
2022/10/28,0.474
2022/10/29,1.758
2022/10/30,-0.304
2022/10/31,-3.486
2022/11/01,-2.258
2022/11/02,-1.051
2022/11/03,-10.654
2022/11/04,-9.737
2022/11/05,-11.471
2022/11/06,-3.591
2022/11/07,11.986
2022/11/08,67.002
2022/11/09,66.79
2022/11/10,39.009
2022/11/11,26.342
2022/11/12,-1.848
2022/11/13,6.855
2022/11/14,27.345
2022/11/15,11.946
2022/11/16,-3.612
2022/11/17,-5.538
2022/11/18,-8.586
2022/11/19,-9.964
2022/11/20,-2.993
2022/11/21,15.188
2022/11/22,7.491
2022/11/23,1.749
2022/11/24,-10.026
2022/11/25,-19.254
2022/11/26,-16.495
2022/11/27,-12.872
2022/11/28,-6.143
2022/11/29,-0.123
