Date,size30mom
2016/01/01,65.382
2016/01/02,175.343
2016/01/03,151.423
2016/01/04,145.947
2016/01/05,519.046
2016/01/06,777.779
2016/01/07,778.657
2016/01/08,300.903
2016/01/09,389.244
2016/01/10,159.371
2016/01/11,141.791
2016/01/12,249.205
2016/01/13,-328.851
2016/01/14,-772.443
2016/01/15,-209.341
2016/01/16,-85.692
2016/01/17,-170.467
2016/01/18,47.474
2016/01/19,3.311
2016/01/20,-212.639
2016/01/21,-1102
2016/01/22,-516.434
2016/01/23,-386.31
2016/01/24,-48.879
2016/01/25,261.106
2016/01/26,-346.96
2016/01/27,327.249
2016/01/28,224.479
2016/01/29,-256.398
2016/01/30,121.744
2016/01/31,250.789
2016/02/01,127.134
2016/02/02,122.232
2016/02/03,78.266
2016/02/04,-309.165
2016/02/05,-435.648
2016/02/06,127.872
2016/02/07,-53.795
2016/02/08,-175.818
2016/02/09,-11.368
2016/02/10,48.3
2016/02/11,185.801
2016/02/12,-252.712
2016/02/13,160.194
2016/02/14,133.738
2016/02/15,159.437
2016/02/16,241.358
2016/02/17,208.5
2016/02/18,2.749
2016/02/19,197.713
2016/02/20,102.746
2016/02/21,23.372
2016/02/22,184.528
2016/02/23,124.187
2016/02/24,-226.085
2016/02/25,-114.35
2016/02/26,-277.267
2016/02/27,-322.262
2016/02/28,-216.318
2016/02/29,-3.695
2016/03/01,21.125
2016/03/02,117.918
2016/03/03,171.167
2016/03/04,189.555
2016/03/05,227.744
2016/03/06,248.966
2016/03/07,-459.818
2016/03/08,216.148
2016/03/09,245.902
2016/03/10,189.201
2016/03/11,104.617
2016/03/12,104.963
2016/03/13,221.564
2016/03/14,279.223
2016/03/15,177.765
2016/03/16,189.609
2016/03/17,293.292
2016/03/18,137.888
2016/03/19,384.565
2016/03/20,289.174
2016/03/21,451.492
2016/03/22,463.718
2016/03/23,439.206
2016/03/24,744.679
2016/03/25,512.421
2016/03/26,423.804
2016/03/27,-28.11
2016/03/28,465.768
2016/03/29,298.282
2016/03/30,397.087
2016/03/31,248.876
2016/04/01,294.024
2016/04/02,-13.463
2016/04/03,-4.422
2016/04/04,187.608
2016/04/05,161.954
2016/04/06,119.044
2016/04/07,162.283
2016/04/08,261.412
2016/04/09,96.246
2016/04/10,69.926
2016/04/11,-122.747
2016/04/12,59.361
2016/04/13,-23.987
2016/04/14,87.886
2016/04/15,95.793
2016/04/16,-205.935
2016/04/17,514.312
2016/04/18,-143.091
2016/04/19,-128.679
2016/04/20,-138.558
2016/04/21,-10.287
2016/04/22,-238.724
2016/04/23,-591.46
2016/04/24,-188.23
2016/04/25,-139.077
2016/04/26,83.704
2016/04/27,-253.874
2016/04/28,18.459
2016/04/29,-149.265
2016/04/30,182.719
2016/05/01,187.898
2016/05/02,245.228
2016/05/03,201.599
2016/05/04,-4.058
2016/05/05,-41.788
2016/05/06,288.492
2016/05/07,-29.579
2016/05/08,-10.653
2016/05/09,141.791
2016/05/10,200.259
2016/05/11,296.689
2016/05/12,227.926
2016/05/13,196.895
2016/05/14,277.284
2016/05/15,127.469
2016/05/16,276.121
2016/05/17,-402.349
2016/05/18,337.891
2016/05/19,259.07
2016/05/20,317.938
2016/05/21,168.495
2016/05/22,203.15
2016/05/23,298.107
2016/05/24,95.299
2016/05/25,271.149
2016/05/26,388.778
2016/05/27,412.795
2016/05/28,1028
2016/05/29,252.174
2016/05/30,-44.776
2016/05/31,-86.801
2016/06/01,81.926
2016/06/02,6.925
2016/06/03,-69.358
2016/06/04,-76.991
2016/06/05,-229.188
2016/06/06,50.801
2016/06/07,162.349
2016/06/08,-22.635
2016/06/09,-4.675
2016/06/10,-121.222
2016/06/11,-297.86
2016/06/12,-211.664
2016/06/13,-83.619
2016/06/14,173.695
2016/06/15,31.523
2016/06/16,88.881
2016/06/17,449.067
2016/06/18,467.636
2016/06/19,-53.07
2016/06/20,36.125
2016/06/21,134.601
2016/06/22,45.924
2016/06/23,-14.962
2016/06/24,-32.126
2016/06/25,-318.702
2016/06/26,-273.963
2016/06/27,-1026
2016/06/28,-192.932
2016/06/29,248.709
2016/06/30,773.345
2016/07/01,-182.273
2016/07/02,-70.845
2016/07/03,-24.957
2016/07/04,5.802
2016/07/05,74.279
2016/07/06,-16.957
2016/07/07,-278.453
2016/07/08,143.693
2016/07/09,-59.76
2016/07/10,-30.289
2016/07/11,39.119
2016/07/12,104.139
2016/07/13,-242.532
2016/07/14,-177.326
2016/07/15,-65.444
2016/07/16,-254.431
2016/07/17,-874.119
2016/07/18,-646.408
2016/07/19,-122.185
2016/07/20,9.131
2016/07/21,-106.336
2016/07/22,26.596
2016/07/23,-17.138
2016/07/24,159.174
2016/07/25,322.788
2016/07/26,493.496
2016/07/27,296.071
2016/07/28,127.268
2016/07/29,-194.019
2016/07/30,-906.857
2016/07/31,205.469
2016/08/01,178.321
2016/08/02,283.757
2016/08/03,250.533
2016/08/04,146.288
2016/08/05,118.391
2016/08/06,51.093
2016/08/07,-107.45
2016/08/08,87.06
2016/08/09,184.794
2016/08/10,186.144
2016/08/11,53.808
2016/08/12,202.268
2016/08/13,-105.117
2016/08/14,-51.421
2016/08/15,117.274
2016/08/16,357.655
2016/08/17,134.828
2016/08/18,161.137
2016/08/19,-226.98
2016/08/20,-69.574
2016/08/21,-161.142
2016/08/22,29.429
2016/08/23,226.198
2016/08/24,-147.375
2016/08/25,-282.875
2016/08/26,-95.818
2016/08/27,-23.302
2016/08/28,-147.347
2016/08/29,111.892
2016/08/30,30.511
2016/08/31,-22.745
2016/09/01,-104.525
2016/09/02,184.521
2016/09/03,-103.522
2016/09/04,192.103
2016/09/05,46.658
2016/09/06,249.132
2016/09/07,188.442
2016/09/08,307.886
2016/09/09,246.599
2016/09/10,-112.183
2016/09/11,-98.746
2016/09/12,154.057
2016/09/13,91.173
2016/09/14,290.851
2016/09/15,122.039
2016/09/16,487.624
2016/09/17,-75.214
2016/09/18,-58.293
2016/09/19,-111.614
2016/09/20,209.609
2016/09/21,72.688
2016/09/22,-146.802
2016/09/23,-309.76
2016/09/24,-137.156
2016/09/25,-223.312
2016/09/26,-41.716
2016/09/27,210.157
2016/09/28,-10.791
2016/09/29,-174.32
2016/09/30,-101.368
2016/10/01,227.119
2016/10/02,-163.055
2016/10/03,205.561
2016/10/04,472.33
2016/10/05,290.32
2016/10/06,215.987
2016/10/07,2427
2016/10/08,3530
2016/10/09,3829
2016/10/10,11217
2016/10/11,1302
2016/10/12,-337.121
2016/10/13,-191.114
2016/10/14,-357.265
2016/10/15,-507.173
2016/10/16,-722.915
2016/10/17,-210.981
2016/10/18,313.978
2016/10/19,297.153
2016/10/20,-223.827
2016/10/21,126.102
2016/10/22,-519.416
2016/10/23,11.373
2016/10/24,265.371
2016/10/25,288.722
2016/10/26,4.94
2016/10/27,-142.843
2016/10/28,-89.094
2016/10/29,19.883
2016/10/30,-14.167
2016/10/31,-274.283
2016/11/01,1.769
2016/11/02,-222.008
2016/11/03,-720.944
2016/11/04,-540.045
2016/11/05,-580.333
2016/11/06,-2830
2016/11/07,-4030
2016/11/08,-4207
2016/11/09,-11241
2016/11/10,-1270
2016/11/11,214.357
2016/11/12,119.917
2016/11/13,67.627
2016/11/14,339.735
2016/11/15,280.383
2016/11/16,104.596
2016/11/17,-270.714
2016/11/18,-124.592
2016/11/19,-90.321
2016/11/20,-251.551
2016/11/21,180.612
2016/11/22,416.383
2016/11/23,158.516
2016/11/24,-251.716
2016/11/25,217.487
2016/11/26,-17.07
2016/11/27,230.683
2016/11/28,269.604
2016/11/29,269.922
2016/11/30,672.979
2016/12/01,-281.156
2016/12/02,-35.124
2016/12/03,-66.13
2016/12/04,141.122
2016/12/05,133.467
2016/12/06,325.645
2016/12/07,123.245
2016/12/08,-60.253
2016/12/09,18.232
2016/12/10,-64.632
2016/12/11,218.666
2016/12/12,50.969
2016/12/13,70.537
2016/12/14,259.286
2016/12/15,4.288
2016/12/16,24.573
2016/12/17,-58.042
2016/12/18,-168.237
2016/12/19,241.029
2016/12/20,63.502
2016/12/21,231.851
2016/12/22,53.963
2016/12/23,-428.004
2016/12/24,-62.678
2016/12/25,-450.527
2016/12/26,-206.803
2016/12/27,-144.764
2016/12/28,-200.51
2016/12/29,-13.946
2016/12/30,-585.877
2016/12/31,136.853
2017/01/01,-71.352
2017/01/02,53.846
2017/01/03,224.197
2017/01/04,225.689
2017/01/05,60.63
2017/01/06,69.859
2017/01/07,154.459
2017/01/08,55.199
2017/01/09,167.725
2017/01/10,4.984
2017/01/11,114.457
2017/01/12,158.214
2017/01/13,-106.405
2017/01/14,-82.33
2017/01/15,-8.235
2017/01/16,156.929
2017/01/17,297.172
2017/01/18,-33.292
2017/01/19,15.858
2017/01/20,-160.813
2017/01/21,-257.969
2017/01/22,94.36
2017/01/23,251.441
2017/01/24,437.337
2017/01/25,349.658
2017/01/26,114.84
2017/01/27,127.29
2017/01/28,-50.77
2017/01/29,-100.27
2017/01/30,34.602
2017/01/31,148.549
2017/02/01,149.087
2017/02/02,-49.346
2017/02/03,-148.857
2017/02/04,-115.17
2017/02/05,21.73
2017/02/06,35.818
2017/02/07,269.699
2017/02/08,168.793
2017/02/09,-56.365
2017/02/10,143.869
2017/02/11,-102.785
2017/02/12,-157.806
2017/02/13,324.145
2017/02/14,416.133
2017/02/15,242.822
2017/02/16,18.569
2017/02/17,77.93
2017/02/18,220.834
2017/02/19,26.43
2017/02/20,192.305
2017/02/21,372.966
2017/02/22,178.105
2017/02/23,-86.744
2017/02/24,134.615
2017/02/25,87.684
2017/02/26,54.959
2017/02/27,191.086
2017/02/28,412.733
2017/03/01,656.091
2017/03/02,670.677
2017/03/03,476.407
2017/03/04,281.509
2017/03/05,252.972
2017/03/06,247.672
2017/03/07,349.163
2017/03/08,193.728
2017/03/09,576.36
2017/03/10,426.13
2017/03/11,384.337
2017/03/12,307.552
2017/03/13,857.792
2017/03/14,862.36
2017/03/15,632.447
2017/03/16,1157
2017/03/17,1062
2017/03/18,851.49
2017/03/19,735
2017/03/20,542.955
2017/03/21,872.169
2017/03/22,672.216
2017/03/23,523.528
2017/03/24,766.57
2017/03/25,760.573
2017/03/26,596.199
2017/03/27,1136
2017/03/28,830.321
2017/03/29,925.464
2017/03/30,917.408
2017/03/31,713.861
2017/04/01,193.391
2017/04/02,585.082
2017/04/03,928.605
2017/04/04,696.897
2017/04/05,749.49
2017/04/06,835.725
2017/04/07,976.725
2017/04/08,-154.841
2017/04/09,168.028
2017/04/10,446.617
2017/04/11,333.822
2017/04/12,244.85
2017/04/13,155.322
2017/04/14,-5.061
2017/04/15,-722.881
2017/04/16,-659.856
2017/04/17,-203.138
2017/04/18,206.915
2017/04/19,347.987
2017/04/20,74.343
2017/04/21,322.346
2017/04/22,-83.506
2017/04/23,-163.954
2017/04/24,125.317
2017/04/25,428.661
2017/04/26,-172.619
2017/04/27,551.907
2017/04/28,433.444
2017/04/29,-59.862
2017/04/30,114.869
2017/05/01,1142
2017/05/02,792.176
2017/05/03,239.308
2017/05/04,832.549
2017/05/05,613.114
2017/05/06,134.84
2017/05/07,545.444
2017/05/08,1160
2017/05/09,1018
2017/05/10,766.559
2017/05/11,974.991
2017/05/12,457.738
2017/05/13,476.3
2017/05/14,689.557
2017/05/15,1483
2017/05/16,1424
2017/05/17,1996
2017/05/18,1642
2017/05/19,2137
2017/05/20,1597
2017/05/21,1895
2017/05/22,2899
2017/05/23,4234
2017/05/24,4112
2017/05/25,3149
2017/05/26,2836
2017/05/27,2032
2017/05/28,2201
2017/05/29,2129
2017/05/30,4005
2017/05/31,3298
2017/06/01,3080
2017/06/02,4515
2017/06/03,3286
2017/06/04,3287
2017/06/05,3505
2017/06/06,4052
2017/06/07,3979
2017/06/08,3556
2017/06/09,4255
2017/06/10,3240
2017/06/11,5504
2017/06/12,6386
2017/06/13,5667
2017/06/14,4111
2017/06/15,4548
2017/06/16,3729
2017/06/17,3712
2017/06/18,3130
2017/06/19,4778
2017/06/20,4672
2017/06/21,866.234
2017/06/22,2065
2017/06/23,2457
2017/06/24,2983
2017/06/25,3420
2017/06/26,4417
2017/06/27,2532
2017/06/28,5083
2017/06/29,2392
2017/06/30,1958
2017/07/01,1565
2017/07/02,960.685
2017/07/03,3506
2017/07/04,3674
2017/07/05,3655
2017/07/06,1456
2017/07/07,2321
2017/07/08,1952
2017/07/09,-501.752
2017/07/10,3994
2017/07/11,1826
2017/07/12,1284
2017/07/13,1869
2017/07/14,2098
2017/07/15,555.649
2017/07/16,1190
2017/07/17,1857
2017/07/18,3355
2017/07/19,1326
2017/07/20,111.843
2017/07/21,2466
2017/07/22,-699.882
2017/07/23,159.519
2017/07/24,1625
2017/07/25,787.477
2017/07/26,-1141
2017/07/27,435.107
2017/07/28,-747.526
2017/07/29,-2008
2017/07/30,-1179
2017/07/31,1187
2017/08/01,1000
2017/08/02,-716.567
2017/08/03,-535.256
2017/08/04,412.889
2017/08/05,1597
2017/08/06,753.774
2017/08/07,2983
2017/08/08,6298
2017/08/09,786.473
2017/08/10,3097
2017/08/11,3694
2017/08/12,2966
2017/08/13,2956
2017/08/14,6908
2017/08/15,7178
2017/08/16,7546
2017/08/17,6044
2017/08/18,7053
2017/08/19,6978
2017/08/20,4164
2017/08/21,7187
2017/08/22,4976
2017/08/23,3792
2017/08/24,4029
2017/08/25,7369
2017/08/26,6280
2017/08/27,5687
2017/08/28,10305
2017/08/29,10835
2017/08/30,9535
2017/08/31,7933
2017/09/01,9010
2017/09/02,5737
2017/09/03,3363
2017/09/04,9333
2017/09/05,9242
2017/09/06,10736
2017/09/07,7856
2017/09/08,9603
2017/09/09,3567
2017/09/10,250.398
2017/09/11,3123
2017/09/12,5041
2017/09/13,1278
2017/09/14,885.177
2017/09/15,1951
2017/09/16,-632.794
2017/09/17,-2986
2017/09/18,1188
2017/09/19,3771
2017/09/20,848.889
2017/09/21,1846
2017/09/22,2620
2017/09/23,2154
2017/09/24,2212
2017/09/25,4952
2017/09/26,3582
2017/09/27,1136
2017/09/28,2097
2017/09/29,2712
2017/09/30,4562
2017/10/01,3345
2017/10/02,5809
2017/10/03,7047
2017/10/04,633.586
2017/10/05,608.117
2017/10/06,-946.157
2017/10/07,-1478
2017/10/08,-1826
2017/10/09,2523
2017/10/10,6759
2017/10/11,3281
2017/10/12,3100
2017/10/13,4912
2017/10/14,2664
2017/10/15,-300.323
2017/10/16,-403.302
2017/10/17,62.367
2017/10/18,-4476
2017/10/19,-3617
2017/10/20,-773.983
2017/10/21,-4121
2017/10/22,-6025
2017/10/23,-3123
2017/10/24,-4037
2017/10/25,-5230
2017/10/26,-4110
2017/10/27,-18893
2017/10/28,-20553
2017/10/29,-21540
2017/10/30,-21998
2017/10/31,-21781
2017/11/01,-5479
2017/11/02,-5184
2017/11/03,-4542
2017/11/04,-8156
2017/11/05,-10016
2017/11/06,-5861
2017/11/07,-4883
2017/11/08,-5451
2017/11/09,-7510
2017/11/10,-6633
2017/11/11,-8472
2017/11/12,-8612
2017/11/13,-5508
2017/11/14,-2779
2017/11/15,158.989
2017/11/16,866.276
2017/11/17,2240
2017/11/18,1650
2017/11/19,-703.082
2017/11/20,4671
2017/11/21,5235
2017/11/22,3151
2017/11/23,2083
2017/11/24,757.163
2017/11/25,1777
2017/11/26,16099
2017/11/27,22187
2017/11/28,18980
2017/11/29,18539
2017/11/30,18059
2017/12/01,2520
2017/12/02,2220
2017/12/03,3475
2017/12/04,7585
2017/12/05,8159
2017/12/06,7378
2017/12/07,3632
2017/12/08,7000
2017/12/09,5962
2017/12/10,7451
2017/12/11,10889
2017/12/12,12374
2017/12/13,11772
2017/12/14,9817
2017/12/15,9727
2017/12/16,11111
2017/12/17,10665
2017/12/18,13304
2017/12/19,16913
2017/12/20,10812
2017/12/21,14039
2017/12/22,13219
2017/12/23,10170
2017/12/24,5415
2017/12/25,5527
2017/12/26,6334
2017/12/27,2546
2017/12/28,6985
2017/12/29,11003
2017/12/30,11287
2017/12/31,6857
2018/01/01,6072
2018/01/02,10832
2018/01/03,12732
2018/01/04,13881
2018/01/05,12242
2018/01/06,14756
2018/01/07,10046
2018/01/08,12611
2018/01/09,12173
2018/01/10,7092
2018/01/11,5691
2018/01/12,4440
2018/01/13,5214
2018/01/14,3143
2018/01/15,5457
2018/01/16,6802
2018/01/17,4495
2018/01/18,241.822
2018/01/19,1381
2018/01/20,-2807
2018/01/21,-2400
2018/01/22,-334.896
2018/01/23,4560
2018/01/24,2845
2018/01/25,1238
2018/01/26,1325
2018/01/27,-3515
2018/01/28,-5345
2018/01/29,-4098
2018/01/30,183.818
2018/01/31,876.317
2018/02/01,-3830
2018/02/02,-6288
2018/02/03,-11089
2018/02/04,-10671
2018/02/05,-8480
2018/02/06,-6332
2018/02/07,-9531
2018/02/08,-12944
2018/02/09,-8551
2018/02/10,-9177
2018/02/11,-9673
2018/02/12,-9086
2018/02/13,-8889
2018/02/14,-9998
2018/02/15,-10963
2018/02/16,-11716
2018/02/17,-9814
2018/02/18,-8111
2018/02/19,-5603
2018/02/20,-2385
2018/02/21,-2556
2018/02/22,-3332
2018/02/23,-3773
2018/02/24,-2406
2018/02/25,-5492
2018/02/26,-799.037
2018/02/27,-3233
2018/02/28,-3655
2018/03/01,-4561
2018/03/02,-2352
2018/03/03,-5155
2018/03/04,-5391
2018/03/05,-26.281
2018/03/06,-1123
2018/03/07,-1351
2018/03/08,-3456
2018/03/09,-2598
2018/03/10,-1231
2018/03/11,-3483
2018/03/12,-453.661
2018/03/13,-35.851
2018/03/14,-2072
2018/03/15,-378.007
2018/03/16,-2346
2018/03/17,-4429
2018/03/18,-513.383
2018/03/19,-1249
2018/03/20,-667.946
2018/03/21,-1181
2018/03/22,-6531
2018/03/23,-4460
2018/03/24,-5148
2018/03/25,-5810
2018/03/26,-3424
2018/03/27,-3337
2018/03/28,-4369
2018/03/29,-3456
2018/03/30,-3136
2018/03/31,-3639
2018/04/01,-6656
2018/04/02,-4302
2018/04/03,-1717
2018/04/04,-3890
2018/04/05,-2127
2018/04/06,-5056
2018/04/07,-5647
2018/04/08,-3141
2018/04/09,-231.568
2018/04/10,-1030
2018/04/11,-3172
2018/04/12,298.624
2018/04/13,1030
2018/04/14,-1908
2018/04/15,-829.593
2018/04/16,3392
2018/04/17,2103
2018/04/18,1832
2018/04/19,5139
2018/04/20,5756
2018/04/21,3789
2018/04/22,4227
2018/04/23,7642
2018/04/24,10620
2018/04/25,7304
2018/04/26,7475
2018/04/27,6837
2018/04/28,7047
2018/04/29,6197
2018/04/30,8867
2018/05/01,8725
2018/05/02,8755
2018/05/03,7260
2018/05/04,9090
2018/05/05,4608
2018/05/06,4619
2018/05/07,7257
2018/05/08,6626
2018/05/09,5880
2018/05/10,9168
2018/05/11,6622
2018/05/12,2507
2018/05/13,2384
2018/05/14,7783
2018/05/15,6120
2018/05/16,3976
2018/05/17,2308
2018/05/18,2169
2018/05/19,-746.909
2018/05/20,-2627
2018/05/21,3908
2018/05/22,2252
2018/05/23,1724
2018/05/24,-134.703
2018/05/25,-215.399
2018/05/26,-1653
2018/05/27,-623.092
2018/05/28,859.333
2018/05/29,678.413
2018/05/30,-383.863
2018/05/31,2817
2018/06/01,-495.484
2018/06/02,-1721
2018/06/03,-2689
2018/06/04,2323
2018/06/05,3460
2018/06/06,1288
2018/06/07,524.52
2018/06/08,3.322
2018/06/09,-2587
2018/06/10,-558.574
2018/06/11,718.306
2018/06/12,161.735
2018/06/13,-483.304
2018/06/14,-643.285
2018/06/15,-2129
2018/06/16,1744
2018/06/17,-4675
2018/06/18,-2385
2018/06/19,1241
2018/06/20,6.814
2018/06/21,-1800
2018/06/22,-1465
2018/06/23,-4876
2018/06/24,-3962
2018/06/25,2176
2018/06/26,363.365
2018/06/27,-834.134
2018/06/28,-1407
2018/06/29,-2289
2018/06/30,-5351
2018/07/01,-2631
2018/07/02,-4991
2018/07/03,-3030
2018/07/04,-7512
2018/07/05,-4356
2018/07/06,-5155
2018/07/07,-4674
2018/07/08,-2147
2018/07/09,-1802
2018/07/10,-1130
2018/07/11,-2365
2018/07/12,-2444
2018/07/13,-4655
2018/07/14,-4566
2018/07/15,-3939
2018/07/16,-2920
2018/07/17,3616
2018/07/18,1517
2018/07/19,-1272
2018/07/20,-4358
2018/07/21,-4357
2018/07/22,-3707
2018/07/23,2475
2018/07/24,3259
2018/07/25,-1069
2018/07/26,-356.397
2018/07/27,-1814
2018/07/28,-4340
2018/07/29,-1345
2018/07/30,1764
2018/07/31,1419
2018/08/01,5102
2018/08/02,2555
2018/08/03,3480
2018/08/04,-219.569
2018/08/05,2985
2018/08/06,3607
2018/08/07,-2562
2018/08/08,-6099
2018/08/09,-7886
2018/08/10,-3510
2018/08/11,-953.241
2018/08/12,-1039
2018/08/13,2371
2018/08/14,3186
2018/08/15,-3668
2018/08/16,-1255
2018/08/17,-3077
2018/08/18,-1215
2018/08/19,785.726
2018/08/20,5965
2018/08/21,4456
2018/08/22,-234.073
2018/08/23,79.94
2018/08/24,-1300
2018/08/25,1433
2018/08/26,1427
2018/08/27,5280
2018/08/28,4110
2018/08/29,702.451
2018/08/30,-250.943
2018/08/31,-2609
2018/09/01,-854.125
2018/09/02,666.509
2018/09/03,3732
2018/09/04,881.069
2018/09/05,2097
2018/09/06,3675
2018/09/07,8850
2018/09/08,9665
2018/09/09,3523
2018/09/10,3240
2018/09/11,2563
2018/09/12,2179
2018/09/13,2182
2018/09/14,6544
2018/09/15,3479
2018/09/16,6671
2018/09/17,3407
2018/09/18,4161
2018/09/19,-5109
2018/09/20,-1005
2018/09/21,3412
2018/09/22,713.589
2018/09/23,2902
2018/09/24,3751
2018/09/25,4018
2018/09/26,4877
2018/09/27,3494
2018/09/28,3519
2018/09/29,-3240
2018/09/30,1728
2018/10/01,845.794
2018/10/02,1045
2018/10/03,-3582
2018/10/04,-432.52
2018/10/05,-4564
2018/10/06,-5869
2018/10/07,-9711
2018/10/08,-8172
2018/10/09,-3873
2018/10/10,-6658
2018/10/11,-4151
2018/10/12,-3931
2018/10/13,-6725
2018/10/14,-11067
2018/10/15,-8227
2018/10/16,-9538
2018/10/17,-8154
2018/10/18,-8407
2018/10/19,-1480
2018/10/20,-8492
2018/10/21,-10128
2018/10/22,-5451
2018/10/23,-8144
2018/10/24,-8021
2018/10/25,-6334
2018/10/26,-9628
2018/10/27,-14263
2018/10/28,-12497
2018/10/29,-748.273
2018/10/30,-4763
2018/10/31,-6726
2018/11/01,-6021
2018/11/02,-4256
2018/11/03,-6853
2018/11/04,-4961
2018/11/05,-47.665
2018/11/06,3492
2018/11/07,759.758
2018/11/08,134.117
2018/11/09,602.61
2018/11/10,-1791
2018/11/11,-3107
2018/11/12,1100
2018/11/13,2459
2018/11/14,1251
2018/11/15,-0.498
2018/11/16,-664.523
2018/11/17,-2266
2018/11/18,-3864
2018/11/19,3250
2018/11/20,3640
2018/11/21,-1618
2018/11/22,173.819
2018/11/23,-3008
2018/11/24,-6258
2018/11/25,-3602
2018/11/26,2043
2018/11/27,2335
2018/11/28,217.372
2018/11/29,-1269
2018/11/30,774.83
2018/12/01,-1824
2018/12/02,-1884
2018/12/03,2220
2018/12/04,2084
2018/12/05,1401
2018/12/06,270.878
2018/12/07,607.912
2018/12/08,-1057
2018/12/09,-593.794
2018/12/10,1821
2018/12/11,629.114
2018/12/12,-1744
2018/12/13,-60.218
2018/12/14,-156.571
2018/12/15,-849.702
2018/12/16,-1222
2018/12/17,3386
2018/12/18,4991
2018/12/19,627.32
2018/12/20,-167.69
2018/12/21,1709
2018/12/22,-1178
2018/12/23,-366.612
2018/12/24,3430
2018/12/25,-57.444
2018/12/26,1236
2018/12/27,-344.569
2018/12/28,-1987
2018/12/29,-897.135
2018/12/30,-4097
2018/12/31,240.3
2019/01/01,-1616
2019/01/02,103.861
2019/01/03,1373
2019/01/04,-90.79
2019/01/05,-1813
2019/01/06,-2548
2019/01/07,881.456
2019/01/08,1041
2019/01/09,-331.043
2019/01/10,1427
2019/01/11,2008
2019/01/12,-1724
2019/01/13,-2878
2019/01/14,1655
2019/01/15,2195
2019/01/16,-881.009
2019/01/17,-1772
2019/01/18,-1878
2019/01/19,-1726
2019/01/20,-1830
2019/01/21,4744
2019/01/22,5418
2019/01/23,1660
2019/01/24,3388
2019/01/25,-183.505
2019/01/26,-142.612
2019/01/27,363.424
2019/01/28,4660
2019/01/29,7558
2019/01/30,5065
2019/01/31,7137
2019/02/01,2247
2019/02/02,-1846
2019/02/03,-2275
2019/02/04,-1025
2019/02/05,745.753
2019/02/06,-1181
2019/02/07,-484.222
2019/02/08,1117
2019/02/09,-2012
2019/02/10,-85.582
2019/02/11,4782
2019/02/12,5026
2019/02/13,4916
2019/02/14,5231
2019/02/15,4743
2019/02/16,3613
2019/02/17,4448
2019/02/18,6243
2019/02/19,6749
2019/02/20,3402
2019/02/21,2507
2019/02/22,4259
2019/02/23,2001
2019/02/24,6089
2019/02/25,9269
2019/02/26,7995
2019/02/27,3763
2019/02/28,3014
2019/03/01,-2625
2019/03/02,-4344
2019/03/03,-5036
2019/03/04,2304
2019/03/05,2142
2019/03/06,1400
2019/03/07,515.008
2019/03/08,1776
2019/03/09,117.227
2019/03/10,-3937
2019/03/11,-79.286
2019/03/12,-922.064
2019/03/13,-1566
2019/03/14,-2338
2019/03/15,-5446
2019/03/16,-7037
2019/03/17,-7420
2019/03/18,-2132
2019/03/19,-1031
2019/03/20,-4426
2019/03/21,-4354
2019/03/22,-4938
2019/03/23,-7862
2019/03/24,-8030
2019/03/25,-1822
2019/03/26,-4005
2019/03/27,-6496
2019/03/28,-6549
2019/03/29,-4390
2019/03/30,-4402
2019/03/31,1011
2019/04/01,4033
2019/04/02,7726
2019/04/03,3342
2019/04/04,3053
2019/04/05,1534
2019/04/06,-101.574
2019/04/07,-1168
2019/04/08,2676
2019/04/09,4574
2019/04/10,5545
2019/04/11,6444
2019/04/12,1207
2019/04/13,-884.592
2019/04/14,-920.454
2019/04/15,5217
2019/04/16,7357
2019/04/17,1492
2019/04/18,43.311
2019/04/19,1130
2019/04/20,-58.173
2019/04/21,1049
2019/04/22,3767
2019/04/23,5032
2019/04/24,-12.163
2019/04/25,-261.285
2019/04/26,-173.438
2019/04/27,-3302
2019/04/28,-2992
2019/04/29,-1501
2019/04/30,935.618
2019/05/01,-305.664
2019/05/02,992.571
2019/05/03,-1180
2019/05/04,-3329
2019/05/05,-153.856
2019/05/06,7816
2019/05/07,10378
2019/05/08,4333
2019/05/09,3235
2019/05/10,290.062
2019/05/11,-1455
2019/05/12,1192
2019/05/13,5401
2019/05/14,7208
2019/05/15,3902
2019/05/16,3861
2019/05/17,4816
2019/05/18,1820
2019/05/19,1089
2019/05/20,4782
2019/05/21,3080
2019/05/22,4511
2019/05/23,3459
2019/05/24,5632
2019/05/25,2923
2019/05/26,1814
2019/05/27,10329
2019/05/28,7695
2019/05/29,6857
2019/05/30,4820
2019/05/31,3211
2019/06/01,1131
2019/06/02,2355
2019/06/03,6872
2019/06/04,6192
2019/06/05,-1420
2019/06/06,-4622
2019/06/07,-1866
2019/06/08,5390
2019/06/09,-2506
2019/06/10,5043
2019/06/11,5556
2019/06/12,1643
2019/06/13,-2043
2019/06/14,-1694
2019/06/15,-329.864
2019/06/16,-2180
2019/06/17,3691
2019/06/18,2581
2019/06/19,1840
2019/06/20,4203
2019/06/21,-2659
2019/06/22,-3496
2019/06/23,-3297
2019/06/24,1205
2019/06/25,5126
2019/06/26,487.562
2019/06/27,-287.949
2019/06/28,2550
2019/06/29,-4536
2019/06/30,-2753
2019/07/01,2452
2019/07/02,1798
2019/07/03,-2260
2019/07/04,-2619
2019/07/05,1525
2019/07/06,3175
2019/07/07,2951
2019/07/08,2739
2019/07/09,3072
2019/07/10,-5292
2019/07/11,910.937
2019/07/12,-2274
2019/07/13,-4401
2019/07/14,-4495
2019/07/15,10410
2019/07/16,6635
2019/07/17,-1209
2019/07/18,949.151
2019/07/19,-2756
2019/07/20,-10396
2019/07/21,-6701
2019/07/22,-2914
2019/07/23,-3168
2019/07/24,1950
2019/07/25,881.645
2019/07/26,-7790
2019/07/27,-7609
2019/07/28,-11347
2019/07/29,-1039
2019/07/30,-116.433
2019/07/31,-7187
2019/08/01,-419.183
2019/08/02,-622.908
2019/08/03,-281.63
2019/08/04,-6898
2019/08/05,-5232
2019/08/06,-4180
2019/08/07,-9193
2019/08/08,-2311
2019/08/09,-1223
2019/08/10,-9881
2019/08/11,-5376
2019/08/12,2408
2019/08/13,1333
2019/08/14,-14761
2019/08/15,-9158
2019/08/16,-4350
2019/08/17,-6713
2019/08/18,-5567
2019/08/19,3533
2019/08/20,4880
2019/08/21,2210
2019/08/22,2318
2019/08/23,-5090
2019/08/24,-7850
2019/08/25,3054
2019/08/26,6506
2019/08/27,4876
2019/08/28,1408
2019/08/29,795.782
2019/08/30,614.79
2019/08/31,-5812
2019/09/01,-2318
2019/09/02,-343.102
2019/09/03,3595
2019/09/04,-648.095
2019/09/05,248.017
2019/09/06,231.807
2019/09/07,-1635
2019/09/08,-1984
2019/09/09,3274
2019/09/10,2765
2019/09/11,-373.97
2019/09/12,-217.805
2019/09/13,-3915
2019/09/14,-3193
2019/09/15,-2874
2019/09/16,-10532
2019/09/17,-18467
2019/09/18,-21289
2019/09/19,-21154
2019/09/20,-21228
2019/09/21,-21494
2019/09/22,-21119
2019/09/23,-19992
2019/09/24,-22498
2019/09/25,-24261
2019/09/26,-22150
2019/09/27,-21543
2019/09/28,-21323
2019/09/29,-21067
2019/09/30,-19888
2019/10/01,-20134
2019/10/02,-22054
2019/10/03,-21631
2019/10/04,-20683
2019/10/05,-21712
2019/10/06,-22022
2019/10/07,-19515
2019/10/08,-19209
2019/10/09,-21393
2019/10/10,-19760
2019/10/11,-19801
2019/10/12,-20315
2019/10/13,-17954
2019/10/14,-17794
2019/10/15,-18290
2019/10/16,-8185
2019/10/17,0
2019/10/18,0
2019/10/19,0
2019/10/20,0
2019/10/21,0
2019/10/22,0
2019/10/23,0
2019/10/24,0
2019/10/25,0
2019/10/26,0
2019/10/27,0
2019/10/28,0
2019/10/29,0
2019/10/30,0
2019/10/31,0
2019/11/01,0
2019/11/02,0
2019/11/03,0
2019/11/04,0
2019/11/05,0
2019/11/06,0
2019/11/07,0
2019/11/08,0
2019/11/09,0
2019/11/10,0
2019/11/11,0
2019/11/12,0
2019/11/13,0
2019/11/14,0
2019/11/15,0
2019/11/16,0
2019/11/17,0
2019/11/18,0
2019/11/19,0
2019/11/20,0
2019/11/21,0
2019/11/22,0
2019/11/23,0
2019/11/24,0
2019/11/25,0
2019/11/26,0
2019/11/27,0
2019/11/28,0
2019/11/29,0
2019/11/30,12880
2019/12/01,25933
2019/12/02,27066
2019/12/03,24340
2019/12/04,29349
2019/12/05,24676
2019/12/06,23020
2019/12/07,19382
2019/12/08,20648
2019/12/09,24920
2019/12/10,25190
2019/12/11,24671
2019/12/12,24847
2019/12/13,24562
2019/12/14,23121
2019/12/15,22918
2019/12/16,26804
2019/12/17,27159
2019/12/18,28105
2019/12/19,27178
2019/12/20,27193
2019/12/21,24585
2019/12/22,24407
2019/12/23,27160
2019/12/24,24708
2019/12/25,24056
2019/12/26,24563
2019/12/27,24644
2019/12/28,21575
2019/12/29,21031
2019/12/30,11713
2019/12/31,-1694
2020/01/01,-6520
2020/01/02,-4202
2020/01/03,-9955
2020/01/04,-5647
2020/01/05,-4612
2020/01/06,909.76
2020/01/07,511.885
2020/01/08,-2537
2020/01/09,-4987
2020/01/10,-4594
2020/01/11,-6505
2020/01/12,33658
2020/01/13,621.989
2020/01/14,-141.87
2020/01/15,-3439
2020/01/16,-5736
2020/01/17,-5951
2020/01/18,-6755
2020/01/19,-6622
2020/01/20,-4419
2020/01/21,-5885
2020/01/22,-9948
2020/01/23,-6125
2020/01/24,-4812
2020/01/25,-8023
2020/01/26,-7798
2020/01/27,-4221
2020/01/28,-1966
2020/01/29,-5536
2020/01/30,-3633
2020/01/31,772.909
2020/02/01,-1377
2020/02/02,-1591
2020/02/03,1761
2020/02/04,-751.932
2020/02/05,54.423
2020/02/06,-915.653
2020/02/07,-947.059
2020/02/08,1762
2020/02/09,860.418
2020/02/10,3373
2020/02/11,-35047
2020/02/12,2778
2020/02/13,2851
2020/02/14,2676
2020/02/15,1645
2020/02/16,8.404
2020/02/17,3715
2020/02/18,3648
2020/02/19,2845
2020/02/20,4895
2020/02/21,5052
2020/02/22,1421
2020/02/23,642.497
2020/02/24,7097
2020/02/25,7263
2020/02/26,8137
2020/02/27,5640
2020/02/28,4969
2020/02/29,101.277
2020/03/01,80.928
2020/03/02,4021
2020/03/03,4582
2020/03/04,687.859
2020/03/05,5761
2020/03/06,2196
2020/03/07,550.363
2020/03/08,2236
2020/03/09,5923
2020/03/10,4177
2020/03/11,3067
2020/03/12,4550
2020/03/13,1061
2020/03/14,-2324
2020/03/15,-2872
2020/03/16,3302
2020/03/17,2775
2020/03/18,-49.551
2020/03/19,3194
2020/03/20,4074
2020/03/21,3162
2020/03/22,3337
2020/03/23,5422
2020/03/24,6215
2020/03/25,1138
2020/03/26,550.084
2020/03/27,-2229
2020/03/28,-2461
2020/03/29,-4773
2020/03/30,2208
2020/03/31,2656
2020/04/01,395.184
2020/04/02,2468
2020/04/03,2649
2020/04/04,-2082
2020/04/05,-2184
2020/04/06,5246
2020/04/07,1511
2020/04/08,-2494
2020/04/09,-1666
2020/04/10,-207.435
2020/04/11,-4727
2020/04/12,-4822
2020/04/13,1002
2020/04/14,1771
2020/04/15,-1736
2020/04/16,1191
2020/04/17,831.952
2020/04/18,-3141
2020/04/19,-3860
2020/04/20,-372.784
2020/04/21,-86.417
2020/04/22,-198.311
2020/04/23,-138.636
2020/04/24,757.714
2020/04/25,326.408
2020/04/26,1796
2020/04/27,3521
2020/04/28,6803
2020/04/29,5014
2020/04/30,4607
2020/05/01,2713
2020/05/02,-992.29
2020/05/03,695.63
2020/05/04,5604
2020/05/05,4181
2020/05/06,1869
2020/05/07,6235
2020/05/08,1685
2020/05/09,4311
2020/05/10,2972
2020/05/11,4595
2020/05/12,4073
2020/05/13,1398
2020/05/14,667.089
2020/05/15,2643
2020/05/16,589.787
2020/05/17,508.508
2020/05/18,2260
2020/05/19,3594
2020/05/20,1475
2020/05/21,3094
2020/05/22,3317
2020/05/23,873.12
2020/05/24,1206
2020/05/25,1758
2020/05/26,3172
2020/05/27,976.448
2020/05/28,1928
2020/05/29,2630
2020/05/30,-1392
2020/05/31,3371
2020/06/01,6079
2020/06/02,5337
2020/06/03,452.204
2020/06/04,4306
2020/06/05,-462.207
2020/06/06,-2326
2020/06/07,2086
2020/06/08,1288
2020/06/09,1270
2020/06/10,3545
2020/06/11,3533
2020/06/12,2218
2020/06/13,137.242
2020/06/14,-2058
2020/06/15,2740
2020/06/16,3444
2020/06/17,1592
2020/06/18,2157
2020/06/19,2973
2020/06/20,2417
2020/06/21,5458
2020/06/22,9920
2020/06/23,10359
2020/06/24,11690
2020/06/25,10010
2020/06/26,8569
2020/06/27,8489
2020/06/28,3056
2020/06/29,7555
2020/06/30,5250
2020/07/01,5316
2020/07/02,6254
2020/07/03,8544
2020/07/04,3235
2020/07/05,2289
2020/07/06,5556
2020/07/07,6575
2020/07/08,7649
2020/07/09,7489
2020/07/10,2523
2020/07/11,1043
2020/07/12,5418
2020/07/13,13069
2020/07/14,10377
2020/07/15,6880
2020/07/16,6013
2020/07/17,7346
2020/07/18,8299
2020/07/19,8359
2020/07/20,7765
2020/07/21,4912
2020/07/22,2330
2020/07/23,1880
2020/07/24,1621
2020/07/25,4916
2020/07/26,3675
2020/07/27,5995
2020/07/28,6805
2020/07/29,5242
2020/07/30,5522
2020/07/31,6038
2020/08/01,2780
2020/08/02,2327
2020/08/03,7054
2020/08/04,9042
2020/08/05,4575
2020/08/06,4332
2020/08/07,4548
2020/08/08,4576
2020/08/09,9100
2020/08/10,12215
2020/08/11,8943
2020/08/12,3677
2020/08/13,5225
2020/08/14,5009
2020/08/15,2749
2020/08/16,3950
2020/08/17,3294
2020/08/18,2961
2020/08/19,2229
2020/08/20,1579
2020/08/21,4210
2020/08/22,-268.923
2020/08/23,-2079
2020/08/24,-3729
2020/08/25,-564.666
2020/08/26,-3619
2020/08/27,-2446
2020/08/28,-1513
2020/08/29,-282.196
2020/08/30,-27.29
2020/08/31,1888
2020/09/01,3037
2020/09/02,632.218
2020/09/03,561.281
2020/09/04,-1734
2020/09/05,-3900
2020/09/06,-5393
2020/09/07,-4592
2020/09/08,-6696
2020/09/09,-7219
2020/09/10,-3246
2020/09/11,-5477
2020/09/12,-4073
2020/09/13,-3887
2020/09/14,1267
2020/09/15,-927.886
2020/09/16,-3324
2020/09/17,16980
2020/09/18,3670
2020/09/19,-1436
2020/09/20,-5969
2020/09/21,-116.206
2020/09/22,2243
2020/09/23,-555.825
2020/09/24,-732.264
2020/09/25,-1591
2020/09/26,-1337
2020/09/27,-1976
2020/09/28,-1037
2020/09/29,-2436
2020/09/30,-2881
2020/10/01,-4322
2020/10/02,-3004
2020/10/03,-4473
2020/10/04,-345.095
2020/10/05,1763
2020/10/06,3712
2020/10/07,1667
2020/10/08,1050
2020/10/09,887.035
2020/10/10,-3418
2020/10/11,-1748
2020/10/12,1910
2020/10/13,746.257
2020/10/14,-1650
2020/10/15,846.784
2020/10/16,659.463
2020/10/17,-23970
2020/10/18,-9775
2020/10/19,-682.556
2020/10/20,1346
2020/10/21,707.219
2020/10/22,-1177
2020/10/23,-1272
2020/10/24,-4027
2020/10/25,-3499
2020/10/26,1332
2020/10/27,1659
2020/10/28,763.431
2020/10/29,-232.893
2020/10/30,531.554
2020/10/31,686.866
2020/11/01,59.593
2020/11/02,4352
2020/11/03,1575
2020/11/04,663.657
2020/11/05,-585.735
2020/11/06,2308
2020/11/07,2239
2020/11/08,-1981
2020/11/09,3749
2020/11/10,4942
2020/11/11,-1816
2020/11/12,-269.624
2020/11/13,2173
2020/11/14,-2725
2020/11/15,-1199
2020/11/16,3441
2020/11/17,4954
2020/11/18,-96.22
2020/11/19,-451.805
2020/11/20,743.661
2020/11/21,1032
2020/11/22,2564
2020/11/23,8412
2020/11/24,7872
2020/11/25,3440
2020/11/26,2612
2020/11/27,-1266
2020/11/28,-4383
2020/11/29,-3992
2020/11/30,2394
2020/12/01,3631
2020/12/02,-366.739
2020/12/03,1811
2020/12/04,2665
2020/12/05,-1026
2020/12/06,-1945
2020/12/07,1105
2020/12/08,7284
2020/12/09,1340
2020/12/10,-295.845
2020/12/11,5439
2020/12/12,-1167
2020/12/13,-1578
2020/12/14,4064
2020/12/15,4295
2020/12/16,3592
2020/12/17,3638
2020/12/18,2467
2020/12/19,2627
2020/12/20,-428.022
2020/12/21,2006
2020/12/22,1841
2020/12/23,6639
2020/12/24,1089
2020/12/25,12498
2020/12/26,4793
2020/12/27,7066
2020/12/28,11802
2020/12/29,10111
2020/12/30,2970
2020/12/31,805.085
2021/01/01,2104
2021/01/02,338.851
2021/01/03,1935
2021/01/04,5329
2021/01/05,5299
2021/01/06,3662
2021/01/07,2389
2021/01/08,2829
2021/01/09,2611
2021/01/10,295.875
2021/01/11,8468
2021/01/12,3906
2021/01/13,192.144
2021/01/14,1965
2021/01/15,1181
2021/01/16,-601.356
2021/01/17,1630
2021/01/18,3624
2021/01/19,6218
2021/01/20,1918
2021/01/21,1864
2021/01/22,-5493
2021/01/23,-638.143
2021/01/24,-11315
2021/01/25,-522.357
2021/01/26,-1050
2021/01/27,-1471
2021/01/28,358.485
2021/01/29,3478
2021/01/30,3375
2021/01/31,3807
2021/02/01,4969
2021/02/02,3577
2021/02/03,2378
2021/02/04,1231
2021/02/05,1385
2021/02/06,-2644
2021/02/07,-455.12
2021/02/08,1933
2021/02/09,2404
2021/02/10,-964.675
2021/02/11,3139
2021/02/12,5782
2021/02/13,3923
2021/02/14,1648
2021/02/15,2626
2021/02/16,2123
2021/02/17,1745
2021/02/18,1012
2021/02/19,1797
2021/02/20,2008
2021/02/21,750.046
2021/02/22,4400
2021/02/23,3012
2021/02/24,760.875
2021/02/25,-166.476
2021/02/26,594.33
2021/02/27,-987.231
2021/02/28,-1989
2021/03/01,-1385
2021/03/02,-245.977
2021/03/03,194.005
2021/03/04,-1176
2021/03/05,468.396
2021/03/06,-1230
2021/03/07,-1110
2021/03/08,2633
2021/03/09,3897
2021/03/10,916.334
2021/03/11,2029
2021/03/12,2403
2021/03/13,2220
2021/03/14,925.717
2021/03/15,1047
2021/03/16,2016
2021/03/17,-942.221
2021/03/18,5025
2021/03/19,-652.511
2021/03/20,-1862
2021/03/21,-1017
2021/03/22,554.435
2021/03/23,2367
2021/03/24,-667.428
2021/03/25,234.395
2021/03/26,-2068
2021/03/27,-255.364
2021/03/28,-1574
2021/03/29,1348
2021/03/30,1461
2021/03/31,4496
2021/04/01,2458
2021/04/02,554.395
2021/04/03,-12.181
2021/04/04,-3108
2021/04/05,1261
2021/04/06,2594
2021/04/07,1201
2021/04/08,-1724
2021/04/09,783.057
2021/04/10,-2438
2021/04/11,-3479
2021/04/12,-1448
2021/04/13,-1102
2021/04/14,102.875
2021/04/15,-2147
2021/04/16,2267
2021/04/17,-1510
2021/04/18,3018
2021/04/19,3433
2021/04/20,4385
2021/04/21,6114
2021/04/22,10555
2021/04/23,10177
2021/04/24,2621
2021/04/25,5385
2021/04/26,8398
2021/04/27,8644
2021/04/28,8983
2021/04/29,9109
2021/04/30,5945
2021/05/01,6125
2021/05/02,7724
2021/05/03,9329
2021/05/04,14847
2021/05/05,10525
2021/05/06,8798
2021/05/07,9548
2021/05/08,14178
2021/05/09,12632
2021/05/10,13702
2021/05/11,13334
2021/05/12,11347
2021/05/13,10622
2021/05/14,6040
2021/05/15,8715
2021/05/16,6699
2021/05/17,7647
2021/05/18,6274
2021/05/19,13700
2021/05/20,8706
2021/05/21,3876
2021/05/22,-4224
2021/05/23,-606.232
2021/05/24,7119
2021/05/25,5794
2021/05/26,3715
2021/05/27,948.829
2021/05/28,-21.724
2021/05/29,-3619
2021/05/30,-2552
2021/05/31,-1849
2021/06/01,-2600
2021/06/02,-2540
2021/06/03,-4763
2021/06/04,-2909
2021/06/05,-7531
2021/06/06,-10315
2021/06/07,-7897
2021/06/08,-4840
2021/06/09,-5252
2021/06/10,-4125
2021/06/11,-3802
2021/06/12,-7134
2021/06/13,-3721
2021/06/14,-904.787
2021/06/15,-573.205
2021/06/16,-1091
2021/06/17,-494.127
2021/06/18,-7931
2021/06/19,-9784
2021/06/20,-5921
2021/06/21,5445
2021/06/22,2914
2021/06/23,-216.635
2021/06/24,-1266
2021/06/25,527.194
2021/06/26,-998.56
2021/06/27,-2349
2021/06/28,6237
2021/06/29,3978
2021/06/30,3721
2021/07/01,2959
2021/07/02,512.832
2021/07/03,-1769
2021/07/04,-212.294
2021/07/05,5105
2021/07/06,9343
2021/07/07,3083
2021/07/08,65.517
2021/07/09,2471
2021/07/10,197.63
2021/07/11,-1654
2021/07/12,3586
2021/07/13,5351
2021/07/14,5982
2021/07/15,7801
2021/07/16,3569
2021/07/17,3717
2021/07/18,5278
2021/07/19,15521
2021/07/20,12548
2021/07/21,3587
2021/07/22,761.536
2021/07/23,4699
2021/07/24,6295
2021/07/25,3964
2021/07/26,9909
2021/07/27,9701
2021/07/28,4762
2021/07/29,4171
2021/07/30,4184
2021/07/31,5437
2021/08/01,11958
2021/08/02,13840
2021/08/03,13336
2021/08/04,16765
2021/08/05,16647
2021/08/06,18744
2021/08/07,15396
2021/08/08,16576
2021/08/09,21501
2021/08/10,26155
2021/08/11,20655
2021/08/12,16763
2021/08/13,19577
2021/08/14,17328
2021/08/15,16646
2021/08/16,13402
2021/08/17,12942
2021/08/18,4809
2021/08/19,5707
2021/08/20,5977
2021/08/21,12367
2021/08/22,18088
2021/08/23,20968
2021/08/24,31434
2021/08/25,23074
2021/08/26,22678
2021/08/27,19601
2021/08/28,24439
2021/08/29,25359
2021/08/30,26809
2021/08/31,16366
2021/09/01,12721
2021/09/02,7699
2021/09/03,1841
2021/09/04,2985
2021/09/05,-1119
2021/09/06,3917
2021/09/07,4492
2021/09/08,-6313
2021/09/09,-4878
2021/09/10,-1932
2021/09/11,3927
2021/09/12,2293
2021/09/13,-2035
2021/09/14,3587
2021/09/15,6030
2021/09/16,12496
2021/09/17,11179
2021/09/18,9012
2021/09/19,15182
2021/09/20,15157
2021/09/21,6569
2021/09/22,3000
2021/09/23,-9619
2021/09/24,1957
2021/09/25,-2268
2021/09/26,3615
2021/09/27,2643
2021/09/28,4961
2021/09/29,366.647
2021/09/30,1694
2021/10/01,3308
2021/10/02,7911
2021/10/03,18654
2021/10/04,15713
2021/10/05,19450
2021/10/06,13536
2021/10/07,5184
2021/10/08,14055
2021/10/09,4997
2021/10/10,3194
2021/10/11,759.095
2021/10/12,-1854
2021/10/13,3339
2021/10/14,-5678
2021/10/15,-172.346
2021/10/16,-16932
2021/10/17,-8611
2021/10/18,-7331
2021/10/19,-12088
2021/10/20,-16495
2021/10/21,-12395
2021/10/22,-10820
2021/10/23,-9936
2021/10/24,-15524
2021/10/25,-10801
2021/10/26,-15869
2021/10/27,-16955
2021/10/28,-22055
2021/10/29,-23156
2021/10/30,-20502
2021/10/31,-17459
2021/11/01,-15789
2021/11/02,-24749
2021/11/03,-24804
2021/11/04,-27199
2021/11/05,-23825
2021/11/06,-18771
2021/11/07,-18451
2021/11/08,-14276
2021/11/09,-8368
2021/11/10,-9027
2021/11/11,-14519
2021/11/12,-17581
2021/11/13,-8050
2021/11/14,-12456
2021/11/15,348.02
2021/11/16,555.365
2021/11/17,348.26
2021/11/18,-2375
2021/11/19,-89.77
2021/11/20,-5102
2021/11/21,-433.524
2021/11/22,848.739
2021/11/23,993.005
2021/11/24,1485
2021/11/25,-165.529
2021/11/26,2282
2021/11/27,3437
2021/11/28,7485
2021/11/29,9403
2021/11/30,6442
2021/12/01,3484
2021/12/02,3863
2021/12/03,1003
2021/12/04,5738
2021/12/05,6452
2021/12/06,4631
2021/12/07,1942
2021/12/08,6208
2021/12/09,1461
2021/12/10,-321.844
2021/12/11,2995
2021/12/12,4507
2021/12/13,7795
2021/12/14,6508
2021/12/15,1678
2021/12/16,-7370
2021/12/17,2716
2021/12/18,7098
2021/12/19,-2056
2021/12/20,2632
2021/12/21,-3891
2021/12/22,-4441
2021/12/23,-278.298
2021/12/24,-835.341
2021/12/25,2589
2021/12/26,-133.521
2021/12/27,7974
2021/12/28,8074
2021/12/29,11673
2021/12/30,10493
2021/12/31,10216
2022/01/01,8537
2022/01/02,18767
2022/01/03,17197
2022/01/04,13653
2022/01/05,19618
2022/01/06,19379
2022/01/07,16990
2022/01/08,22336
2022/01/09,31062
2022/01/10,27968
2022/01/11,27764
2022/01/12,12966
2022/01/13,18240
2022/01/14,20607
2022/01/15,26248
2022/01/16,17365
2022/01/17,16561
2022/01/18,23094
2022/01/19,17338
2022/01/20,11216
2022/01/21,19417
2022/01/22,14547
2022/01/23,9263
2022/01/24,15206
2022/01/25,17739
2022/01/26,11702
2022/01/27,13950
2022/01/28,2532
2022/01/29,7861
2022/01/30,11306
2022/01/31,8003
2022/02/01,5066
2022/02/02,5684
2022/02/03,5410
2022/02/04,-2182
2022/02/05,-1648
2022/02/06,-6738
2022/02/07,-2988
2022/02/08,-13159
2022/02/09,-8013
2022/02/10,-3521
2022/02/11,5282
2022/02/12,-5131
2022/02/13,-2951
2022/02/14,-1430
2022/02/15,1250
2022/02/16,3383
2022/02/17,8635
2022/02/18,11599
2022/02/19,21690
2022/02/20,14235
2022/02/21,32280
2022/02/22,18930
2022/02/23,11420
2022/02/24,6027
2022/02/25,8347
2022/02/26,-269.273
2022/02/27,4810
2022/02/28,1072
2022/03/01,-50.082
2022/03/02,9509
2022/03/03,5252
2022/03/04,-7020
2022/03/05,-8590
2022/03/06,-3910
2022/03/07,2309
2022/03/08,7309
2022/03/09,-447.155
2022/03/10,766.696
2022/03/11,2876
2022/03/12,-5396
2022/03/13,-4212
2022/03/14,4168
2022/03/15,1086
2022/03/16,-389.041
2022/03/17,-9147
2022/03/18,-12141
2022/03/19,-18880
2022/03/20,-11755
2022/03/21,-15614
2022/03/22,-14474
2022/03/23,-29808
2022/03/24,-14337
2022/03/25,-13091
2022/03/26,-15262
2022/03/27,-16786
2022/03/28,-10342
2022/03/29,-7848
2022/03/30,-5864
2022/03/31,-4678
2022/04/01,-8761
2022/04/02,-5895
2022/04/03,6021
2022/04/04,11162
2022/04/05,8474
2022/04/06,9266
2022/04/07,14780
2022/04/08,13152
2022/04/09,5729
2022/04/10,7536
2022/04/11,8491
2022/04/12,6357
2022/04/13,4159
2022/04/14,4242
2022/04/15,237.555
2022/04/16,4841
2022/04/17,8340
2022/04/18,12091
2022/04/19,5463
2022/04/20,11510
2022/04/21,3411
2022/04/22,5074
2022/04/23,4136
2022/04/24,10038
2022/04/25,14933
2022/04/26,7809
2022/04/27,14505
2022/04/28,7760
2022/04/29,5003
2022/04/30,-443.229
2022/05/01,718.847
2022/05/02,-3138
2022/05/03,-1809
2022/05/04,-889.022
2022/05/05,3346
2022/05/06,-2283
2022/05/07,-18824
2022/05/08,-20625
2022/05/09,-605.994
2022/05/10,934.549
2022/05/11,6309
2022/05/12,6131
2022/05/13,-4317
2022/05/14,-6016
2022/05/15,-614.86
2022/05/16,2438
2022/05/17,12175
2022/05/18,-3081
2022/05/19,1040
2022/05/20,-4387
2022/05/21,7017
2022/05/22,6591
2022/05/23,4445
2022/05/24,2726
2022/05/25,7835
2022/05/26,22907
2022/05/27,1895
2022/05/28,5512
2022/05/29,23389
2022/05/30,17412
2022/05/31,20410
2022/06/01,39542
2022/06/02,37163
2022/06/03,25134
2022/06/04,15328
2022/06/05,17032
2022/06/06,23922
2022/06/07,30421
2022/06/08,20852
2022/06/09,2556
2022/06/10,-7119
2022/06/11,-6380
2022/06/12,6931
2022/06/13,12782
2022/06/14,10587
2022/06/15,6258
2022/06/16,-16730
2022/06/17,-4797
2022/06/18,-6589
2022/06/19,-7956
2022/06/20,-13667
2022/06/21,-10976
2022/06/22,2343
2022/06/23,-6668
2022/06/24,-7142
2022/06/25,-15339
2022/06/26,10021
2022/06/27,7632
2022/06/28,-16994
2022/06/29,691.018
2022/06/30,-13082
2022/07/01,-45618
2022/07/02,-49633
2022/07/03,-34162
2022/07/04,-25652
2022/07/05,-23567
2022/07/06,-25670
2022/07/07,-26674
2022/07/08,-29828
2022/07/09,-17439
2022/07/10,-10636
2022/07/11,-11072
2022/07/12,-12557
2022/07/13,-13854
2022/07/14,-14694
2022/07/15,-12152
2022/07/16,-2952
2022/07/17,60.042
2022/07/18,1623
2022/07/19,-4250
2022/07/20,-334.732
2022/07/21,-5260
2022/07/22,-16085
2022/07/23,-9514
2022/07/24,-12056
2022/07/25,-11039
2022/07/26,-24811
2022/07/27,-22569
2022/07/28,-10912
2022/07/29,-20042
2022/07/30,-12517
2022/07/31,2244
2022/08/01,5914
2022/08/02,2146
2022/08/03,1515
2022/08/04,-2446
2022/08/05,7844
2022/08/06,-757.429
2022/08/07,-82.18
2022/08/08,1422
2022/08/09,2417
2022/08/10,11969
2022/08/11,3573
2022/08/12,-4444
2022/08/13,-1593
2022/08/14,2627
2022/08/15,-2827
2022/08/16,-3255
2022/08/17,-5046
2022/08/18,2200
2022/08/19,6286
2022/08/20,-1350
2022/08/21,2671
2022/08/22,2469
2022/08/23,2035
2022/08/24,-4572
2022/08/25,885.133
2022/08/26,5115
2022/08/27,2218
2022/08/28,6722
2022/08/29,11865
2022/08/30,16260
2022/08/31,6114
2022/09/01,-3816
2022/09/02,-7485
2022/09/03,-10051
2022/09/04,-15562
2022/09/05,-7330
2022/09/06,-2096
2022/09/07,-3580
2022/09/08,-4991
2022/09/09,-12285
2022/09/10,-12238
2022/09/11,-3834
2022/09/12,-1277
2022/09/13,-7265
2022/09/14,-3471
2022/09/15,-6436
2022/09/16,-7271
2022/09/17,-11589
2022/09/18,-11760
2022/09/19,-1966
2022/09/20,41.69
2022/09/21,-1265
2022/09/22,-2474
2022/09/23,-411.841
2022/09/24,-11169
2022/09/25,-13103
2022/09/26,-6568
2022/09/27,-11318
2022/09/28,-16218
2022/09/29,-22043
2022/09/30,-13106
2022/10/01,-191.709
2022/10/02,2667
2022/10/03,3150
2022/10/04,9757
2022/10/05,10455
2022/10/06,1675
2022/10/07,-614.874
2022/10/08,-7246
2022/10/09,-27916
2022/10/10,-18591
2022/10/11,-16268
2022/10/12,-15981
2022/10/13,-3294
2022/10/14,-8267
2022/10/15,-11249
2022/10/16,-7792
2022/10/17,3057
2022/10/18,205.766
2022/10/19,-4879
2022/10/20,-6482
2022/10/21,-6770
2022/10/22,-16063
2022/10/23,-9557
2022/10/24,436.945
2022/10/25,4868
2022/10/26,4640
2022/10/27,6571
2022/10/28,370.808
2022/10/29,1349
2022/10/30,-233.504
2022/10/31,-2766
2022/11/01,-1791
2022/11/02,-804.17
2022/11/03,-8903
2022/11/04,-8383
2022/11/05,-9420
2022/11/06,-2896
2022/11/07,8680
2022/11/08,35699
2022/11/09,37154
2022/11/10,23931
2022/11/11,17191
2022/11/12,-1412
2022/11/13,4769
2022/11/14,17535
2022/11/15,8179
2022/11/16,-2699
2022/11/17,-4377
2022/11/18,-6572
2022/11/19,-7680
2022/11/20,-2298
2022/11/21,10196
2022/11/22,5386
2022/11/23,1308
2022/11/24,-7839
2022/11/25,-16274
2022/11/26,-14073
2022/11/27,-10114
2022/11/28,-4797
2022/11/29,-93.869
