Date,transactions90var
2016/01/01,13290933
2016/01/02,13248715
2016/01/03,13188862
2016/01/04,13139270
2016/01/05,13760096
2016/01/06,14463127
2016/01/07,16298884
2016/01/08,16258945
2016/01/09,16222806
2016/01/10,16157699
2016/01/11,16118720
2016/01/12,16075265
2016/01/13,16736932
2016/01/14,16670498
2016/01/15,16573632
2016/01/16,16479950
2016/01/17,16378989
2016/01/18,16336723
2016/01/19,16343852
2016/01/20,16186592
2016/01/21,16096107
2016/01/22,16124696
2016/01/23,15942798
2016/01/24,15835767
2016/01/25,16246229
2016/01/26,16583199
2016/01/27,17287803
2016/01/28,17652106
2016/01/29,17923672
2016/01/30,17941331
2016/01/31,17872232
2016/02/01,17864411
2016/02/02,17821720
2016/02/03,17803533
2016/02/04,17810170
2016/02/05,17997525
2016/02/06,22493744
2016/02/07,22430190
2016/02/08,22422966
2016/02/09,22578030
2016/02/10,22868004
2016/02/11,23748942
2016/02/12,23938936
2016/02/13,24275263
2016/02/14,24257080
2016/02/15,24240000
2016/02/16,24267153
2016/02/17,24754638
2016/02/18,24537155
2016/02/19,24514917
2016/02/20,24317430
2016/02/21,24271272
2016/02/22,24182110
2016/02/23,24088744
2016/02/24,24121052
2016/02/25,24018420
2016/02/26,24133010
2016/02/27,23914649
2016/02/28,23953598
2016/02/29,23831247
2016/03/01,23830523
2016/03/02,24179792
2016/03/03,24720551
2016/03/04,25042448
2016/03/05,26324818
2016/03/06,27365284
2016/03/07,27239559
2016/03/08,27254969
2016/03/09,27368276
2016/03/10,27579571
2016/03/11,27446407
2016/03/12,28080145
2016/03/13,29587215
2016/03/14,30950305
2016/03/15,32250494
2016/03/16,32927745
2016/03/17,35179539
2016/03/18,36760516
2016/03/19,39338552
2016/03/20,41301541
2016/03/21,43514247
2016/03/22,45678743
2016/03/23,47411718
2016/03/24,50217269
2016/03/25,53003861
2016/03/26,56321591
2016/03/27,57040155
2016/03/28,58489035
2016/03/29,60674064
2016/03/30,62775177
2016/03/31,62777313
2016/04/01,63170423
2016/04/02,62523854
2016/04/03,61876650
2016/04/04,63714146
2016/04/05,67006764
2016/04/06,68224770
2016/04/07,68055481
2016/04/08,68496039
2016/04/09,67953033
2016/04/10,67513726
2016/04/11,66595230
2016/04/12,67823002
2016/04/13,67933549
2016/04/14,67320529
2016/04/15,66836012
2016/04/16,65064645
2016/04/17,66479685
2016/04/18,66023071
2016/04/19,64503243
2016/04/20,62958551
2016/04/21,63110351
2016/04/22,61221930
2016/04/23,59797569
2016/04/24,59683605
2016/04/25,59635198
2016/04/26,59449777
2016/04/27,59019551
2016/04/28,58515022
2016/04/29,58080172
2016/04/30,60051033
2016/05/01,59718721
2016/05/02,59870186
2016/05/03,58819929
2016/05/04,57594252
2016/05/05,56763022
2016/05/06,58424210
2016/05/07,56567394
2016/05/08,55552414
2016/05/09,54311428
2016/05/10,53888547
2016/05/11,54390598
2016/05/12,55190977
2016/05/13,57091122
2016/05/14,57312050
2016/05/15,56717263
2016/05/16,54987370
2016/05/17,54320437
2016/05/18,54062162
2016/05/19,53632830
2016/05/20,52642883
2016/05/21,51202372
2016/05/22,49115433
2016/05/23,47883030
2016/05/24,46647497
2016/05/25,46102125
2016/05/26,47376639
2016/05/27,47015565
2016/05/28,57936661
2016/05/29,56639112
2016/05/30,55079838
2016/05/31,54186977
2016/06/01,53187702
2016/06/02,51710898
2016/06/03,50868808
2016/06/04,50003289
2016/06/05,48009177
2016/06/06,46242783
2016/06/07,45409923
2016/06/08,43789506
2016/06/09,41565229
2016/06/10,40579998
2016/06/11,39559153
2016/06/12,38834013
2016/06/13,38713921
2016/06/14,39065957
2016/06/15,39053395
2016/06/16,38806306
2016/06/17,47181999
2016/06/18,53043672
2016/06/19,54008923
2016/06/20,54133469
2016/06/21,54057182
2016/06/22,54797299
2016/06/23,54718966
2016/06/24,54891057
2016/06/25,53869143
2016/06/26,53397839
2016/06/27,52944198
2016/06/28,52876830
2016/06/29,53087454
2016/06/30,58415516
2016/07/01,56909667
2016/07/02,55463747
2016/07/03,55043355
2016/07/04,55013961
2016/07/05,54113511
2016/07/06,53247848
2016/07/07,52644234
2016/07/08,51625811
2016/07/09,50658557
2016/07/10,49273358
2016/07/11,48822598
2016/07/12,48459382
2016/07/13,48317961
2016/07/14,47783903
2016/07/15,46307546
2016/07/16,46448508
2016/07/17,46373903
2016/07/18,45465777
2016/07/19,44551754
2016/07/20,45013684
2016/07/21,43772922
2016/07/22,42841583
2016/07/23,42037503
2016/07/24,43965421
2016/07/25,44190031
2016/07/26,46900675
2016/07/27,46852555
2016/07/28,46596287
2016/07/29,46677011
2016/07/30,46500278
2016/07/31,46676518
2016/08/01,46259531
2016/08/02,45990657
2016/08/03,45908711
2016/08/04,45846762
2016/08/05,45020994
2016/08/06,44898567
2016/08/07,44515844
2016/08/08,44368677
2016/08/09,44253913
2016/08/10,44278050
2016/08/11,44308220
2016/08/12,44300290
2016/08/13,44419751
2016/08/14,44013738
2016/08/15,43857919
2016/08/16,44028989
2016/08/17,44027658
2016/08/18,44121024
2016/08/19,44145131
2016/08/20,43886696
2016/08/21,43935479
2016/08/22,43895829
2016/08/23,44006438
2016/08/24,43615609
2016/08/25,43702532
2016/08/26,36620767
2016/08/27,36723282
2016/08/28,36736822
2016/08/29,36743627
2016/08/30,36732185
2016/08/31,36455734
2016/09/01,36254379
2016/09/02,36900622
2016/09/03,36321729
2016/09/04,35981721
2016/09/05,36046453
2016/09/06,35949389
2016/09/07,35734866
2016/09/08,36632240
2016/09/09,36526854
2016/09/10,36506886
2016/09/11,36570326
2016/09/12,36338273
2016/09/13,36378927
2016/09/14,37048388
2016/09/15,32755501
2016/09/16,30943692
2016/09/17,30630592
2016/09/18,31242737
2016/09/19,31468253
2016/09/20,32188661
2016/09/21,32058882
2016/09/22,32628488
2016/09/23,32940248
2016/09/24,32819348
2016/09/25,32953327
2016/09/26,32932266
2016/09/27,32737865
2016/09/28,28980541
2016/09/29,28943646
2016/09/30,29529225
2016/10/01,29858436
2016/10/02,29880081
2016/10/03,29492126
2016/10/04,30151405
2016/10/05,30016085
2016/10/06,30788655
2016/10/07,30516425
2016/10/08,30785475
2016/10/09,30244670
2016/10/10,29971216
2016/10/11,29084336
2016/10/12,31776954
2016/10/13,33563779
2016/10/14,33065537
2016/10/15,33132464
2016/10/16,33938581
2016/10/17,34543054
2016/10/18,34701668
2016/10/19,35256889
2016/10/20,35211287
2016/10/21,36860754
2016/10/22,35746012
2016/10/23,35836032
2016/10/24,33316989
2016/10/25,32684391
2016/10/26,32546218
2016/10/27,32494404
2016/10/28,32529241
2016/10/29,32634324
2016/10/30,32943993
2016/10/31,32742748
2016/11/01,32697777
2016/11/02,32668408
2016/11/03,32705560
2016/11/04,34216295
2016/11/05,34714003
2016/11/06,35823823
2016/11/07,35815213
2016/11/08,35861281
2016/11/09,35853775
2016/11/10,36037505
2016/11/11,36038758
2016/11/12,36015156
2016/11/13,35977573
2016/11/14,35728208
2016/11/15,35737711
2016/11/16,35656450
2016/11/17,35767159
2016/11/18,35682339
2016/11/19,35912166
2016/11/20,35953577
2016/11/21,35755958
2016/11/22,36684291
2016/11/23,40829170
2016/11/24,41313698
2016/11/25,43305359
2016/11/26,43405764
2016/11/27,43387280
2016/11/28,43496431
2016/11/29,43555378
2016/11/30,43710155
2016/12/01,42798617
2016/12/02,42846806
2016/12/03,42712559
2016/12/04,42890026
2016/12/05,42620417
2016/12/06,42567451
2016/12/07,40908586
2016/12/08,39857729
2016/12/09,39896070
2016/12/10,39981805
2016/12/11,40134056
2016/12/12,40354168
2016/12/13,39108710
2016/12/14,38295016
2016/12/15,36053591
2016/12/16,35890557
2016/12/17,35744691
2016/12/18,36115704
2016/12/19,34796703
2016/12/20,34785615
2016/12/21,34414382
2016/12/22,35448734
2016/12/23,35468732
2016/12/24,35569530
2016/12/25,36011729
2016/12/26,36593975
2016/12/27,36595641
2016/12/28,36538075
2016/12/29,36143424
2016/12/30,35016207
2016/12/31,34268609
2017/01/01,34160029
2017/01/02,32025614
2017/01/03,32151642
2017/01/04,32524097
2017/01/05,33047902
2017/01/06,32780461
2017/01/07,32773158
2017/01/08,32719065
2017/01/09,32818423
2017/01/10,31288003
2017/01/11,30042248
2017/01/12,30638356
2017/01/13,30230935
2017/01/14,29457690
2017/01/15,29171373
2017/01/16,28425779
2017/01/17,28259017
2017/01/18,28281834
2017/01/19,26011899
2017/01/20,25713390
2017/01/21,24971179
2017/01/22,24239930
2017/01/23,24126629
2017/01/24,24622566
2017/01/25,24695504
2017/01/26,24762956
2017/01/27,24712401
2017/01/28,24527807
2017/01/29,24528008
2017/01/30,24247088
2017/01/31,24246696
2017/02/01,24232594
2017/02/02,22830279
2017/02/03,22416137
2017/02/04,21415662
2017/02/05,21432883
2017/02/06,21472022
2017/02/07,21967865
2017/02/08,22277972
2017/02/09,22281576
2017/02/10,22786469
2017/02/11,22817841
2017/02/12,22816108
2017/02/13,24223515
2017/02/14,26114073
2017/02/15,27081468
2017/02/16,27287211
2017/02/17,27085147
2017/02/18,27152804
2017/02/19,27161006
2017/02/20,26669456
2017/02/21,24589258
2017/02/22,24048917
2017/02/23,22325372
2017/02/24,22913656
2017/02/25,23553957
2017/02/26,23880353
2017/02/27,24397446
2017/02/28,26221762
2017/03/01,27413732
2017/03/02,33787041
2017/03/03,36931355
2017/03/04,37912152
2017/03/05,38679580
2017/03/06,39736649
2017/03/07,41954784
2017/03/08,41920192
2017/03/09,44484072
2017/03/10,47094284
2017/03/11,49169204
2017/03/12,51683324
2017/03/13,63368445
2017/03/14,71897193
2017/03/15,82756314
2017/03/16,121851609
2017/03/17,154707717
2017/03/18,168414122
2017/03/19,179579119
2017/03/20,187279551
2017/03/21,198095060
2017/03/22,205273600
2017/03/23,213501780
2017/03/24,223057614
2017/03/25,229201947
2017/03/26,231022608
2017/03/27,245739644
2017/03/28,252641518
2017/03/29,266115463
2017/03/30,281115062
2017/03/31,300661753
2017/04/01,301710520
2017/04/02,307484286
2017/04/03,323721514
2017/04/04,330345153
2017/04/05,337060065
2017/04/06,346743628
2017/04/07,354036340
2017/04/08,351049872
2017/04/09,349818962
2017/04/10,349332677
2017/04/11,347696649
2017/04/12,349135518
2017/04/13,351973452
2017/04/14,349848291
2017/04/15,345319877
2017/04/16,341522479
2017/04/17,338391428
2017/04/18,337317173
2017/04/19,336216678
2017/04/20,335600418
2017/04/21,331842594
2017/04/22,328005803
2017/04/23,323981960
2017/04/24,322453924
2017/04/25,323973304
2017/04/26,323563118
2017/04/27,331718361
2017/04/28,339569712
2017/04/29,335677122
2017/04/30,334822019
2017/05/01,344282527
2017/05/02,351574096
2017/05/03,348471122
2017/05/04,356487952
2017/05/05,359835284
2017/05/06,355077643
2017/05/07,356626385
2017/05/08,368587277
2017/05/09,375204234
2017/05/10,376426271
2017/05/11,385259000
2017/05/12,382042945
2017/05/13,373817408
2017/05/14,371974921
2017/05/15,385501128
2017/05/16,390960421
2017/05/17,415602791
2017/05/18,434709078
2017/05/19,486390423
2017/05/20,493257555
2017/05/21,522194602
2017/05/22,598889076
2017/05/23,687867244
2017/05/24,769958852
2017/05/25,844597076
2017/05/26,890379251
2017/05/27,902398216
2017/05/28,920174256
2017/05/29,946671560
2017/05/30,1030333512
2017/05/31,1165222172
2017/06/01,1255353419
2017/06/02,1326984346
2017/06/03,1357989916
2017/06/04,1392628223
2017/06/05,1446939026
2017/06/06,1508631120
2017/06/07,1588967738
2017/06/08,1628493858
2017/06/09,1718758334
2017/06/10,1800019119
2017/06/11,1956430003
2017/06/12,2273846041
2017/06/13,2536644413
2017/06/14,2714783817
2017/06/15,2919507500
2017/06/16,3068945331
2017/06/17,3191858586
2017/06/18,3313882868
2017/06/19,3552770129
2017/06/20,3854863135
2017/06/21,3902396922
2017/06/22,4110548357
2017/06/23,4279714972
2017/06/24,4365467566
2017/06/25,4422052752
2017/06/26,4702626255
2017/06/27,4790056011
2017/06/28,4928201546
2017/06/29,5039819240
2017/06/30,5087904723
2017/07/01,5117775102
2017/07/02,5173564450
2017/07/03,5339603937
2017/07/04,5437221532
2017/07/05,5513800408
2017/07/06,5550887784
2017/07/07,5629484769
2017/07/08,5595621658
2017/07/09,5523810680
2017/07/10,5600633221
2017/07/11,5645541942
2017/07/12,5668810614
2017/07/13,5629340811
2017/07/14,5549015662
2017/07/15,5429361119
2017/07/16,5328472714
2017/07/17,5245661859
2017/07/18,5196233843
2017/07/19,5136046274
2017/07/20,5028231203
2017/07/21,4875615078
2017/07/22,4714243855
2017/07/23,4598120112
2017/07/24,4509579746
2017/07/25,4383525831
2017/07/26,4275396838
2017/07/27,4168595429
2017/07/28,4035058449
2017/07/29,3892145518
2017/07/30,3785620880
2017/07/31,3688549878
2017/08/01,3540428771
2017/08/02,3433847297
2017/08/03,3311190502
2017/08/04,3162987817
2017/08/05,3042740960
2017/08/06,2946494315
2017/08/07,2851681648
2017/08/08,2804078541
2017/08/09,2703200617
2017/08/10,2672264754
2017/08/11,2658291939
2017/08/12,2583380294
2017/08/13,2542299510
2017/08/14,2697049264
2017/08/15,2903698433
2017/08/16,3086757741
2017/08/17,3359589205
2017/08/18,3604060203
2017/08/19,3647750511
2017/08/20,3606633328
2017/08/21,3749211893
2017/08/22,3808604704
2017/08/23,3876180088
2017/08/24,3860204451
2017/08/25,3787128533
2017/08/26,3658213800
2017/08/27,3549314419
2017/08/28,3571359429
2017/08/29,3690213209
2017/08/30,3792128090
2017/08/31,3836836120
2017/09/01,3846509697
2017/09/02,3754260770
2017/09/03,3658526913
2017/09/04,3845646997
2017/09/05,4037881588
2017/09/06,4377893385
2017/09/07,4567071675
2017/09/08,4791543504
2017/09/09,4828852856
2017/09/10,4834371555
2017/09/11,4873712878
2017/09/12,4957220412
2017/09/13,4977817031
2017/09/14,5001541898
2017/09/15,5152442365
2017/09/16,5152846283
2017/09/17,5151186130
2017/09/18,5181165740
2017/09/19,5097841769
2017/09/20,5090609396
2017/09/21,5075552447
2017/09/22,5051230328
2017/09/23,5007421917
2017/09/24,5019190447
2017/09/25,4978772239
2017/09/26,4961764103
2017/09/27,4933393933
2017/09/28,4891925381
2017/09/29,4829356948
2017/09/30,4782447169
2017/10/01,4792197019
2017/10/02,4779408040
2017/10/03,4757088732
2017/10/04,4719214599
2017/10/05,4713407525
2017/10/06,4657530390
2017/10/07,4567191261
2017/10/08,4569826191
2017/10/09,4561386651
2017/10/10,4555273019
2017/10/11,4519613944
2017/10/12,4477979339
2017/10/13,4416725013
2017/10/14,4352324416
2017/10/15,4284805900
2017/10/16,4321409697
2017/10/17,4625565806
2017/10/18,4762593667
2017/10/19,4927804959
2017/10/20,5215231025
2017/10/21,5306860588
2017/10/22,5329412928
2017/10/23,5379110038
2017/10/24,5434497514
2017/10/25,5391474903
2017/10/26,5404947527
2017/10/27,6528783885
2017/10/28,7668642935
2017/10/29,8913398033
2017/10/30,10065210323
2017/10/31,11237933312
2017/11/01,11461354830
2017/11/02,11756199620
2017/11/03,11881796775
2017/11/04,11821781889
2017/11/05,11808149721
2017/11/06,12064305266
2017/11/07,12139333280
2017/11/08,12296915146
2017/11/09,12422318404
2017/11/10,12517108862
2017/11/11,12517877836
2017/11/12,12549555636
2017/11/13,12592326190
2017/11/14,12703723538
2017/11/15,13000982007
2017/11/16,13109144752
2017/11/17,13329880961
2017/11/18,13383005986
2017/11/19,13476436962
2017/11/20,13755978862
2017/11/21,14008991422
2017/11/22,14329927622
2017/11/23,14607416407
2017/11/24,14785046917
2017/11/25,15104870156
2017/11/26,15378440626
2017/11/27,15926675430
2017/11/28,16620034636
2017/11/29,17440096828
2017/11/30,18194690145
2017/12/01,18707659622
2017/12/02,19168946486
2017/12/03,20082601152
2017/12/04,21030696868
2017/12/05,21838744745
2017/12/06,23419606419
2017/12/07,24051349333
2017/12/08,25377741879
2017/12/09,26166005798
2017/12/10,27052298070
2017/12/11,28797088515
2017/12/12,30847584426
2017/12/13,33227373003
2017/12/14,35940474747
2017/12/15,38121227293
2017/12/16,39942057026
2017/12/17,41688844323
2017/12/18,44385337338
2017/12/19,48266388486
2017/12/20,50684237632
2017/12/21,53798907824
2017/12/22,57089160897
2017/12/23,58299991430
2017/12/24,58419175509
2017/12/25,58455684569
2017/12/26,58797148287
2017/12/27,59887945906
2017/12/28,61195366652
2017/12/29,63694243304
2017/12/30,66530681046
2017/12/31,67351252656
2018/01/01,67903212089
2018/01/02,70669112082
2018/01/03,74423084324
2018/01/04,79701145418
2018/01/05,83315253854
2018/01/06,86115362500
2018/01/07,88032495609
2018/01/08,90674908385
2018/01/09,93617126270
2018/01/10,95532860064
2018/01/11,97350970661
2018/01/12,98103663904
2018/01/13,99287128419
2018/01/14,99960178375
2018/01/15,102271604355
2018/01/16,105110687675
2018/01/17,107908651073
2018/01/18,110003559749
2018/01/19,110176126875
2018/01/20,109737149267
2018/01/21,109561704137
2018/01/22,109293885633
2018/01/23,108581486058
2018/01/24,107806294652
2018/01/25,101136533345
2018/01/26,94613827168
2018/01/27,87615837943
2018/01/28,80512863363
2018/01/29,73314255681
2018/01/30,72400395715
2018/01/31,71482518829
2018/02/01,70538439000
2018/02/02,68641048322
2018/02/03,66643963632
2018/02/04,65426131297
2018/02/05,63836029207
2018/02/06,62297064518
2018/02/07,60614345780
2018/02/08,59160554180
2018/02/09,56762510891
2018/02/10,54663914442
2018/02/11,52716590201
2018/02/12,50952058305
2018/02/13,49869463083
2018/02/14,48373221386
2018/02/15,46921897763
2018/02/16,45251971907
2018/02/17,43382345166
2018/02/18,42118235266
2018/02/19,40649531976
2018/02/20,39253704185
2018/02/21,37783620002
2018/02/22,36395248610
2018/02/23,35390103207
2018/02/24,34228760754
2018/02/25,33748253873
2018/02/26,33252703962
2018/02/27,33089874124
2018/02/28,32760938697
2018/03/01,32400305841
2018/03/02,31799228171
2018/03/03,31905257883
2018/03/04,32224530988
2018/03/05,31966209899
2018/03/06,32257274395
2018/03/07,31712853019
2018/03/08,32034698863
2018/03/09,32338029317
2018/03/10,33068160621
2018/03/11,34024382364
2018/03/12,34616593767
2018/03/13,35110542012
2018/03/14,35715869172
2018/03/15,36409391357
2018/03/16,37087401964
2018/03/17,38118803380
2018/03/18,38528506357
2018/03/19,38472838059
2018/03/20,38931958084
2018/03/21,38919466696
2018/03/22,39107815584
2018/03/23,39521378226
2018/03/24,40124376247
2018/03/25,41286402115
2018/03/26,41902733209
2018/03/27,42758754383
2018/03/28,43555842212
2018/03/29,43780028705
2018/03/30,43401102871
2018/03/31,44051807569
2018/04/01,44984387055
2018/04/02,44503867308
2018/04/03,43042516367
2018/04/04,40388408725
2018/04/05,38247889324
2018/04/06,36612838708
2018/04/07,36051699050
2018/04/08,34548968953
2018/04/09,32486596388
2018/04/10,31246484962
2018/04/11,29796094815
2018/04/12,28515753019
2018/04/13,26627931722
2018/04/14,25730211343
2018/04/15,23663858317
2018/04/16,20620807694
2018/04/17,17434778920
2018/04/18,14998970228
2018/04/19,13996695778
2018/04/20,13392049809
2018/04/21,12530062641
2018/04/22,11851903529
2018/04/23,11452851232
2018/04/24,11142355938
2018/04/25,11159329170
2018/04/26,10615193767
2018/04/27,10496465483
2018/04/28,10207474377
2018/04/29,9685065142
2018/04/30,9320327408
2018/05/01,9020273362
2018/05/02,8099646970
2018/05/03,7466947123
2018/05/04,8287411498
2018/05/05,8265481310
2018/05/06,7959690081
2018/05/07,7671871064
2018/05/08,7675554945
2018/05/09,7837240238
2018/05/10,8001183127
2018/05/11,7937701268
2018/05/12,7961667441
2018/05/13,7832994044
2018/05/14,7913724704
2018/05/15,7952824361
2018/05/16,8007873625
2018/05/17,8182020328
2018/05/18,8302129505
2018/05/19,8480231974
2018/05/20,8418327608
2018/05/21,8168842631
2018/05/22,8090739110
2018/05/23,8227410994
2018/05/24,8330994330
2018/05/25,8411975557
2018/05/26,8431386104
2018/05/27,8467482508
2018/05/28,8696874848
2018/05/29,8797007210
2018/05/30,8892091874
2018/05/31,9027139507
2018/06/01,9018034296
2018/06/02,8973210012
2018/06/03,9047713096
2018/06/04,9123852872
2018/06/05,9119850140
2018/06/06,9116453360
2018/06/07,9081220059
2018/06/08,8877495114
2018/06/09,8736921775
2018/06/10,8725746669
2018/06/11,8730642543
2018/06/12,8706163812
2018/06/13,8683628999
2018/06/14,8623426426
2018/06/15,8404880412
2018/06/16,8478511795
2018/06/17,8552400583
2018/06/18,8509073750
2018/06/19,8511770034
2018/06/20,8401499866
2018/06/21,8359611990
2018/06/22,8187735270
2018/06/23,7717250594
2018/06/24,7621957400
2018/06/25,7426138040
2018/06/26,7115761573
2018/06/27,6815373725
2018/06/28,6662038083
2018/06/29,6350666808
2018/06/30,6028609929
2018/07/01,5951345531
2018/07/02,6598331953
2018/07/03,6783529401
2018/07/04,7776267206
2018/07/05,8207659629
2018/07/06,8635054737
2018/07/07,9148453408
2018/07/08,9087806314
2018/07/09,8845665913
2018/07/10,8666694274
2018/07/11,8753013062
2018/07/12,9113209914
2018/07/13,9281750189
2018/07/14,9726710280
2018/07/15,10588038338
2018/07/16,10603755482
2018/07/17,10605494532
2018/07/18,10546078303
2018/07/19,10452093079
2018/07/20,10502219911
2018/07/21,10653989700
2018/07/22,10646836416
2018/07/23,10580356263
2018/07/24,10562503920
2018/07/25,10554655665
2018/07/26,10545799652
2018/07/27,10559897019
2018/07/28,10564725419
2018/07/29,10546287853
2018/07/30,10548310610
2018/07/31,10517325982
2018/08/01,10397936991
2018/08/02,9619024027
2018/08/03,9585906320
2018/08/04,9570317971
2018/08/05,9537029536
2018/08/06,9452895151
2018/08/07,9422280359
2018/08/08,9510495585
2018/08/09,9756236538
2018/08/10,9822241186
2018/08/11,9838061593
2018/08/12,9814591520
2018/08/13,9771043330
2018/08/14,9677257443
2018/08/15,9547678107
2018/08/16,9381558378
2018/08/17,9278449849
2018/08/18,9287782751
2018/08/19,9298198599
2018/08/20,9150677265
2018/08/21,9047377276
2018/08/22,9016663573
2018/08/23,8990327843
2018/08/24,9038902832
2018/08/25,9099043761
2018/08/26,8907824044
2018/08/27,8745200926
2018/08/28,8598671837
2018/08/29,8538203310
2018/08/30,8546546507
2018/08/31,8559849874
2018/09/01,8357374994
2018/09/02,8183989350
2018/09/03,8064810177
2018/09/04,8052243651
2018/09/05,7937199947
2018/09/06,7967997089
2018/09/07,7915937917
2018/09/08,7934573833
2018/09/09,7895184013
2018/09/10,7850739950
2018/09/11,7724340293
2018/09/12,7650991090
2018/09/13,7601905947
2018/09/14,7797531219
2018/09/15,8103490833
2018/09/16,8453206736
2018/09/17,8326147524
2018/09/18,8232756972
2018/09/19,8261144864
2018/09/20,8247163577
2018/09/21,8303876668
2018/09/22,8558215422
2018/09/23,8327080670
2018/09/24,8411196219
2018/09/25,8259258935
2018/09/26,8239906791
2018/09/27,8206178071
2018/09/28,8336739315
2018/09/29,8674552513
2018/09/30,8702599351
2018/10/01,8881010216
2018/10/02,8748194686
2018/10/03,8703288454
2018/10/04,8482579640
2018/10/05,8310051169
2018/10/06,8306784754
2018/10/07,8423419037
2018/10/08,8390000932
2018/10/09,8426376860
2018/10/10,8495930456
2018/10/11,8489881290
2018/10/12,8407761776
2018/10/13,8196235219
2018/10/14,8184992916
2018/10/15,8097507167
2018/10/16,7873216299
2018/10/17,7675414745
2018/10/18,7627709424
2018/10/19,7622002122
2018/10/20,7597214917
2018/10/21,7381716614
2018/10/22,6971274339
2018/10/23,6548685011
2018/10/24,6369206294
2018/10/25,5932569397
2018/10/26,5779795519
2018/10/27,5648537160
2018/10/28,5341008491
2018/10/29,5039630830
2018/10/30,4678571837
2018/10/31,4201953958
2018/11/01,3834580189
2018/11/02,3582249795
2018/11/03,3413296937
2018/11/04,3241884092
2018/11/05,3186235341
2018/11/06,3199239558
2018/11/07,3192523018
2018/11/08,3164360497
2018/11/09,3065758704
2018/11/10,3049000285
2018/11/11,2853781524
2018/11/12,2659018681
2018/11/13,2563944145
2018/11/14,2280785137
2018/11/15,2249931602
2018/11/16,2188398827
2018/11/17,2187425481
2018/11/18,2093379786
2018/11/19,2118200224
2018/11/20,2159582481
2018/11/21,2142014715
2018/11/22,2122119293
2018/11/23,2114814837
2018/11/24,2137884452
2018/11/25,2035294080
2018/11/26,1986833278
2018/11/27,1990861293
2018/11/28,2030940008
2018/11/29,2021635661
2018/11/30,1918668559
2018/12/01,1861605160
2018/12/02,1807854665
2018/12/03,1784573941
2018/12/04,1711655688
2018/12/05,1719379143
2018/12/06,1727890056
2018/12/07,1737543905
2018/12/08,1732882753
2018/12/09,1742591772
2018/12/10,1741988654
2018/12/11,1733361069
2018/12/12,1731909703
2018/12/13,1729688116
2018/12/14,1692187396
2018/12/15,1612010878
2018/12/16,1619311325
2018/12/17,1605433789
2018/12/18,1591113406
2018/12/19,1595955711
2018/12/20,1630519694
2018/12/21,1602424736
2018/12/22,1562627381
2018/12/23,1510410434
2018/12/24,1547563361
2018/12/25,1513901236
2018/12/26,1489939444
2018/12/27,1460592247
2018/12/28,1308437939
2018/12/29,1247637476
2018/12/30,1278032876
2018/12/31,1243964686
2019/01/01,1368024072
2019/01/02,1382428123
2019/01/03,1383585904
2019/01/04,1362805432
2019/01/05,1348260783
2019/01/06,1394980465
2019/01/07,1392260912
2019/01/08,1377632024
2019/01/09,1374650429
2019/01/10,1383501626
2019/01/11,1383491107
2019/01/12,1476364776
2019/01/13,1531179489
2019/01/14,1532169676
2019/01/15,1524518041
2019/01/16,1543007165
2019/01/17,1526513804
2019/01/18,1525085338
2019/01/19,1506792988
2019/01/20,1500166368
2019/01/21,1511707139
2019/01/22,1541936569
2019/01/23,1543088263
2019/01/24,1553437635
2019/01/25,1547255906
2019/01/26,1611104672
2019/01/27,1604353549
2019/01/28,1568893303
2019/01/29,1556745026
2019/01/30,1538424198
2019/01/31,1548661315
2019/02/01,1554846343
2019/02/02,1643993001
2019/02/03,1792389493
2019/02/04,1940925069
2019/02/05,2114712514
2019/02/06,2249900386
2019/02/07,2384323813
2019/02/08,2406347525
2019/02/09,2566423974
2019/02/10,2818616778
2019/02/11,2937210581
2019/02/12,3009234873
2019/02/13,3015992634
2019/02/14,3045535552
2019/02/15,3080785023
2019/02/16,3121476250
2019/02/17,3094339595
2019/02/18,2987992107
2019/02/19,2956773310
2019/02/20,2936110359
2019/02/21,2926939940
2019/02/22,2918397333
2019/02/23,2944893999
2019/02/24,2935754539
2019/02/25,2943689454
2019/02/26,2846319009
2019/02/27,2837890960
2019/02/28,2778137884
2019/03/01,2784623540
2019/03/02,2773885026
2019/03/03,2777981015
2019/03/04,2862525399
2019/03/05,2866017013
2019/03/06,2849730702
2019/03/07,2850021381
2019/03/08,2857334389
2019/03/09,2865445613
2019/03/10,2872237760
2019/03/11,2872351533
2019/03/12,2889464396
2019/03/13,2897141464
2019/03/14,2903881996
2019/03/15,2904572780
2019/03/16,2908354254
2019/03/17,2893467800
2019/03/18,2909873539
2019/03/19,2989098485
2019/03/20,3046392339
2019/03/21,3069529040
2019/03/22,3179573188
2019/03/23,3190423596
2019/03/24,3106504641
2019/03/25,3273389383
2019/03/26,3377210515
2019/03/27,3479874452
2019/03/28,3583373433
2019/03/29,3718179687
2019/03/30,3871488522
2019/03/31,4013194955
2019/04/01,4189094878
2019/04/02,4704751511
2019/04/03,5147288614
2019/04/04,5343367019
2019/04/05,5404591867
2019/04/06,5373561551
2019/04/07,5382678911
2019/04/08,5552629622
2019/04/09,5689240160
2019/04/10,5855997194
2019/04/11,6220764116
2019/04/12,6347747662
2019/04/13,6334757622
2019/04/14,6328160470
2019/04/15,6379022257
2019/04/16,6470504859
2019/04/17,6629252931
2019/04/18,6842091122
2019/04/19,7035428358
2019/04/20,7204097061
2019/04/21,7252006480
2019/04/22,7502425173
2019/04/23,7791091257
2019/04/24,7882115158
2019/04/25,7976167554
2019/04/26,7940005935
2019/04/27,7863478460
2019/04/28,7867967397
2019/04/29,7901691709
2019/04/30,8094619358
2019/05/01,8235449859
2019/05/02,8191128221
2019/05/03,8095223948
2019/05/04,7836020694
2019/05/05,7551576748
2019/05/06,7375485317
2019/05/07,7136269570
2019/05/08,6932842634
2019/05/09,6928011591
2019/05/10,6769774828
2019/05/11,6438595982
2019/05/12,6220686364
2019/05/13,6137695714
2019/05/14,6494540130
2019/05/15,6855716648
2019/05/16,7503310799
2019/05/17,7549046477
2019/05/18,7303568984
2019/05/19,7300392294
2019/05/20,7740850679
2019/05/21,7941532832
2019/05/22,8424420978
2019/05/23,8720905608
2019/05/24,9096104976
2019/05/25,9331613057
2019/05/26,9377848415
2019/05/27,10129216935
2019/05/28,10625287431
2019/05/29,11304819544
2019/05/30,11659973282
2019/05/31,11825190929
2019/06/01,12267997556
2019/06/02,12687934327
2019/06/03,13041742574
2019/06/04,13342438844
2019/06/05,13296212867
2019/06/06,13270884956
2019/06/07,13075533141
2019/06/08,13458447460
2019/06/09,13130823937
2019/06/10,13596741596
2019/06/11,13881613872
2019/06/12,13868705725
2019/06/13,13560113462
2019/06/14,13131368985
2019/06/15,13011137340
2019/06/16,12998162829
2019/06/17,13362757250
2019/06/18,13364923038
2019/06/19,13422999468
2019/06/20,13905858167
2019/06/21,13525204965
2019/06/22,13070762726
2019/06/23,12953723687
2019/06/24,12810627967
2019/06/25,12956216635
2019/06/26,12865354494
2019/06/27,12728310227
2019/06/28,13255103927
2019/06/29,13103873410
2019/06/30,13106804441
2019/07/01,13475784464
2019/07/02,13639023365
2019/07/03,13534093163
2019/07/04,13285605689
2019/07/05,12821515561
2019/07/06,12357688636
2019/07/07,12652107623
2019/07/08,12494949975
2019/07/09,12368867388
2019/07/10,12361176319
2019/07/11,12684538828
2019/07/12,12398068418
2019/07/13,12223374935
2019/07/14,12255465186
2019/07/15,12087834005
2019/07/16,12470414993
2019/07/17,12388930440
2019/07/18,12451699644
2019/07/19,12332924134
2019/07/20,12527126633
2019/07/21,13275187529
2019/07/22,13482423231
2019/07/23,13691603774
2019/07/24,13710306593
2019/07/25,13788412012
2019/07/26,13454464987
2019/07/27,13528110612
2019/07/28,13771161441
2019/07/29,13841119369
2019/07/30,13818530580
2019/07/31,13638620516
2019/08/01,13536859925
2019/08/02,13206738337
2019/08/03,12916298164
2019/08/04,13410706510
2019/08/05,13261246630
2019/08/06,13170467345
2019/08/07,13133014598
2019/08/08,13216873616
2019/08/09,13247989811
2019/08/10,13485969093
2019/08/11,13984903831
2019/08/12,14049382192
2019/08/13,14121591451
2019/08/14,14010069748
2019/08/15,14122829243
2019/08/16,14146226064
2019/08/17,14377051209
2019/08/18,14607106705
2019/08/19,14641943373
2019/08/20,14584948584
2019/08/21,14571067705
2019/08/22,14428349610
2019/08/23,14414099122
2019/08/24,14512074235
2019/08/25,14324997757
2019/08/26,14128469166
2019/08/27,13798347725
2019/08/28,13663309865
2019/08/29,13572408479
2019/08/30,13206362243
2019/08/31,13110099017
2019/09/01,12990299104
2019/09/02,12798950034
2019/09/03,12782212831
2019/09/04,12755637642
2019/09/05,12757140268
2019/09/06,12141878002
2019/09/07,12192095140
2019/09/08,11771366873
2019/09/09,11416527273
2019/09/10,11315707656
2019/09/11,11336066244
2019/09/12,11274567098
2019/09/13,11020695616
2019/09/14,10922720462
2019/09/15,10575380730
2019/09/16,10431773396
2019/09/17,10207340427
2019/09/18,9500789118
2019/09/19,9490834336
2019/09/20,9483055095
2019/09/21,9650357982
2019/09/22,9819220207
2019/09/23,9408598355
2019/09/24,9226946672
2019/09/25,9144655254
2019/09/26,8260326679
2019/09/27,8345784938
2019/09/28,8459617733
2019/09/29,7964226709
2019/09/30,7576683571
2019/10/01,7591175311
2019/10/02,7635541688
2019/10/03,7478262724
2019/10/04,7578557639
2019/10/05,7546587160
2019/10/06,7582527739
2019/10/07,7566034489
2019/10/08,7549625098
2019/10/09,6702755533
2019/10/10,6691733468
2019/10/11,6570318244
2019/10/12,6538153460
2019/10/13,6683761593
2019/10/14,5604766122
2019/10/15,5376159726
2019/10/16,5373385129
2019/10/17,5188982265
2019/10/18,5099989278
2019/10/19,4803391064
2019/10/20,4842037803
2019/10/21,4769537534
2019/10/22,4249973079
2019/10/23,3501530449
2019/10/24,3497691923
2019/10/25,3401743378
2019/10/26,3264145123
2019/10/27,3285595320
2019/10/28,3289344639
2019/10/29,3293295221
2019/10/30,2901929803
2019/10/31,2864476273
2019/11/01,2762853522
2019/11/02,2711591486
2019/11/03,2843185541
2019/11/04,2819214619
2019/11/05,2815102636
2019/11/06,2820673424
2019/11/07,3137730296
2019/11/08,3106726552
2019/11/09,3062422601
2019/11/10,3118528086
2019/11/11,3123477562
2019/11/12,3100014080
2019/11/13,3108937227
2019/11/14,3096369059
2019/11/15,3075153964
2019/11/16,3124752476
2019/11/17,3184763515
2019/11/18,3185853775
2019/11/19,3190345601
2019/11/20,3158432756
2019/11/21,3201237775
2019/11/22,3337950829
2019/11/23,3368059208
2019/11/24,3399579588
2019/11/25,3423547404
2019/11/26,3405732126
2019/11/27,3386109722
2019/11/28,3411594362
2019/11/29,3412645967
2019/11/30,3511271198
2019/12/01,3485979571
2019/12/02,3425146671
2019/12/03,3456714425
2019/12/04,3358809863
2019/12/05,3293283622
2019/12/06,3400728728
2019/12/07,3770049663
2019/12/08,4255127592
2019/12/09,4257744796
2019/12/10,4251960947
2019/12/11,4228835854
2019/12/12,4219662104
2019/12/13,4225616524
2019/12/14,4355288900
2019/12/15,4499055439
2019/12/16,4500890247
2019/12/17,4475539457
2019/12/18,4463215382
2019/12/19,4440764653
2019/12/20,4420663661
2019/12/21,4487410979
2019/12/22,4663091715
2019/12/23,4637596348
2019/12/24,4662142761
2019/12/25,4749962777
2019/12/26,4789589101
2019/12/27,4826166593
2019/12/28,4991301988
2019/12/29,5303034655
2019/12/30,5349713207
2019/12/31,5443612909
2020/01/01,5795662439
2020/01/02,5980202820
2020/01/03,5997334302
2020/01/04,6019907421
2020/01/05,6177592250
2020/01/06,6131545931
2020/01/07,6000502540
2020/01/08,5956131211
2020/01/09,5918517785
2020/01/10,5932010664
2020/01/11,5963402435
2020/01/12,6110106790
2020/01/13,6137873716
2020/01/14,6114530482
2020/01/15,6106982193
2020/01/16,6038652637
2020/01/17,6047318892
2020/01/18,6041513365
2020/01/19,6026849313
2020/01/20,5949813107
2020/01/21,5894921095
2020/01/22,5952410931
2020/01/23,5877923854
2020/01/24,5976152068
2020/01/25,6370248117
2020/01/26,6674995320
2020/01/27,6813429585
2020/01/28,6791073317
2020/01/29,6648714120
2020/01/30,6578267071
2020/01/31,6582454746
2020/02/01,6612473592
2020/02/02,6644862510
2020/02/03,6458947989
2020/02/04,6424667641
2020/02/05,5718996441
2020/02/06,5617290771
2020/02/07,5623275387
2020/02/08,5660536447
2020/02/09,5540753556
2020/02/10,5464402778
2020/02/11,5454051697
2020/02/12,5812246373
2020/02/13,6029792001
2020/02/14,6336190552
2020/02/15,6429907620
2020/02/16,6282673679
2020/02/17,6185490138
2020/02/18,6288931633
2020/02/19,6105783694
2020/02/20,5786447374
2020/02/21,5826153817
2020/02/22,5825348431
2020/02/23,5546940657
2020/02/24,5561100237
2020/02/25,5553911450
2020/02/26,5662675504
2020/02/27,5748180475
2020/02/28,5819832790
2020/02/29,5821203852
2020/03/01,5764060538
2020/03/02,5826859889
2020/03/03,5827343107
2020/03/04,5862318177
2020/03/05,5989185422
2020/03/06,5874726758
2020/03/07,5553153486
2020/03/08,5574799485
2020/03/09,5892546107
2020/03/10,6124851898
2020/03/11,6223786293
2020/03/12,6449993475
2020/03/13,6971490855
2020/03/14,6907581688
2020/03/15,6918910233
2020/03/16,7195178814
2020/03/17,7388173208
2020/03/18,7608066962
2020/03/19,8215103284
2020/03/20,8529234711
2020/03/21,8949004045
2020/03/22,9077326491
2020/03/23,9349732610
2020/03/24,9530605116
2020/03/25,9654350514
2020/03/26,9779725535
2020/03/27,9693346164
2020/03/28,9369468422
2020/03/29,9339844045
2020/03/30,9284162623
2020/03/31,8947351515
2020/04/01,8693440989
2020/04/02,8664416798
2020/04/03,8586974980
2020/04/04,8388126178
2020/04/05,8400339088
2020/04/06,8522679867
2020/04/07,8673817147
2020/04/08,8941795160
2020/04/09,8931987835
2020/04/10,8827239639
2020/04/11,8578829694
2020/04/12,8445145208
2020/04/13,8496524334
2020/04/14,8699363495
2020/04/15,8840559921
2020/04/16,8976762750
2020/04/17,9067113915
2020/04/18,9128060352
2020/04/19,9083305581
2020/04/20,9125414469
2020/04/21,8947890696
2020/04/22,8834062168
2020/04/23,8582104707
2020/04/24,8041447359
2020/04/25,7281598174
2020/04/26,6781181091
2020/04/27,6583380022
2020/04/28,6453585311
2020/04/29,6550391655
2020/04/30,6684032172
2020/05/01,6438588162
2020/05/02,6016415284
2020/05/03,5921370471
2020/05/04,5456135774
2020/05/05,5311087961
2020/05/06,5221489263
2020/05/07,5284496588
2020/05/08,5443594322
2020/05/09,5536519868
2020/05/10,5655929454
2020/05/11,5845459323
2020/05/12,6005715256
2020/05/13,6124277513
2020/05/14,6169827836
2020/05/15,6333345819
2020/05/16,6385030090
2020/05/17,6366840301
2020/05/18,6463973291
2020/05/19,6497583161
2020/05/20,6529712974
2020/05/21,6544345803
2020/05/22,6492383483
2020/05/23,6291841374
2020/05/24,6238832754
2020/05/25,6225219976
2020/05/26,6379391816
2020/05/27,6480064458
2020/05/28,6554543551
2020/05/29,6548555584
2020/05/30,6358770785
2020/05/31,6263305527
2020/06/01,6274900866
2020/06/02,6454408408
2020/06/03,6492202381
2020/06/04,6500690046
2020/06/05,6268723757
2020/06/06,6245325705
2020/06/07,6434765811
2020/06/08,6666939300
2020/06/09,6681759887
2020/06/10,6814218621
2020/06/11,6931426071
2020/06/12,6772399583
2020/06/13,6472950352
2020/06/14,6472158269
2020/06/15,6517521946
2020/06/16,6551155603
2020/06/17,6567027300
2020/06/18,6650493927
2020/06/19,6795309328
2020/06/20,6856878921
2020/06/21,7114625576
2020/06/22,7832142661
2020/06/23,8653162500
2020/06/24,9183502716
2020/06/25,9510875367
2020/06/26,9464404808
2020/06/27,9098902589
2020/06/28,9124859565
2020/06/29,9370662759
2020/06/30,9685752919
2020/07/01,9788382562
2020/07/02,9852438158
2020/07/03,9397065299
2020/07/04,8661194405
2020/07/05,8524428060
2020/07/06,8616801485
2020/07/07,8932199421
2020/07/08,9092216722
2020/07/09,9193601851
2020/07/10,8878292212
2020/07/11,8400427730
2020/07/12,8212493415
2020/07/13,8776669898
2020/07/14,9008708071
2020/07/15,9265677177
2020/07/16,9321428654
2020/07/17,9381835905
2020/07/18,9247921346
2020/07/19,9403232284
2020/07/20,9748536615
2020/07/21,9897132343
2020/07/22,10199344987
2020/07/23,10565570217
2020/07/24,10751822830
2020/07/25,11076173472
2020/07/26,11314616610
2020/07/27,12184850603
2020/07/28,12895567595
2020/07/29,13288352528
2020/07/30,13495729159
2020/07/31,13695775378
2020/08/01,13725094622
2020/08/02,13480454055
2020/08/03,13443745552
2020/08/04,13512023861
2020/08/05,13763222772
2020/08/06,14167032539
2020/08/07,14733954565
2020/08/08,14915113526
2020/08/09,15301291592
2020/08/10,15971434379
2020/08/11,16319900721
2020/08/12,16357573513
2020/08/13,16530272119
2020/08/14,16602863329
2020/08/15,16113317141
2020/08/16,15916517837
2020/08/17,15741974133
2020/08/18,15740781459
2020/08/19,15708349100
2020/08/20,15706803685
2020/08/21,15784906169
2020/08/22,15212299166
2020/08/23,14877171372
2020/08/24,14750223803
2020/08/25,14490096798
2020/08/26,14308117321
2020/08/27,14191895340
2020/08/28,13823380313
2020/08/29,13288595989
2020/08/30,13086352653
2020/08/31,13238291450
2020/09/01,13138914518
2020/09/02,12958217845
2020/09/03,12599500776
2020/09/04,12383873526
2020/09/05,12162146887
2020/09/06,12028433049
2020/09/07,11715327491
2020/09/08,11493658885
2020/09/09,11181349047
2020/09/10,10685912532
2020/09/11,9881170402
2020/09/12,8788966708
2020/09/13,8409237749
2020/09/14,7950087004
2020/09/15,7352984190
2020/09/16,6975782880
2020/09/17,7571158509
2020/09/18,7376480773
2020/09/19,7180398365
2020/09/20,7178166128
2020/09/21,7178678441
2020/09/22,7167124261
2020/09/23,7108348070
2020/09/24,6993765083
2020/09/25,6954337611
2020/09/26,6993697411
2020/09/27,7222151391
2020/09/28,7242664808
2020/09/29,7185251031
2020/09/30,7126067049
2020/10/01,7133943084
2020/10/02,6945197105
2020/10/03,6590588506
2020/10/04,6686222758
2020/10/05,6752296215
2020/10/06,6759794833
2020/10/07,6816894710
2020/10/08,6850672435
2020/10/09,6687596618
2020/10/10,6593925066
2020/10/11,6751131645
2020/10/12,6755476364
2020/10/13,6753277674
2020/10/14,6728050640
2020/10/15,6868667907
2020/10/16,6844767352
2020/10/17,6886718244
2020/10/18,7077300324
2020/10/19,7076834723
2020/10/20,7080354470
2020/10/21,7087656295
2020/10/22,7126344320
2020/10/23,7100510554
2020/10/24,7242977204
2020/10/25,7311025829
2020/10/26,7211192839
2020/10/27,7209058815
2020/10/28,7191028878
2020/10/29,7080836547
2020/10/30,7049112150
2020/10/31,7056726008
2020/11/01,7063729755
2020/11/02,7056681106
2020/11/03,7006169411
2020/11/04,6897451390
2020/11/05,6693136401
2020/11/06,6678138605
2020/11/07,6529778282
2020/11/08,6266166382
2020/11/09,6045422518
2020/11/10,5907350610
2020/11/11,5789454059
2020/11/12,5685189418
2020/11/13,5715255905
2020/11/14,5704529922
2020/11/15,5682208177
2020/11/16,5500382563
2020/11/17,5408119311
2020/11/18,5336035314
2020/11/19,5064757153
2020/11/20,5110966577
2020/11/21,5164487079
2020/11/22,5146591062
2020/11/23,5274871146
2020/11/24,5443793899
2020/11/25,5552031949
2020/11/26,5598964464
2020/11/27,5589448812
2020/11/28,5700636859
2020/11/29,5612698490
2020/11/30,5450737521
2020/12/01,5434937425
2020/12/02,5409654477
2020/12/03,5390250574
2020/12/04,5373360822
2020/12/05,5337692750
2020/12/06,5357864665
2020/12/07,5303573845
2020/12/08,5310726059
2020/12/09,5335539605
2020/12/10,5329397898
2020/12/11,5288575307
2020/12/12,5251832640
2020/12/13,5266472962
2020/12/14,5481565883
2020/12/15,5567177501
2020/12/16,4830183769
2020/12/17,5241359216
2020/12/18,5327146798
2020/12/19,5362129410
2020/12/20,5364573064
2020/12/21,5376722475
2020/12/22,5389346358
2020/12/23,5623057035
2020/12/24,5573590958
2020/12/25,5406081860
2020/12/26,5176616475
2020/12/27,5208066973
2020/12/28,5421001229
2020/12/29,5493535264
2020/12/30,5512212925
2020/12/31,5374822005
2021/01/01,5068422869
2021/01/02,4874728311
2021/01/03,4891790523
2021/01/04,5103824177
2021/01/05,5178185943
2021/01/06,5267467683
2021/01/07,5470485235
2021/01/08,5596708770
2021/01/09,5472257724
2021/01/10,5489719422
2021/01/11,5685366171
2021/01/12,5657075584
2021/01/13,5545619726
2021/01/14,5559227738
2021/01/15,5526915710
2021/01/16,5283982101
2021/01/17,5282135249
2021/01/18,5307600259
2021/01/19,5417089882
2021/01/20,5443682130
2021/01/21,5445339615
2021/01/22,5227226036
2021/01/23,4821789271
2021/01/24,4782369615
2021/01/25,4736247697
2021/01/26,4744949987
2021/01/27,4718404837
2021/01/28,4700359408
2021/01/29,4832519426
2021/01/30,4719950369
2021/01/31,4787919686
2021/02/01,4957938782
2021/02/02,5143774243
2021/02/03,5351504883
2021/02/04,5558575325
2021/02/05,5760946330
2021/02/06,5501709480
2021/02/07,5520495956
2021/02/08,5616450595
2021/02/09,5770583114
2021/02/10,5894702438
2021/02/11,5963297373
2021/02/12,5915678193
2021/02/13,5696831101
2021/02/14,5615049137
2021/02/15,5613764364
2021/02/16,5560607294
2021/02/17,5546561864
2021/02/18,5648557079
2021/02/19,5815194713
2021/02/20,5993817863
2021/02/21,6003598353
2021/02/22,6122446970
2021/02/23,6233431441
2021/02/24,6296122264
2021/02/25,6187688014
2021/02/26,5682613853
2021/02/27,5164578124
2021/02/28,5167213173
2021/03/01,5157558067
2021/03/02,4945995067
2021/03/03,4840746395
2021/03/04,4772792012
2021/03/05,4486479865
2021/03/06,4149158259
2021/03/07,4014967448
2021/03/08,3960184411
2021/03/09,3938331611
2021/03/10,3762566870
2021/03/11,3686931589
2021/03/12,3594915284
2021/03/13,3559082899
2021/03/14,3583258319
2021/03/15,3672328002
2021/03/16,3728963446
2021/03/17,3610764483
2021/03/18,3646904398
2021/03/19,3630547262
2021/03/20,3353819811
2021/03/21,3275811890
2021/03/22,3240694635
2021/03/23,3278756575
2021/03/24,3229321233
2021/03/25,3245609407
2021/03/26,3131395696
2021/03/27,3083543123
2021/03/28,3093608951
2021/03/29,3084836413
2021/03/30,3115803686
2021/03/31,3168637914
2021/04/01,3184965591
2021/04/02,3240385636
2021/04/03,3254862057
2021/04/04,3282678335
2021/04/05,3304246632
2021/04/06,3372029407
2021/04/07,3388348658
2021/04/08,3384972279
2021/04/09,3404089893
2021/04/10,3422705558
2021/04/11,3415765133
2021/04/12,3418299350
2021/04/13,3319375456
2021/04/14,3430117695
2021/04/15,3462906574
2021/04/16,3708625677
2021/04/17,3901575104
2021/04/18,4055284767
2021/04/19,4522569010
2021/04/20,5362834819
2021/04/21,6168651419
2021/04/22,7023995965
2021/04/23,7482395438
2021/04/24,7258460109
2021/04/25,7279513154
2021/04/26,7426361386
2021/04/27,7399167259
2021/04/28,7777332855
2021/04/29,8340639426
2021/04/30,8449207567
2021/05/01,8555410723
2021/05/02,8678164602
2021/05/03,9017998230
2021/05/04,9557883058
2021/05/05,10005139576
2021/05/06,10503260784
2021/05/07,10867078995
2021/05/08,12394547567
2021/05/09,13995555570
2021/05/10,15591583934
2021/05/11,17143452129
2021/05/12,17940269405
2021/05/13,18536307771
2021/05/14,18780344885
2021/05/15,18684884284
2021/05/16,18490827799
2021/05/17,18345458664
2021/05/18,18266656539
2021/05/19,18320546651
2021/05/20,18395315909
2021/05/21,18385341919
2021/05/22,18263518350
2021/05/23,18348411103
2021/05/24,18335289242
2021/05/25,18327711055
2021/05/26,18142980145
2021/05/27,18013880021
2021/05/28,17748628716
2021/05/29,17408939351
2021/05/30,17116864678
2021/05/31,16983232243
2021/06/01,16879219638
2021/06/02,16703438007
2021/06/03,16409835012
2021/06/04,15951652151
2021/06/05,15966847447
2021/06/06,16334294194
2021/06/07,16473958661
2021/06/08,16581003169
2021/06/09,16854422937
2021/06/10,17211264434
2021/06/11,17540314813
2021/06/12,18081235150
2021/06/13,18721273316
2021/06/14,19039724121
2021/06/15,19166776108
2021/06/16,19420141605
2021/06/17,19596757569
2021/06/18,19899547547
2021/06/19,20712126839
2021/06/20,21702464019
2021/06/21,21909779297
2021/06/22,21924362012
2021/06/23,22191372292
2021/06/24,22347718278
2021/06/25,22357379072
2021/06/26,22595197419
2021/06/27,23208246557
2021/06/28,23205544464
2021/06/29,23294474078
2021/06/30,23510193528
2021/07/01,23724268253
2021/07/02,24002045565
2021/07/03,24316854198
2021/07/04,24936942228
2021/07/05,25366296141
2021/07/06,25356946000
2021/07/07,25348662615
2021/07/08,25401546473
2021/07/09,25551500669
2021/07/10,25928590245
2021/07/11,26558820076
2021/07/12,26794996778
2021/07/13,27024623994
2021/07/14,26953809176
2021/07/15,26918742436
2021/07/16,26950788442
2021/07/17,27199908563
2021/07/18,27221419707
2021/07/19,26796082954
2021/07/20,26292221127
2021/07/21,25679078894
2021/07/22,25233819695
2021/07/23,25279239562
2021/07/24,25271103886
2021/07/25,25369490119
2021/07/26,25141090073
2021/07/27,24607706954
2021/07/28,23991431931
2021/07/29,23759477193
2021/07/30,23577812667
2021/07/31,23458196650
2021/08/01,23102116367
2021/08/02,22390598899
2021/08/03,21794194177
2021/08/04,21096486649
2021/08/05,20512753615
2021/08/06,18364009076
2021/08/07,16112358070
2021/08/08,13815188679
2021/08/09,11417371934
2021/08/10,9836020535
2021/08/11,8495152600
2021/08/12,7551611767
2021/08/13,6933996068
2021/08/14,6570651997
2021/08/15,6153987615
2021/08/16,5718155443
2021/08/17,5096193903
2021/08/18,4465646934
2021/08/19,4235007805
2021/08/20,4206418276
2021/08/21,4191432743
2021/08/22,4097922965
2021/08/23,4046469175
2021/08/24,3918175533
2021/08/25,3858708513
2021/08/26,3776640975
2021/08/27,3791078759
2021/08/28,3798273679
2021/08/29,3744672919
2021/08/30,3692068419
2021/08/31,3558211059
2021/09/01,3362629225
2021/09/02,3290832726
2021/09/03,3283789500
2021/09/04,3234458889
2021/09/05,3276816165
2021/09/06,3272913329
2021/09/07,3396566086
2021/09/08,3400911815
2021/09/09,3399749703
2021/09/10,3360632979
2021/09/11,3310284195
2021/09/12,3307229903
2021/09/13,3345282204
2021/09/14,3351599198
2021/09/15,3349975491
2021/09/16,3338162367
2021/09/17,3065634375
2021/09/18,2857269145
2021/09/19,2930504876
2021/09/20,2854785799
2021/09/21,2856697567
2021/09/22,2869192837
2021/09/23,2866714893
2021/09/24,2863986134
2021/09/25,2829435391
2021/09/26,2541118139
2021/09/27,2551593925
2021/09/28,2647023877
2021/09/29,2691911946
2021/09/30,2766217632
2021/10/01,2700581438
2021/10/02,2675843486
2021/10/03,2699873107
2021/10/04,2493968342
2021/10/05,2412757395
2021/10/06,2584681356
2021/10/07,2813954890
2021/10/08,2857143222
2021/10/09,2748136279
2021/10/10,2791915856
2021/10/11,2791886722
2021/10/12,2786658085
2021/10/13,2748714691
2021/10/14,2756657418
2021/10/15,2856761155
2021/10/16,2849407063
2021/10/17,2885893701
2021/10/18,2885192888
2021/10/19,2903906680
2021/10/20,2939934101
2021/10/21,3000865233
2021/10/22,3025953441
2021/10/23,2972523908
2021/10/24,2973383373
2021/10/25,2930431903
2021/10/26,3046427001
2021/10/27,3315585668
2021/10/28,4318194647
2021/10/29,4986825545
2021/10/30,5284643327
2021/10/31,5340315738
2021/11/01,5517096186
2021/11/02,5870601030
2021/11/03,6264918958
2021/11/04,6452884393
2021/11/05,6596392580
2021/11/06,6589285983
2021/11/07,6618577882
2021/11/08,6733850101
2021/11/09,6859901678
2021/11/10,7137766932
2021/11/11,7276246659
2021/11/12,7357338339
2021/11/13,7271878768
2021/11/14,7285859829
2021/11/15,7314714672
2021/11/16,7359089361
2021/11/17,7502743076
2021/11/18,7520626477
2021/11/19,7492804064
2021/11/20,7528531382
2021/11/21,7533182651
2021/11/22,7536178773
2021/11/23,7509486049
2021/11/24,7574744316
2021/11/25,7441344755
2021/11/26,7328993838
2021/11/27,7231840627
2021/11/28,7343170624
2021/11/29,7325430801
2021/11/30,7333096388
2021/12/01,7337988133
2021/12/02,7315750553
2021/12/03,7292210026
2021/12/04,7154776780
2021/12/05,7341542793
2021/12/06,7305007625
2021/12/07,7254831635
2021/12/08,7266796976
2021/12/09,7266284734
2021/12/10,7268320374
2021/12/11,7280476221
2021/12/12,7330510556
2021/12/13,7327046996
2021/12/14,7320671364
2021/12/15,7313613234
2021/12/16,7370160208
2021/12/17,7244451810
2021/12/18,7168432266
2021/12/19,7247355470
2021/12/20,7237701482
2021/12/21,7195595225
2021/12/22,7160371274
2021/12/23,7048629345
2021/12/24,6870740315
2021/12/25,6575762943
2021/12/26,6432771039
2021/12/27,6178065715
2021/12/28,6008265212
2021/12/29,5770754771
2021/12/30,5735958416
2021/12/31,5525788038
2022/01/01,5402265857
2022/01/02,5298093688
2022/01/03,5323551082
2022/01/04,5285443190
2022/01/05,5215436137
2022/01/06,5236934979
2022/01/07,5242330885
2022/01/08,5138474541
2022/01/09,5333034551
2022/01/10,5304227375
2022/01/11,5247583634
2022/01/12,5237129535
2022/01/13,5224117933
2022/01/14,5170771761
2022/01/15,5099394450
2022/01/16,5164145089
2022/01/17,5206625632
2022/01/18,5303663041
2022/01/19,5318144982
2022/01/20,5375005658
2022/01/21,5423605152
2022/01/22,5458139573
2022/01/23,5803657305
2022/01/24,5850130146
2022/01/25,5765608236
2022/01/26,5141666759
2022/01/27,4800588964
2022/01/28,4726456142
2022/01/29,4783765084
2022/01/30,4705008853
2022/01/31,4471263258
2022/02/01,4148849200
2022/02/02,4063677897
2022/02/03,4091659200
2022/02/04,4123776591
2022/02/05,4097992069
2022/02/06,4014639337
2022/02/07,3926276848
2022/02/08,3635047163
2022/02/09,3460615821
2022/02/10,3288394353
2022/02/11,3226762510
2022/02/12,3304366143
2022/02/13,3352936492
2022/02/14,3297049231
2022/02/15,3077273293
2022/02/16,3018520705
2022/02/17,3043624728
2022/02/18,3038815035
2022/02/19,3046321982
2022/02/20,3247603546
2022/02/21,3273578143
2022/02/22,3135448093
2022/02/23,3067486820
2022/02/24,2973932742
2022/02/25,3018385598
2022/02/26,2982567290
2022/02/27,3023399160
2022/02/28,3043397270
2022/03/01,3052505388
2022/03/02,3002205117
2022/03/03,3009769425
2022/03/04,3001917069
2022/03/05,2741855479
2022/03/06,2763203087
2022/03/07,2753486173
2022/03/08,2628540816
2022/03/09,2586883421
2022/03/10,2578747116
2022/03/11,2630079722
2022/03/12,2679295758
2022/03/13,2874067168
2022/03/14,2946342704
2022/03/15,2883918577
2022/03/16,2906270650
2022/03/17,2822625180
2022/03/18,2892606832
2022/03/19,2903945955
2022/03/20,2946107348
2022/03/21,2945587921
2022/03/22,2932933132
2022/03/23,2891451068
2022/03/24,2746987660
2022/03/25,2596527785
2022/03/26,2618858977
2022/03/27,2587285101
2022/03/28,2559651108
2022/03/29,2500343296
2022/03/30,2431935275
2022/03/31,2413881736
2022/04/01,2415190614
2022/04/02,2480451404
2022/04/03,2600312536
2022/04/04,2617931916
2022/04/05,2617653761
2022/04/06,2612136705
2022/04/07,2622889494
2022/04/08,2660301498
2022/04/09,2695321157
2022/04/10,2681573397
2022/04/11,2560416030
2022/04/12,2418036653
2022/04/13,2336038230
2022/04/14,2310532925
2022/04/15,2328540137
2022/04/16,2428892809
2022/04/17,2540333116
2022/04/18,2563137365
2022/04/19,2550219841
2022/04/20,2623580153
2022/04/21,2618637597
2022/04/22,2587110400
2022/04/23,2637488269
2022/04/24,2705326597
2022/04/25,2696460348
2022/04/26,2702689787
2022/04/27,2701724027
2022/04/28,2700577317
2022/04/29,2704293673
2022/04/30,2733884854
2022/05/01,2725938128
2022/05/02,2735369299
2022/05/03,2791529115
2022/05/04,2799617604
2022/05/05,2812199037
2022/05/06,2738368248
2022/05/07,2830087450
2022/05/08,2863990392
2022/05/09,2851622229
2022/05/10,2847695687
2022/05/11,2854803556
2022/05/12,3207584205
2022/05/13,3617585186
2022/05/14,3605950308
2022/05/15,3644996436
2022/05/16,3629123607
2022/05/17,3605689789
2022/05/18,3615872720
2022/05/19,3522215418
2022/05/20,3533780039
2022/05/21,3116139731
2022/05/22,3198356402
2022/05/23,3230905733
2022/05/24,3248266327
2022/05/25,3252445018
2022/05/26,3303881417
2022/05/27,3316786846
2022/05/28,3366271499
2022/05/29,3414116012
2022/05/30,3455678623
2022/05/31,3423614116
2022/06/01,3433414915
2022/06/02,3440644425
2022/06/03,3454871750
2022/06/04,3574759781
2022/06/05,3726790163
2022/06/06,3760242665
2022/06/07,3799068116
2022/06/08,3759449677
2022/06/09,3876027379
2022/06/10,3898215951
2022/06/11,3918016184
2022/06/12,4026068171
2022/06/13,3977291716
2022/06/14,3844570268
2022/06/15,3817593669
2022/06/16,3580665272
2022/06/17,3580154411
2022/06/18,3618765136
2022/06/19,3700425726
2022/06/20,3632681622
2022/06/21,3713195586
2022/06/22,3860071262
2022/06/23,4064848052
2022/06/24,4147571530
2022/06/25,4453475356
2022/06/26,4680044711
2022/06/27,4694906939
2022/06/28,4826596111
2022/06/29,4862190606
2022/06/30,4833871132
2022/07/01,4911672322
2022/07/02,4995249459
2022/07/03,5034831508
2022/07/04,5066650483
2022/07/05,5136341555
2022/07/06,5170697527
2022/07/07,5270668025
2022/07/08,5362899554
2022/07/09,5416235981
2022/07/10,5439290204
2022/07/11,5459663377
2022/07/12,5458177835
2022/07/13,5512526854
2022/07/14,5592676349
2022/07/15,5707881585
2022/07/16,5859991816
2022/07/17,6065033441
2022/07/18,6062888340
2022/07/19,5918323355
2022/07/20,5990935861
2022/07/21,6075500036
2022/07/22,6124535676
2022/07/23,6116435031
2022/07/24,6103049076
2022/07/25,6392477398
2022/07/26,9869859246
2022/07/27,9921655098
2022/07/28,9912760128
2022/07/29,9877911039
2022/07/30,9903604358
2022/07/31,9917778263
2022/08/01,10428241754
2022/08/02,10495449557
2022/08/03,10626241256
2022/08/04,11844254023
2022/08/05,11837571089
2022/08/06,11817821644
2022/08/07,11823544854
2022/08/08,11781578563
2022/08/09,11712951391
2022/08/10,11290274902
2022/08/11,10789817110
2022/08/12,10788113927
2022/08/13,10777310746
2022/08/14,10783855374
2022/08/15,10788305770
2022/08/16,10775408247
2022/08/17,10771611686
2022/08/18,10770485476
2022/08/19,10771345339
2022/08/20,10726646401
2022/08/21,10735110223
2022/08/22,10776043988
2022/08/23,10792859532
2022/08/24,10833847217
2022/08/25,10850921823
2022/08/26,10867154361
2022/08/27,10893396912
2022/08/28,10970155495
2022/08/29,10980680691
2022/08/30,11025370254
2022/08/31,11099708354
2022/09/01,11081761523
2022/09/02,11001477355
2022/09/03,10937228247
2022/09/04,10868891772
2022/09/05,10821499140
2022/09/06,10772434020
2022/09/07,10691458922
2022/09/08,10692604612
2022/09/09,10605764532
2022/09/10,10666172803
2022/09/11,10775902535
2022/09/12,10794342392
2022/09/13,10796812487
2022/09/14,10792938048
2022/09/15,11009260299
2022/09/16,11333146662
2022/09/17,11600685367
2022/09/18,11515827181
2022/09/19,11352003875
2022/09/20,11112982535
2022/09/21,10808963597
2022/09/22,10655324311
2022/09/23,10209044891
2022/09/24,9670094647
2022/09/25,9435121737
2022/09/26,9117608865
2022/09/27,8942161334
2022/09/28,8859366048
2022/09/29,8854285562
2022/09/30,8901694334
2022/10/01,8901872811
2022/10/02,8904107410
2022/10/03,9166106488
2022/10/04,9177917059
2022/10/05,9160826481
2022/10/06,9171063827
2022/10/07,9176292317
2022/10/08,9185435133
2022/10/09,9260833229
2022/10/10,9266640049
2022/10/11,9264287503
2022/10/12,9309013439
2022/10/13,9261883673
2022/10/14,9224793920
2022/10/15,9238221698
2022/10/16,9471357254
2022/10/17,9507815804
2022/10/18,9542227079
2022/10/19,9519485755
2022/10/20,9476571019
2022/10/21,9480077508
2022/10/22,9821899490
2022/10/23,9763329402
2022/10/24,6476680375
2022/10/25,6479234907
2022/10/26,6468095752
2022/10/27,6413612837
2022/10/28,6415781449
2022/10/29,6470591799
2022/10/30,5983182492
2022/10/31,5918282900
2022/11/01,5723715270
2022/11/02,4454497368
2022/11/03,4343111275
2022/11/04,4412822514
2022/11/05,4618790379
2022/11/06,4779478275
2022/11/07,4772577107
2022/11/08,4742733445
2022/11/09,4903584960
2022/11/10,4972239399
2022/11/11,4975615596
2022/11/12,5025325684
2022/11/13,5037449716
2022/11/14,5129005275
2022/11/15,5142725093
2022/11/16,5143388126
2022/11/17,5142666107
2022/11/18,5237778339
2022/11/19,5624237520
2022/11/20,5932401081
2022/11/21,6123364529
2022/11/22,6289258974
2022/11/23,6450354157
2022/11/24,6555022866
2022/11/25,6630446402
2022/11/26,6855109683
2022/11/27,7341324131
2022/11/28,7325519003
2022/11/29,7312249028
