Date,transactions7mom
2016/01/01,-1288
2016/01/02,-1562
2016/01/03,-12609
2016/01/04,-2894
2016/01/05,5072
2016/01/06,-4693
2016/01/07,11774
2016/01/08,2686
2016/01/09,2629
2016/01/10,1062
2016/01/11,1419
2016/01/12,-5568
2016/01/13,591
2016/01/14,-11422
2016/01/15,-1044
2016/01/16,-1129
2016/01/17,-573
2016/01/18,2023
2016/01/19,2558
2016/01/20,-7055
2016/01/21,81
2016/01/22,3973
2016/01/23,361
2016/01/24,3051
2016/01/25,4205
2016/01/26,3091
2016/01/27,8137
2016/01/28,6031
2016/01/29,2547
2016/01/30,3636
2016/01/31,1368
2016/02/01,-2922
2016/02/02,-2220
2016/02/03,-4473
2016/02/04,-2394
2016/02/05,-1146
2016/02/06,16757
2016/02/07,98
2016/02/08,520
2016/02/09,1226
2016/02/10,2867
2016/02/11,7069
2016/02/12,2860
2016/02/13,-12091
2016/02/14,2360
2016/02/15,2440
2016/02/16,2032
2016/02/17,2849
2016/02/18,-4471
2016/02/19,303
2016/02/20,-2613
2016/02/21,495
2016/02/22,1031
2016/02/23,933
2016/02/24,-450
2016/02/25,2534
2016/02/26,2656
2016/02/27,2267
2016/02/28,1944
2016/02/29,2168
2016/03/01,3296
2016/03/02,4022
2016/03/03,5334
2016/03/04,3219
2016/03/05,8134
2016/03/06,8598
2016/03/07,2913
2016/03/08,2327
2016/03/09,995
2016/03/10,-23
2016/03/11,-1163
2016/03/12,772
2016/03/13,466
2016/03/14,5257
2016/03/15,5168
2016/03/16,3039
2016/03/17,8717
2016/03/18,8697
2016/03/19,6892
2016/03/20,4320
2016/03/21,3983
2016/03/22,3617
2016/03/23,4190
2016/03/24,3416
2016/03/25,4941
2016/03/26,1867
2016/03/27,-2473
2016/03/28,1102
2016/03/29,1025
2016/03/30,4981
2016/03/31,-4688
2016/04/01,-3442
2016/04/02,-7288
2016/04/03,-386
2016/04/04,1294
2016/04/05,5258
2016/04/06,-4689
2016/04/07,-366
2016/04/08,690
2016/04/09,2565
2016/04/10,2649
2016/04/11,-4580
2016/04/12,-4500
2016/04/13,3973
2016/04/14,2888
2016/04/15,949
2016/04/16,-1440
2016/04/17,7966
2016/04/18,3186
2016/04/19,-2051
2016/04/20,-3107
2016/04/21,2400
2016/04/22,-3281
2016/04/23,1362
2016/04/24,-6157
2016/04/25,1917
2016/04/26,-40
2016/04/27,903
2016/04/28,-2838
2016/04/29,5654
2016/04/30,13924
2016/05/01,5532
2016/05/02,6318
2016/05/03,5239
2016/05/04,3637
2016/05/05,4364
2016/05/06,3939
2016/05/07,-9905
2016/05/08,485
2016/05/09,-3188
2016/05/10,2863
2016/05/11,3327
2016/05/12,6295
2016/05/13,6468
2016/05/14,9881
2016/05/15,3010
2016/05/16,-1136
2016/05/17,-375
2016/05/18,5222
2016/05/19,-479
2016/05/20,-2562
2016/05/21,-2124
2016/05/22,-4178
2016/05/23,6382
2016/05/24,2602
2016/05/25,410
2016/05/26,6624
2016/05/27,3829
2016/05/28,26527
2016/05/29,6995
2016/05/30,-879
2016/05/31,1475
2016/06/01,-4222
2016/06/02,-11481
2016/06/03,-9172
2016/06/04,-32273
2016/06/05,-7994
2016/06/06,-3970
2016/06/07,1755
2016/06/08,-1788
2016/06/09,188
2016/06/10,311
2016/06/11,-974
2016/06/12,4685
2016/06/13,7228
2016/06/14,4194
2016/06/15,2818
2016/06/16,3538
2016/06/17,26413
2016/06/18,26182
2016/06/19,8454
2016/06/20,933
2016/06/21,-3012
2016/06/22,5364
2016/06/23,-1484
2016/06/24,-21227
2016/06/25,-26399
2016/06/26,-9422
2016/06/27,-7455
2016/06/28,-4234
2016/06/29,1282
2016/06/30,22044
2016/07/01,-5246
2016/07/02,2573
2016/07/03,-1856
2016/07/04,287
2016/07/05,-3819
2016/07/06,-11997
2016/07/07,-23519
2016/07/08,2421
2016/07/09,1153
2016/07/10,-399
2016/07/11,-1368
2016/07/12,1541
2016/07/13,-2160
2016/07/14,2376
2016/07/15,-1396
2016/07/16,-2348
2016/07/17,-5444
2016/07/18,616
2016/07/19,3373
2016/07/20,14891
2016/07/21,2073
2016/07/22,7348
2016/07/23,6944
2016/07/24,24301
2016/07/25,15658
2016/07/26,17746
2016/07/27,2404
2016/07/28,3673
2016/07/29,-1215
2016/07/30,-2995
2016/07/31,-9466
2016/08/01,-8878
2016/08/02,-12889
2016/08/03,-3560
2016/08/04,-1794
2016/08/05,-4031
2016/08/06,-524
2016/08/07,-5794
2016/08/08,-2994
2016/08/09,-1984
2016/08/10,-3185
2016/08/11,1410
2016/08/12,1188
2016/08/13,-399
2016/08/14,-2378
2016/08/15,-682
2016/08/16,1892
2016/08/17,-1423
2016/08/18,-372
2016/08/19,-1452
2016/08/20,230
2016/08/21,1966
2016/08/22,1948
2016/08/23,-519
2016/08/24,1954
2016/08/25,2069
2016/08/26,4344
2016/08/27,6620
2016/08/28,64
2016/08/29,1260
2016/08/30,-1451
2016/08/31,-975
2016/09/01,-2377
2016/09/02,8121
2016/09/03,-3146
2016/09/04,5521
2016/09/05,-2843
2016/09/06,2123
2016/09/07,2855
2016/09/08,8479
2016/09/09,-1495
2016/09/10,-1917
2016/09/11,-4783
2016/09/12,2456
2016/09/13,-6511
2016/09/14,5158
2016/09/15,-3348
2016/09/16,3614
2016/09/17,4007
2016/09/18,-5452
2016/09/19,-4618
2016/09/20,11476
2016/09/21,-9310
2016/09/22,35
2016/09/23,-22313
2016/09/24,-3464
2016/09/25,820
2016/09/26,3009
2016/09/27,-7250
2016/09/28,-1752
2016/09/29,-12241
2016/09/30,617
2016/10/01,9658
2016/10/02,12392
2016/10/03,4158
2016/10/04,9845
2016/10/05,-1078
2016/10/06,-3590
2016/10/07,7872
2016/10/08,-15386
2016/10/09,-7165
2016/10/10,-2732
2016/10/11,-15609
2016/10/12,-11717
2016/10/13,-4582
2016/10/14,-1702
2016/10/15,-4028
2016/10/16,-8950
2016/10/17,-6804
2016/10/18,10845
2016/10/19,8495
2016/10/20,11194
2016/10/21,15774
2016/10/22,4110
2016/10/23,374
2016/10/24,14411
2016/10/25,-4288
2016/10/26,6661
2016/10/27,915
2016/10/28,-16258
2016/10/29,2239
2016/10/30,4071
2016/10/31,-7516
2016/11/01,1415
2016/11/02,-1639
2016/11/03,-2007
2016/11/04,-8950
2016/11/05,-2321
2016/11/06,-5044
2016/11/07,-3090
2016/11/08,-7456
2016/11/09,-3002
2016/11/10,-2182
2016/11/11,8498
2016/11/12,3192
2016/11/13,9282
2016/11/14,1935
2016/11/15,3761
2016/11/16,1167
2016/11/17,574
2016/11/18,2715
2016/11/19,-1593
2016/11/20,-1548
2016/11/21,-1141
2016/11/22,8255
2016/11/23,22605
2016/11/24,-3877
2016/11/25,14290
2016/11/26,1515
2016/11/27,2324
2016/11/28,5653
2016/11/29,-6549
2016/11/30,-25111
2016/12/01,260
2016/12/02,-16433
2016/12/03,553
2016/12/04,-4806
2016/12/05,-6775
2016/12/06,1164
2016/12/07,2579
2016/12/08,2466
2016/12/09,-198
2016/12/10,-793
2016/12/11,-479
2016/12/12,-2872
2016/12/13,-3536
2016/12/14,5537
2016/12/15,6515
2016/12/16,2509
2016/12/17,-1122
2016/12/18,-2524
2016/12/19,6858
2016/12/20,-423
2016/12/21,3499
2016/12/22,9071
2016/12/23,438
2016/12/24,-1685
2016/12/25,-39
2016/12/26,-11034
2016/12/27,-1871
2016/12/28,-7407
2016/12/29,-8627
2016/12/30,170
2016/12/31,3463
2017/01/01,2129
2017/01/02,5087
2017/01/03,3513
2017/01/04,7287
2017/01/05,3050
2017/01/06,-757
2017/01/07,2402
2017/01/08,3997
2017/01/09,6536
2017/01/10,2296
2017/01/11,-5452
2017/01/12,993
2017/01/13,7029
2017/01/14,-1578
2017/01/15,-979
2017/01/16,-813
2017/01/17,-1508
2017/01/18,-227
2017/01/19,-6961
2017/01/20,-5058
2017/01/21,1258
2017/01/22,5684
2017/01/23,701
2017/01/24,3743
2017/01/25,1262
2017/01/26,3228
2017/01/27,905
2017/01/28,1887
2017/01/29,-4923
2017/01/30,-707
2017/01/31,-6765
2017/02/01,-1715
2017/02/02,-3147
2017/02/03,-3902
2017/02/04,221
2017/02/05,4033
2017/02/06,1937
2017/02/07,8217
2017/02/08,6548
2017/02/09,4164
2017/02/10,9444
2017/02/11,1150
2017/02/12,-1223
2017/02/13,8684
2017/02/14,6432
2017/02/15,4231
2017/02/16,1801
2017/02/17,-2816
2017/02/18,2838
2017/02/19,2908
2017/02/20,-5838
2017/02/21,136
2017/02/22,-4948
2017/02/23,-2073
2017/02/24,4675
2017/02/25,3847
2017/02/26,3489
2017/02/27,2490
2017/02/28,1843
2017/03/01,9402
2017/03/02,23178
2017/03/03,10213
2017/03/04,5511
2017/03/05,5315
2017/03/06,4378
2017/03/07,2312
2017/03/08,-4388
2017/03/09,-6513
2017/03/10,832
2017/03/11,6047
2017/03/12,9615
2017/03/13,24698
2017/03/14,14566
2017/03/15,25819
2017/03/16,45684
2017/03/17,41509
2017/03/18,25117
2017/03/19,17953
2017/03/20,-1454
2017/03/21,7143
2017/03/22,-2384
2017/03/23,-27516
2017/03/24,-18860
2017/03/25,-5526
2017/03/26,-5065
2017/03/27,14285
2017/03/28,50
2017/03/29,14243
2017/03/30,13775
2017/03/31,15327
2017/04/01,-3822
2017/04/02,9414
2017/04/03,5672
2017/04/04,1931
2017/04/05,-5653
2017/04/06,-1032
2017/04/07,-10256
2017/04/08,-8428
2017/04/09,-14391
2017/04/10,-24734
2017/04/11,-10388
2017/04/12,-7064
2017/04/13,-11053
2017/04/14,-11691
2017/04/15,2676
2017/04/16,-3923
2017/04/17,-2941
2017/04/18,7412
2017/04/19,5387
2017/04/20,1326
2017/04/21,123
2017/04/22,-1281
2017/04/23,6439
2017/04/24,7985
2017/04/25,9730
2017/04/26,3908
2017/04/27,19044
2017/04/28,24915
2017/04/29,17796
2017/04/30,18129
2017/05/01,31671
2017/05/02,17321
2017/05/03,7692
2017/05/04,10383
2017/05/05,2321
2017/05/06,3679
2017/05/07,11429
2017/05/08,5307
2017/05/09,2579
2017/05/10,12339
2017/05/11,2312
2017/05/12,-1273
2017/05/13,6318
2017/05/14,-5283
2017/05/15,5283
2017/05/16,3408
2017/05/17,30462
2017/05/18,20220
2017/05/19,54327
2017/05/20,29580
2017/05/21,48351
2017/05/22,53463
2017/05/23,70780
2017/05/24,47158
2017/05/25,45601
2017/05/26,8250
2017/05/27,18538
2017/05/28,5572
2017/05/29,-17708
2017/05/30,6497
2017/05/31,26833
2017/06/01,16150
2017/06/02,25093
2017/06/03,26194
2017/06/04,24865
2017/06/05,31758
2017/06/06,6905
2017/06/07,-6946
2017/06/08,-11460
2017/06/09,20920
2017/06/10,37712
2017/06/11,60354
2017/06/12,102636
2017/06/13,79531
2017/06/14,43157
2017/06/15,73917
2017/06/16,32172
2017/06/17,28666
2017/06/18,5467
2017/06/19,-6732
2017/06/20,28363
2017/06/21,-29048
2017/06/22,22608
2017/06/23,28009
2017/06/24,8548
2017/06/25,-14822
2017/06/26,30579
2017/06/27,-55422
2017/06/28,52952
2017/06/29,-20434
2017/06/30,-23360
2017/07/01,-10105
2017/07/02,17482
2017/07/03,-14756
2017/07/04,28470
2017/07/05,-2635
2017/07/06,-5000
2017/07/07,42737
2017/07/08,7677
2017/07/09,-23428
2017/07/10,601
2017/07/11,10212
2017/07/12,12222
2017/07/13,1954
2017/07/14,-46008
2017/07/15,-16181
2017/07/16,23949
2017/07/17,-54160
2017/07/18,-20622
2017/07/19,-13706
2017/07/20,-10680
2017/07/21,-16821
2017/07/22,-26387
2017/07/23,11352
2017/07/24,14622
2017/07/25,-28133
2017/07/26,-47174
2017/07/27,-24630
2017/07/28,13934
2017/07/29,-6801
2017/07/30,-53866
2017/07/31,-13007
2017/08/01,-24340
2017/08/02,8120
2017/08/03,10900
2017/08/04,10666
2017/08/05,62627
2017/08/06,58503
2017/08/07,31084
2017/08/08,100284
2017/08/09,49240
2017/08/10,101906
2017/08/11,99522
2017/08/12,77254
2017/08/13,67878
2017/08/14,128889
2017/08/15,94380
2017/08/16,133316
2017/08/17,89766
2017/08/18,86674
2017/08/19,38764
2017/08/20,-23079
2017/08/21,-17181
2017/08/22,-48519
2017/08/23,-38913
2017/08/24,-75542
2017/08/25,-90735
2017/08/26,-71150
2017/08/27,14247
2017/08/28,-29206
2017/08/29,29922
2017/08/30,25509
2017/08/31,31956
2017/09/01,38376
2017/09/02,25529
2017/09/03,-21648
2017/09/04,78918
2017/09/05,49923
2017/09/06,96156
2017/09/07,63926
2017/09/08,72673
2017/09/09,51857
2017/09/10,22603
2017/09/11,-77208
2017/09/12,-39674
2017/09/13,-130697
2017/09/14,-68096
2017/09/15,-21903
2017/09/16,-9890
2017/09/17,-35611
2017/09/18,-2620
2017/09/19,-67146
2017/09/20,-40695
2017/09/21,-63177
2017/09/22,-170297
2017/09/23,-113657
2017/09/24,-8588
2017/09/25,-56150
2017/09/26,-31677
2017/09/27,-15937
2017/09/28,12134
2017/09/29,55032
2017/09/30,35691
2017/10/01,2942
2017/10/02,-519
2017/10/03,21831
2017/10/04,-1738
2017/10/05,-14400
2017/10/06,-6620
2017/10/07,-4707
2017/10/08,12958
2017/10/09,22077
2017/10/10,21699
2017/10/11,36996
2017/10/12,48603
2017/10/13,59254
2017/10/14,41078
2017/10/15,32092
2017/10/16,80125
2017/10/17,156006
2017/10/18,126144
2017/10/19,130773
2017/10/20,167701
2017/10/21,130733
2017/10/22,106572
2017/10/23,59871
2017/10/24,-13323
2017/10/25,-10030
2017/10/26,-27778
2017/10/27,-546837
2017/10/28,-462902
2017/10/29,-435493
2017/10/30,-468168
2017/10/31,-492288
2017/11/01,61986
2017/11/02,67143
2017/11/03,488639
2017/11/04,398758
2017/11/05,417102
2017/11/06,511663
2017/11/07,470418
2017/11/08,-41992
2017/11/09,-66377
2017/11/10,-31212
2017/11/11,-4380
2017/11/12,17278
2017/11/13,-68487
2017/11/14,5566
2017/11/15,60117
2017/11/16,24310
2017/11/17,51163
2017/11/18,65301
2017/11/19,30183
2017/11/20,86965
2017/11/21,48060
2017/11/22,5959
2017/11/23,45586
2017/11/24,16856
2017/11/25,101460
2017/11/26,77921
2017/11/27,78554
2017/11/28,114945
2017/11/29,117090
2017/11/30,118389
2017/12/01,97274
2017/12/02,66646
2017/12/03,151324
2017/12/04,93139
2017/12/05,54101
2017/12/06,128167
2017/12/07,3611
2017/12/08,143691
2017/12/09,79438
2017/12/10,22767
2017/12/11,127065
2017/12/12,179250
2017/12/13,117885
2017/12/14,283491
2017/12/15,137935
2017/12/16,192634
2017/12/17,159999
2017/12/18,155122
2017/12/19,219894
2017/12/20,76473
2017/12/21,130106
2017/12/22,199177
2017/12/23,19024
2017/12/24,-118340
2017/12/25,-231660
2017/12/26,-278724
2017/12/27,-73352
2017/12/28,-123162
2017/12/29,-13332
2017/12/30,217778
2017/12/31,188693
2018/01/01,156584
2018/01/02,340426
2018/01/03,325278
2018/01/04,400387
2018/01/05,181386
2018/01/06,89758
2018/01/07,205795
2018/01/08,306528
2018/01/09,102304
2018/01/10,-60345
2018/01/11,-175925
2018/01/12,-152820
2018/01/13,-47096
2018/01/14,-71129
2018/01/15,-9053
2018/01/16,21696
2018/01/17,99398
2018/01/18,31219
2018/01/19,-75500
2018/01/20,-194832
2018/01/21,-75063
2018/01/22,-233509
2018/01/23,-349442
2018/01/24,-363415
2018/01/25,-416669
2018/01/26,-89828
2018/01/27,-152600
2018/01/28,-117426
2018/01/29,-36066
2018/01/30,-21916
2018/01/31,-36384
2018/02/01,220244
2018/02/02,27489
2018/02/03,-17403
2018/02/04,-88239
2018/02/05,-61084
2018/02/06,-18359
2018/02/07,-58659
2018/02/08,-327415
2018/02/09,-191111
2018/02/10,33904
2018/02/11,-27369
2018/02/12,-46741
2018/02/13,-142458
2018/02/14,-72241
2018/02/15,95974
2018/02/16,-85049
2018/02/17,-76311
2018/02/18,-17404
2018/02/19,-17636
2018/02/20,141136
2018/02/21,104120
2018/02/22,-15425
2018/02/23,28326
2018/02/24,-39218
2018/02/25,-65510
2018/02/26,-73931
2018/02/27,-192314
2018/02/28,-130136
2018/03/01,-77489
2018/03/02,11582
2018/03/03,-59396
2018/03/04,-47341
2018/03/05,15303
2018/03/06,18008
2018/03/07,63389
2018/03/08,5735
2018/03/09,-94608
2018/03/10,-82088
2018/03/11,-34342
2018/03/12,-74848
2018/03/13,-13498
2018/03/14,-112559
2018/03/15,-35608
2018/03/16,4526
2018/03/17,1826
2018/03/18,75065
2018/03/19,25983
2018/03/20,-37302
2018/03/21,26674
2018/03/22,-35078
2018/03/23,22519
2018/03/24,20000
2018/03/25,-157592
2018/03/26,-77276
2018/03/27,-77736
2018/03/28,-118014
2018/03/29,-35780
2018/03/30,-43487
2018/03/31,-28807
2018/04/01,18769
2018/04/02,-28110
2018/04/03,61869
2018/04/04,48583
2018/04/05,112198
2018/04/06,14365
2018/04/07,-48531
2018/04/08,50592
2018/04/09,11294
2018/04/10,-74536
2018/04/11,-19339
2018/04/12,-3265
2018/04/13,82363
2018/04/14,75323
2018/04/15,24252
2018/04/16,54603
2018/04/17,171435
2018/04/18,94191
2018/04/19,121712
2018/04/20,101876
2018/04/21,134916
2018/04/22,128873
2018/04/23,138468
2018/04/24,73463
2018/04/25,95721
2018/04/26,-20445
2018/04/27,-67741
2018/04/28,29217
2018/04/29,7793
2018/04/30,-24737
2018/05/01,-102447
2018/05/02,-11292
2018/05/03,45713
2018/05/04,236047
2018/05/05,13940
2018/05/06,-65378
2018/05/07,11730
2018/05/08,106259
2018/05/09,43405
2018/05/10,15241
2018/05/11,-174427
2018/05/12,-774
2018/05/13,71166
2018/05/14,11787
2018/05/15,-40888
2018/05/16,-23870
2018/05/17,-19066
2018/05/18,5732
2018/05/19,57801
2018/05/20,14844
2018/05/21,561
2018/05/22,43199
2018/05/23,26120
2018/05/24,-24594
2018/05/25,-30993
2018/05/26,-84356
2018/05/27,-1259
2018/05/28,58791
2018/05/29,-10226
2018/05/30,-16359
2018/05/31,21549
2018/06/01,-42721
2018/06/02,6085
2018/06/03,33973
2018/06/04,-53837
2018/06/05,-31529
2018/06/06,-62948
2018/06/07,-56888
2018/06/08,-38100
2018/06/09,1410
2018/06/10,-38717
2018/06/11,-38180
2018/06/12,-10455
2018/06/13,43567
2018/06/14,-9912
2018/06/15,43786
2018/06/16,-129652
2018/06/17,-122732
2018/06/18,-73232
2018/06/19,8566
2018/06/20,5439
2018/06/21,-13881
2018/06/22,6654
2018/06/23,36143
2018/06/24,23446
2018/06/25,141512
2018/06/26,-46595
2018/06/27,-31138
2018/06/28,-7251
2018/06/29,-35365
2018/06/30,-42937
2018/07/01,-49361
2018/07/02,-347706
2018/07/03,-158638
2018/07/04,-324826
2018/07/05,-217198
2018/07/06,-276017
2018/07/07,-148876
2018/07/08,8872
2018/07/09,162367
2018/07/10,118239
2018/07/11,196808
2018/07/12,38472
2018/07/13,104242
2018/07/14,24846
2018/07/15,-177799
2018/07/16,52073
2018/07/17,9521
2018/07/18,102225
2018/07/19,168644
2018/07/20,108291
2018/07/21,111683
2018/07/22,221650
2018/07/23,54658
2018/07/24,83573
2018/07/25,41382
2018/07/26,-9072
2018/07/27,117107
2018/07/28,83339
2018/07/29,40952
2018/07/30,-945
2018/07/31,-39802
2018/08/01,-29769
2018/08/02,54298
2018/08/03,-35525
2018/08/04,16575
2018/08/05,-12059
2018/08/06,-58176
2018/08/07,-108721
2018/08/08,-192095
2018/08/09,-241398
2018/08/10,-139298
2018/08/11,-63236
2018/08/12,-62322
2018/08/13,-4595
2018/08/14,54006
2018/08/15,82902
2018/08/16,178202
2018/08/17,-6622
2018/08/18,-29790
2018/08/19,-42267
2018/08/20,-31172
2018/08/21,-84709
2018/08/22,-53693
2018/08/23,-117175
2018/08/24,-11043
2018/08/25,-50283
2018/08/26,-25588
2018/08/27,-17879
2018/08/28,8205
2018/08/29,-48031
2018/08/30,-6710
2018/08/31,-18969
2018/09/01,79015
2018/09/02,46195
2018/09/03,-14461
2018/09/04,-24323
2018/09/05,80116
2018/09/06,-3888
2018/09/07,4926
2018/09/08,-112917
2018/09/09,-54636
2018/09/10,-69849
2018/09/11,-32204
2018/09/12,-56284
2018/09/13,-33235
2018/09/14,-67790
2018/09/15,-63642
2018/09/16,-107199
2018/09/17,-7860
2018/09/18,-56804
2018/09/19,-63418
2018/09/20,-57578
2018/09/21,30292
2018/09/22,-9386
2018/09/23,10195
2018/09/24,-73383
2018/09/25,18595
2018/09/26,-13748
2018/09/27,5901
2018/09/28,-44316
2018/09/29,-35994
2018/09/30,10724
2018/10/01,-4029
2018/10/02,-28846
2018/10/03,65499
2018/10/04,55134
2018/10/05,94991
2018/10/06,162550
2018/10/07,18416
2018/10/08,66534
2018/10/09,46766
2018/10/10,-42234
2018/10/11,11344
2018/10/12,-33221
2018/10/13,-55068
2018/10/14,13952
2018/10/15,19169
2018/10/16,38393
2018/10/17,63570
2018/10/18,-4734
2018/10/19,38979
2018/10/20,-7717
2018/10/21,-3705
2018/10/22,15303
2018/10/23,-19190
2018/10/24,-47633
2018/10/25,-28593
2018/10/26,-49901
2018/10/27,-34915
2018/10/28,1848
2018/10/29,37381
2018/10/30,52166
2018/10/31,52998
2018/11/01,51898
2018/11/02,-2684
2018/11/03,5836
2018/11/04,986
2018/11/05,-32341
2018/11/06,-11231
2018/11/07,-21105
2018/11/08,-33704
2018/11/09,-686
2018/11/10,-15881
2018/11/11,16951
2018/11/12,-11192
2018/11/13,-43576
2018/11/14,17579
2018/11/15,7659
2018/11/16,4184
2018/11/17,16461
2018/11/18,-42998
2018/11/19,51780
2018/11/20,72162
2018/11/21,-2650
2018/11/22,5844
2018/11/23,7960
2018/11/24,-8540
2018/11/25,44237
2018/11/26,-65578
2018/11/27,-59927
2018/11/28,43049
2018/11/29,-13304
2018/11/30,39047
2018/12/01,28607
2018/12/02,-36628
2018/12/03,-9264
2018/12/04,-623
2018/12/05,-26643
2018/12/06,35332
2018/12/07,-26622
2018/12/08,26941
2018/12/09,15145
2018/12/10,7279
2018/12/11,-29196
2018/12/12,-62017
2018/12/13,-25234
2018/12/14,-5111
2018/12/15,-673
2018/12/16,9142
2018/12/17,14672
2018/12/18,20314
2018/12/19,63805
2018/12/20,36740
2018/12/21,39220
2018/12/22,-56365
2018/12/23,26958
2018/12/24,45500
2018/12/25,-21319
2018/12/26,-37678
2018/12/27,-54018
2018/12/28,-34337
2018/12/29,48195
2018/12/30,-83260
2018/12/31,-93511
2019/01/01,-86833
2019/01/02,29912
2019/01/03,48182
2019/01/04,-22791
2019/01/05,-32557
2019/01/06,26977
2019/01/07,28924
2019/01/08,105199
2019/01/09,-31112
2019/01/10,-13754
2019/01/11,-7560
2019/01/12,-58482
2019/01/13,-6025
2019/01/14,26275
2019/01/15,-13471
2019/01/16,-51160
2019/01/17,-65757
2019/01/18,-2939
2019/01/19,86418
2019/01/20,56358
2019/01/21,5512
2019/01/22,65662
2019/01/23,26132
2019/01/24,3048
2019/01/25,-33996
2019/01/26,-74745
2019/01/27,-48891
2019/01/28,-14187
2019/01/29,-39532
2019/01/30,21528
2019/01/31,-3073
2019/02/01,-6047
2019/02/02,-14066
2019/02/03,-64436
2019/02/04,-152170
2019/02/05,-151211
2019/02/06,-126282
2019/02/07,-88381
2019/02/08,-26904
2019/02/09,-33185
2019/02/10,-43227
2019/02/11,12613
2019/02/12,23296
2019/02/13,62289
2019/02/14,46106
2019/02/15,-3353
2019/02/16,37180
2019/02/17,66794
2019/02/18,83448
2019/02/19,95491
2019/02/20,38914
2019/02/21,70035
2019/02/22,62240
2019/02/23,21916
2019/02/24,92256
2019/02/25,61301
2019/02/26,20323
2019/02/27,9248
2019/02/28,-3359
2019/03/01,16783
2019/03/02,50687
2019/03/03,-47819
2019/03/04,46455
2019/03/05,44160
2019/03/06,39416
2019/03/07,31227
2019/03/08,14739
2019/03/09,28902
2019/03/10,-8344
2019/03/11,-83799
2019/03/12,-33779
2019/03/13,-5651
2019/03/14,1143
2019/03/15,-9349
2019/03/16,-51631
2019/03/17,10834
2019/03/18,37528
2019/03/19,71634
2019/03/20,57032
2019/03/21,44490
2019/03/22,75688
2019/03/23,57595
2019/03/24,54201
2019/03/25,74730
2019/03/26,-6930
2019/03/27,-4365
2019/03/28,16049
2019/03/29,11652
2019/03/30,106189
2019/03/31,97157
2019/04/01,38904
2019/04/02,129890
2019/04/03,120657
2019/04/04,39153
2019/04/05,-18428
2019/04/06,-108928
2019/04/07,-73344
2019/04/08,-19574
2019/04/09,-102025
2019/04/10,-72535
2019/04/11,55512
2019/04/12,72847
2019/04/13,55252
2019/04/14,-21831
2019/04/15,-45942
2019/04/16,-414
2019/04/17,7826
2019/04/18,-31382
2019/04/19,-1588
2019/04/20,72533
2019/04/21,80135
2019/04/22,97248
2019/04/23,72807
2019/04/24,-12979
2019/04/25,-16838
2019/04/26,-32402
2019/04/27,-124137
2019/04/28,-37708
2019/04/29,-90317
2019/04/30,-21497
2019/05/01,34873
2019/05/02,-54504
2019/05/03,10101
2019/05/04,60708
2019/05/05,43982
2019/05/06,77146
2019/05/07,-49727
2019/05/08,-16794
2019/05/09,92132
2019/05/10,65880
2019/05/11,118942
2019/05/12,78363
2019/05/13,52402
2019/05/14,172558
2019/05/15,160610
2019/05/16,189768
2019/05/17,73558
2019/05/18,-6917
2019/05/19,36604
2019/05/20,101624
2019/05/21,-17803
2019/05/22,25778
2019/05/23,-61484
2019/05/24,93737
2019/05/25,104529
2019/05/26,10663
2019/05/27,81572
2019/05/28,97736
2019/05/29,74125
2019/05/30,45183
2019/05/31,-33381
2019/06/01,116802
2019/06/02,127800
2019/06/03,-52666
2019/06/04,-18580
2019/06/05,-148117
2019/06/06,-67090
2019/06/07,-112222
2019/06/08,35902
2019/06/09,-175153
2019/06/10,74627
2019/06/11,38046
2019/06/12,61290
2019/06/13,-75059
2019/06/14,66910
2019/06/15,-53701
2019/06/16,173238
2019/06/17,-19600
2019/06/18,-80012
2019/06/19,25354
2019/06/20,235266
2019/06/21,-47737
2019/06/22,-180819
2019/06/23,-115480
2019/06/24,-134457
2019/06/25,82205
2019/06/26,-37435
2019/06/27,-170906
2019/06/28,226543
2019/06/29,-24796
2019/06/30,-87541
2019/07/01,142348
2019/07/02,-37140
2019/07/03,-95374
2019/07/04,-66604
2019/07/05,-155090
2019/07/06,20703
2019/07/07,-103891
2019/07/08,-142189
2019/07/09,-123099
2019/07/10,-17131
2019/07/11,227774
2019/07/12,-122688
2019/07/13,-166757
2019/07/14,31423
2019/07/15,-66502
2019/07/16,231323
2019/07/17,93933
2019/07/18,-307414
2019/07/19,89156
2019/07/20,-3198
2019/07/21,-91094
2019/07/22,-102628
2019/07/23,-396483
2019/07/24,77184
2019/07/25,281980
2019/07/26,-175288
2019/07/27,-6388
2019/07/28,50301
2019/07/29,36324
2019/07/30,108987
2019/07/31,-222929
2019/08/01,-72211
2019/08/02,128052
2019/08/03,205795
2019/08/04,-3563
2019/08/05,41448
2019/08/06,16270
2019/08/07,58193
2019/08/08,-184907
2019/08/09,-46550
2019/08/10,-152563
2019/08/11,13373
2019/08/12,-5489
2019/08/13,-33381
2019/08/14,-5830
2019/08/15,-3660
2019/08/16,-2887
2019/08/17,10177
2019/08/18,44753
2019/08/19,11512
2019/08/20,34832
2019/08/21,-5147
2019/08/22,48068
2019/08/23,14407
2019/08/24,43129
2019/08/25,50000
2019/08/26,26384
2019/08/27,14655
2019/08/28,-9238
2019/08/29,-12955
2019/08/30,-20088
2019/08/31,-4462
2019/09/01,12975
2019/09/02,6663
2019/09/03,3066
2019/09/04,-7830
2019/09/05,45683
2019/09/06,55306
2019/09/07,-2328
2019/09/08,-15167
2019/09/09,-1000
2019/09/10,-59607
2019/09/11,-9140
2019/09/12,-46146
2019/09/13,-145030
2019/09/14,-48978
2019/09/15,-41107
2019/09/16,-23498
2019/09/17,-9803
2019/09/18,3451
2019/09/19,-31242
2019/09/20,93658
2019/09/21,-31494
2019/09/22,-57545
2019/09/23,-93616
2019/09/24,27708
2019/09/25,-31068
2019/09/26,-34808
2019/09/27,-93496
2019/09/28,10884
2019/09/29,15570
2019/09/30,44530
2019/10/01,-64567
2019/10/02,-50644
2019/10/03,-42487
2019/10/04,-33435
2019/10/05,-12739
2019/10/06,-20217
2019/10/07,-54542
2019/10/08,65418
2019/10/09,124323
2019/10/10,90938
2019/10/11,112295
2019/10/12,39317
2019/10/13,-4924
2019/10/14,21219
2019/10/15,-19706
2019/10/16,-56765
2019/10/17,-2423
2019/10/18,31154
2019/10/19,30735
2019/10/20,45496
2019/10/21,27927
2019/10/22,35563
2019/10/23,41799
2019/10/24,21213
2019/10/25,8009
2019/10/26,51652
2019/10/27,30614
2019/10/28,42807
2019/10/29,-18608
2019/10/30,-18770
2019/10/31,19201
2019/11/01,-36644
2019/11/02,-125846
2019/11/03,-71842
2019/11/04,-50552
2019/11/05,31632
2019/11/06,-9885
2019/11/07,113253
2019/11/08,-5873
2019/11/09,13031
2019/11/10,38251
2019/11/11,39372
2019/11/12,-30594
2019/11/13,5818
2019/11/14,-177866
2019/11/15,-16089
2019/11/16,-7346
2019/11/17,-9196
2019/11/18,24317
2019/11/19,26872
2019/11/20,-23780
2019/11/21,83391
2019/11/22,111699
2019/11/23,35009
2019/11/24,-3288
2019/11/25,28416
2019/11/26,-55799
2019/11/27,-14814
2019/11/28,-139816
2019/11/29,-124180
2019/11/30,-46799
2019/12/01,18189
2019/12/02,-81678
2019/12/03,-69205
2019/12/04,-13953
2019/12/05,-5433
2019/12/06,-96937
2019/12/07,-96747
2019/12/08,-174397
2019/12/09,-45748
2019/12/10,21075
2019/12/11,-35655
2019/12/12,17991
2019/12/13,47880
2019/12/14,63019
2019/12/15,86324
2019/12/16,-780
2019/12/17,15396
2019/12/18,37946
2019/12/19,-15572
2019/12/20,-7173
2019/12/21,-5765
2019/12/22,2939
2019/12/23,-3047
2019/12/24,-44185
2019/12/25,-98202
2019/12/26,-33421
2019/12/27,-34348
2019/12/28,-29029
2019/12/29,-49804
2019/12/30,-47209
2019/12/31,-48599
2020/01/01,-98567
2020/01/02,-81006
2020/01/03,1651
2020/01/04,42725
2020/01/05,44533
2020/01/06,42099
2020/01/07,92263
2020/01/08,187233
2020/01/09,115760
2020/01/10,23454
2020/01/11,-9462
2020/01/12,-713
2020/01/13,-61136
2020/01/14,25270
2020/01/15,44640
2020/01/16,72250
2020/01/17,71461
2020/01/18,78552
2020/01/19,91417
2020/01/20,33877
2020/01/21,-112786
2020/01/22,-184632
2020/01/23,-141116
2020/01/24,-179421
2020/01/25,-192649
2020/01/26,-186564
2020/01/27,-122725
2020/01/28,-32678
2020/01/29,37762
2020/01/30,13519
2020/01/31,86223
2020/02/01,110246
2020/02/02,101290
2020/02/03,144650
2020/02/04,-1808
2020/02/05,59251
2020/02/06,40453
2020/02/07,42894
2020/02/08,115888
2020/02/09,98537
2020/02/10,47569
2020/02/11,184804
2020/02/12,187382
2020/02/13,158258
2020/02/14,145575
2020/02/15,37502
2020/02/16,32859
2020/02/17,26606
2020/02/18,24703
2020/02/19,-102325
2020/02/20,-75163
2020/02/21,-101285
2020/02/22,-93292
2020/02/23,-55200
2020/02/24,-7664
2020/02/25,-63726
2020/02/26,9092
2020/02/27,24882
2020/02/28,18152
2020/02/29,14606
2020/03/01,22210
2020/03/02,-6225
2020/03/03,-8855
2020/03/04,-40963
2020/03/05,5632
2020/03/06,-11895
2020/03/07,10527
2020/03/08,34065
2020/03/09,102608
2020/03/10,99186
2020/03/11,49099
2020/03/12,40667
2020/03/13,171148
2020/03/14,50838
2020/03/15,-4912
2020/03/16,9
2020/03/17,2512
2020/03/18,55372
2020/03/19,103236
2020/03/20,-25789
2020/03/21,175673
2020/03/22,88542
2020/03/23,17144
2020/03/24,28800
2020/03/25,-3048
2020/03/26,-91536
2020/03/27,-73382
2020/03/28,-189777
2020/03/29,-138211
2020/03/30,-77234
2020/03/31,-60151
2020/04/01,-82382
2020/04/02,-51927
2020/04/03,-26088
2020/04/04,-41774
2020/04/05,6017
2020/04/06,47279
2020/04/07,51723
2020/04/08,147216
2020/04/09,6948
2020/04/10,22955
2020/04/11,54571
2020/04/12,64529
2020/04/13,-26977
2020/04/14,30500
2020/04/15,-38071
2020/04/16,62832
2020/04/17,39996
2020/04/18,102588
2020/04/19,63145
2020/04/20,84579
2020/04/21,-1009
2020/04/22,-1633
2020/04/23,36063
2020/04/24,61168
2020/04/25,9188
2020/04/26,60274
2020/04/27,12308
2020/04/28,25490
2020/04/29,107262
2020/04/30,73062
2020/05/01,-19669
2020/05/02,-26309
2020/05/03,-12260
2020/05/04,-67158
2020/05/05,-52935
2020/05/06,-64353
2020/05/07,-22330
2020/05/08,60618
2020/05/09,128392
2020/05/10,89464
2020/05/11,113519
2020/05/12,95160
2020/05/13,23534
2020/05/14,-56829
2020/05/15,935
2020/05/16,-19407
2020/05/17,-70689
2020/05/18,-29909
2020/05/19,-32640
2020/05/20,-1585
2020/05/21,47404
2020/05/22,27591
2020/05/23,-6550
2020/05/24,17291
2020/05/25,17962
2020/05/26,68937
2020/05/27,40840
2020/05/28,39561
2020/05/29,32987
2020/05/30,13525
2020/05/31,24348
2020/06/01,54267
2020/06/02,63927
2020/06/03,2147
2020/06/04,23142
2020/06/05,-47274
2020/06/06,64246
2020/06/07,93683
2020/06/08,36332
2020/06/09,-57827
2020/06/10,41526
2020/06/11,-5076
2020/06/12,-12677
2020/06/13,-112929
2020/06/14,-158769
2020/06/15,-53925
2020/06/16,-18147
2020/06/17,-60154
2020/06/18,-11486
2020/06/19,56624
2020/06/20,108148
2020/06/21,202041
2020/06/22,179802
2020/06/23,214514
2020/06/24,191126
2020/06/25,127897
2020/06/26,71460
2020/06/27,75723
2020/06/28,10582
2020/06/29,-35894
2020/06/30,-8124
2020/07/01,-26424
2020/07/02,-2623
2020/07/03,4696
2020/07/04,-70851
2020/07/05,-117565
2020/07/06,-36177
2020/07/07,-46812
2020/07/08,47772
2020/07/09,31224
2020/07/10,12708
2020/07/11,36643
2020/07/12,117885
2020/07/13,131822
2020/07/14,34155
2020/07/15,19150
2020/07/16,-1879
2020/07/17,43295
2020/07/18,88579
2020/07/19,84488
2020/07/20,-8134
2020/07/21,21434
2020/07/22,26680
2020/07/23,78498
2020/07/24,68181
2020/07/25,103997
2020/07/26,55445
2020/07/27,117756
2020/07/28,102258
2020/07/29,25811
2020/07/30,17517
2020/07/31,72556
2020/08/01,-3940
2020/08/02,-12007
2020/08/03,-84663
2020/08/04,-58414
2020/08/05,18848
2020/08/06,51406
2020/08/07,30857
2020/08/08,10840
2020/08/09,103265
2020/08/10,113187
2020/08/11,90305
2020/08/12,46515
2020/08/13,-6746
2020/08/14,-48149
2020/08/15,-74573
2020/08/16,-76832
2020/08/17,-108004
2020/08/18,-24988
2020/08/19,-12323
2020/08/20,-26145
2020/08/21,55206
2020/08/22,-5354
2020/08/23,-29795
2020/08/24,-19794
2020/08/25,-91057
2020/08/26,-50673
2020/08/27,-46418
2020/08/28,-124840
2020/08/29,28513
2020/08/30,19891
2020/08/31,73674
2020/09/01,107502
2020/09/02,14994
2020/09/03,13060
2020/09/04,9295
2020/09/05,-90086
2020/09/06,-115748
2020/09/07,-184376
2020/09/08,-219001
2020/09/09,-128609
2020/09/10,-28672
2020/09/11,-66794
2020/09/12,-6322
2020/09/13,15380
2020/09/14,28208
2020/09/15,63137
2020/09/16,-17590
2020/09/17,285052
2020/09/18,170395
2020/09/19,55417
2020/09/20,53262
2020/09/21,53974
2020/09/22,-8340
2020/09/23,49087
2020/09/24,-318479
2020/09/25,-210018
2020/09/26,-105442
2020/09/27,-128830
2020/09/28,-53576
2020/09/29,6737
2020/09/30,-5060
2020/10/01,-68796
2020/10/02,-32652
2020/10/03,-28031
2020/10/04,18973
2020/10/05,-52396
2020/10/06,-4732
2020/10/07,-43656
2020/10/08,705
2020/10/09,47433
2020/10/10,79823
2020/10/11,19249
2020/10/12,64472
2020/10/13,43894
2020/10/14,58543
2020/10/15,230040
2020/10/16,111564
2020/10/17,15421
2020/10/18,-8990
2020/10/19,36768
2020/10/20,-21718
2020/10/21,65427
2020/10/22,-60443
2020/10/23,-28459
2020/10/24,-39616
2020/10/25,-30505
2020/10/26,-42791
2020/10/27,-27212
2020/10/28,-19746
2020/10/29,-81194
2020/10/30,-21663
2020/10/31,77431
2020/11/01,85547
2020/11/02,70731
2020/11/03,40893
2020/11/04,-2365
2020/11/05,20582
2020/11/06,60958
2020/11/07,42135
2020/11/08,-34288
2020/11/09,-9175
2020/11/10,38096
2020/11/11,-40661
2020/11/12,-29178
2020/11/13,-15594
2020/11/14,-64659
2020/11/15,20963
2020/11/16,-42183
2020/11/17,15557
2020/11/18,24216
2020/11/19,23495
2020/11/20,6494
2020/11/21,105120
2020/11/22,110356
2020/11/23,108120
2020/11/24,67060
2020/11/25,85126
2020/11/26,50582
2020/11/27,-59982
2020/11/28,-179848
2020/11/29,-153854
2020/11/30,-29717
2020/12/01,-67711
2020/12/02,-134535
2020/12/03,-59152
2020/12/04,31448
2020/12/05,63387
2020/12/06,40585
2020/12/07,-81414
2020/12/08,-22747
2020/12/09,79433
2020/12/10,-21749
2020/12/11,-12177
2020/12/12,36342
2020/12/13,108188
2020/12/14,139092
2020/12/15,65671
2020/12/16,110945
2020/12/17,249852
2020/12/18,71790
2020/12/19,70808
2020/12/20,-68398
2020/12/21,-94644
2020/12/22,-68184
2020/12/23,-7459
2020/12/24,-199538
2020/12/25,-53533
2020/12/26,-23310
2020/12/27,103067
2020/12/28,109834
2020/12/29,59602
2020/12/30,-26655
2020/12/31,21133
2021/01/01,-3835
2021/01/02,31277
2021/01/03,57047
2021/01/04,18386
2021/01/05,51644
2021/01/06,52781
2021/01/07,134692
2021/01/08,152371
2021/01/09,60754
2021/01/10,-23816
2021/01/11,5116
2021/01/12,-92839
2021/01/13,-153902
2021/01/14,-114034
2021/01/15,-61766
2021/01/16,-38254
2021/01/17,-77507
2021/01/18,-62332
2021/01/19,86728
2021/01/20,87398
2021/01/21,-6344
2021/01/22,-44393
2021/01/23,-52673
2021/01/24,-15352
2021/01/25,-10743
2021/01/26,-57641
2021/01/27,-72950
2021/01/28,12644
2021/01/29,111169
2021/01/30,77575
2021/01/31,127180
2021/02/01,93241
2021/02/02,108296
2021/02/03,173926
2021/02/04,119029
2021/02/05,22941
2021/02/06,9587
2021/02/07,-14286
2021/02/08,-24712
2021/02/09,24653
2021/02/10,5451
2021/02/11,-39342
2021/02/12,-26604
2021/02/13,24536
2021/02/14,-23973
2021/02/15,-65365
2021/02/16,-109628
2021/02/17,-61854
2021/02/18,27904
2021/02/19,33318
2021/02/20,85143
2021/02/21,26853
2021/02/22,101804
2021/02/23,84966
2021/02/24,26705
2021/02/25,-65667
2021/02/26,-87377
2021/02/27,-135075
2021/02/28,-53659
2021/03/01,-126253
2021/03/02,-62700
2021/03/03,-50160
2021/03/04,2145
2021/03/05,-27601
2021/03/06,-41913
2021/03/07,245
2021/03/08,30492
2021/03/09,35165
2021/03/10,21017
2021/03/11,49864
2021/03/12,117039
2021/03/13,132833
2021/03/14,97786
2021/03/15,104971
2021/03/16,33645
2021/03/17,16233
2021/03/18,14993
2021/03/19,-34448
2021/03/20,-31043
2021/03/21,-71881
2021/03/22,-13928
2021/03/23,-10033
2021/03/24,37170
2021/03/25,49903
2021/03/26,-25395
2021/03/27,-31545
2021/03/28,5909
2021/03/29,-37559
2021/03/30,2014
2021/03/31,45135
2021/04/01,18343
2021/04/02,92783
2021/04/03,62569
2021/04/04,-14043
2021/04/05,27045
2021/04/06,34826
2021/04/07,-41965
2021/04/08,-83629
2021/04/09,-57737
2021/04/10,21683
2021/04/11,59029
2021/04/12,51037
2021/04/13,14668
2021/04/14,73703
2021/04/15,-87037
2021/04/16,126095
2021/04/17,137984
2021/04/18,139862
2021/04/19,128859
2021/04/20,205093
2021/04/21,179014
2021/04/22,379926
2021/04/23,110123
2021/04/24,-63897
2021/04/25,-7416
2021/04/26,-28376
2021/04/27,-107267
2021/04/28,-47751
2021/04/29,-46549
2021/04/30,-95870
2021/05/01,38465
2021/05/02,28108
2021/05/03,40163
2021/05/04,87826
2021/05/05,1273
2021/05/06,1480
2021/05/07,86660
2021/05/08,283314
2021/05/09,299142
2021/05/10,227860
2021/05/11,179932
2021/05/12,105200
2021/05/13,56363
2021/05/14,3799
2021/05/15,-238386
2021/05/16,-291485
2021/05/17,-269862
2021/05/18,-290998
2021/05/19,-162903
2021/05/20,-129414
2021/05/21,-164739
2021/05/22,-188833
2021/05/23,-160862
2021/05/24,-133888
2021/05/25,-135607
2021/05/26,-134742
2021/05/27,-167761
2021/05/28,-61872
2021/05/29,9762
2021/05/30,16029
2021/05/31,-14850
2021/06/01,-15092
2021/06/02,-12408
2021/06/03,46136
2021/06/04,-3275
2021/06/05,-116749
2021/06/06,-145756
2021/06/07,-72340
2021/06/08,-53291
2021/06/09,-119749
2021/06/10,-148965
2021/06/11,-118517
2021/06/12,-44899
2021/06/13,-9790
2021/06/14,-36993
2021/06/15,3038
2021/06/16,6834
2021/06/17,30400
2021/06/18,-13104
2021/06/19,-81588
2021/06/20,-67448
2021/06/21,21011
2021/06/22,73349
2021/06/23,865
2021/06/24,-11944
2021/06/25,57149
2021/06/26,100271
2021/06/27,47259
2021/06/28,194533
2021/06/29,-33130
2021/06/30,10240
2021/07/01,4698
2021/07/02,-45757
2021/07/03,-27917
2021/07/04,796
2021/07/05,-256205
2021/07/06,91101
2021/07/07,78765
2021/07/08,50917
2021/07/09,42117
2021/07/10,16577
2021/07/11,-3577
2021/07/12,43570
2021/07/13,-172009
2021/07/14,-68083
2021/07/15,-2655
2021/07/16,-24673
2021/07/17,25504
2021/07/18,67077
2021/07/19,3753
2021/07/20,9338
2021/07/21,-27725
2021/07/22,-57128
2021/07/23,4168
2021/07/24,60885
2021/07/25,-39995
2021/07/26,65401
2021/07/27,125374
2021/07/28,105112
2021/07/29,56284
2021/07/30,39151
2021/07/31,-13187
2021/08/01,61770
2021/08/02,8851
2021/08/03,-98461
2021/08/04,-76442
2021/08/05,-99465
2021/08/06,-30316
2021/08/07,-13889
2021/08/08,-6446
2021/08/09,-50876
2021/08/10,-7497
2021/08/11,10568
2021/08/12,35620
2021/08/13,-14971
2021/08/14,-38491
2021/08/15,-58877
2021/08/16,35374
2021/08/17,39978
2021/08/18,-33240
2021/08/19,60170
2021/08/20,63004
2021/08/21,26816
2021/08/22,58598
2021/08/23,-8344
2021/08/24,-5093
2021/08/25,-16389
2021/08/26,-80390
2021/08/27,-140982
2021/08/28,-55037
2021/08/29,-36743
2021/08/30,-46631
2021/08/31,-40737
2021/09/01,40324
2021/09/02,85971
2021/09/03,79705
2021/09/04,57364
2021/09/05,-10824
2021/09/06,7500
2021/09/07,101757
2021/09/08,-46655
2021/09/09,-41184
2021/09/10,45929
2021/09/11,60046
2021/09/12,74946
2021/09/13,60998
2021/09/14,-76831
2021/09/15,29141
2021/09/16,4508
2021/09/17,-57128
2021/09/18,-105935
2021/09/19,-83046
2021/09/20,-92932
2021/09/21,-37945
2021/09/22,-33812
2021/09/23,-31305
2021/09/24,-34893
2021/09/25,-22118
2021/09/26,-39689
2021/09/27,-40656
2021/09/28,-85173
2021/09/29,-37909
2021/09/30,-77164
2021/10/01,54293
2021/10/02,-3179
2021/10/03,41687
2021/10/04,-12390
2021/10/05,127552
2021/10/06,201964
2021/10/07,228406
2021/10/08,80056
2021/10/09,73957
2021/10/10,7677
2021/10/11,61973
2021/10/12,-32108
2021/10/13,-147979
2021/10/14,-117198
2021/10/15,15959
2021/10/16,-10825
2021/10/17,6283
2021/10/18,14187
2021/10/19,39937
2021/10/20,69586
2021/10/21,50178
2021/10/22,-46949
2021/10/23,53930
2021/10/24,117128
2021/10/25,101822
2021/10/26,101269
2021/10/27,111064
2021/10/28,233227
2021/10/29,200289
2021/10/30,143758
2021/10/31,42872
2021/11/01,42238
2021/11/02,50884
2021/11/03,46717
2021/11/04,-158316
2021/11/05,-116672
2021/11/06,-122798
2021/11/07,-27186
2021/11/08,-12715
2021/11/09,-61511
2021/11/10,-26475
2021/11/11,-4543
2021/11/12,5470
2021/11/13,44543
2021/11/14,-1274
2021/11/15,-39382
2021/11/16,-24396
2021/11/17,-37527
2021/11/18,-63393
2021/11/19,-89343
2021/11/20,-140336
2021/11/21,-14785
2021/11/22,-68128
2021/11/23,-44755
2021/11/24,-10728
2021/11/25,17215
2021/11/26,41736
2021/11/27,52998
2021/11/28,-125286
2021/11/29,26180
2021/11/30,15932
2021/12/01,-120848
2021/12/02,-36179
2021/12/03,-86036
2021/12/04,22571
2021/12/05,250838
2021/12/06,-2915
2021/12/07,-56155
2021/12/08,74664
2021/12/09,-13948
2021/12/10,26247
2021/12/11,-36313
2021/12/12,-204842
2021/12/13,-1795
2021/12/14,-9871
2021/12/15,-37845
2021/12/16,-95882
2021/12/17,32620
2021/12/18,-39511
2021/12/19,-44068
2021/12/20,-41739
2021/12/21,-11262
2021/12/22,-25147
2021/12/23,89786
2021/12/24,27658
2021/12/25,139646
2021/12/26,69361
2021/12/27,50722
2021/12/28,37394
2021/12/29,18914
2021/12/30,10446
2021/12/31,-83862
2022/01/01,-118530
2022/01/02,-48042
2022/01/03,-42788
2022/01/04,-19716
2022/01/05,-2601
2022/01/06,-43193
2022/01/07,-25661
2022/01/08,2884
2022/01/09,-50578
2022/01/10,24022
2022/01/11,56333
2022/01/12,33718
2022/01/13,70426
2022/01/14,29970
2022/01/15,-9024
2022/01/16,54632
2022/01/17,-34476
2022/01/18,-108123
2022/01/19,-60203
2022/01/20,-93092
2022/01/21,-28562
2022/01/22,29789
2022/01/23,-85070
2022/01/24,-51610
2022/01/25,8114
2022/01/26,-77027
2022/01/27,-56145
2022/01/28,-52339
2022/01/29,-57481
2022/01/30,105966
2022/01/31,30000
2022/02/01,-4722
2022/02/02,6549
2022/02/03,-22684
2022/02/04,31435
2022/02/05,87866
2022/02/06,-9966
2022/02/07,-13771
2022/02/08,7862
2022/02/09,53224
2022/02/10,94676
2022/02/11,14972
2022/02/12,-120375
2022/02/13,-58588
2022/02/14,-15816
2022/02/15,11853
2022/02/16,-11196
2022/02/17,-63679
2022/02/18,68628
2022/02/19,35514
2022/02/20,228573
2022/02/21,-13173
2022/02/22,-63420
2022/02/23,-47061
2022/02/24,39185
2022/02/25,-114696
2022/02/26,17640
2022/02/27,-218804
2022/02/28,-26250
2022/03/01,32351
2022/03/02,43444
2022/03/03,-13995
2022/03/04,29552
2022/03/05,-89821
2022/03/06,-1820
2022/03/07,66469
2022/03/08,34062
2022/03/09,-12754
2022/03/10,62404
2022/03/11,-48116
2022/03/12,42646
2022/03/13,-81418
2022/03/14,-76655
2022/03/15,-5419
2022/03/16,57689
2022/03/17,-55059
2022/03/18,146610
2022/03/19,6980
2022/03/20,77239
2022/03/21,64702
2022/03/22,30364
2022/03/23,-71574
2022/03/24,-22563
2022/03/25,-119178
2022/03/26,-3729
2022/03/27,3609
2022/03/28,55408
2022/03/29,-20672
2022/03/30,-12237
2022/03/31,15152
2022/04/01,12727
2022/04/02,-29210
2022/04/03,-61896
2022/04/04,-113243
2022/04/05,-112770
2022/04/06,-25026
2022/04/07,-39328
2022/04/08,-55074
2022/04/09,-9512
2022/04/10,43460
2022/04/11,8484
2022/04/12,25395
2022/04/13,-59191
2022/04/14,-10508
2022/04/15,6575
2022/04/16,-25870
2022/04/17,-60988
2022/04/18,-9825
2022/04/19,101972
2022/04/20,173551
2022/04/21,2640
2022/04/22,33828
2022/04/23,-7808
2022/04/24,28527
2022/04/25,45788
2022/04/26,-89246
2022/04/27,-80030
2022/04/28,35589
2022/04/29,23259
2022/04/30,160193
2022/05/01,83009
2022/05/02,-37162
2022/05/03,-47744
2022/05/04,-59250
2022/05/05,32290
2022/05/06,-51519
2022/05/07,-160182
2022/05/08,-67589
2022/05/09,46275
2022/05/10,125428
2022/05/11,108454
2022/05/12,139951
2022/05/13,225843
2022/05/14,88296
2022/05/15,2243
2022/05/16,-33988
2022/05/17,-67216
2022/05/18,-32795
2022/05/19,-234388
2022/05/20,-229594
2022/05/21,-45246
2022/05/22,-33797
2022/05/23,-38489
2022/05/24,-35003
2022/05/25,-83274
2022/05/26,-22187
2022/05/27,-19342
2022/05/28,-24737
2022/05/29,9763
2022/05/30,-15543
2022/05/31,48427
2022/06/01,-3356
2022/06/02,21124
2022/06/03,-25984
2022/06/04,-41000
2022/06/05,-58298
2022/06/06,-26001
2022/06/07,-98158
2022/06/08,-48534
2022/06/09,-69842
2022/06/10,11963
2022/06/11,2816
2022/06/12,14526
2022/06/13,65116
2022/06/14,35773
2022/06/15,54251
2022/06/16,77850
2022/06/17,31131
2022/06/18,26718
2022/06/19,-2961
2022/06/20,-67013
2022/06/21,-73895
2022/06/22,-108317
2022/06/23,-132347
2022/06/24,-91107
2022/06/25,-119396
2022/06/26,-98953
2022/06/27,-48320
2022/06/28,-36285
2022/06/29,16883
2022/06/30,86320
2022/07/01,158863
2022/07/02,250442
2022/07/03,237331
2022/07/04,157897
2022/07/05,205927
2022/07/06,155866
2022/07/07,140045
2022/07/08,14484
2022/07/09,-18635
2022/07/10,-8150
2022/07/11,-5630
2022/07/12,-46608
2022/07/13,13450
2022/07/14,-4763
2022/07/15,24777
2022/07/16,70493
2022/07/17,96643
2022/07/18,67196
2022/07/19,39630
2022/07/20,16570
2022/07/21,14830
2022/07/22,-15897
2022/07/23,-96772
2022/07/24,-123242
2022/07/25,62296
2022/07/26,503402
2022/07/27,5996
2022/07/28,-45786
2022/07/29,-9369
2022/07/30,35281
2022/07/31,35944
2022/08/01,66341
2022/08/02,-472743
2022/08/03,53440
2022/08/04,300992
2022/08/05,14453
2022/08/06,-31524
2022/08/07,8685
2022/08/08,-175302
2022/08/09,-81046
2022/08/10,-90508
2022/08/11,-360896
2022/08/12,-75935
2022/08/13,-41989
2022/08/14,-64565
2022/08/15,-62492
2022/08/16,-38827
2022/08/17,-61119
2022/08/18,19161
2022/08/19,-37539
2022/08/20,-10148
2022/08/21,-25117
2022/08/22,-44468
2022/08/23,-10594
2022/08/24,-55441
2022/08/25,-43305
2022/08/26,-35541
2022/08/27,-48139
2022/08/28,-52206
2022/08/29,23262
2022/08/30,-23754
2022/08/31,-8685
2022/09/01,10597
2022/09/02,25432
2022/09/03,-12363
2022/09/04,88075
2022/09/05,8121
2022/09/06,24965
2022/09/07,33161
2022/09/08,-6827
2022/09/09,10766
2022/09/10,-37428
2022/09/11,-88637
2022/09/12,-22354
2022/09/13,16276
2022/09/14,40876
2022/09/15,187307
2022/09/16,217883
2022/09/17,323919
2022/09/18,132411
2022/09/19,69241
2022/09/20,55826
2022/09/21,-9042
2022/09/22,-147343
2022/09/23,-191954
2022/09/24,-212871
2022/09/25,-49676
2022/09/26,3008
2022/09/27,65263
2022/09/28,9576
2022/09/29,11261
2022/09/30,105991
2022/10/01,48832
2022/10/02,56659
2022/10/03,165924
2022/10/04,-29025
2022/10/05,59650
2022/10/06,73109
2022/10/07,-45528
2022/10/08,22046
2022/10/09,-95345
2022/10/10,-183752
2022/10/11,-54960
2022/10/12,-95152
2022/10/13,-78538
2022/10/14,-108463
2022/10/15,-142214
2022/10/16,-87853
2022/10/17,-50327
2022/10/18,-67747
2022/10/19,14398
2022/10/20,31460
2022/10/21,44927
2022/10/22,-78453
2022/10/23,29093
2022/10/24,-33823
2022/10/25,-14559
2022/10/26,16121
2022/10/27,-43804
2022/10/28,-57189
2022/10/29,79383
2022/10/30,23704
2022/10/31,24008
2022/11/01,23983
2022/11/02,-88778
2022/11/03,-17808
2022/11/04,-45498
2022/11/05,-86733
2022/11/06,-70630
2022/11/07,43463
2022/11/08,60062
2022/11/09,203703
2022/11/10,90655
2022/11/11,104832
2022/11/12,81371
2022/11/13,170597
2022/11/14,86113
2022/11/15,4863
2022/11/16,-135852
2022/11/17,-81231
2022/11/18,-110482
2022/11/19,-121548
2022/11/20,-206209
2022/11/21,-228870
2022/11/22,-173987
2022/11/23,-111230
2022/11/24,-113199
2022/11/25,-9362
2022/11/26,23098
2022/11/27,-45897
2022/11/28,123767
2022/11/29,84463
