Date,transactionfees14wmaUSD
2016/01/01,0.003
2016/01/02,0.003
2016/01/03,0.002
2016/01/04,0.002
2016/01/05,0.003
2016/01/06,0.003
2016/01/07,0.003
2016/01/08,0.003
2016/01/09,0.003
2016/01/10,0.003
2016/01/11,0.003
2016/01/12,0.003
2016/01/13,0.003
2016/01/14,0.003
2016/01/15,0.003
2016/01/16,0.003
2016/01/17,0.003
2016/01/18,0.003
2016/01/19,0.003
2016/01/20,0.003
2016/01/21,0.003
2016/01/22,0.003
2016/01/23,0.003
2016/01/24,0.003
2016/01/25,0.003
2016/01/26,0.004
2016/01/27,0.004
2016/01/28,0.005
2016/01/29,0.005
2016/01/30,0.005
2016/01/31,0.005
2016/02/01,0.005
2016/02/02,0.005
2016/02/03,0.005
2016/02/04,0.005
2016/02/05,0.006
2016/02/06,0.007
2016/02/07,0.008
2016/02/08,0.008
2016/02/09,0.009
2016/02/10,0.01
2016/02/11,0.01
2016/02/12,0.01
2016/02/13,0.01
2016/02/14,0.01
2016/02/15,0.01
2016/02/16,0.01
2016/02/17,0.01
2016/02/18,0.01
2016/02/19,0.009
2016/02/20,0.009
2016/02/21,0.009
2016/02/22,0.009
2016/02/23,0.011
2016/02/24,0.012
2016/02/25,0.012
2016/02/26,0.012
2016/02/27,0.012
2016/02/28,0.012
2016/02/29,0.012
2016/03/01,0.012
2016/03/02,0.012
2016/03/03,0.012
2016/03/04,0.012
2016/03/05,0.013
2016/03/06,0.013
2016/03/07,0.013
2016/03/08,0.013
2016/03/09,0.013
2016/03/10,0.012
2016/03/11,0.012
2016/03/12,0.012
2016/03/13,0.012
2016/03/14,0.012
2016/03/15,0.012
2016/03/16,0.012
2016/03/17,0.012
2016/03/18,0.011
2016/03/19,0.011
2016/03/20,0.011
2016/03/21,0.011
2016/03/22,0.011
2016/03/23,0.011
2016/03/24,0.011
2016/03/25,0.011
2016/03/26,0.011
2016/03/27,0.011
2016/03/28,0.01
2016/03/29,0.01
2016/03/30,0.01
2016/03/31,0.01
2016/04/01,0.01
2016/04/02,0.009
2016/04/03,0.009
2016/04/04,0.009
2016/04/05,0.009
2016/04/06,0.008
2016/04/07,0.008
2016/04/08,0.008
2016/04/09,0.008
2016/04/10,0.007
2016/04/11,0.007
2016/04/12,0.007
2016/04/13,0.006
2016/04/14,0.007
2016/04/15,0.006
2016/04/16,0.006
2016/04/17,0.006
2016/04/18,0.006
2016/04/19,0.006
2016/04/20,0.006
2016/04/21,0.006
2016/04/22,0.006
2016/04/23,0.006
2016/04/24,0.006
2016/04/25,0.006
2016/04/26,0.006
2016/04/27,0.005
2016/04/28,0.005
2016/04/29,0.005
2016/04/30,0.005
2016/05/01,0.006
2016/05/02,0.006
2016/05/03,0.006
2016/05/04,0.006
2016/05/05,0.006
2016/05/06,0.007
2016/05/07,0.007
2016/05/08,0.007
2016/05/09,0.007
2016/05/10,0.007
2016/05/11,0.007
2016/05/12,0.007
2016/05/13,0.008
2016/05/14,0.008
2016/05/15,0.008
2016/05/16,0.008
2016/05/17,0.008
2016/05/18,0.008
2016/05/19,0.008
2016/05/20,0.009
2016/05/21,0.009
2016/05/22,0.01
2016/05/23,0.01
2016/05/24,0.01
2016/05/25,0.01
2016/05/26,0.009
2016/05/27,0.009
2016/05/28,0.01
2016/05/29,0.01
2016/05/30,0.01
2016/05/31,0.01
2016/06/01,0.01
2016/06/02,0.01
2016/06/03,0.01
2016/06/04,0.009
2016/06/05,0.009
2016/06/06,0.009
2016/06/07,0.011
2016/06/08,0.011
2016/06/09,0.011
2016/06/10,0.011
2016/06/11,0.011
2016/06/12,0.011
2016/06/13,0.011
2016/06/14,0.011
2016/06/15,0.012
2016/06/16,0.013
2016/06/17,0.019
2016/06/18,0.024
2016/06/19,0.024
2016/06/20,0.023
2016/06/21,0.023
2016/06/22,0.022
2016/06/23,0.021
2016/06/24,0.02
2016/06/25,0.019
2016/06/26,0.018
2016/06/27,0.016
2016/06/28,0.015
2016/06/29,0.014
2016/06/30,0.014
2016/07/01,0.013
2016/07/02,0.012
2016/07/03,0.012
2016/07/04,0.011
2016/07/05,0.01
2016/07/06,0.01
2016/07/07,0.01
2016/07/08,0.009
2016/07/09,0.01
2016/07/10,0.01
2016/07/11,0.009
2016/07/12,0.009
2016/07/13,0.009
2016/07/14,0.009
2016/07/15,0.008
2016/07/16,0.008
2016/07/17,0.008
2016/07/18,0.008
2016/07/19,0.008
2016/07/20,0.009
2016/07/21,0.009
2016/07/22,0.009
2016/07/23,0.01
2016/07/24,0.01
2016/07/25,0.01
2016/07/26,0.01
2016/07/27,0.01
2016/07/28,0.011
2016/07/29,0.011
2016/07/30,0.011
2016/07/31,0.01
2016/08/01,0.01
2016/08/02,0.01
2016/08/03,0.009
2016/08/04,0.009
2016/08/05,0.009
2016/08/06,0.008
2016/08/07,0.008
2016/08/08,0.009
2016/08/09,0.008
2016/08/10,0.008
2016/08/11,0.008
2016/08/12,0.008
2016/08/13,0.008
2016/08/14,0.008
2016/08/15,0.008
2016/08/16,0.008
2016/08/17,0.008
2016/08/18,0.008
2016/08/19,0.008
2016/08/20,0.008
2016/08/21,0.008
2016/08/22,0.007
2016/08/23,0.009
2016/08/24,0.008
2016/08/25,0.008
2016/08/26,0.008
2016/08/27,0.008
2016/08/28,0.008
2016/08/29,0.008
2016/08/30,0.008
2016/08/31,0.008
2016/09/01,0.008
2016/09/02,0.008
2016/09/03,0.008
2016/09/04,0.008
2016/09/05,0.008
2016/09/06,0.008
2016/09/07,0.008
2016/09/08,0.008
2016/09/09,0.008
2016/09/10,0.008
2016/09/11,0.008
2016/09/12,0.008
2016/09/13,0.008
2016/09/14,0.008
2016/09/15,0.008
2016/09/16,0.009
2016/09/17,0.009
2016/09/18,0.009
2016/09/19,0.009
2016/09/20,0.009
2016/09/21,0.009
2016/09/22,0.01
2016/09/23,0.011
2016/09/24,0.013
2016/09/25,0.014
2016/09/26,0.017
2016/09/27,0.019
2016/09/28,0.02
2016/09/29,0.019
2016/09/30,0.019
2016/10/01,0.02
2016/10/02,0.021
2016/10/03,0.021
2016/10/04,0.021
2016/10/05,0.021
2016/10/06,0.02
2016/10/07,0.019
2016/10/08,0.019
2016/10/09,0.019
2016/10/10,0.018
2016/10/11,0.017
2016/10/12,0.017
2016/10/13,0.02
2016/10/14,0.02
2016/10/15,0.021
2016/10/16,0.021
2016/10/17,0.022
2016/10/18,0.022
2016/10/19,0.023
2016/10/20,0.022
2016/10/21,0.021
2016/10/22,0.019
2016/10/23,0.018
2016/10/24,0.017
2016/10/25,0.016
2016/10/26,0.014
2016/10/27,0.013
2016/10/28,0.012
2016/10/29,0.011
2016/10/30,0.01
2016/10/31,0.01
2016/11/01,0.009
2016/11/02,0.009
2016/11/03,0.009
2016/11/04,0.008
2016/11/05,0.008
2016/11/06,0.008
2016/11/07,0.008
2016/11/08,0.008
2016/11/09,0.008
2016/11/10,0.008
2016/11/11,0.009
2016/11/12,0.008
2016/11/13,0.008
2016/11/14,0.008
2016/11/15,0.008
2016/11/16,0.008
2016/11/17,0.008
2016/11/18,0.008
2016/11/19,0.008
2016/11/20,0.008
2016/11/21,0.008
2016/11/22,0.008
2016/11/23,0.008
2016/11/24,0.009
2016/11/25,0.009
2016/11/26,0.01
2016/11/27,0.012
2016/11/28,0.014
2016/11/29,0.015
2016/11/30,0.014
2016/12/01,0.013
2016/12/02,0.012
2016/12/03,0.011
2016/12/04,0.011
2016/12/05,0.01
2016/12/06,0.009
2016/12/07,0.008
2016/12/08,0.029
2016/12/09,0.027
2016/12/10,0.025
2016/12/11,0.024
2016/12/12,0.022
2016/12/13,0.02
2016/12/14,0.019
2016/12/15,0.017
2016/12/16,0.015
2016/12/17,0.014
2016/12/18,0.012
2016/12/19,0.011
2016/12/20,0.009
2016/12/21,0.008
2016/12/22,0.006
2016/12/23,0.006
2016/12/24,0.006
2016/12/25,0.006
2016/12/26,0.006
2016/12/27,0.006
2016/12/28,0.006
2016/12/29,0.006
2016/12/30,0.006
2016/12/31,0.006
2017/01/01,0.006
2017/01/02,0.006
2017/01/03,0.006
2017/01/04,0.006
2017/01/05,0.007
2017/01/06,0.007
2017/01/07,0.007
2017/01/08,0.007
2017/01/09,0.007
2017/01/10,0.007
2017/01/11,0.007
2017/01/12,0.007
2017/01/13,0.007
2017/01/14,0.007
2017/01/15,0.007
2017/01/16,0.007
2017/01/17,0.007
2017/01/18,0.007
2017/01/19,0.007
2017/01/20,0.007
2017/01/21,0.007
2017/01/22,0.008
2017/01/23,0.008
2017/01/24,0.008
2017/01/25,0.008
2017/01/26,0.008
2017/01/27,0.008
2017/01/28,0.008
2017/01/29,0.008
2017/01/30,0.008
2017/01/31,0.008
2017/02/01,0.008
2017/02/02,0.008
2017/02/03,0.008
2017/02/04,0.008
2017/02/05,0.008
2017/02/06,0.008
2017/02/07,0.009
2017/02/08,0.009
2017/02/09,0.009
2017/02/10,0.009
2017/02/11,0.009
2017/02/12,0.009
2017/02/13,0.01
2017/02/14,0.01
2017/02/15,0.011
2017/02/16,0.011
2017/02/17,0.011
2017/02/18,0.011
2017/02/19,0.011
2017/02/20,0.011
2017/02/21,0.011
2017/02/22,0.012
2017/02/23,0.012
2017/02/24,0.011
2017/02/25,0.011
2017/02/26,0.011
2017/02/27,0.011
2017/02/28,0.012
2017/03/01,0.012
2017/03/02,0.012
2017/03/03,0.013
2017/03/04,0.013
2017/03/05,0.013
2017/03/06,0.013
2017/03/07,0.013
2017/03/08,0.013
2017/03/09,0.014
2017/03/10,0.014
2017/03/11,0.014
2017/03/12,0.014
2017/03/13,0.016
2017/03/14,0.018
2017/03/15,0.019
2017/03/16,0.021
2017/03/17,0.023
2017/03/18,0.024
2017/03/19,0.025
2017/03/20,0.026
2017/03/21,0.028
2017/03/22,0.029
2017/03/23,0.029
2017/03/24,0.031
2017/03/25,0.032
2017/03/26,0.033
2017/03/27,0.034
2017/03/28,0.035
2017/03/29,0.036
2017/03/30,0.036
2017/03/31,0.037
2017/04/01,0.037
2017/04/02,0.037
2017/04/03,0.037
2017/04/04,0.036
2017/04/05,0.036
2017/04/06,0.036
2017/04/07,0.036
2017/04/08,0.035
2017/04/09,0.035
2017/04/10,0.035
2017/04/11,0.035
2017/04/12,0.036
2017/04/13,0.036
2017/04/14,0.036
2017/04/15,0.036
2017/04/16,0.036
2017/04/17,0.037
2017/04/18,0.038
2017/04/19,0.039
2017/04/20,0.04
2017/04/21,0.042
2017/04/22,0.044
2017/04/23,0.044
2017/04/24,0.044
2017/04/25,0.044
2017/04/26,0.044
2017/04/27,0.045
2017/04/28,0.046
2017/04/29,0.047
2017/04/30,0.049
2017/05/01,0.053
2017/05/02,0.056
2017/05/03,0.058
2017/05/04,0.06
2017/05/05,0.062
2017/05/06,0.065
2017/05/07,0.07
2017/05/08,0.071
2017/05/09,0.073
2017/05/10,0.075
2017/05/11,0.077
2017/05/12,0.079
2017/05/13,0.081
2017/05/14,0.083
2017/05/15,0.085
2017/05/16,0.088
2017/05/17,0.095
2017/05/18,0.098
2017/05/19,0.102
2017/05/20,0.109
2017/05/21,0.114
2017/05/22,0.123
2017/05/23,0.138
2017/05/24,0.158
2017/05/25,0.172
2017/05/26,0.181
2017/05/27,0.185
2017/05/28,0.191
2017/05/29,0.197
2017/05/30,0.22
2017/05/31,0.283
2017/06/01,0.29
2017/06/02,0.302
2017/06/03,0.306
2017/06/04,0.315
2017/06/05,0.315
2017/06/06,0.321
2017/06/07,0.328
2017/06/08,0.331
2017/06/09,0.33
2017/06/10,0.328
2017/06/11,0.343
2017/06/12,0.383
2017/06/13,0.387
2017/06/14,0.387
2017/06/15,0.385
2017/06/16,0.385
2017/06/17,0.384
2017/06/18,0.384
2017/06/19,0.381
2017/06/20,0.443
2017/06/21,0.571
2017/06/22,0.611
2017/06/23,0.616
2017/06/24,0.653
2017/06/25,0.647
2017/06/26,0.666
2017/06/27,0.631
2017/06/28,0.662
2017/06/29,0.653
2017/06/30,0.624
2017/07/01,0.587
2017/07/02,0.549
2017/07/03,0.518
2017/07/04,0.484
2017/07/05,0.457
2017/07/06,0.429
2017/07/07,0.405
2017/07/08,0.388
2017/07/09,0.367
2017/07/10,0.336
2017/07/11,0.311
2017/07/12,0.292
2017/07/13,0.283
2017/07/14,0.27
2017/07/15,0.261
2017/07/16,0.245
2017/07/17,0.234
2017/07/18,0.24
2017/07/19,0.241
2017/07/20,0.237
2017/07/21,0.244
2017/07/22,0.244
2017/07/23,0.245
2017/07/24,0.249
2017/07/25,0.258
2017/07/26,0.261
2017/07/27,0.259
2017/07/28,0.256
2017/07/29,0.248
2017/07/30,0.242
2017/07/31,0.233
2017/08/01,0.235
2017/08/02,0.232
2017/08/03,0.23
2017/08/04,0.223
2017/08/05,0.221
2017/08/06,0.222
2017/08/07,0.232
2017/08/08,0.241
2017/08/09,0.248
2017/08/10,0.254
2017/08/11,0.262
2017/08/12,0.272
2017/08/13,0.274
2017/08/14,0.274
2017/08/15,0.275
2017/08/16,0.35
2017/08/17,0.375
2017/08/18,0.423
2017/08/19,0.424
2017/08/20,0.412
2017/08/21,0.398
2017/08/22,0.385
2017/08/23,0.372
2017/08/24,0.362
2017/08/25,0.352
2017/08/26,0.345
2017/08/27,0.334
2017/08/28,0.326
2017/08/29,0.339
2017/08/30,0.342
2017/08/31,0.393
2017/09/01,0.412
2017/09/02,0.452
2017/09/03,0.447
2017/09/04,0.441
2017/09/05,0.444
2017/09/06,0.459
2017/09/07,0.475
2017/09/08,0.487
2017/09/09,0.472
2017/09/10,0.46
2017/09/11,0.441
2017/09/12,0.43
2017/09/13,0.416
2017/09/14,0.391
2017/09/15,0.38
2017/09/16,0.386
2017/09/17,0.376
2017/09/18,0.366
2017/09/19,0.357
2017/09/20,0.383
2017/09/21,0.369
2017/09/22,0.359
2017/09/23,0.356
2017/09/24,0.368
2017/09/25,0.368
2017/09/26,0.369
2017/09/27,0.375
2017/09/28,0.371
2017/09/29,0.362
2017/09/30,0.363
2017/10/01,0.365
2017/10/02,0.363
2017/10/03,0.359
2017/10/04,0.359
2017/10/05,0.364
2017/10/06,0.37
2017/10/07,0.366
2017/10/08,0.367
2017/10/09,0.365
2017/10/10,0.364
2017/10/11,0.425
2017/10/12,0.42
2017/10/13,0.422
2017/10/14,0.423
2017/10/15,0.421
2017/10/16,0.405
2017/10/17,0.379
2017/10/18,0.353
2017/10/19,0.326
2017/10/20,0.314
2017/10/21,0.287
2017/10/22,0.26
2017/10/23,0.239
2017/10/24,0.227
2017/10/25,0.212
2017/10/26,0.201
2017/10/27,0.169
2017/10/28,0.141
2017/10/29,0.117
2017/10/30,0.096
2017/10/31,0.078
2017/11/01,0.091
2017/11/02,0.101
2017/11/03,0.108
2017/11/04,0.114
2017/11/05,0.117
2017/11/06,0.122
2017/11/07,0.133
2017/11/08,0.15
2017/11/09,0.164
2017/11/10,0.174
2017/11/11,0.18
2017/11/12,0.188
2017/11/13,0.196
2017/11/14,0.203
2017/11/15,0.211
2017/11/16,0.216
2017/11/17,0.221
2017/11/18,0.219
2017/11/19,0.22
2017/11/20,0.225
2017/11/21,0.229
2017/11/22,0.232
2017/11/23,0.238
2017/11/24,0.241
2017/11/25,0.243
2017/11/26,0.251
2017/11/27,0.257
2017/11/28,0.265
2017/11/29,0.274
2017/11/30,0.277
2017/12/01,0.281
2017/12/02,0.28
2017/12/03,0.281
2017/12/04,0.315
2017/12/05,0.381
2017/12/06,0.451
2017/12/07,0.594
2017/12/08,0.714
2017/12/09,0.834
2017/12/10,0.911
2017/12/11,0.934
2017/12/12,0.97
2017/12/13,1.007
2017/12/14,1.067
2017/12/15,1.09
2017/12/16,1.113
2017/12/17,1.105
2017/12/18,1.077
2017/12/19,1.081
2017/12/20,1.118
2017/12/21,1.141
2017/12/22,1.123
2017/12/23,1.101
2017/12/24,1.074
2017/12/25,1.028
2017/12/26,0.978
2017/12/27,0.93
2017/12/28,0.879
2017/12/29,0.842
2017/12/30,0.798
2017/12/31,0.767
2018/01/01,0.735
2018/01/02,0.724
2018/01/03,0.732
2018/01/04,0.765
2018/01/05,0.989
2018/01/06,1.266
2018/01/07,1.494
2018/01/08,1.713
2018/01/09,1.939
2018/01/10,2.297
2018/01/11,2.504
2018/01/12,2.593
2018/01/13,2.691
2018/01/14,2.77
2018/01/15,2.786
2018/01/16,2.72
2018/01/17,2.584
2018/01/18,2.486
2018/01/19,2.381
2018/01/20,2.301
2018/01/21,2.15
2018/01/22,1.99
2018/01/23,1.879
2018/01/24,1.771
2018/01/25,1.688
2018/01/26,1.572
2018/01/27,1.47
2018/01/28,1.402
2018/01/29,1.407
2018/01/30,1.382
2018/01/31,1.364
2018/02/01,1.397
2018/02/02,1.355
2018/02/03,1.308
2018/02/04,1.259
2018/02/05,1.189
2018/02/06,1.116
2018/02/07,1.067
2018/02/08,1.017
2018/02/09,0.967
2018/02/10,0.927
2018/02/11,0.876
2018/02/12,0.827
2018/02/13,0.794
2018/02/14,0.773
2018/02/15,0.757
2018/02/16,0.756
2018/02/17,0.764
2018/02/18,0.789
2018/02/19,0.787
2018/02/20,0.79
2018/02/21,0.787
2018/02/22,0.773
2018/02/23,0.768
2018/02/24,0.762
2018/02/25,0.75
2018/02/26,0.734
2018/02/27,0.729
2018/02/28,0.749
2018/03/01,0.743
2018/03/02,0.755
2018/03/03,0.74
2018/03/04,0.738
2018/03/05,0.736
2018/03/06,0.719
2018/03/07,0.704
2018/03/08,0.686
2018/03/09,0.663
2018/03/10,0.636
2018/03/11,0.602
2018/03/12,0.587
2018/03/13,0.552
2018/03/14,0.524
2018/03/15,0.494
2018/03/16,0.471
2018/03/17,0.441
2018/03/18,0.41
2018/03/19,0.385
2018/03/20,0.368
2018/03/21,0.36
2018/03/22,0.356
2018/03/23,0.351
2018/03/24,0.345
2018/03/25,0.341
2018/03/26,0.339
2018/03/27,0.331
2018/03/28,0.324
2018/03/29,0.317
2018/03/30,0.303
2018/03/31,0.287
2018/04/01,0.27
2018/04/02,0.257
2018/04/03,0.246
2018/04/04,0.232
2018/04/05,0.232
2018/04/06,0.225
2018/04/07,0.214
2018/04/08,0.208
2018/04/09,0.204
2018/04/10,0.203
2018/04/11,0.205
2018/04/12,0.21
2018/04/13,0.223
2018/04/14,0.23
2018/04/15,0.234
2018/04/16,0.238
2018/04/17,0.241
2018/04/18,0.252
2018/04/19,0.26
2018/04/20,0.269
2018/04/21,0.274
2018/04/22,0.279
2018/04/23,0.285
2018/04/24,0.303
2018/04/25,0.314
2018/04/26,0.324
2018/04/27,0.34
2018/04/28,0.358
2018/04/29,0.38
2018/04/30,0.401
2018/05/01,0.407
2018/05/02,0.412
2018/05/03,0.428
2018/05/04,0.432
2018/05/05,0.437
2018/05/06,0.44
2018/05/07,0.439
2018/05/08,0.442
2018/05/09,0.446
2018/05/10,0.474
2018/05/11,0.494
2018/05/12,0.487
2018/05/13,0.488
2018/05/14,0.504
2018/05/15,0.524
2018/05/16,0.54
2018/05/17,0.56
2018/05/18,0.572
2018/05/19,0.573
2018/05/20,0.575
2018/05/21,0.582
2018/05/22,0.591
2018/05/23,0.591
2018/05/24,0.582
2018/05/25,0.574
2018/05/26,0.56
2018/05/27,0.538
2018/05/28,0.534
2018/05/29,0.533
2018/05/30,0.538
2018/05/31,0.562
2018/06/01,0.576
2018/06/02,0.563
2018/06/03,0.548
2018/06/04,0.548
2018/06/05,0.539
2018/06/06,0.554
2018/06/07,0.548
2018/06/08,0.537
2018/06/09,0.511
2018/06/10,0.483
2018/06/11,0.457
2018/06/12,0.432
2018/06/13,0.405
2018/06/14,0.388
2018/06/15,0.382
2018/06/16,0.386
2018/06/17,0.362
2018/06/18,0.34
2018/06/19,0.331
2018/06/20,0.321
2018/06/21,0.314
2018/06/22,0.345
2018/06/23,0.332
2018/06/24,0.335
2018/06/25,0.329
2018/06/26,0.317
2018/06/27,0.303
2018/06/28,0.289
2018/06/29,0.278
2018/06/30,0.428
2018/07/01,0.693
2018/07/02,1.361
2018/07/03,1.683
2018/07/04,1.946
2018/07/05,2.076
2018/07/06,2.338
2018/07/07,2.507
2018/07/08,2.403
2018/07/09,2.258
2018/07/10,2.064
2018/07/11,1.88
2018/07/12,1.755
2018/07/13,1.642
2018/07/14,1.695
2018/07/15,1.868
2018/07/16,1.617
2018/07/17,1.411
2018/07/18,1.229
2018/07/19,1.068
2018/07/20,0.939
2018/07/21,0.847
2018/07/22,0.754
2018/07/23,0.681
2018/07/24,0.604
2018/07/25,0.527
2018/07/26,0.452
2018/07/27,0.379
2018/07/28,0.331
2018/07/29,0.285
2018/07/30,0.272
2018/07/31,0.261
2018/08/01,0.278
2018/08/02,0.263
2018/08/03,0.25
2018/08/04,0.245
2018/08/05,0.231
2018/08/06,0.231
2018/08/07,0.312
2018/08/08,0.523
2018/08/09,0.691
2018/08/10,0.743
2018/08/11,0.703
2018/08/12,0.656
2018/08/13,0.615
2018/08/14,0.574
2018/08/15,0.537
2018/08/16,0.494
2018/08/17,0.551
2018/08/18,0.501
2018/08/19,0.449
2018/08/20,0.395
2018/08/21,0.34
2018/08/22,0.325
2018/08/23,0.304
2018/08/24,0.325
2018/08/25,0.306
2018/08/26,0.326
2018/08/27,0.306
2018/08/28,0.288
2018/08/29,0.284
2018/08/30,0.271
2018/08/31,0.258
2018/09/01,0.245
2018/09/02,0.233
2018/09/03,0.222
2018/09/04,0.218
2018/09/05,0.205
2018/09/06,0.2
2018/09/07,0.195
2018/09/08,0.188
2018/09/09,0.18
2018/09/10,0.176
2018/09/11,0.175
2018/09/12,0.171
2018/09/13,0.173
2018/09/14,0.171
2018/09/15,0.172
2018/09/16,0.172
2018/09/17,0.171
2018/09/18,0.177
2018/09/19,0.193
2018/09/20,0.196
2018/09/21,0.21
2018/09/22,0.213
2018/09/23,0.212
2018/09/24,0.23
2018/09/25,0.231
2018/09/26,0.233
2018/09/27,0.237
2018/09/28,0.245
2018/09/29,0.26
2018/09/30,0.261
2018/10/01,0.267
2018/10/02,0.273
2018/10/03,0.261
2018/10/04,0.251
2018/10/05,0.238
2018/10/06,0.221
2018/10/07,0.208
2018/10/08,0.201
2018/10/09,0.193
2018/10/10,0.19
2018/10/11,0.183
2018/10/12,0.184
2018/10/13,0.173
2018/10/14,0.163
2018/10/15,0.16
2018/10/16,0.154
2018/10/17,0.152
2018/10/18,0.149
2018/10/19,0.147
2018/10/20,0.146
2018/10/21,0.143
2018/10/22,0.142
2018/10/23,0.142
2018/10/24,0.146
2018/10/25,0.154
2018/10/26,0.158
2018/10/27,0.157
2018/10/28,0.155
2018/10/29,0.154
2018/10/30,0.152
2018/10/31,0.151
2018/11/01,0.149
2018/11/02,0.151
2018/11/03,0.151
2018/11/04,0.15
2018/11/05,0.153
2018/11/06,0.157
2018/11/07,0.16
2018/11/08,0.167
2018/11/09,0.167
2018/11/10,0.163
2018/11/11,0.157
2018/11/12,0.159
2018/11/13,0.162
2018/11/14,0.167
2018/11/15,0.171
2018/11/16,0.172
2018/11/17,0.169
2018/11/18,0.169
2018/11/19,0.167
2018/11/20,0.164
2018/11/21,0.158
2018/11/22,0.153
2018/11/23,0.147
2018/11/24,0.142
2018/11/25,0.137
2018/11/26,0.131
2018/11/27,0.123
2018/11/28,0.121
2018/11/29,0.124
2018/11/30,0.129
2018/12/01,0.129
2018/12/02,0.128
2018/12/03,0.127
2018/12/04,0.127
2018/12/05,0.126
2018/12/06,0.121
2018/12/07,0.115
2018/12/08,0.107
2018/12/09,0.1
2018/12/10,0.094
2018/12/11,0.089
2018/12/12,0.083
2018/12/13,0.079
2018/12/14,0.078
2018/12/15,0.073
2018/12/16,0.069
2018/12/17,0.067
2018/12/18,0.072
2018/12/19,0.072
2018/12/20,0.074
2018/12/21,0.075
2018/12/22,0.075
2018/12/23,0.077
2018/12/24,0.081
2018/12/25,0.086
2018/12/26,0.091
2018/12/27,0.09
2018/12/28,0.089
2018/12/29,0.089
2018/12/30,0.1
2018/12/31,0.1
2019/01/01,0.099
2019/01/02,0.098
2019/01/03,0.097
2019/01/04,0.097
2019/01/05,0.105
2019/01/06,0.104
2019/01/07,0.103
2019/01/08,0.101
2019/01/09,0.098
2019/01/10,0.097
2019/01/11,0.094
2019/01/12,0.09
2019/01/13,0.086
2019/01/14,0.088
2019/01/15,0.089
2019/01/16,0.091
2019/01/17,0.089
2019/01/18,0.088
2019/01/19,0.086
2019/01/20,0.083
2019/01/21,0.082
2019/01/22,0.083
2019/01/23,0.082
2019/01/24,0.082
2019/01/25,0.081
2019/01/26,0.079
2019/01/27,0.077
2019/01/28,0.075
2019/01/29,0.073
2019/01/30,0.071
2019/01/31,0.072
2019/02/01,0.073
2019/02/02,0.072
2019/02/03,0.071
2019/02/04,0.07
2019/02/05,0.07
2019/02/06,0.07
2019/02/07,0.07
2019/02/08,0.071
2019/02/09,0.073
2019/02/10,0.075
2019/02/11,0.077
2019/02/12,0.079
2019/02/13,0.081
2019/02/14,0.084
2019/02/15,0.087
2019/02/16,0.09
2019/02/17,0.092
2019/02/18,0.099
2019/02/19,0.251
2019/02/20,0.245
2019/02/21,0.237
2019/02/22,0.229
2019/02/23,0.221
2019/02/24,0.214
2019/02/25,0.205
2019/02/26,0.197
2019/02/27,0.187
2019/02/28,0.179
2019/03/01,0.165
2019/03/02,0.15
2019/03/03,0.136
2019/03/04,0.121
2019/03/05,0.107
2019/03/06,0.105
2019/03/07,0.103
2019/03/08,0.102
2019/03/09,0.099
2019/03/10,0.097
2019/03/11,0.095
2019/03/12,0.092
2019/03/13,0.09
2019/03/14,0.087
2019/03/15,0.086
2019/03/16,0.085
2019/03/17,0.085
2019/03/18,0.156
2019/03/19,0.152
2019/03/20,0.146
2019/03/21,0.146
2019/03/22,0.143
2019/03/23,0.137
2019/03/24,0.132
2019/03/25,0.127
2019/03/26,0.123
2019/03/27,0.121
2019/03/28,0.116
2019/03/29,0.113
2019/03/30,0.106
2019/03/31,0.1
2019/04/01,0.096
2019/04/02,0.098
2019/04/03,0.105
2019/04/04,0.107
2019/04/05,0.108
2019/04/06,0.108
2019/04/07,0.108
2019/04/08,0.11
2019/04/09,0.11
2019/04/10,0.115
2019/04/11,0.114
2019/04/12,0.112
2019/04/13,0.11
2019/04/14,0.107
2019/04/15,0.105
2019/04/16,0.104
2019/04/17,0.103
2019/04/18,0.104
2019/04/19,0.102
2019/04/20,0.098
2019/04/21,0.096
2019/04/22,0.094
2019/04/23,0.093
2019/04/24,0.092
2019/04/25,0.09
2019/04/26,0.09
2019/04/27,0.088
2019/04/28,0.085
2019/04/29,0.084
2019/04/30,0.082
2019/05/01,0.081
2019/05/02,0.096
2019/05/03,0.097
2019/05/04,0.096
2019/05/05,0.094
2019/05/06,0.095
2019/05/07,0.099
2019/05/08,0.1
2019/05/09,0.099
2019/05/10,0.1
2019/05/11,0.099
2019/05/12,0.099
2019/05/13,0.102
2019/05/14,0.106
2019/05/15,0.116
2019/05/16,0.136
2019/05/17,0.149
2019/05/18,0.156
2019/05/19,0.16
2019/05/20,0.163
2019/05/21,0.163
2019/05/22,0.169
2019/05/23,0.169
2019/05/24,0.17
2019/05/25,0.167
2019/05/26,0.161
2019/05/27,0.162
2019/05/28,0.163
2019/05/29,0.165
2019/05/30,0.17
2019/05/31,0.172
2019/06/01,0.172
2019/06/02,0.167
2019/06/03,0.166
2019/06/04,0.164
2019/06/05,0.163
2019/06/06,0.16
2019/06/07,0.159
2019/06/08,0.161
2019/06/09,0.155
2019/06/10,0.159
2019/06/11,0.158
2019/06/12,0.151
2019/06/13,0.148
2019/06/14,0.149
2019/06/15,0.153
2019/06/16,0.149
2019/06/17,0.157
2019/06/18,0.156
2019/06/19,0.159
2019/06/20,0.166
2019/06/21,0.165
2019/06/22,0.164
2019/06/23,0.165
2019/06/24,0.167
2019/06/25,0.178
2019/06/26,0.193
2019/06/27,0.208
2019/06/28,0.213
2019/06/29,0.214
2019/06/30,0.216
2019/07/01,0.221
2019/07/02,0.218
2019/07/03,0.212
2019/07/04,0.204
2019/07/05,0.201
2019/07/06,0.197
2019/07/07,0.189
2019/07/08,0.189
2019/07/09,0.185
2019/07/10,0.178
2019/07/11,0.18
2019/07/12,0.176
2019/07/13,0.171
2019/07/14,0.169
2019/07/15,0.166
2019/07/16,0.173
2019/07/17,0.175
2019/07/18,0.168
2019/07/19,0.167
2019/07/20,0.16
2019/07/21,0.153
2019/07/22,0.146
2019/07/23,0.142
2019/07/24,0.144
2019/07/25,0.146
2019/07/26,0.142
2019/07/27,0.139
2019/07/28,0.132
2019/07/29,0.128
2019/07/30,0.124
2019/07/31,0.124
2019/08/01,0.13
2019/08/02,0.131
2019/08/03,0.136
2019/08/04,0.132
2019/08/05,0.13
2019/08/06,0.129
2019/08/07,0.127
2019/08/08,0.126
2019/08/09,0.126
2019/08/10,0.123
2019/08/11,0.121
2019/08/12,0.119
2019/08/13,0.12
2019/08/14,0.119
2019/08/15,0.12
2019/08/16,0.117
2019/08/17,0.112
2019/08/18,0.109
2019/08/19,0.11
2019/08/20,0.112
2019/08/21,0.116
2019/08/22,0.117
2019/08/23,0.118
2019/08/24,0.117
2019/08/25,0.121
2019/08/26,0.126
2019/08/27,0.127
2019/08/28,0.128
2019/08/29,0.128
2019/08/30,0.127
2019/08/31,0.126
2019/09/01,0.124
2019/09/02,0.124
2019/09/03,0.125
2019/09/04,0.126
2019/09/05,0.13
2019/09/06,0.135
2019/09/07,0.14
2019/09/08,0.148
2019/09/09,0.156
2019/09/10,0.169
2019/09/11,0.178
2019/09/12,0.189
2019/09/13,0.2
2019/09/14,0.214
2019/09/15,0.227
2019/09/16,0.236
2019/09/17,0.257
2019/09/18,0.279
2019/09/19,0.306
2019/09/20,0.33
2019/09/21,0.347
2019/09/22,0.351
2019/09/23,0.366
2019/09/24,0.378
2019/09/25,0.386
2019/09/26,0.38
2019/09/27,0.377
2019/09/28,0.374
2019/09/29,0.368
2019/09/30,0.353
2019/10/01,0.322
2019/10/02,0.293
2019/10/03,0.272
2019/10/04,0.249
2019/10/05,0.226
2019/10/06,0.205
2019/10/07,0.186
2019/10/08,0.17
2019/10/09,0.16
2019/10/10,0.151
2019/10/11,0.142
2019/10/12,0.134
2019/10/13,0.13
2019/10/14,0.128
2019/10/15,0.126
2019/10/16,0.124
2019/10/17,0.121
2019/10/18,0.119
2019/10/19,0.118
2019/10/20,0.118
2019/10/21,0.118
2019/10/22,0.119
2019/10/23,0.123
2019/10/24,0.123
2019/10/25,0.124
2019/10/26,0.127
2019/10/27,0.127
2019/10/28,0.129
2019/10/29,0.132
2019/10/30,0.134
2019/10/31,0.135
2019/11/01,0.134
2019/11/02,0.133
2019/11/03,0.133
2019/11/04,0.133
2019/11/05,0.132
2019/11/06,0.131
2019/11/07,0.133
2019/11/08,0.133
2019/11/09,0.132
2019/11/10,0.131
2019/11/11,0.131
2019/11/12,0.13
2019/11/13,0.13
2019/11/14,0.131
2019/11/15,0.131
2019/11/16,0.129
2019/11/17,0.128
2019/11/18,0.131
2019/11/19,0.13
2019/11/20,0.13
2019/11/21,0.136
2019/11/22,0.15
2019/11/23,0.145
2019/11/24,0.141
2019/11/25,0.147
2019/11/26,0.148
2019/11/27,0.145
2019/11/28,0.144
2019/11/29,0.139
2019/11/30,0.135
2019/12/01,0.132
2019/12/02,0.128
2019/12/03,0.124
2019/12/04,0.121
2019/12/05,0.116
2019/12/06,0.112
2019/12/07,0.109
2019/12/08,0.106
2019/12/09,0.102
2019/12/10,0.101
2019/12/11,0.1
2019/12/12,0.098
2019/12/13,0.097
2019/12/14,0.096
2019/12/15,0.095
2019/12/16,0.097
2019/12/17,0.102
2019/12/18,0.103
2019/12/19,0.102
2019/12/20,0.101
2019/12/21,0.098
2019/12/22,0.096
2019/12/23,0.095
2019/12/24,0.093
2019/12/25,0.091
2019/12/26,0.089
2019/12/27,0.086
2019/12/28,0.084
2019/12/29,0.083
2019/12/30,0.082
2019/12/31,0.082
2020/01/01,0.082
2020/01/02,0.081
2020/01/03,0.08
2020/01/04,0.078
2020/01/05,0.077
2020/01/06,0.078
2020/01/07,0.077
2020/01/08,0.079
2020/01/09,0.079
2020/01/10,0.081
2020/01/11,0.082
2020/01/12,0.081
2020/01/13,0.082
2020/01/14,0.087
2020/01/15,0.089
2020/01/16,0.088
2020/01/17,0.089
2020/01/18,0.091
2020/01/19,0.091
2020/01/20,0.09
2020/01/21,0.089
2020/01/22,0.088
2020/01/23,0.087
2020/01/24,0.086
2020/01/25,0.083
2020/01/26,0.082
2020/01/27,0.081
2020/01/28,0.081
2020/01/29,0.082
2020/01/30,0.083
2020/01/31,0.085
2020/02/01,0.086
2020/02/02,0.088
2020/02/03,0.09
2020/02/04,0.095
2020/02/05,0.102
2020/02/06,0.112
2020/02/07,0.122
2020/02/08,0.125
2020/02/09,0.128
2020/02/10,0.13
2020/02/11,0.133
2020/02/12,0.142
2020/02/13,0.15
2020/02/14,0.156
2020/02/15,0.164
2020/02/16,0.175
2020/02/17,0.177
2020/02/18,0.177
2020/02/19,0.181
2020/02/20,0.184
2020/02/21,0.179
2020/02/22,0.173
2020/02/23,0.172
2020/02/24,0.17
2020/02/25,0.171
2020/02/26,0.185
2020/02/27,0.183
2020/02/28,0.179
2020/02/29,0.171
2020/03/01,0.164
2020/03/02,0.157
2020/03/03,0.152
2020/03/04,0.148
2020/03/05,0.145
2020/03/06,0.144
2020/03/07,0.142
2020/03/08,0.153
2020/03/09,0.157
2020/03/10,0.152
2020/03/11,0.153
2020/03/12,0.272
2020/03/13,0.34
2020/03/14,0.322
2020/03/15,0.302
2020/03/16,0.297
2020/03/17,0.278
2020/03/18,0.256
2020/03/19,0.24
2020/03/20,0.222
2020/03/21,0.2
2020/03/22,0.179
2020/03/23,0.16
2020/03/24,0.143
2020/03/25,0.126
2020/03/26,0.109
2020/03/27,0.1
2020/03/28,0.096
2020/03/29,0.092
2020/03/30,0.089
2020/03/31,0.089
2020/04/01,0.088
2020/04/02,0.089
2020/04/03,0.09
2020/04/04,0.089
2020/04/05,0.088
2020/04/06,0.093
2020/04/07,0.098
2020/04/08,0.099
2020/04/09,0.102
2020/04/10,0.104
2020/04/11,0.104
2020/04/12,0.102
2020/04/13,0.103
2020/04/14,0.103
2020/04/15,0.102
2020/04/16,0.108
2020/04/17,0.109
2020/04/18,0.113
2020/04/19,0.115
2020/04/20,0.119
2020/04/21,0.123
2020/04/22,0.127
2020/04/23,0.132
2020/04/24,0.136
2020/04/25,0.137
2020/04/26,0.141
2020/04/27,0.144
2020/04/28,0.144
2020/04/29,0.156
2020/04/30,0.176
2020/05/01,0.179
2020/05/02,0.176
2020/05/03,0.176
2020/05/04,0.18
2020/05/05,0.184
2020/05/06,0.192
2020/05/07,0.205
2020/05/08,0.216
2020/05/09,0.219
2020/05/10,0.241
2020/05/11,0.248
2020/05/12,0.26
2020/05/13,0.284
2020/05/14,0.323
2020/05/15,0.338
2020/05/16,0.341
2020/05/17,0.352
2020/05/18,0.376
2020/05/19,0.391
2020/05/20,0.412
2020/05/21,0.451
2020/05/22,0.455
2020/05/23,0.439
2020/05/24,0.437
2020/05/25,0.446
2020/05/26,0.451
2020/05/27,0.462
2020/05/28,0.471
2020/05/29,0.472
2020/05/30,0.478
2020/05/31,0.473
2020/06/01,0.472
2020/06/02,0.478
2020/06/03,0.471
2020/06/04,0.469
2020/06/05,0.474
2020/06/06,0.482
2020/06/07,0.495
2020/06/08,0.506
2020/06/09,0.515
2020/06/10,0.901
2020/06/11,1.344
2020/06/12,1.288
2020/06/13,1.22
2020/06/14,1.146
2020/06/15,1.102
2020/06/16,1.052
2020/06/17,1.007
2020/06/18,0.951
2020/06/19,0.898
2020/06/20,0.827
2020/06/21,0.755
2020/06/22,0.705
2020/06/23,0.664
2020/06/24,0.629
2020/06/25,0.608
2020/06/26,0.613
2020/06/27,0.61
2020/06/28,0.604
2020/06/29,0.6
2020/06/30,0.619
2020/07/01,0.633
2020/07/02,0.636
2020/07/03,0.644
2020/07/04,0.633
2020/07/05,0.622
2020/07/06,0.622
2020/07/07,0.62
2020/07/08,0.644
2020/07/09,0.659
2020/07/10,0.653
2020/07/11,0.641
2020/07/12,0.624
2020/07/13,0.641
2020/07/14,0.642
2020/07/15,0.66
2020/07/16,0.688
2020/07/17,0.715
2020/07/18,0.732
2020/07/19,0.754
2020/07/20,0.8
2020/07/21,0.855
2020/07/22,0.9
2020/07/23,0.979
2020/07/24,1.046
2020/07/25,1.126
2020/07/26,1.193
2020/07/27,1.306
2020/07/28,1.343
2020/07/29,1.392
2020/07/30,1.421
2020/07/31,1.471
2020/08/01,1.49
2020/08/02,1.568
2020/08/03,1.603
2020/08/04,1.597
2020/08/05,1.573
2020/08/06,1.561
2020/08/07,1.59
2020/08/08,1.603
2020/08/09,1.648
2020/08/10,1.812
2020/08/11,1.997
2020/08/12,2.489
2020/08/13,3.092
2020/08/14,3.544
2020/08/15,3.653
2020/08/16,3.654
2020/08/17,3.674
2020/08/18,3.74
2020/08/19,3.793
2020/08/20,3.762
2020/08/21,3.832
2020/08/22,3.716
2020/08/23,3.517
2020/08/24,3.367
2020/08/25,3.246
2020/08/26,3.061
2020/08/27,2.919
2020/08/28,2.817
2020/08/29,2.786
2020/08/30,3.191
2020/08/31,3.645
2020/09/01,4.954
2020/09/02,6.352
2020/09/03,7.214
2020/09/04,7.302
2020/09/05,7.562
2020/09/06,7.216
2020/09/07,6.791
2020/09/08,6.341
2020/09/09,5.942
2020/09/10,5.739
2020/09/11,5.434
2020/09/12,4.986
2020/09/13,4.586
2020/09/14,4.477
2020/09/15,4.339
2020/09/16,4.156
2020/09/17,5.074
2020/09/18,5.459
2020/09/19,5.447
2020/09/20,5.291
2020/09/21,5.239
2020/09/22,5.116
2020/09/23,4.886
2020/09/24,4.586
2020/09/25,4.301
2020/09/26,3.984
2020/09/27,3.687
2020/09/28,3.49
2020/09/29,3.404
2020/09/30,3.228
2020/10/01,3.025
2020/10/02,2.87
2020/10/03,2.721
2020/10/04,2.608
2020/10/05,2.525
2020/10/06,2.524
2020/10/07,2.444
2020/10/08,2.376
2020/10/09,2.305
2020/10/10,2.195
2020/10/11,2.053
2020/10/12,1.998
2020/10/13,1.957
2020/10/14,1.949
2020/10/15,1.908
2020/10/16,1.844
2020/10/17,1.706
2020/10/18,1.595
2020/10/19,1.544
2020/10/20,1.519
2020/10/21,1.554
2020/10/22,1.557
2020/10/23,1.556
2020/10/24,1.468
2020/10/25,1.396
2020/10/26,1.413
2020/10/27,1.37
2020/10/28,1.403
2020/10/29,1.454
2020/10/30,1.478
2020/10/31,1.431
2020/11/01,1.36
2020/11/02,1.369
2020/11/03,1.332
2020/11/04,1.272
2020/11/05,1.276
2020/11/06,1.328
2020/11/07,1.381
2020/11/08,1.324
2020/11/09,1.308
2020/11/10,1.325
2020/11/11,1.355
2020/11/12,1.409
2020/11/13,1.451
2020/11/14,1.432
2020/11/15,1.398
2020/11/16,1.409
2020/11/17,1.541
2020/11/18,1.708
2020/11/19,1.715
2020/11/20,1.791
2020/11/21,1.874
2020/11/22,1.958
2020/11/23,2.096
2020/11/24,2.312
2020/11/25,2.339
2020/11/26,2.724
2020/11/27,2.609
2020/11/28,2.46
2020/11/29,2.297
2020/11/30,2.393
2020/12/01,2.52
2020/12/02,2.421
2020/12/03,2.352
2020/12/04,2.303
2020/12/05,2.177
2020/12/06,2.065
2020/12/07,2.013
2020/12/08,2.038
2020/12/09,2.074
2020/12/10,2.074
2020/12/11,2.122
2020/12/12,2.061
2020/12/13,2.009
2020/12/14,2.024
2020/12/15,2.168
2020/12/16,2.303
2020/12/17,2.73
2020/12/18,2.813
2020/12/19,2.853
2020/12/20,2.788
2020/12/21,2.891
2020/12/22,2.904
2020/12/23,3.126
2020/12/24,3.204
2020/12/25,3.323
2020/12/26,3.301
2020/12/27,3.448
2020/12/28,3.686
2020/12/29,3.805
2020/12/30,4.04
2020/12/31,4.194
2021/01/01,4.141
2021/01/02,4.32
2021/01/03,4.998
2021/01/04,6.531
2021/01/05,7.042
2021/01/06,7.423
2021/01/07,7.939
2021/01/08,8.45
2021/01/09,8.464
2021/01/10,8.485
2021/01/11,9.677
2021/01/12,9.397
2021/01/13,8.936
2021/01/14,8.655
2021/01/15,8.469
2021/01/16,8.14
2021/01/17,7.643
2021/01/18,7.258
2021/01/19,7.351
2021/01/20,7.266
2021/01/21,7.596
2021/01/22,7.94
2021/01/23,7.806
2021/01/24,7.761
2021/01/25,8.043
2021/01/26,8.044
2021/01/27,8.203
2021/01/28,8.244
2021/01/29,8.723
2021/01/30,8.92
2021/01/31,9.269
2021/02/01,9.74
2021/02/02,10.531
2021/02/03,11.418
2021/02/04,13.178
2021/02/05,15.013
2021/02/06,15.945
2021/02/07,16.368
2021/02/08,17.38
2021/02/09,18.646
2021/02/10,19.544
2021/02/11,19.804
2021/02/12,20.043
2021/02/13,20.425
2021/02/14,20.231
2021/02/15,20.418
2021/02/16,20.352
2021/02/17,20.26
2021/02/18,20.317
2021/02/19,20.486
2021/02/20,20.932
2021/02/21,20.559
2021/02/22,21.908
2021/02/23,24.145
2021/02/24,23.914
2021/02/25,23.222
2021/02/26,22.298
2021/02/27,20.946
2021/02/28,19.616
2021/03/01,18.41
2021/03/02,17.38
2021/03/03,16.512
2021/03/04,15.477
2021/03/05,14.841
2021/03/06,13.898
2021/03/07,13.623
2021/03/08,13.475
2021/03/09,13.516
2021/03/10,13.738
2021/03/11,13.908
2021/03/12,14.561
2021/03/13,15.213
2021/03/14,15.68
2021/03/15,16.484
2021/03/16,17.172
2021/03/17,17.974
2021/03/18,18.455
2021/03/19,18.541
2021/03/20,18.425
2021/03/21,18.207
2021/03/22,18.538
2021/03/23,18.394
2021/03/24,18.368
2021/03/25,18.208
2021/03/26,17.75
2021/03/27,17.038
2021/03/28,16.486
2021/03/29,16.327
2021/03/30,16.501
2021/03/31,17.268
2021/04/01,17.897
2021/04/02,18.476
2021/04/03,18.643
2021/04/04,18.271
2021/04/05,18.381
2021/04/06,18.591
2021/04/07,18.725
2021/04/08,18.349
2021/04/09,17.955
2021/04/10,17.309
2021/04/11,16.448
2021/04/12,15.925
2021/04/13,15.659
2021/04/14,15.818
2021/04/15,15.72
2021/04/16,16.777
2021/04/17,17.147
2021/04/18,17.829
2021/04/19,18.609
2021/04/20,20.332
2021/04/21,20.869
2021/04/22,21.153
2021/04/23,20.894
2021/04/24,19.722
2021/04/25,18.319
2021/04/26,17.118
2021/04/27,16.091
2021/04/28,15.38
2021/04/29,14.608
2021/04/30,13.619
2021/05/01,12.754
2021/05/02,11.73
2021/05/03,11.521
2021/05/04,11.521
2021/05/05,11.464
2021/05/06,11.719
2021/05/07,12.098
2021/05/08,14.307
2021/05/09,16.287
2021/05/10,21.508
2021/05/11,27.962
2021/05/12,34.482
2021/05/13,36.42
2021/05/14,37.028
2021/05/15,36.358
2021/05/16,35.085
2021/05/17,33.813
2021/05/18,32.317
2021/05/19,36.064
2021/05/20,34.455
2021/05/21,32.535
2021/05/22,29.037
2021/05/23,27.444
2021/05/24,24.393
2021/05/25,21.496
2021/05/26,19.143
2021/05/27,17.112
2021/05/28,15.33
2021/05/29,13.561
2021/05/30,11.853
2021/05/31,10.424
2021/06/01,9.123
2021/06/02,7.99
2021/06/03,7.409
2021/06/04,6.848
2021/06/05,6.28
2021/06/06,5.697
2021/06/07,5.431
2021/06/08,5.377
2021/06/09,5.251
2021/06/10,5.067
2021/06/11,4.974
2021/06/12,4.814
2021/06/13,4.555
2021/06/14,4.442
2021/06/15,4.373
2021/06/16,4.278
2021/06/17,4.225
2021/06/18,4.183
2021/06/19,4.03
2021/06/20,3.936
2021/06/21,4.294
2021/06/22,4.998
2021/06/23,4.854
2021/06/24,4.664
2021/06/25,4.579
2021/06/26,4.303
2021/06/27,4.291
2021/06/28,4.149
2021/06/29,4.092
2021/06/30,4.253
2021/07/01,4.181
2021/07/02,3.999
2021/07/03,3.829
2021/07/04,3.62
2021/07/05,3.522
2021/07/06,4.085
2021/07/07,4.472
2021/07/08,4.73
2021/07/09,4.772
2021/07/10,4.6
2021/07/11,4.341
2021/07/12,4.406
2021/07/13,4.485
2021/07/14,4.82
2021/07/15,5.077
2021/07/16,5.282
2021/07/17,5.198
2021/07/18,5.093
2021/07/19,4.975
2021/07/20,4.899
2021/07/21,4.764
2021/07/22,4.828
2021/07/23,5.041
2021/07/24,4.914
2021/07/25,4.768
2021/07/26,5.054
2021/07/27,5.46
2021/07/28,5.956
2021/07/29,5.95
2021/07/30,6.121
2021/07/31,6.698
2021/08/01,6.981
2021/08/02,7.274
2021/08/03,7.758
2021/08/04,8.02
2021/08/05,9.012
2021/08/06,9.604
2021/08/07,10.304
2021/08/08,11.001
2021/08/09,11.849
2021/08/10,13.095
2021/08/11,13.944
2021/08/12,14.625
2021/08/13,15.383
2021/08/14,15.866
2021/08/15,16.901
2021/08/16,17.002
2021/08/17,16.871
2021/08/18,16.543
2021/08/19,16.394
2021/08/20,15.852
2021/08/21,15.17
2021/08/22,14.487
2021/08/23,14.752
2021/08/24,15.715
2021/08/25,17.198
2021/08/26,18.501
2021/08/27,21.278
2021/08/28,22.588
2021/08/29,24.073
2021/08/30,25.785
2021/08/31,27.9
2021/09/01,30.681
2021/09/02,31.931
2021/09/03,35.265
2021/09/04,36.767
2021/09/05,37.85
2021/09/06,38.64
2021/09/07,41.851
2021/09/08,43.205
2021/09/09,44.347
2021/09/10,42.788
2021/09/11,39.765
2021/09/12,36.918
2021/09/13,34.755
2021/09/14,32.809
2021/09/15,30.665
2021/09/16,29.61
2021/09/17,28.042
2021/09/18,25.946
2021/09/19,24.666
2021/09/20,23.988
2021/09/21,23.702
2021/09/22,22.593
2021/09/23,22.657
2021/09/24,22.266
2021/09/25,21.081
2021/09/26,20.913
2021/09/27,24.191
2021/09/28,24.353
2021/09/29,24.11
2021/09/30,25.176
2021/10/01,25.171
2021/10/02,24.664
2021/10/03,24.002
2021/10/04,24.993
2021/10/05,26.832
2021/10/06,28.726
2021/10/07,30.391
2021/10/08,31.579
2021/10/09,30.956
2021/10/10,30.581
2021/10/11,31.022
2021/10/12,30.696
2021/10/13,30.761
2021/10/14,32.228
2021/10/15,34.23
2021/10/16,33.751
2021/10/17,32.82
2021/10/18,33.948
2021/10/19,32.552
2021/10/20,31.573
2021/10/21,31.649
2021/10/22,31.331
2021/10/23,30.142
2021/10/24,29.302
2021/10/25,29.54
2021/10/26,30.776
2021/10/27,33.351
2021/10/28,35.888
2021/10/29,38.405
2021/10/30,40.646
2021/10/31,42.377
2021/11/01,44.206
2021/11/02,46.534
2021/11/03,48.171
2021/11/04,48.922
2021/11/05,49.203
2021/11/06,48.725
2021/11/07,47.363
2021/11/08,47.181
2021/11/09,49.123
2021/11/10,50.182
2021/11/11,50.987
2021/11/12,51.205
2021/11/13,50.727
2021/11/14,49.497
2021/11/15,50.299
2021/11/16,50.052
2021/11/17,49.036
2021/11/18,48.813
2021/11/19,47.693
2021/11/20,46.444
2021/11/21,44.96
2021/11/22,45.371
2021/11/23,45.002
2021/11/24,44.249
2021/11/25,43.699
2021/11/26,42.649
2021/11/27,42.3
2021/11/28,42
2021/11/29,41.885
2021/11/30,43.242
2021/12/01,44.526
2021/12/02,44.296
2021/12/03,43.856
2021/12/04,44.321
2021/12/05,42.573
2021/12/06,41.555
2021/12/07,40.398
2021/12/08,38.494
2021/12/09,36.991
2021/12/10,35.912
2021/12/11,34.164
2021/12/12,32.123
2021/12/13,30.99
2021/12/14,29.579
2021/12/15,28.848
2021/12/16,29.461
2021/12/17,29.395
2021/12/18,28.335
2021/12/19,27.438
2021/12/20,26.762
2021/12/21,26.165
2021/12/22,26.034
2021/12/23,26.13
2021/12/24,25.687
2021/12/25,25.236
2021/12/26,24.35
2021/12/27,24.42
2021/12/28,25.38
2021/12/29,26.989
2021/12/30,27.745
2021/12/31,28.038
2022/01/01,27.969
2022/01/02,28.897
2022/01/03,29.658
2022/01/04,31.411
2022/01/05,33.396
2022/01/06,34.351
2022/01/07,35.609
2022/01/08,35.502
2022/01/09,36.826
2022/01/10,39.163
2022/01/11,40.296
2022/01/12,41.948
2022/01/13,42.492
2022/01/14,43.932
2022/01/15,43.551
2022/01/16,42.986
2022/01/17,42.614
2022/01/18,41.355
2022/01/19,40.069
2022/01/20,39.861
2022/01/21,40.126
2022/01/22,39.07
2022/01/23,37.259
2022/01/24,35.737
2022/01/25,34.4
2022/01/26,33.482
2022/01/27,33.034
2022/01/28,32.259
2022/01/29,31.19
2022/01/30,30.545
2022/01/31,29.714
2022/02/01,30.323
2022/02/02,30.856
2022/02/03,30.434
2022/02/04,29.762
2022/02/05,30.217
2022/02/06,28.813
2022/02/07,28.983
2022/02/08,28.22
2022/02/09,27.661
2022/02/10,27.721
2022/02/11,26.56
2022/02/12,25.213
2022/02/13,23.621
2022/02/14,22.272
2022/02/15,21.547
2022/02/16,21.197
2022/02/17,20.842
2022/02/18,20.746
2022/02/19,20.046
2022/02/20,19.202
2022/02/21,19.29
2022/02/22,19.283
2022/02/23,19.704
2022/02/24,19.546
2022/02/25,19.008
2022/02/26,18.242
2022/02/27,17.267
2022/02/28,17.259
2022/03/01,16.874
2022/03/02,16.341
2022/03/03,15.714
2022/03/04,14.997
2022/03/05,14.072
2022/03/06,13.541
2022/03/07,12.768
2022/03/08,12.202
2022/03/09,11.584
2022/03/10,10.878
2022/03/11,10.289
2022/03/12,9.554
2022/03/13,9.253
2022/03/14,8.897
2022/03/15,8.671
2022/03/16,8.638
2022/03/17,9.681
2022/03/18,10.42
2022/03/19,10.231
2022/03/20,9.905
2022/03/21,9.811
2022/03/22,10
2022/03/23,10.1
2022/03/24,10.674
2022/03/25,11.096
2022/03/26,10.952
2022/03/27,11.858
2022/03/28,13.835
2022/03/29,14.065
2022/03/30,14.467
2022/03/31,14.748
2022/04/01,15.562
2022/04/02,16.418
2022/04/03,17.1
2022/04/04,17.81
2022/04/05,21.443
2022/04/06,21.349
2022/04/07,21.58
2022/04/08,21.235
2022/04/09,20.078
2022/04/10,19.153
2022/04/11,18.342
2022/04/12,17.622
2022/04/13,16.993
2022/04/14,16.413
2022/04/15,15.476
2022/04/16,14.543
2022/04/17,13.426
2022/04/18,12.632
2022/04/19,12.022
2022/04/20,12.727
2022/04/21,13.227
2022/04/22,13.473
2022/04/23,13.029
2022/04/24,12.592
2022/04/25,12.778
2022/04/26,12.768
2022/04/27,12.867
2022/04/28,13.014
2022/04/29,13.08
2022/04/30,12.908
2022/05/01,37.427
2022/05/02,36.28
2022/05/03,34.887
2022/05/04,33.017
2022/05/05,31.542
2022/05/06,29.755
2022/05/07,27.347
2022/05/08,24.714
2022/05/09,22.977
2022/05/10,21.096
2022/05/11,21.266
2022/05/12,21.825
2022/05/13,19.67
2022/05/14,16.843
2022/05/15,13.797
2022/05/16,12.572
2022/05/17,11.69
2022/05/18,10.68
2022/05/19,9.763
2022/05/20,8.993
2022/05/21,8.134
2022/05/22,7.35
2022/05/23,6.672
2022/05/24,6.099
2022/05/25,5.725
2022/05/26,5.808
2022/05/27,5.925
2022/05/28,5.65
2022/05/29,5.419
2022/05/30,5.52
2022/05/31,5.985
2022/06/01,6.514
2022/06/02,7.049
2022/06/03,7.537
2022/06/04,7.902
2022/06/05,8.205
2022/06/06,8.418
2022/06/07,8.656
2022/06/08,9.156
2022/06/09,9.579
2022/06/10,9.61
2022/06/11,9.224
2022/06/12,8.709
2022/06/13,8.87
2022/06/14,8.519
2022/06/15,8.218
2022/06/16,7.602
2022/06/17,6.999
2022/06/18,6.58
2022/06/19,5.965
2022/06/20,5.405
2022/06/21,5.045
2022/06/22,4.664
2022/06/23,4.556
2022/06/24,4.44
2022/06/25,4.314
2022/06/26,4.241
2022/06/27,4.304
2022/06/28,4.367
2022/06/29,4.526
2022/06/30,4.585
2022/07/01,4.44
2022/07/02,4.093
2022/07/03,3.81
2022/07/04,3.611
2022/07/05,3.503
2022/07/06,3.433
2022/07/07,3.451
2022/07/08,3.361
2022/07/09,3.271
2022/07/10,3.076
2022/07/11,3.042
2022/07/12,2.947
2022/07/13,2.926
2022/07/14,3.008
2022/07/15,3.083
2022/07/16,3.056
2022/07/17,3.019
2022/07/18,3.171
2022/07/19,3.363
2022/07/20,3.51
2022/07/21,3.475
2022/07/22,3.372
2022/07/23,3.226
2022/07/24,3.051
2022/07/25,2.994
2022/07/26,2.871
2022/07/27,2.862
2022/07/28,2.966
2022/07/29,2.923
2022/07/30,2.745
2022/07/31,2.567
2022/08/01,2.573
2022/08/02,2.506
2022/08/03,2.422
2022/08/04,2.33
2022/08/05,2.329
2022/08/06,2.234
2022/08/07,2.151
2022/08/08,2.251
2022/08/09,2.376
2022/08/10,2.688
2022/08/11,2.938
2022/08/12,3.038
2022/08/13,2.993
2022/08/14,2.962
2022/08/15,3.12
2022/08/16,3.083
2022/08/17,3.048
2022/08/18,2.993
2022/08/19,3.032
2022/08/20,2.9
2022/08/21,2.693
2022/08/22,2.626
2022/08/23,2.55
2022/08/24,2.477
2022/08/25,2.484
2022/08/26,2.483
2022/08/27,2.348
2022/08/28,2.223
2022/08/29,2.24
2022/08/30,2.367
2022/08/31,2.549
2022/09/01,2.648
2022/09/02,2.629
2022/09/03,2.495
2022/09/04,2.372
2022/09/05,2.304
2022/09/06,2.363
2022/09/07,2.489
2022/09/08,2.657
2022/09/09,2.799
2022/09/10,2.77
2022/09/11,2.691
2022/09/12,2.746
2022/09/13,2.818
2022/09/14,2.748
2022/09/15,2.774
2022/09/16,2.637
2022/09/17,2.435
2022/09/18,2.29
2022/09/19,2.18
2022/09/20,2.1
2022/09/21,2.075
2022/09/22,1.979
2022/09/23,1.89
2022/09/24,1.758
2022/09/25,1.669
2022/09/26,1.667
2022/09/27,1.766
2022/09/28,1.848
2022/09/29,1.908
2022/09/30,1.968
2022/10/01,1.91
2022/10/02,1.797
2022/10/03,1.809
2022/10/04,1.851
2022/10/05,1.923
2022/10/06,1.927
2022/10/07,1.905
2022/10/08,2
2022/10/09,2.29
2022/10/10,2.633
2022/10/11,2.794
2022/10/12,2.853
2022/10/13,2.953
2022/10/14,2.977
2022/10/15,2.973
2022/10/16,2.939
2022/10/17,3.027
2022/10/18,3.143
2022/10/19,3.272
2022/10/20,3.43
2022/10/21,3.567
2022/10/22,3.518
2022/10/23,3.366
2022/10/24,3.331
2022/10/25,3.364
2022/10/26,3.378
2022/10/27,3.319
2022/10/28,3.294
2022/10/29,3.216
2022/10/30,3.027
2022/10/31,3.097
2022/11/01,3.027
2022/11/02,3.039
2022/11/03,3.211
2022/11/04,3.291
2022/11/05,3.239
2022/11/06,3.174
2022/11/07,3.186
2022/11/08,3.761
2022/11/09,4.213
2022/11/10,4.429
2022/11/11,4.41
2022/11/12,4.247
2022/11/13,4.029
2022/11/14,3.849
2022/11/15,3.702
2022/11/16,3.52
2022/11/17,3.332
2022/11/18,3.151
2022/11/19,2.955
2022/11/20,2.769
2022/11/21,2.588
2022/11/22,2.45
2022/11/23,2.328
2022/11/24,2.231
2022/11/25,2.137
2022/11/26,2.073
2022/11/27,2.023
2022/11/28,1.995
2022/11/29,1.947
