Date,transactionvalue90rsiUSD
2016/01/01,44.067
2016/01/02,44.024
2016/01/03,44.075
2016/01/04,43.995
2016/01/05,44.194
2016/01/06,44.033
2016/01/07,44.037
2016/01/08,44.046
2016/01/09,44.051
2016/01/10,44.036
2016/01/11,44.193
2016/01/12,44.463
2016/01/13,44.166
2016/01/14,44.206
2016/01/15,44.598
2016/01/16,44.4
2016/01/17,44.326
2016/01/18,45.287
2016/01/19,44.813
2016/01/20,44.644
2016/01/21,44.595
2016/01/22,44.743
2016/01/23,45.131
2016/01/24,45.81
2016/01/25,45.671
2016/01/26,45.422
2016/01/27,45.137
2016/01/28,45.059
2016/01/29,45.04
2016/01/30,45.233
2016/01/31,45.305
2016/02/01,44.923
2016/02/02,44.938
2016/02/03,44.983
2016/02/04,44.779
2016/02/05,44.978
2016/02/06,44.643
2016/02/07,45.448
2016/02/08,46.192
2016/02/09,46.411
2016/02/10,47.138
2016/02/11,46.776
2016/02/12,48.162
2016/02/13,46.574
2016/02/14,46.3
2016/02/15,46.135
2016/02/16,46.783
2016/02/17,45.879
2016/02/18,46.455
2016/02/19,45.814
2016/02/20,46.802
2016/02/21,45.967
2016/02/22,46.486
2016/02/23,47.705
2016/02/24,48.404
2016/02/25,46.99
2016/02/26,50.75
2016/02/27,48.968
2016/02/28,47.21
2016/02/29,47.061
2016/03/01,47.825
2016/03/02,51.067
2016/03/03,49.4
2016/03/04,48.647
2016/03/05,50.863
2016/03/06,48.981
2016/03/07,49.012
2016/03/08,49.726
2016/03/09,48.444
2016/03/10,48.167
2016/03/11,48.347
2016/03/12,49.269
2016/03/13,50.333
2016/03/14,49.503
2016/03/15,48.798
2016/03/16,48.703
2016/03/17,48.95
2016/03/18,49.491
2016/03/19,47.757
2016/03/20,47.543
2016/03/21,47.996
2016/03/22,47.8
2016/03/23,47.706
2016/03/24,48.001
2016/03/25,47.557
2016/03/26,47.342
2016/03/27,48.519
2016/03/28,47.996
2016/03/29,48.638
2016/03/30,48.63
2016/03/31,48.247
2016/04/01,47.585
2016/04/02,47.635
2016/04/03,47.423
2016/04/04,47.64
2016/04/05,47.819
2016/04/06,47.841
2016/04/07,48.002
2016/04/08,47.729
2016/04/09,48.637
2016/04/10,48.355
2016/04/11,47.843
2016/04/12,48.13
2016/04/13,48.124
2016/04/14,48.056
2016/04/15,47.735
2016/04/16,47.649
2016/04/17,47.944
2016/04/18,47.88
2016/04/19,47.653
2016/04/20,47.916
2016/04/21,47.653
2016/04/22,48.002
2016/04/23,48.276
2016/04/24,47.63
2016/04/25,47.915
2016/04/26,48.36
2016/04/27,48.02
2016/04/28,47.99
2016/04/29,47.803
2016/04/30,49.375
2016/05/01,48.968
2016/05/02,49.186
2016/05/03,48.855
2016/05/04,48.532
2016/05/05,48.502
2016/05/06,49.399
2016/05/07,49.046
2016/05/08,48.774
2016/05/09,49.494
2016/05/10,49.4
2016/05/11,50.47
2016/05/12,50.515
2016/05/13,54.676
2016/05/14,52.65
2016/05/15,48.971
2016/05/16,49.217
2016/05/17,49.096
2016/05/18,49.577
2016/05/19,50.746
2016/05/20,50.323
2016/05/21,48.86
2016/05/22,48.618
2016/05/23,49.206
2016/05/24,49.691
2016/05/25,49.418
2016/05/26,48.892
2016/05/27,49.963
2016/05/28,49.087
2016/05/29,48.757
2016/05/30,48.866
2016/05/31,48.91
2016/06/01,48.744
2016/06/02,48.437
2016/06/03,48.593
2016/06/04,48.421
2016/06/05,48.411
2016/06/06,48.434
2016/06/07,48.965
2016/06/08,50.748
2016/06/09,48.526
2016/06/10,49.074
2016/06/11,48.659
2016/06/12,49.338
2016/06/13,49.505
2016/06/14,49.825
2016/06/15,49.379
2016/06/16,50.399
2016/06/17,51.926
2016/06/18,51.755
2016/06/19,49.528
2016/06/20,50.29
2016/06/21,49.598
2016/06/22,50.124
2016/06/23,49.946
2016/06/24,49.222
2016/06/25,49.726
2016/06/26,48.772
2016/06/27,48.843
2016/06/28,49.715
2016/06/29,49.146
2016/06/30,48.668
2016/07/01,48.995
2016/07/02,48.588
2016/07/03,48.631
2016/07/04,49.301
2016/07/05,51.454
2016/07/06,49.199
2016/07/07,49.031
2016/07/08,48.783
2016/07/09,48.753
2016/07/10,48.833
2016/07/11,48.965
2016/07/12,48.974
2016/07/13,49.16
2016/07/14,49.039
2016/07/15,52.096
2016/07/16,49.12
2016/07/17,49.162
2016/07/18,51.005
2016/07/19,55.712
2016/07/20,57.849
2016/07/21,49.806
2016/07/22,50.674
2016/07/23,50.668
2016/07/24,55.298
2016/07/25,53.929
2016/07/26,57.569
2016/07/27,54.543
2016/07/28,52.522
2016/07/29,51.391
2016/07/30,50.807
2016/07/31,50.364
2016/08/01,51.237
2016/08/02,52.578
2016/08/03,51.773
2016/08/04,50.174
2016/08/05,50.568
2016/08/06,49.489
2016/08/07,49.609
2016/08/08,49.626
2016/08/09,50.076
2016/08/10,50.955
2016/08/11,50.377
2016/08/12,49.742
2016/08/13,49.662
2016/08/14,49.455
2016/08/15,49.314
2016/08/16,49.008
2016/08/17,49.429
2016/08/18,49.126
2016/08/19,49.101
2016/08/20,49.413
2016/08/21,50.394
2016/08/22,49.705
2016/08/23,50.576
2016/08/24,49.099
2016/08/25,49.046
2016/08/26,49.544
2016/08/27,49.093
2016/08/28,49.073
2016/08/29,49.214
2016/08/30,49.054
2016/08/31,49.187
2016/09/01,49.658
2016/09/02,49.413
2016/09/03,49.316
2016/09/04,49.371
2016/09/05,49.1
2016/09/06,49.11
2016/09/07,49.073
2016/09/08,49.285
2016/09/09,48.954
2016/09/10,49.026
2016/09/11,49.133
2016/09/12,49.157
2016/09/13,49.216
2016/09/14,48.996
2016/09/15,48.94
2016/09/16,49.702
2016/09/17,49.122
2016/09/18,49.817
2016/09/19,49.306
2016/09/20,50.7
2016/09/21,51.376
2016/09/22,49.69
2016/09/23,50.328
2016/09/24,49.549
2016/09/25,50.453
2016/09/26,49.613
2016/09/27,49.378
2016/09/28,50.329
2016/09/29,50.148
2016/09/30,49.422
2016/10/01,49.152
2016/10/02,49.701
2016/10/03,49.095
2016/10/04,49.087
2016/10/05,49.438
2016/10/06,49.43
2016/10/07,49.315
2016/10/08,49.47
2016/10/09,50.288
2016/10/10,50.205
2016/10/11,50.18
2016/10/12,50.979
2016/10/13,49.537
2016/10/14,50.338
2016/10/15,49.609
2016/10/16,49.905
2016/10/17,49.963
2016/10/18,50.213
2016/10/19,49.452
2016/10/20,49.159
2016/10/21,49.003
2016/10/22,49.072
2016/10/23,49.043
2016/10/24,49.046
2016/10/25,49.323
2016/10/26,49.255
2016/10/27,49.257
2016/10/28,49.681
2016/10/29,49.871
2016/10/30,50.244
2016/10/31,49.424
2016/11/01,50.185
2016/11/02,51.22
2016/11/03,54.393
2016/11/04,49.644
2016/11/05,49.342
2016/11/06,49.162
2016/11/07,49.166
2016/11/08,49.187
2016/11/09,49.942
2016/11/10,49.393
2016/11/11,50.811
2016/11/12,49.488
2016/11/13,49.457
2016/11/14,49.112
2016/11/15,49.338
2016/11/16,49.41
2016/11/17,50.5
2016/11/18,49.374
2016/11/19,49.316
2016/11/20,49.182
2016/11/21,49.188
2016/11/22,49.888
2016/11/23,49.667
2016/11/24,49.339
2016/11/25,49.403
2016/11/26,49.223
2016/11/27,49.19
2016/11/28,49.188
2016/11/29,49.381
2016/11/30,49.436
2016/12/01,49.396
2016/12/02,50.297
2016/12/03,50.934
2016/12/04,49.603
2016/12/05,50.282
2016/12/06,50.839
2016/12/07,49.875
2016/12/08,50.059
2016/12/09,49.998
2016/12/10,49.506
2016/12/11,49.773
2016/12/12,49.376
2016/12/13,49.329
2016/12/14,49.28
2016/12/15,49.7
2016/12/16,49.438
2016/12/17,50.249
2016/12/18,49.925
2016/12/19,49.399
2016/12/20,49.412
2016/12/21,49.596
2016/12/22,49.938
2016/12/23,51.274
2016/12/24,49.907
2016/12/25,49.351
2016/12/26,49.272
2016/12/27,49.428
2016/12/28,49.997
2016/12/29,50.737
2016/12/30,50.282
2016/12/31,51.711
2017/01/01,49.759
2017/01/02,50.214
2017/01/03,51.062
2017/01/04,52.444
2017/01/05,52.627
2017/01/06,52.596
2017/01/07,50.975
2017/01/08,50.089
2017/01/09,50.971
2017/01/10,50.959
2017/01/11,51.031
2017/01/12,50.651
2017/01/13,49.798
2017/01/14,49.24
2017/01/15,49.071
2017/01/16,49.148
2017/01/17,49.518
2017/01/18,49.216
2017/01/19,49.303
2017/01/20,50.182
2017/01/21,49.315
2017/01/22,49.289
2017/01/23,49.249
2017/01/24,49.161
2017/01/25,49.276
2017/01/26,49.336
2017/01/27,49.312
2017/01/28,49.099
2017/01/29,49.283
2017/01/30,49.155
2017/01/31,49.524
2017/02/01,49.508
2017/02/02,49.498
2017/02/03,49.783
2017/02/04,49.849
2017/02/05,49.198
2017/02/06,49.576
2017/02/07,49.459
2017/02/08,49.421
2017/02/09,49.54
2017/02/10,49.638
2017/02/11,49.322
2017/02/12,49.527
2017/02/13,49.368
2017/02/14,50.686
2017/02/15,51.302
2017/02/16,50.336
2017/02/17,50.479
2017/02/18,50.337
2017/02/19,50.354
2017/02/20,50.36
2017/02/21,50.885
2017/02/22,50.497
2017/02/23,50.552
2017/02/24,51.995
2017/02/25,50.78
2017/02/26,51.37
2017/02/27,55.075
2017/02/28,55.966
2017/03/01,56.387
2017/03/02,59.04
2017/03/03,60.236
2017/03/04,56.215
2017/03/05,54.992
2017/03/06,58.958
2017/03/07,54.421
2017/03/08,55.218
2017/03/09,55.806
2017/03/10,55.337
2017/03/11,57.085
2017/03/12,61.575
2017/03/13,58.113
2017/03/14,52.561
2017/03/15,52.594
2017/03/16,62.125
2017/03/17,56.007
2017/03/18,58.908
2017/03/19,50.888
2017/03/20,51.852
2017/03/21,54.348
2017/03/22,53.714
2017/03/23,53.606
2017/03/24,55.503
2017/03/25,54.49
2017/03/26,53.483
2017/03/27,53.298
2017/03/28,53.769
2017/03/29,54.47
2017/03/30,55.918
2017/03/31,53.924
2017/04/01,52.994
2017/04/02,54.727
2017/04/03,54.114
2017/04/04,51.419
2017/04/05,52.877
2017/04/06,53.944
2017/04/07,49.988
2017/04/08,51.135
2017/04/09,51.011
2017/04/10,51.618
2017/04/11,51.608
2017/04/12,51.233
2017/04/13,50.576
2017/04/14,51.117
2017/04/15,49.834
2017/04/16,49.163
2017/04/17,49.399
2017/04/18,51.598
2017/04/19,51.982
2017/04/20,52.355
2017/04/21,51.304
2017/04/22,51.246
2017/04/23,51.126
2017/04/24,51.686
2017/04/25,50.966
2017/04/26,52.337
2017/04/27,53.477
2017/04/28,53.852
2017/04/29,54.802
2017/04/30,55.619
2017/05/01,58.154
2017/05/02,56.136
2017/05/03,57.975
2017/05/04,57.356
2017/05/05,58.65
2017/05/06,55.642
2017/05/07,56.749
2017/05/08,55.27
2017/05/09,55.151
2017/05/10,55.3
2017/05/11,56.278
2017/05/12,55.112
2017/05/13,53.217
2017/05/14,52.977
2017/05/15,53.671
2017/05/16,55.473
2017/05/17,51.629
2017/05/18,50.54
2017/05/19,52.264
2017/05/20,51.728
2017/05/21,52.654
2017/05/22,57.397
2017/05/23,53.14
2017/05/24,53.635
2017/05/25,53.602
2017/05/26,54.19
2017/05/27,52.17
2017/05/28,51.676
2017/05/29,52.004
2017/05/30,52.421
2017/05/31,56.116
2017/06/01,54.024
2017/06/02,54.007
2017/06/03,54.257
2017/06/04,53.838
2017/06/05,54.995
2017/06/06,56.141
2017/06/07,54.874
2017/06/08,54.403
2017/06/09,53.923
2017/06/10,52.523
2017/06/11,52.967
2017/06/12,57.286
2017/06/13,56.147
2017/06/14,53.155
2017/06/15,54.686
2017/06/16,54.631
2017/06/17,51.623
2017/06/18,51.3
2017/06/19,51.268
2017/06/20,52.063
2017/06/21,49.853
2017/06/22,50.093
2017/06/23,50.726
2017/06/24,51.338
2017/06/25,48.975
2017/06/26,49.855
2017/06/27,50.492
2017/06/28,50.452
2017/06/29,50.904
2017/06/30,50.535
2017/07/01,50.171
2017/07/02,49.546
2017/07/03,53.156
2017/07/04,52.408
2017/07/05,49.369
2017/07/06,49.76
2017/07/07,49.601
2017/07/08,49.473
2017/07/09,48.67
2017/07/10,49.661
2017/07/11,49.808
2017/07/12,49.942
2017/07/13,51.773
2017/07/14,52.284
2017/07/15,52.218
2017/07/16,51.411
2017/07/17,51.356
2017/07/18,52.197
2017/07/19,52.071
2017/07/20,51.771
2017/07/21,52.277
2017/07/22,48.844
2017/07/23,49.086
2017/07/24,51.615
2017/07/25,52.055
2017/07/26,51.388
2017/07/27,51.767
2017/07/28,51.903
2017/07/29,52.183
2017/07/30,50.601
2017/07/31,49.189
2017/08/01,49.732
2017/08/02,49.55
2017/08/03,49.249
2017/08/04,49.175
2017/08/05,49.503
2017/08/06,49.552
2017/08/07,49.711
2017/08/08,49.795
2017/08/09,50.277
2017/08/10,52.127
2017/08/11,55.661
2017/08/12,52.775
2017/08/13,53.02
2017/08/14,51.189
2017/08/15,50.383
2017/08/16,49.906
2017/08/17,49.872
2017/08/18,49.838
2017/08/19,49.554
2017/08/20,49.641
2017/08/21,49.752
2017/08/22,49.676
2017/08/23,49.951
2017/08/24,49.894
2017/08/25,49.676
2017/08/26,48.89
2017/08/27,51.732
2017/08/28,52.865
2017/08/29,51.428
2017/08/30,53.958
2017/08/31,50.801
2017/09/01,50.624
2017/09/02,50.504
2017/09/03,50.046
2017/09/04,49.938
2017/09/05,49.783
2017/09/06,49.801
2017/09/07,49.382
2017/09/08,49.5
2017/09/09,50.652
2017/09/10,50.621
2017/09/11,50.033
2017/09/12,49.882
2017/09/13,49.162
2017/09/14,49.649
2017/09/15,49.568
2017/09/16,49.088
2017/09/17,49.738
2017/09/18,50.512
2017/09/19,50.13
2017/09/20,49.385
2017/09/21,49.318
2017/09/22,49.325
2017/09/23,49.283
2017/09/24,49.053
2017/09/25,49.29
2017/09/26,49.344
2017/09/27,49.447
2017/09/28,49.488
2017/09/29,49.187
2017/09/30,49.027
2017/10/01,48.684
2017/10/02,49.12
2017/10/03,51.692
2017/10/04,50.544
2017/10/05,49.506
2017/10/06,49.52
2017/10/07,49.355
2017/10/08,49.543
2017/10/09,49.654
2017/10/10,49.651
2017/10/11,49.481
2017/10/12,49.591
2017/10/13,50.155
2017/10/14,49.823
2017/10/15,49.621
2017/10/16,48.997
2017/10/17,49.195
2017/10/18,49.674
2017/10/19,49.329
2017/10/20,49.052
2017/10/21,49.124
2017/10/22,49.038
2017/10/23,49.361
2017/10/24,49.347
2017/10/25,49.094
2017/10/26,49.021
2017/10/27,47.733
2017/10/28,47.733
2017/10/29,47.733
2017/10/30,47.733
2017/10/31,47.733
2017/11/01,49.537
2017/11/02,49.629
2017/11/03,49.46
2017/11/04,49.183
2017/11/05,49.035
2017/11/06,49.024
2017/11/07,48.89
2017/11/08,49.374
2017/11/09,50.619
2017/11/10,49.855
2017/11/11,49.983
2017/11/12,50.545
2017/11/13,49.577
2017/11/14,49.476
2017/11/15,50.118
2017/11/16,50.097
2017/11/17,50.06
2017/11/18,49.876
2017/11/19,49.967
2017/11/20,50.382
2017/11/21,50.376
2017/11/22,50.318
2017/11/23,50.511
2017/11/24,50.341
2017/11/25,50.865
2017/11/26,50.808
2017/11/27,51.342
2017/11/28,51.926
2017/11/29,52.341
2017/11/30,51.698
2017/12/01,51.204
2017/12/02,51.539
2017/12/03,50.963
2017/12/04,50.784
2017/12/05,49.035
2017/12/06,49.373
2017/12/07,49.164
2017/12/08,48.741
2017/12/09,48.532
2017/12/10,48.416
2017/12/11,48.344
2017/12/12,49.554
2017/12/13,49.41
2017/12/14,49.762
2017/12/15,49.338
2017/12/16,49.064
2017/12/17,49.117
2017/12/18,49.087
2017/12/19,49.624
2017/12/20,50.162
2017/12/21,50.018
2017/12/22,49.724
2017/12/23,49.371
2017/12/24,49.09
2017/12/25,48.952
2017/12/26,49.542
2017/12/27,49.606
2017/12/28,49.903
2017/12/29,50.051
2017/12/30,50.098
2017/12/31,49.202
2018/01/01,49.18
2018/01/02,50.167
2018/01/03,50.086
2018/01/04,51.259
2018/01/05,51.265
2018/01/06,50.759
2018/01/07,50.475
2018/01/08,51.267
2018/01/09,51.61
2018/01/10,52.655
2018/01/11,51.774
2018/01/12,51.015
2018/01/13,50.221
2018/01/14,55.214
2018/01/15,50.58
2018/01/16,50.724
2018/01/17,50.346
2018/01/18,50.342
2018/01/19,49.684
2018/01/20,49.617
2018/01/21,49.409
2018/01/22,49.753
2018/01/23,49.676
2018/01/24,49.785
2018/01/25,48.812
2018/01/26,50.139
2018/01/27,49.51
2018/01/28,49.86
2018/01/29,49.942
2018/01/30,50.08
2018/01/31,49.986
2018/02/01,49.693
2018/02/02,50.051
2018/02/03,49.247
2018/02/04,48.862
2018/02/05,49.024
2018/02/06,49.134
2018/02/07,49.146
2018/02/08,48.517
2018/02/09,48.799
2018/02/10,48.935
2018/02/11,48.508
2018/02/12,48.657
2018/02/13,49.331
2018/02/14,48.937
2018/02/15,49.153
2018/02/16,48.936
2018/02/17,48.797
2018/02/18,48.785
2018/02/19,48.578
2018/02/20,48.662
2018/02/21,48.589
2018/02/22,49.087
2018/02/23,48.392
2018/02/24,48.312
2018/02/25,48.022
2018/02/26,48.197
2018/02/27,47.944
2018/02/28,47.925
2018/03/01,48.005
2018/03/02,47.906
2018/03/03,47.77
2018/03/04,47.801
2018/03/05,47.921
2018/03/06,48.074
2018/03/07,47.984
2018/03/08,47.927
2018/03/09,47.967
2018/03/10,47.809
2018/03/11,47.765
2018/03/12,47.874
2018/03/13,48.259
2018/03/14,48.002
2018/03/15,47.948
2018/03/16,47.808
2018/03/17,47.784
2018/03/18,48.106
2018/03/19,47.993
2018/03/20,47.923
2018/03/21,47.883
2018/03/22,47.855
2018/03/23,47.927
2018/03/24,47.75
2018/03/25,47.727
2018/03/26,47.946
2018/03/27,48.105
2018/03/28,48.085
2018/03/29,48.054
2018/03/30,47.902
2018/03/31,47.763
2018/04/01,47.71
2018/04/02,47.726
2018/04/03,47.772
2018/04/04,47.748
2018/04/05,47.644
2018/04/06,47.666
2018/04/07,47.617
2018/04/08,47.702
2018/04/09,47.791
2018/04/10,47.735
2018/04/11,47.793
2018/04/12,47.995
2018/04/13,48.024
2018/04/14,47.713
2018/04/15,47.799
2018/04/16,47.843
2018/04/17,47.809
2018/04/18,47.943
2018/04/19,47.912
2018/04/20,48.065
2018/04/21,47.997
2018/04/22,47.848
2018/04/23,48.542
2018/04/24,48.465
2018/04/25,48.343
2018/04/26,48.147
2018/04/27,48.258
2018/04/28,48.132
2018/04/29,48.101
2018/04/30,48.238
2018/05/01,48.224
2018/05/02,48.521
2018/05/03,48.63
2018/05/04,48.387
2018/05/05,48.265
2018/05/06,48.25
2018/05/07,48.811
2018/05/08,48.373
2018/05/09,48.404
2018/05/10,48.356
2018/05/11,48.337
2018/05/12,48.076
2018/05/13,47.932
2018/05/14,48.423
2018/05/15,48.361
2018/05/16,48.156
2018/05/17,48.142
2018/05/18,48.101
2018/05/19,47.904
2018/05/20,48.002
2018/05/21,48.185
2018/05/22,48.413
2018/05/23,48.528
2018/05/24,48.245
2018/05/25,48.137
2018/05/26,47.955
2018/05/27,48.226
2018/05/28,48.386
2018/05/29,48.256
2018/05/30,48.255
2018/05/31,48.298
2018/06/01,48.512
2018/06/02,47.959
2018/06/03,47.866
2018/06/04,48.319
2018/06/05,48.362
2018/06/06,48.513
2018/06/07,48.439
2018/06/08,48.617
2018/06/09,47.96
2018/06/10,48.217
2018/06/11,48.353
2018/06/12,48.721
2018/06/13,49.045
2018/06/14,49.15
2018/06/15,48.966
2018/06/16,48.213
2018/06/17,47.986
2018/06/18,48.157
2018/06/19,48.279
2018/06/20,48.318
2018/06/21,48.287
2018/06/22,48.446
2018/06/23,47.995
2018/06/24,48.333
2018/06/25,48.319
2018/06/26,48.229
2018/06/27,48.152
2018/06/28,48.126
2018/06/29,48.269
2018/06/30,48.007
2018/07/01,47.891
2018/07/02,48.39
2018/07/03,48.511
2018/07/04,48.624
2018/07/05,48.506
2018/07/06,48.636
2018/07/07,48.203
2018/07/08,48.121
2018/07/09,48.39
2018/07/10,48.349
2018/07/11,48.128
2018/07/12,48.155
2018/07/13,48.124
2018/07/14,47.98
2018/07/15,47.965
2018/07/16,48.301
2018/07/17,48.381
2018/07/18,48.501
2018/07/19,48.25
2018/07/20,48.38
2018/07/21,48.024
2018/07/22,47.94
2018/07/23,48.21
2018/07/24,48.249
2018/07/25,48.148
2018/07/26,48.05
2018/07/27,48.038
2018/07/28,47.783
2018/07/29,47.756
2018/07/30,48.216
2018/07/31,48.965
2018/08/01,48.162
2018/08/02,48.175
2018/08/03,48.046
2018/08/04,47.879
2018/08/05,47.848
2018/08/06,48.061
2018/08/07,48.231
2018/08/08,48.726
2018/08/09,48.461
2018/08/10,48.446
2018/08/11,48.183
2018/08/12,47.88
2018/08/13,48.544
2018/08/14,48.646
2018/08/15,48.469
2018/08/16,48.04
2018/08/17,48.377
2018/08/18,47.971
2018/08/19,47.817
2018/08/20,48.104
2018/08/21,48.145
2018/08/22,48.316
2018/08/23,48.149
2018/08/24,48.144
2018/08/25,47.987
2018/08/26,47.926
2018/08/27,48.198
2018/08/28,48.188
2018/08/29,48.379
2018/08/30,48.198
2018/08/31,48.263
2018/09/01,48.009
2018/09/02,47.912
2018/09/03,48.412
2018/09/04,49.179
2018/09/05,48.716
2018/09/06,48.871
2018/09/07,48.646
2018/09/08,48.453
2018/09/09,48.372
2018/09/10,48.507
2018/09/11,48.493
2018/09/12,48.915
2018/09/13,48.487
2018/09/14,48.559
2018/09/15,48.266
2018/09/16,48.167
2018/09/17,48.402
2018/09/18,48.389
2018/09/19,48.258
2018/09/20,48.487
2018/09/21,49.097
2018/09/22,48.52
2018/09/23,48.408
2018/09/24,48.71
2018/09/25,48.501
2018/09/26,48.54
2018/09/27,48.428
2018/09/28,48.489
2018/09/29,48.462
2018/09/30,48.335
2018/10/01,48.264
2018/10/02,48.126
2018/10/03,48.312
2018/10/04,48.327
2018/10/05,48.201
2018/10/06,47.983
2018/10/07,48.032
2018/10/08,48.43
2018/10/09,48.31
2018/10/10,48.385
2018/10/11,49.122
2018/10/12,48.508
2018/10/13,48.095
2018/10/14,48.12
2018/10/15,49.436
2018/10/16,48.766
2018/10/17,48.572
2018/10/18,48.844
2018/10/19,48.378
2018/10/20,48.357
2018/10/21,48.779
2018/10/22,48.401
2018/10/23,48.502
2018/10/24,48.509
2018/10/25,48.862
2018/10/26,48.535
2018/10/27,48.154
2018/10/28,48.155
2018/10/29,48.586
2018/10/30,48.403
2018/10/31,48.489
2018/11/01,48.418
2018/11/02,48.682
2018/11/03,48.239
2018/11/04,48.565
2018/11/05,49.002
2018/11/06,48.684
2018/11/07,48.986
2018/11/08,48.702
2018/11/09,48.648
2018/11/10,48.364
2018/11/11,48.304
2018/11/12,48.775
2018/11/13,48.689
2018/11/14,49.403
2018/11/15,49.385
2018/11/16,48.856
2018/11/17,48.406
2018/11/18,48.823
2018/11/19,49.894
2018/11/20,49.927
2018/11/21,49.212
2018/11/22,48.707
2018/11/23,48.811
2018/11/24,48.602
2018/11/25,49.134
2018/11/26,48.877
2018/11/27,48.578
2018/11/28,48.775
2018/11/29,49.067
2018/11/30,53.85
2018/12/01,53.994
2018/12/02,48.413
2018/12/03,48.634
2018/12/04,48.6
2018/12/05,48.732
2018/12/06,48.954
2018/12/07,49.142
2018/12/08,48.624
2018/12/09,48.608
2018/12/10,48.573
2018/12/11,48.597
2018/12/12,48.536
2018/12/13,48.682
2018/12/14,48.566
2018/12/15,48.33
2018/12/16,48.37
2018/12/17,48.851
2018/12/18,48.864
2018/12/19,49.262
2018/12/20,49.342
2018/12/21,49.44
2018/12/22,48.726
2018/12/23,49.19
2018/12/24,49.645
2018/12/25,48.966
2018/12/26,48.807
2018/12/27,49.091
2018/12/28,49.1
2018/12/29,49.741
2018/12/30,48.803
2018/12/31,48.931
2019/01/01,48.844
2019/01/02,49.231
2019/01/03,49.116
2019/01/04,49.991
2019/01/05,50.467
2019/01/06,49.397
2019/01/07,49.335
2019/01/08,49.138
2019/01/09,49.053
2019/01/10,49.354
2019/01/11,49.716
2019/01/12,48.7
2019/01/13,48.775
2019/01/14,49.37
2019/01/15,49.024
2019/01/16,49.19
2019/01/17,48.917
2019/01/18,48.69
2019/01/19,48.555
2019/01/20,48.674
2019/01/21,48.635
2019/01/22,48.609
2019/01/23,48.793
2019/01/24,49.011
2019/01/25,48.835
2019/01/26,48.548
2019/01/27,48.818
2019/01/28,49.218
2019/01/29,48.799
2019/01/30,48.879
2019/01/31,48.96
2019/02/01,48.788
2019/02/02,48.495
2019/02/03,48.594
2019/02/04,48.438
2019/02/05,48.415
2019/02/06,48.842
2019/02/07,48.672
2019/02/08,49.051
2019/02/09,48.632
2019/02/10,48.94
2019/02/11,49.167
2019/02/12,48.881
2019/02/13,48.949
2019/02/14,48.896
2019/02/15,48.855
2019/02/16,48.547
2019/02/17,49.09
2019/02/18,49.976
2019/02/19,49.808
2019/02/20,49.411
2019/02/21,49.309
2019/02/22,49.342
2019/02/23,49.073
2019/02/24,49.989
2019/02/25,50.201
2019/02/26,49.04
2019/02/27,49.782
2019/02/28,49.4
2019/03/01,49.049
2019/03/02,48.823
2019/03/03,49.049
2019/03/04,49.202
2019/03/05,49.199
2019/03/06,49.229
2019/03/07,49.2
2019/03/08,49.41
2019/03/09,49.027
2019/03/10,49.124
2019/03/11,49.516
2019/03/12,49.35
2019/03/13,49.114
2019/03/14,49.262
2019/03/15,49.286
2019/03/16,49.303
2019/03/17,49.161
2019/03/18,49.578
2019/03/19,48.935
2019/03/20,49.62
2019/03/21,49.38
2019/03/22,49.062
2019/03/23,49.607
2019/03/24,49.053
2019/03/25,49.541
2019/03/26,49.37
2019/03/27,49.256
2019/03/28,49.265
2019/03/29,49.456
2019/03/30,49.366
2019/03/31,49.156
2019/04/01,49.263
2019/04/02,50.325
2019/04/03,50.702
2019/04/04,49.871
2019/04/05,49.915
2019/04/06,49.415
2019/04/07,49.929
2019/04/08,50.947
2019/04/09,50.55
2019/04/10,50.072
2019/04/11,49.808
2019/04/12,49.536
2019/04/13,48.951
2019/04/14,49.288
2019/04/15,49.835
2019/04/16,49.421
2019/04/17,49.397
2019/04/18,49.759
2019/04/19,49.503
2019/04/20,49.168
2019/04/21,49.396
2019/04/22,49.502
2019/04/23,49.791
2019/04/24,50.521
2019/04/25,50.147
2019/04/26,51.193
2019/04/27,49.384
2019/04/28,49.674
2019/04/29,50.157
2019/04/30,49.824
2019/05/01,49.602
2019/05/02,49.399
2019/05/03,49.701
2019/05/04,49.342
2019/05/05,49.19
2019/05/06,50.005
2019/05/07,50.699
2019/05/08,50.222
2019/05/09,49.864
2019/05/10,49.861
2019/05/11,51.462
2019/05/12,50.188
2019/05/13,51.011
2019/05/14,50.546
2019/05/15,51.628
2019/05/16,54.186
2019/05/17,51.924
2019/05/18,49.979
2019/05/19,50.171
2019/05/20,50.513
2019/05/21,50.416
2019/05/22,50.27
2019/05/23,50.394
2019/05/24,49.786
2019/05/25,49.385
2019/05/26,50.169
2019/05/27,50.57
2019/05/28,50.023
2019/05/29,51.052
2019/05/30,51.169
2019/05/31,50.862
2019/06/01,49.256
2019/06/02,49.117
2019/06/03,50.284
2019/06/04,50.447
2019/06/05,50.886
2019/06/06,49.508
2019/06/07,49.718
2019/06/08,48.634
2019/06/09,49.527
2019/06/10,49.586
2019/06/11,49.451
2019/06/12,49.883
2019/06/13,50.592
2019/06/14,50.291
2019/06/15,50.841
2019/06/16,50.415
2019/06/17,49.736
2019/06/18,50.464
2019/06/19,50.457
2019/06/20,49.624
2019/06/21,51.106
2019/06/22,51.168
2019/06/23,50.295
2019/06/24,50.593
2019/06/25,50.601
2019/06/26,52.145
2019/06/27,51.951
2019/06/28,50.08
2019/06/29,50.842
2019/06/30,50.265
2019/07/01,49.872
2019/07/02,49.826
2019/07/03,50.053
2019/07/04,49.686
2019/07/05,49.276
2019/07/06,48.932
2019/07/07,49.813
2019/07/08,49.661
2019/07/09,52.744
2019/07/10,50.636
2019/07/11,50.72
2019/07/12,49.722
2019/07/13,49.088
2019/07/14,50.304
2019/07/15,50.38
2019/07/16,49.331
2019/07/17,49.804
2019/07/18,49.975
2019/07/19,49.273
2019/07/20,49.285
2019/07/21,49.115
2019/07/22,49.374
2019/07/23,49.333
2019/07/24,48.781
2019/07/25,48.854
2019/07/26,50.278
2019/07/27,49.014
2019/07/28,48.815
2019/07/29,49.344
2019/07/30,49.255
2019/07/31,49.319
2019/08/01,49.88
2019/08/02,49.387
2019/08/03,48.84
2019/08/04,48.898
2019/08/05,50.489
2019/08/06,49.912
2019/08/07,49.413
2019/08/08,49.862
2019/08/09,49.447
2019/08/10,49.159
2019/08/11,49.094
2019/08/12,49.157
2019/08/13,49.284
2019/08/14,49.691
2019/08/15,49.925
2019/08/16,49.399
2019/08/17,48.869
2019/08/18,48.936
2019/08/19,49.244
2019/08/20,49.812
2019/08/21,49.208
2019/08/22,49.217
2019/08/23,49.265
2019/08/24,48.871
2019/08/25,48.854
2019/08/26,49.28
2019/08/27,49.052
2019/08/28,49.33
2019/08/29,49.292
2019/08/30,49.318
2019/08/31,49.766
2019/09/01,48.74
2019/09/02,49.103
2019/09/03,49.809
2019/09/04,49.341
2019/09/05,49.024
2019/09/06,49.134
2019/09/07,49.388
2019/09/08,49.151
2019/09/09,49.319
2019/09/10,49.062
2019/09/11,49.355
2019/09/12,49.057
2019/09/13,49.694
2019/09/14,48.938
2019/09/15,49.114
2019/09/16,49.91
2019/09/17,50.26
2019/09/18,50.499
2019/09/19,49.821
2019/09/20,49.725
2019/09/21,49.072
2019/09/22,49.084
2019/09/23,49.802
2019/09/24,50.921
2019/09/25,50.175
2019/09/26,50.211
2019/09/27,49.79
2019/09/28,49.34
2019/09/29,49.022
2019/09/30,50.1
2019/10/01,49.416
2019/10/02,48.991
2019/10/03,48.768
2019/10/04,48.938
2019/10/05,48.654
2019/10/06,48.796
2019/10/07,49.193
2019/10/08,49.274
2019/10/09,49.424
2019/10/10,49.192
2019/10/11,49.166
2019/10/12,49.026
2019/10/13,48.69
2019/10/14,49.96
2019/10/15,49.082
2019/10/16,49.167
2019/10/17,48.879
2019/10/18,49.277
2019/10/19,48.625
2019/10/20,49.055
2019/10/21,49.099
2019/10/22,48.988
2019/10/23,49.975
2019/10/24,49.9
2019/10/25,49.509
2019/10/26,50.06
2019/10/27,49.099
2019/10/28,50.859
2019/10/29,49.805
2019/10/30,49.528
2019/10/31,49.425
2019/11/01,49.197
2019/11/02,48.93
2019/11/03,49.115
2019/11/04,49.737
2019/11/05,50.036
2019/11/06,49.23
2019/11/07,48.852
2019/11/08,49.321
2019/11/09,48.833
2019/11/10,48.796
2019/11/11,49.119
2019/11/12,49.584
2019/11/13,49.184
2019/11/14,49.06
2019/11/15,49.427
2019/11/16,48.868
2019/11/17,48.805
2019/11/18,49.237
2019/11/19,49.26
2019/11/20,49.213
2019/11/21,49.595
2019/11/22,50.531
2019/11/23,49.055
2019/11/24,48.931
2019/11/25,50.101
2019/11/26,49.069
2019/11/27,49.917
2019/11/28,49.945
2019/11/29,49.189
2019/11/30,49.292
2019/12/01,48.728
2019/12/02,49.453
2019/12/03,49.189
2019/12/04,49.193
2019/12/05,49.271
2019/12/06,49.434
2019/12/07,48.862
2019/12/08,48.692
2019/12/09,49.053
2019/12/10,49.453
2019/12/11,48.79
2019/12/12,49.052
2019/12/13,49
2019/12/14,48.801
2019/12/15,48.663
2019/12/16,49.425
2019/12/17,50.268
2019/12/18,50.466
2019/12/19,50.877
2019/12/20,49.169
2019/12/21,48.798
2019/12/22,48.793
2019/12/23,49.604
2019/12/24,49.084
2019/12/25,49.384
2019/12/26,49.061
2019/12/27,49.159
2019/12/28,49.033
2019/12/29,49.191
2019/12/30,49.45
2019/12/31,50.169
2020/01/01,48.744
2020/01/02,49.257
2020/01/03,49.856
2020/01/04,49.209
2020/01/05,49.048
2020/01/06,49.69
2020/01/07,49.394
2020/01/08,49.914
2020/01/09,49.355
2020/01/10,49.38
2020/01/11,49.607
2020/01/12,49.255
2020/01/13,49.67
2020/01/14,50.736
2020/01/15,50.259
2020/01/16,49.799
2020/01/17,49.802
2020/01/18,50.17
2020/01/19,49.486
2020/01/20,49.332
2020/01/21,49.34
2020/01/22,49.371
2020/01/23,49.515
2020/01/24,50.258
2020/01/25,48.748
2020/01/26,49.078
2020/01/27,49.792
2020/01/28,49.825
2020/01/29,49.899
2020/01/30,49.998
2020/01/31,50.819
2020/02/01,49.704
2020/02/02,49.829
2020/02/03,49.889
2020/02/04,50.664
2020/02/05,50.386
2020/02/06,51.787
2020/02/07,51.996
2020/02/08,49.994
2020/02/09,50.176
2020/02/10,50.803
2020/02/11,50.09
2020/02/12,52.042
2020/02/13,51.666
2020/02/14,51.033
2020/02/15,51.368
2020/02/16,50.992
2020/02/17,52.354
2020/02/18,51.7
2020/02/19,51.098
2020/02/20,51.717
2020/02/21,50.876
2020/02/22,49.659
2020/02/23,50.343
2020/02/24,50.837
2020/02/25,51.069
2020/02/26,52.068
2020/02/27,51.62
2020/02/28,50.439
2020/02/29,49.688
2020/03/01,50.389
2020/03/02,51.481
2020/03/03,50.464
2020/03/04,50.029
2020/03/05,50.25
2020/03/06,50.673
2020/03/07,49.818
2020/03/08,50.572
2020/03/09,52.041
2020/03/10,50.793
2020/03/11,50.691
2020/03/12,55.286
2020/03/13,52.531
2020/03/14,50.246
2020/03/15,50.209
2020/03/16,51.313
2020/03/17,49.876
2020/03/18,49.556
2020/03/19,50.054
2020/03/20,50.32
2020/03/21,49.03
2020/03/22,49.184
2020/03/23,49.603
2020/03/24,50.792
2020/03/25,49.591
2020/03/26,49.446
2020/03/27,49.245
2020/03/28,49.418
2020/03/29,49.049
2020/03/30,49.199
2020/03/31,49.49
2020/04/01,49.127
2020/04/02,49.691
2020/04/03,49.709
2020/04/04,49.113
2020/04/05,48.955
2020/04/06,50.124
2020/04/07,50.38
2020/04/08,49.509
2020/04/09,49.454
2020/04/10,50.573
2020/04/11,49.018
2020/04/12,49.102
2020/04/13,49.766
2020/04/14,49.161
2020/04/15,49.192
2020/04/16,50.264
2020/04/17,49.532
2020/04/18,49.635
2020/04/19,49.492
2020/04/20,50.206
2020/04/21,49.848
2020/04/22,49.815
2020/04/23,49.972
2020/04/24,50.959
2020/04/25,49.495
2020/04/26,49.42
2020/04/27,49.961
2020/04/28,49.318
2020/04/29,50.462
2020/04/30,50.914
2020/05/01,49.573
2020/05/02,49.446
2020/05/03,49.45
2020/05/04,49.836
2020/05/05,49.761
2020/05/06,50.204
2020/05/07,50.8
2020/05/08,50.118
2020/05/09,49.488
2020/05/10,50.751
2020/05/11,50.042
2020/05/12,50.102
2020/05/13,50.263
2020/05/14,50.224
2020/05/15,49.77
2020/05/16,49.246
2020/05/17,49.449
2020/05/18,50.124
2020/05/19,49.668
2020/05/20,49.722
2020/05/21,49.945
2020/05/22,49.711
2020/05/23,49.654
2020/05/24,49.326
2020/05/25,49.498
2020/05/26,49.742
2020/05/27,49.477
2020/05/28,50.031
2020/05/29,50.484
2020/05/30,50.639
2020/05/31,50.498
2020/06/01,50.219
2020/06/02,51.758
2020/06/03,49.661
2020/06/04,49.706
2020/06/05,50.086
2020/06/06,49.029
2020/06/07,49.24
2020/06/08,49.664
2020/06/09,49.812
2020/06/10,50.008
2020/06/11,50.554
2020/06/12,49.795
2020/06/13,49.044
2020/06/14,49.3
2020/06/15,50.677
2020/06/16,49.777
2020/06/17,49.811
2020/06/18,49.956
2020/06/19,49.976
2020/06/20,49.113
2020/06/21,49.513
2020/06/22,50.29
2020/06/23,50.173
2020/06/24,51.8
2020/06/25,53.012
2020/06/26,50.548
2020/06/27,49.697
2020/06/28,49.303
2020/06/29,49.423
2020/06/30,49.703
2020/07/01,49.689
2020/07/02,49.676
2020/07/03,49.685
2020/07/04,49.247
2020/07/05,49.147
2020/07/06,50.157
2020/07/07,50.124
2020/07/08,50.893
2020/07/09,50.292
2020/07/10,50.343
2020/07/11,49.165
2020/07/12,49.286
2020/07/13,50.357
2020/07/14,50.849
2020/07/15,49.714
2020/07/16,50.011
2020/07/17,49.723
2020/07/18,49.284
2020/07/19,49.517
2020/07/20,49.961
2020/07/21,50.128
2020/07/22,50.626
2020/07/23,52.752
2020/07/24,50.943
2020/07/25,50.806
2020/07/26,51.573
2020/07/27,52.819
2020/07/28,51.242
2020/07/29,51.219
2020/07/30,51.598
2020/07/31,51.592
2020/08/01,51.595
2020/08/02,52.198
2020/08/03,52.005
2020/08/04,52.262
2020/08/05,50.996
2020/08/06,51.005
2020/08/07,51.3
2020/08/08,49.936
2020/08/09,50.156
2020/08/10,51.669
2020/08/11,51.463
2020/08/12,52.703
2020/08/13,52.7
2020/08/14,53.869
2020/08/15,50.973
2020/08/16,50.635
2020/08/17,51.704
2020/08/18,51.481
2020/08/19,51.421
2020/08/20,51.573
2020/08/21,51.437
2020/08/22,50.519
2020/08/23,49.653
2020/08/24,51.314
2020/08/25,51.212
2020/08/26,51.103
2020/08/27,50.519
2020/08/28,51.952
2020/08/29,51.181
2020/08/30,52.156
2020/08/31,54.229
2020/09/01,56.109
2020/09/02,56.012
2020/09/03,55.375
2020/09/04,54.823
2020/09/05,54.843
2020/09/06,53.188
2020/09/07,51.955
2020/09/08,51.673
2020/09/09,52.081
2020/09/10,53.54
2020/09/11,52.794
2020/09/12,52.406
2020/09/13,52.597
2020/09/14,53.349
2020/09/15,52.128
2020/09/16,52.64
2020/09/17,52.628
2020/09/18,53.84
2020/09/19,51.109
2020/09/20,50.958
2020/09/21,52.117
2020/09/22,50.809
2020/09/23,51.33
2020/09/24,50.558
2020/09/25,50.359
2020/09/26,49.772
2020/09/27,50.141
2020/09/28,50.563
2020/09/29,50.889
2020/09/30,50.979
2020/10/01,51.312
2020/10/02,50.733
2020/10/03,49.261
2020/10/04,49.133
2020/10/05,49.84
2020/10/06,49.833
2020/10/07,50.68
2020/10/08,50.25
2020/10/09,50.58
2020/10/10,49.749
2020/10/11,49.416
2020/10/12,50.662
2020/10/13,49.926
2020/10/14,50.906
2020/10/15,49.509
2020/10/16,50.059
2020/10/17,48.827
2020/10/18,48.867
2020/10/19,49.538
2020/10/20,49.644
2020/10/21,50.951
2020/10/22,51.054
2020/10/23,50.416
2020/10/24,49.469
2020/10/25,49.127
2020/10/26,50.851
2020/10/27,50.274
2020/10/28,50.825
2020/10/29,49.636
2020/10/30,50.575
2020/10/31,49.425
2020/11/01,49.043
2020/11/02,50.548
2020/11/03,50.207
2020/11/04,50.622
2020/11/05,51.387
2020/11/06,51.806
2020/11/07,51.378
2020/11/08,49.355
2020/11/09,50.374
2020/11/10,50.148
2020/11/11,50.941
2020/11/12,51.845
2020/11/13,50.917
2020/11/14,49.655
2020/11/15,49.441
2020/11/16,50.331
2020/11/17,51.712
2020/11/18,52.025
2020/11/19,50.72
2020/11/20,51.41
2020/11/21,52.415
2020/11/22,51.641
2020/11/23,52.815
2020/11/24,53.541
2020/11/25,50.924
2020/11/26,52.692
2020/11/27,50.986
2020/11/28,49.673
2020/11/29,49.841
2020/11/30,51.267
2020/12/01,52.203
2020/12/02,50.581
2020/12/03,50.474
2020/12/04,50.652
2020/12/05,49.87
2020/12/06,49.678
2020/12/07,50.838
2020/12/08,50.43
2020/12/09,51.149
2020/12/10,50.958
2020/12/11,50.733
2020/12/12,49.572
2020/12/13,49.471
2020/12/14,49.788
2020/12/15,50.18
2020/12/16,50.984
2020/12/17,52.624
2020/12/18,51.079
2020/12/19,51.187
2020/12/20,49.919
2020/12/21,51.505
2020/12/22,51.006
2020/12/23,50.488
2020/12/24,50.678
2020/12/25,49.65
2020/12/26,49.922
2020/12/27,51.501
2020/12/28,51.816
2020/12/29,52.537
2020/12/30,51.991
2020/12/31,51.465
2021/01/01,50.852
2021/01/02,50.884
2021/01/03,55.199
2021/01/04,58.263
2021/01/05,54.409
2021/01/06,55.859
2021/01/07,56.268
2021/01/08,56.601
2021/01/09,52.621
2021/01/10,53.261
2021/01/11,55.986
2021/01/12,52.573
2021/01/13,52.896
2021/01/14,56.337
2021/01/15,52.42
2021/01/16,51.519
2021/01/17,51.128
2021/01/18,51.471
2021/01/19,54.842
2021/01/20,55.238
2021/01/21,53.205
2021/01/22,53.18
2021/01/23,50.887
2021/01/24,51.921
2021/01/25,52.943
2021/01/26,52.685
2021/01/27,52.709
2021/01/28,51.886
2021/01/29,53.699
2021/01/30,51.626
2021/01/31,51.199
2021/02/01,51.2
2021/02/02,53.421
2021/02/03,53.511
2021/02/04,54.189
2021/02/05,53.216
2021/02/06,52.477
2021/02/07,51.57
2021/02/08,52.832
2021/02/09,52.37
2021/02/10,52.393
2021/02/11,51.781
2021/02/12,52.178
2021/02/13,50.801
2021/02/14,50.81
2021/02/15,51.56
2021/02/16,51.631
2021/02/17,52.006
2021/02/18,52.957
2021/02/19,51.837
2021/02/20,52.614
2021/02/21,51.028
2021/02/22,52.914
2021/02/23,55.19
2021/02/24,51.909
2021/02/25,51.383
2021/02/26,51.929
2021/02/27,50.352
2021/02/28,50.989
2021/03/01,51.201
2021/03/02,50.939
2021/03/03,50.55
2021/03/04,50.905
2021/03/05,50.533
2021/03/06,50.764
2021/03/07,53.666
2021/03/08,51.349
2021/03/09,51.297
2021/03/10,51.168
2021/03/11,51.135
2021/03/12,51.836
2021/03/13,50.331
2021/03/14,49.656
2021/03/15,51.496
2021/03/16,50.914
2021/03/17,50.747
2021/03/18,50.422
2021/03/19,50.03
2021/03/20,49.674
2021/03/21,49.919
2021/03/22,50.527
2021/03/23,50.188
2021/03/24,50.149
2021/03/25,51.511
2021/03/26,50.493
2021/03/27,49.669
2021/03/28,49.414
2021/03/29,50.874
2021/03/30,51.228
2021/03/31,51.32
2021/04/01,50.88
2021/04/02,52.386
2021/04/03,52.851
2021/04/04,50.322
2021/04/05,51.791
2021/04/06,50.932
2021/04/07,51.016
2021/04/08,50.746
2021/04/09,50.557
2021/04/10,50.586
2021/04/11,49.863
2021/04/12,50.599
2021/04/13,51.649
2021/04/14,52.349
2021/04/15,51.198
2021/04/16,52.079
2021/04/17,50.692
2021/04/18,53.493
2021/04/19,50.878
2021/04/20,50.378
2021/04/21,51.082
2021/04/22,52.748
2021/04/23,51.86
2021/04/24,49.972
2021/04/25,49.772
2021/04/26,50.837
2021/04/27,51.178
2021/04/28,51.538
2021/04/29,51.284
2021/04/30,51.383
2021/05/01,50.63
2021/05/02,49.981
2021/05/03,52.861
2021/05/04,53.93
2021/05/05,52.399
2021/05/06,51.635
2021/05/07,52.447
2021/05/08,51.871
2021/05/09,51.107
2021/05/10,54.118
2021/05/11,53.381
2021/05/12,54.124
2021/05/13,54.786
2021/05/14,52.163
2021/05/15,50.907
2021/05/16,51.442
2021/05/17,52.896
2021/05/18,51.646
2021/05/19,56.522
2021/05/20,54.136
2021/05/21,52.299
2021/05/22,50.989
2021/05/23,52.5
2021/05/24,52.497
2021/05/25,52.158
2021/05/26,51.632
2021/05/27,51.777
2021/05/28,51.075
2021/05/29,50.515
2021/05/30,49.887
2021/05/31,49.632
2021/06/01,50.685
2021/06/02,50.032
2021/06/03,50.167
2021/06/04,50.127
2021/06/05,49.442
2021/06/06,48.959
2021/06/07,49.717
2021/06/08,51.094
2021/06/09,50.689
2021/06/10,49.47
2021/06/11,49.522
2021/06/12,49.128
2021/06/13,48.917
2021/06/14,49.871
2021/06/15,49.49
2021/06/16,50.239
2021/06/17,49.682
2021/06/18,50.013
2021/06/19,48.908
2021/06/20,49.118
2021/06/21,50.588
2021/06/22,51.051
2021/06/23,49.44
2021/06/24,49.593
2021/06/25,49.789
2021/06/26,48.854
2021/06/27,48.96
2021/06/28,49.427
2021/06/29,49.672
2021/06/30,49.422
2021/07/01,50.087
2021/07/02,49.969
2021/07/03,48.731
2021/07/04,48.85
2021/07/05,49.24
2021/07/06,49.362
2021/07/07,49.623
2021/07/08,50.276
2021/07/09,49.693
2021/07/10,49.076
2021/07/11,48.569
2021/07/12,49.808
2021/07/13,49.487
2021/07/14,49.697
2021/07/15,49.286
2021/07/16,49.837
2021/07/17,48.801
2021/07/18,48.8
2021/07/19,49.442
2021/07/20,49.378
2021/07/21,49.829
2021/07/22,49.532
2021/07/23,49.342
2021/07/24,49.027
2021/07/25,48.756
2021/07/26,50.395
2021/07/27,49.691
2021/07/28,49.463
2021/07/29,49.759
2021/07/30,49.785
2021/07/31,49.806
2021/08/01,49.555
2021/08/02,49.574
2021/08/03,50.009
2021/08/04,50.258
2021/08/05,50.431
2021/08/06,50.407
2021/08/07,50.11
2021/08/08,49.748
2021/08/09,51.114
2021/08/10,50.305
2021/08/11,49.94
2021/08/12,50.033
2021/08/13,50.358
2021/08/14,49.769
2021/08/15,49.721
2021/08/16,50.917
2021/08/17,50.286
2021/08/18,50.33
2021/08/19,49.928
2021/08/20,50.61
2021/08/21,49.41
2021/08/22,49.405
2021/08/23,50.806
2021/08/24,51.271
2021/08/25,50.694
2021/08/26,49.926
2021/08/27,50.539
2021/08/28,49.699
2021/08/29,49.823
2021/08/30,50.441
2021/08/31,51.435
2021/09/01,51.485
2021/09/02,52.077
2021/09/03,51.442
2021/09/04,50.082
2021/09/05,49.639
2021/09/06,50.451
2021/09/07,51.963
2021/09/08,51.128
2021/09/09,50.898
2021/09/10,50.609
2021/09/11,50.42
2021/09/12,49.304
2021/09/13,49.961
2021/09/14,49.711
2021/09/15,51.283
2021/09/16,49.926
2021/09/17,50.688
2021/09/18,49.726
2021/09/19,49.312
2021/09/20,50.983
2021/09/21,50.758
2021/09/22,50.434
2021/09/23,50.108
2021/09/24,51.751
2021/09/25,49.085
2021/09/26,51.66
2021/09/27,49.819
2021/09/28,49.615
2021/09/29,49.495
2021/09/30,49.557
2021/10/01,49.997
2021/10/02,49.526
2021/10/03,49.334
2021/10/04,49.954
2021/10/05,50.652
2021/10/06,50.384
2021/10/07,50.477
2021/10/08,50.452
2021/10/09,49.16
2021/10/10,49.386
2021/10/11,49.739
2021/10/12,49.829
2021/10/13,50.326
2021/10/14,52.218
2021/10/15,51.147
2021/10/16,50.219
2021/10/17,49.888
2021/10/18,50.35
2021/10/19,50.065
2021/10/20,50.526
2021/10/21,51.596
2021/10/22,50.743
2021/10/23,49.587
2021/10/24,49.202
2021/10/25,49.922
2021/10/26,50.01
2021/10/27,51.107
2021/10/28,49.872
2021/10/29,51.292
2021/10/30,49.597
2021/10/31,49.627
2021/11/01,50.263
2021/11/02,50.626
2021/11/03,51.558
2021/11/04,50.513
2021/11/05,50.408
2021/11/06,49.682
2021/11/07,49.28
2021/11/08,50.5
2021/11/09,50.482
2021/11/10,50.454
2021/11/11,50.401
2021/11/12,50.608
2021/11/13,49.602
2021/11/14,49.626
2021/11/15,52.769
2021/11/16,50.891
2021/11/17,50.23
2021/11/18,50.552
2021/11/19,50.383
2021/11/20,49.88
2021/11/21,50.057
2021/11/22,50.311
2021/11/23,50.231
2021/11/24,50.433
2021/11/25,50.049
2021/11/26,51.13
2021/11/27,49.399
2021/11/28,49.355
2021/11/29,50.39
2021/11/30,51.422
2021/12/01,51.48
2021/12/02,50.545
2021/12/03,51.034
2021/12/04,51.744
2021/12/05,49.772
2021/12/06,51.507
2021/12/07,50.726
2021/12/08,50.24
2021/12/09,50.259
2021/12/10,50.343
2021/12/11,49.473
2021/12/12,48.927
2021/12/13,50.739
2021/12/14,50.427
2021/12/15,50.005
2021/12/16,50.29
2021/12/17,49.883
2021/12/18,49.459
2021/12/19,49.056
2021/12/20,49.687
2021/12/21,49.734
2021/12/22,49.718
2021/12/23,49.895
2021/12/24,49.654
2021/12/25,49.487
2021/12/26,48.965
2021/12/27,49.924
2021/12/28,50.159
2021/12/29,49.728
2021/12/30,51.353
2021/12/31,50.433
2022/01/01,49.242
2022/01/02,49.02
2022/01/03,49.337
2022/01/04,49.942
2022/01/05,50.246
2022/01/06,50.636
2022/01/07,50.445
2022/01/08,49.383
2022/01/09,49.079
2022/01/10,49.65
2022/01/11,49.45
2022/01/12,49.646
2022/01/13,49.881
2022/01/14,49.582
2022/01/15,49.094
2022/01/16,49.089
2022/01/17,49.489
2022/01/18,49.5
2022/01/19,50.082
2022/01/20,49.783
2022/01/21,51.449
2022/01/22,50.666
2022/01/23,49.857
2022/01/24,50.48
2022/01/25,49.768
2022/01/26,50.142
2022/01/27,50.028
2022/01/28,49.721
2022/01/29,49.281
2022/01/30,49.265
2022/01/31,49.69
2022/02/01,49.679
2022/02/02,49.367
2022/02/03,50.146
2022/02/04,49.814
2022/02/05,49.146
2022/02/06,48.856
2022/02/07,50
2022/02/08,49.846
2022/02/09,49.692
2022/02/10,50.718
2022/02/11,50.086
2022/02/12,49.215
2022/02/13,48.963
2022/02/14,49.518
2022/02/15,49.78
2022/02/16,49.363
2022/02/17,49.67
2022/02/18,49.438
2022/02/19,48.795
2022/02/20,48.944
2022/02/21,49.502
2022/02/22,49.273
2022/02/23,49.353
2022/02/24,51.019
2022/02/25,49.889
2022/02/26,49.069
2022/02/27,49.084
2022/02/28,49.75
2022/03/01,50.075
2022/03/02,49.636
2022/03/03,49.532
2022/03/04,49.717
2022/03/05,48.983
2022/03/06,48.742
2022/03/07,49.479
2022/03/08,49.473
2022/03/09,49.317
2022/03/10,49.374
2022/03/11,49.195
2022/03/12,48.64
2022/03/13,48.848
2022/03/14,49.15
2022/03/15,50.339
2022/03/16,49.586
2022/03/17,49.653
2022/03/18,49.847
2022/03/19,49.741
2022/03/20,48.851
2022/03/21,49.665
2022/03/22,50.125
2022/03/23,49.606
2022/03/24,50.092
2022/03/25,50.237
2022/03/26,48.873
2022/03/27,49.092
2022/03/28,50.152
2022/03/29,50.547
2022/03/30,50.432
2022/03/31,50.312
2022/04/01,50.394
2022/04/02,49.795
2022/04/03,49.283
2022/04/04,49.695
2022/04/05,49.976
2022/04/06,50.251
2022/04/07,50.13
2022/04/08,49.711
2022/04/09,49.092
2022/04/10,48.91
2022/04/11,50.563
2022/04/12,49.511
2022/04/13,49.574
2022/04/14,49.497
2022/04/15,49.594
2022/04/16,49.407
2022/04/17,49.288
2022/04/18,49.678
2022/04/19,49.776
2022/04/20,50.634
2022/04/21,49.767
2022/04/22,49.766
2022/04/23,48.86
2022/04/24,48.92
2022/04/25,50.27
2022/04/26,49.916
2022/04/27,49.659
2022/04/28,49.933
2022/04/29,50.666
2022/04/30,49.187
2022/05/01,49.778
2022/05/02,50.652
2022/05/03,50.922
2022/05/04,50.09
2022/05/05,49.997
2022/05/06,50.062
2022/05/07,49.276
2022/05/08,49.443
2022/05/09,51.299
2022/05/10,50.981
2022/05/11,52.088
2022/05/12,52.917
2022/05/13,50.864
2022/05/14,49.147
2022/05/15,49.054
2022/05/16,50.716
2022/05/17,49.498
2022/05/18,49.642
2022/05/19,49.703
2022/05/20,49.985
2022/05/21,48.854
2022/05/22,49.004
2022/05/23,49.822
2022/05/24,49.33
2022/05/25,49.012
2022/05/26,50.395
2022/05/27,50.142
2022/05/28,48.942
2022/05/29,48.903
2022/05/30,49.533
2022/05/31,49.687
2022/06/01,49.734
2022/06/02,49.688
2022/06/03,49.26
2022/06/04,48.773
2022/06/05,48.818
2022/06/06,49.344
2022/06/07,49.638
2022/06/08,49.221
2022/06/09,49.232
2022/06/10,50.018
2022/06/11,50.306
2022/06/12,49.766
2022/06/13,51.679
2022/06/14,50.645
2022/06/15,50.328
2022/06/16,49.833
2022/06/17,49.592
2022/06/18,49.72
2022/06/19,49.258
2022/06/20,49.399
2022/06/21,49.305
2022/06/22,49.225
2022/06/23,49.281
2022/06/24,49.245
2022/06/25,48.919
2022/06/26,48.837
2022/06/27,49.337
2022/06/28,49.212
2022/06/29,49.846
2022/06/30,49.512
2022/07/01,49.194
2022/07/02,48.706
2022/07/03,48.557
2022/07/04,49.049
2022/07/05,49.003
2022/07/06,49.043
2022/07/07,49.84
2022/07/08,49.173
2022/07/09,48.663
2022/07/10,48.801
2022/07/11,49.041
2022/07/12,49.235
2022/07/13,49.384
2022/07/14,49.129
2022/07/15,49.693
2022/07/16,48.966
2022/07/17,48.943
2022/07/18,49.971
2022/07/19,50.648
2022/07/20,49.575
2022/07/21,51.008
2022/07/22,49.228
2022/07/23,48.893
2022/07/24,48.857
2022/07/25,49.237
2022/07/26,49.08
2022/07/27,49.65
2022/07/28,49.896
2022/07/29,49.76
2022/07/30,49.02
2022/07/31,48.876
2022/08/01,49.321
2022/08/02,49.323
2022/08/03,49.126
2022/08/04,49.032
2022/08/05,49.351
2022/08/06,49.017
2022/08/07,49.14
2022/08/08,49.396
2022/08/09,49.545
2022/08/10,50.149
2022/08/11,49.859
2022/08/12,49.533
2022/08/13,49.428
2022/08/14,49.138
2022/08/15,49.867
2022/08/16,49.391
2022/08/17,50.683
2022/08/18,49.414
2022/08/19,49.949
2022/08/20,49.134
2022/08/21,48.983
2022/08/22,49.246
2022/08/23,49.332
2022/08/24,49.425
2022/08/25,49.418
2022/08/26,49.71
2022/08/27,49.373
2022/08/28,49.428
2022/08/29,49.916
2022/08/30,49.795
2022/08/31,49.782
2022/09/01,49.767
2022/09/02,50.359
2022/09/03,49.035
2022/09/04,48.781
2022/09/05,49.312
2022/09/06,51.234
2022/09/07,50.008
2022/09/08,49.857
2022/09/09,50.033
2022/09/10,49.187
2022/09/11,49.152
2022/09/12,50.629
2022/09/13,51.809
2022/09/14,53.575
2022/09/15,52.025
2022/09/16,50.643
2022/09/17,49.11
2022/09/18,49.274
2022/09/19,50.215
2022/09/20,49.775
2022/09/21,49.947
2022/09/22,49.87
2022/09/23,49.748
2022/09/24,49.015
2022/09/25,49.045
2022/09/26,49.559
2022/09/27,49.642
2022/09/28,49.357
2022/09/29,50.024
2022/09/30,49.555
2022/10/01,48.973
2022/10/02,48.876
2022/10/03,49.294
2022/10/04,49.113
2022/10/05,49.021
2022/10/06,49.26
2022/10/07,49.267
2022/10/08,48.89
2022/10/09,48.718
2022/10/10,49
2022/10/11,49.22
2022/10/12,49.131
2022/10/13,49.786
2022/10/14,49.361
2022/10/15,48.897
2022/10/16,48.932
2022/10/17,49.25
2022/10/18,49.348
2022/10/19,49.238
2022/10/20,49.205
2022/10/21,49.508
2022/10/22,48.994
2022/10/23,49.065
2022/10/24,49.67
2022/10/25,50.401
2022/10/26,50.752
2022/10/27,50.139
2022/10/28,49.825
2022/10/29,49.76
2022/10/30,49.371
2022/10/31,49.825
2022/11/01,49.484
2022/11/02,50.185
2022/11/03,49.742
2022/11/04,50.174
2022/11/05,49.337
2022/11/06,49.541
2022/11/07,50.531
2022/11/08,52.185
2022/11/09,52.356
2022/11/10,51.669
2022/11/11,50.429
2022/11/12,50.047
2022/11/13,50.294
2022/11/14,50.127
2022/11/15,49.851
2022/11/16,50.023
2022/11/17,49.727
2022/11/18,49.661
2022/11/19,49.365
2022/11/20,49.285
2022/11/21,51.027
2022/11/22,50.086
2022/11/23,49.517
2022/11/24,49.323
2022/11/25,49.294
2022/11/26,49.082
2022/11/27,49.057
2022/11/28,49.583
2022/11/29,49.508
