Date,Y_test,y_pred,pred_returns
2021-06-01,33731.0,35680.163314839454,
2021-06-02,33285.0,38285.53426829859,0.07302015213522162
2021-06-03,34298.0,36170.99344055287,-0.05523080370061895
2021-06-04,35271.0,35712.016247970154,-0.012689095568719888
2021-06-05,34100.0,35680.163314839454,-0.0008919388059617228
2021-06-06,34153.0,36129.02199382423,0.01258006234512088
2021-06-07,34557.0,35680.163314839454,-0.01242377053720145
2021-06-08,32896.0,35712.016247970154,0.0008927350710150606
2021-06-09,33163.0,35400.577166349736,-0.00872084845218224
2021-06-10,33705.0,38285.53426829859,0.081494634632431
2021-06-11,33795.0,35680.163314839454,-0.06805105383148458
2021-06-12,33701.0,38285.53426829859,0.07302015213522162
2021-06-13,32855.0,38262.54980958053,-0.0006003431624327371
2021-06-14,32489.0,38285.53426829859,0.0006007037908462021
2021-06-15,32109.0,38326.23210151368,0.0010630081045726048
2021-06-16,31750.0,38326.23210151368,0.0
2021-06-17,31556.0,38297.055752038425,-0.0007612631838677109
2021-06-18,31763.0,36160.87492695493,-0.055779244203904454
2021-06-19,31188.0,35712.016247970154,-0.012412826843694269
2021-06-20,29837.0,35680.163314839454,-0.0008919388059617228
2021-06-21,31172.0,35712.016247970154,0.0008927350710150606
2021-06-22,32128.0,35432.430099480436,-0.007828909646220517
2021-06-23,32475.0,38275.774658065384,0.08024695316132546
2021-06-24,33847.0,38275.774658065384,0.0
2021-06-25,34348.0,35993.37403877349,-0.05963042262845375
2021-06-26,38286.0,35457.96609882992,-0.01487518061982196
2021-06-27,37661.0,35426.11316569922,-0.0008983293921009938
2021-06-28,39851.0,38587.088314353256,0.08922726390753466
2021-06-29,39851.0,36134.63639473317,-0.06355628337751118
2021-06-30,39610.0,38291.14866920753,0.059679921804573155
2021-07-01,41622.0,38298.263985814454,0.00018582144579659676
2021-07-02,41514.0,35476.51356953797,-0.07367828519124653
2021-07-03,39591.0,38607.0099127938,0.0882413751599267
2021-07-04,38471.0,38807.90822327949,0.005203674434758998
2021-07-05,38711.0,39090.88934106798,0.007291841553540346
2021-07-06,39416.0,39940.96684853265,0.021746179782397457
2021-07-07,41331.0,41020.61993155534,0.027031220528963118
2021-07-08,43524.0,46019.74916827925,0.12186869055282878
2021-07-09,44325.0,45723.542964141605,-0.006436501925608518
2021-07-10,44866.0,46133.86383555166,0.008973951815847814
2021-07-11,45589.0,45650.48057799658,-0.010477840297056895
2021-07-12,46075.0,46133.86383555166,0.010588787925883691
2021-07-13,44927.0,46133.86383555166,0.0
2021-07-14,46133.0,46133.86383555166,0.0
2021-07-15,47095.0,45223.75941383838,-0.0197274701498541
2021-07-16,46413.0,46064.67513374817,0.0185945558442997
2021-07-17,46913.0,45326.644000586966,-0.016021628960116163
2021-07-18,45963.0,45967.89944783113,0.01414742832572946
2021-07-19,45125.0,45967.89944783113,0.0
2021-07-20,45200.0,39896.585030855036,-0.13207726456734037
2021-07-21,47750.0,45387.62604612803,0.13763185523338306
2021-07-22,49017.0,45387.62604612803,0.0
2021-07-23,48868.0,45213.038605615424,-0.003846586740076985
2021-07-24,49864.0,45479.1287968954,0.005885253446489713
2021-07-25,48904.0,45548.715862568395,0.0015300879219513064
2021-07-26,48247.0,46243.22700909794,0.015247655908128044
2021-07-27,47348.0,46303.68157853547,0.0013073172732007698
2021-07-28,47710.0,46315.20306227531,0.00024882435579764994
2021-07-29,48876.0,46315.20306227531,0.0
2021-07-30,48633.0,46315.20306227531,0.0
2021-07-31,48075.0,46465.43015535097,0.0032435805770660853
2021-08-01,47296.0,46709.19048742878,0.005246057795286196
2021-08-02,47671.0,46709.19048742878,0.0
2021-08-03,49644.0,46637.1615606611,-0.0015420718281783374
2021-08-04,49885.0,46637.1615606611,0.0
2021-08-05,50052.0,46637.1615606611,0.0
2021-08-06,50328.0,46709.19048742878,0.001544453486389541
2021-08-07,51762.0,46697.51842468369,-0.000249887926193737
2021-08-08,49996.0,46710.43422240449,0.0002765842416581066
2021-08-09,46294.0,46217.666184062255,-0.010549421056460173
2021-08-10,46406.0,46010.71455670288,-0.004477760225606975
2021-08-11,45928.0,45990.352239242566,-0.0004425559928050715
2021-08-12,45367.0,41577.08197972017,-0.09596078404802144
2021-08-13,45624.0,42044.10779647485,0.01123277042343851
2021-08-14,44807.0,42056.37232488756,0.0002917062355582978
2021-08-15,46027.0,42056.37232488756,0.0
2021-08-16,47555.0,42104.27623625398,0.0011390405001259207
2021-08-17,47895.0,42451.04720668668,0.008236003594668473
2021-08-18,47571.0,42451.04720668668,0.0
2021-08-19,48211.0,42412.57482068456,-0.0009062764886530461
2021-08-20,47731.0,42392.97600330901,-0.0004620992113402167
2021-08-21,44664.0,41752.575286646046,-0.015106293000354154
2021-08-22,42474.0,41391.62715212281,-0.00864493105024533
2021-08-23,42525.0,41371.93178270923,-0.0004758297938178835
2021-08-24,44068.0,41129.8754955661,-0.00585073688157578
2021-08-25,43142.0,41478.804323103046,0.008483585795793669
2021-08-26,42569.0,41452.6769934127,-0.0006298959219466216
2021-08-27,42793.0,40574.84386462727,-0.021176753649105207
2021-08-28,43533.0,39374.87695016013,-0.029574159754518714
2021-08-29,41958.0,39366.783415196594,-0.00020555073667349877
2021-08-30,41870.0,39582.42529727119,0.005477762300268418
2021-08-31,43259.0,39845.26108499889,0.006640214331329108
2021-09-01,45991.0,39853.35461996243,0.0002031241543698492
2021-09-02,47827.0,40000.77131690799,0.003698978375880957
2021-09-03,48014.0,40000.77131690799,0.0
2021-09-04,48102.0,39974.56345931858,-0.0006551838058764803
2021-09-05,49987.0,39974.56345931858,0.0
2021-09-06,52731.0,39974.56345931858,0.0
2021-09-07,54374.0,39974.56345931858,0.0
2021-09-08,54422.0,39974.56345931858,0.0
2021-09-09,54742.0,39789.07712974519,-0.00464010894733502
2021-09-10,55138.0,39574.934003176524,-0.005381957612899169
2021-09-11,56648.0,39574.934003176524,0.0
2021-09-12,56645.0,39536.4616171744,-0.0009721402441009719
2021-09-13,56000.0,39750.60474374306,0.0054163452623094965
2021-09-14,57661.0,39750.60474374306,0.0
2021-09-15,59735.0,39694.076147978434,-0.0014220814030136975
2021-09-16,61309.0,39667.86829038903,-0.0006602460652239683
2021-09-17,60859.0,39667.86829038903,0.0
2021-09-18,61801.0,39667.86829038903,0.0
2021-09-19,62672.0,39789.07712974519,0.003055592462616108
2021-09-20,64842.0,39667.86829038903,-0.0030462842593940165
2021-09-21,64384.0,39756.74995197661,0.0022406462816939587
2021-09-22,62236.0,39629.39590438691,-0.0032033314529869017
2021-09-23,61072.0,39629.39590438691,0.0
2021-09-24,60729.0,39734.9871763515,0.0026644683713914485
2021-09-25,62611.0,39279.37863673656,-0.011466180612890509
2021-09-26,62362.0,39331.062302264196,0.00131579641331947
2021-09-27,59558.0,39373.798095715385,0.0010865659595655774
2021-09-28,60198.0,39205.739236320165,-0.004268291796150292
2021-09-29,61532.0,39086.59611834124,-0.0030389203290052125
2021-09-30,61625.0,39373.798095715385,0.007347838028786136
2021-10-01,61102.0,40075.79491565401,0.017829034888433126
2021-10-02,61287.0,40340.86769107022,0.006614286153876492
2021-10-03,62481.0,40253.72272723992,-0.002160215404826138
2021-10-04,62829.0,40379.340077072346,0.0031206393178493386
2021-10-05,61830.0,40336.9047062012,-0.0010509178899443805
2021-10-06,61493.0,40462.91389131076,0.0031239180603310768
2021-10-07,60938.0,40363.11256379061,-0.002466488888769436
2021-10-08,62105.0,40405.54793466175,0.0010513403990852765
2021-10-09,65725.0,40405.54793466175,0.0
2021-10-10,67547.0,40405.54793466175,0.0
2021-10-11,66810.0,40405.54793466175,0.0
2021-10-12,64900.0,40405.54793466175,0.0
2021-10-13,64162.0,40405.54793466175,0.0
2021-10-14,64030.0,40405.54793466175,0.0
2021-10-15,64468.0,40405.54793466175,0.0
2021-10-16,65132.0,40431.675264352096,0.0006466272832779119
2021-10-17,60894.0,40168.83947662439,-0.006500739482329765
2021-10-18,59850.0,39981.420200745815,-0.004665787668265531
2021-10-19,59049.0,40219.32183188057,0.0059503046650231095
2021-10-20,57169.0,40245.52968946997,0.0006516235579245855
2021-10-21,58631.0,40507.99858669221,0.006521690713165329
2021-10-22,59111.0,40604.11999182575,0.002372899389927463
2021-10-23,57360.0,40722.58338248205,0.0029175214406851335
2021-10-24,56882.0,41288.056117022075,0.013885974011739188
2021-10-25,56748.0,41138.31825774949,-0.0036266628501033793
2021-10-26,58177.0,41138.31825774949,0.0
2021-10-27,55921.0,41138.31825774949,0.0
2021-10-28,54662.0,41228.71631543477,0.0021974174325478657
2021-10-29,54581.0,41288.056117022075,0.0014392832688097101
2021-10-30,57563.0,41339.3540134622,0.0012424391280310143
2021-10-31,57338.0,41339.3540134622,0.0
2021-11-01,57373.0,41631.60539339583,0.007069568136900628
2021-11-02,56692.0,41657.81325098524,0.000629518303263854
2021-11-03,55868.0,42596.12395524926,0.022524242897983493
2021-11-04,49075.0,43635.09097232383,0.02439111638810343
2021-11-05,49085.0,47899.17109749494,0.09772135293302497
2021-11-06,48807.0,47942.02265081617,0.0008946199347377171
2021-11-07,50984.0,46963.85371738932,-0.020403163641035893
2021-11-08,50293.0,46908.20916848144,-0.001184837795525251
2021-11-09,49089.0,46908.20916848144,0.0
2021-11-10,48247.0,46908.20916848144,0.0
2021-11-11,48444.0,46916.30270344497,0.00017253984125598087
2021-11-12,49536.0,46908.20916848144,-0.0001725100763948495
2021-11-13,48237.0,46908.20916848144,0.0
2021-11-14,47180.0,47058.31914609193,0.0032000790537822787
2021-11-15,48126.0,47058.31914609193,0.0
2021-11-16,48590.0,47261.69224566974,0.004321724686902728
2021-11-17,47079.0,47590.90494736472,0.006965740879181892
2021-11-18,46612.0,47582.81141240118,-0.00017006474183445253
2021-11-19,47192.0,47582.81141240118,0.0
2021-11-20,46424.0,47582.81141240118,0.0
2021-11-21,48396.0,47582.81141240118,0.0
2021-11-22,48978.0,47582.81141240118,0.0
2021-11-23,49064.0,47582.81141240118,0.0
2021-11-24,51034.0,47451.354827046576,-0.00276269059041645
2021-11-25,50830.0,47475.95378129494,0.0005184036227843247
2021-11-26,50143.0,47451.354827046576,-0.0005181350197129841
2021-11-27,51062.0,47451.354827046576,0.0
2021-11-28,48887.0,46827.11383711391,-0.013155388127650602
2021-11-29,47594.0,46767.77403552661,-0.0012672103131043944
2021-11-30,47092.0,47266.355271230816,0.010660786107234088
2021-12-01,47298.0,46786.40724327699,-0.010154115442151501
2021-12-02,47103.0,46794.50077824052,0.00017298902481321932
2021-12-03,47238.0,46786.40724327699,-0.00017295910478642984
2021-12-04,46829.0,46195.423623845,-0.012631523860317517
2021-12-05,46438.0,46578.292990913455,0.008288036715195846
2021-12-06,45916.0,46619.85876217651,0.000892385027316589
2021-12-07,43100.0,46577.68157771966,-0.0009047042521516113
2021-12-08,42023.0,46358.59618577279,-0.004703656011330382
2021-12-09,41706.0,46565.79816650521,0.004469548212851393
2021-12-10,41902.0,46203.51715880853,-0.0077799806287282
2021-12-11,41605.0,46258.163019096624,0.0011827207894210545
2021-12-12,42189.0,46730.203048656505,0.010204469843841713
2021-12-13,43175.0,46733.781576438065,7.65784770468958e-05
2021-12-14,43433.0,46250.069484133084,-0.010350373455523143
2021-12-15,42745.0,46292.50485500423,0.0009175201539037836
2021-12-16,43128.0,42091.77776815208,-0.09074313649713961
2021-12-17,43093.0,46615.805476848,0.10748008158778544
2021-12-18,42545.0,43595.15566258486,-0.06479883342921877
2021-12-19,41930.0,46421.80722932392,0.0648386620893524
2021-12-20,41916.0,46223.42713862745,-0.004273424550588212
2021-12-21,42215.0,46370.63113491485,0.0031846188264217368
2021-12-22,38697.0,46215.333603663916,-0.0033490493325204485
2021-12-23,35519.0,46401.88001351946,0.004036461392994406
2021-12-24,35411.0,46663.609562623424,0.005640494502112903
2021-12-25,35098.0,46566.04060339972,-0.0020909003855084096
2021-12-26,36508.0,46501.06506061556,-0.0013953417972026871
2021-12-27,37493.0,41841.63117288285,-0.10020058425885503
2021-12-28,36352.0,40602.680569512864,-0.029610475706619677
2021-12-29,37038.0,41953.01026206119,0.03325715626672787
2021-12-30,37817.0,39428.94478533469,-0.06016410886751211
2021-12-31,37953.0,42201.272038251576,0.07031198192116062
2022-01-01,37556.0,42150.91844425685,-0.0011931771617946785
2022-01-02,38555.0,40123.62881720523,-0.048095977546317115
2022-01-03,38061.0,40165.60026393388,0.0010460531104965476
2022-01-04,36802.0,42150.91844425685,0.049428320933265324
2022-01-05,38631.0,42150.91844425685,0.0
2022-01-06,41523.0,41996.19546303332,-0.0036706906263062056
2022-01-07,41593.0,39368.05588288132,-0.06258042070657066
2022-01-08,43092.0,43389.26574658681,0.10214397875446157
2022-01-09,43854.0,43424.356167221726,0.0008087350645631375
2022-01-10,43922.0,42036.52322617463,-0.031959781641959784
2022-01-11,44331.0,42296.196793215044,0.00617733216525207
2022-01-12,43185.0,42036.52322617463,-0.006139407008860731
2022-01-13,42333.0,42269.37617855784,0.005539300934341407
2022-01-14,42336.0,42036.52322617463,-0.005508786110293484
2022-01-15,42232.0,42036.52322617463,0.0
2022-01-16,43867.0,42191.273065064895,0.0036813186965449773
2022-01-17,43998.0,42076.29931362972,-0.002725060020300152
2022-01-18,42666.0,41885.03837834515,-0.00454557407387346
2022-01-19,40411.0,42261.044570656755,0.00897710034106125
2022-01-20,40065.0,41902.478652510465,-0.008484549347728465
2022-01-21,38767.0,43320.044715624834,0.03383012434347821
2022-01-22,38507.0,43326.87962814673,0.00015777713450582098
2022-01-23,37400.0,43295.02669501603,-0.0007351771787877937
2022-01-24,38221.0,43295.02669501603,0.0
2022-01-25,36117.0,43295.02669501603,0.0
2022-01-26,38813.0,43295.02669501603,0.0
2022-01-27,39217.0,43318.54802024565,0.0005432800722198206
2022-01-28,38714.0,43229.79825237205,-0.0020487706058874844
2022-01-29,39337.0,43238.12986027314,0.00019272835492900597
2022-01-30,43632.0,43238.12986027314,0.0
2022-01-31,44055.0,43295.02669501603,0.00131589490402928
2022-02-01,43130.0,43171.59488095553,-0.0028509467133487343
2022-02-02,40909.0,43171.59488095553,0.0
2022-02-03,39056.0,43203.44781408622,0.000737821551844986
2022-02-04,38897.0,43171.59488095553,-0.000737277572562367
2022-02-05,38233.0,43171.59488095553,0.0
2022-02-06,38584.0,43287.69950467637,0.002689375364542279
2022-02-07,41317.0,43181.18511129825,-0.0024606157083172375
2022-02-08,39547.0,43287.69950467637,0.0024666852728469912
2022-02-09,38901.0,43287.69950467637,0.0
2022-02-10,38996.0,43341.75669813099,0.0012487887800269881
2022-02-11,38776.0,43336.46985848945,-0.0001219802805492165
2022-02-12,38654.0,43037.67946291567,-0.006894663929698175
2022-02-13,38933.0,43304.61692535875,0.006202412996571871
2022-02-14,40098.0,43304.61692535875,0.0
2022-02-15,40722.0,43411.13131873689,0.002459654441967052
2022-02-16,40678.0,43304.61692535875,-0.0024536193861449673
2022-02-17,41493.0,43336.46985848945,0.0007355551299668139
2022-02-18,41413.0,43336.46985848945,0.0
2022-02-19,41100.0,43304.61692535875,-0.0007350144862908747
2022-02-20,42431.0,42109.45827960523,-0.027598873529202206
2022-02-21,42247.0,41831.28520541507,-0.006605952333632481
2022-02-22,43324.0,41863.13813854577,0.0007614619769458209
2022-02-23,44274.0,41194.91613652466,-0.015962061893440294
2022-02-24,44390.0,40437.19144631584,-0.018393645655149227
2022-02-25,44930.0,40528.77032724565,0.0022647191274742795
2022-02-26,47302.0,40217.87832799893,-0.0076708964208993535
2022-02-27,47546.0,40166.5804315588,-0.0012754998168168497
2022-02-28,47240.0,40166.5804315588,0.0
2022-03-01,46673.0,40207.346203089255,0.0010149176527465276
2022-03-02,45524.0,40220.26200081006,0.0003212297985437651
2022-03-03,46450.0,35713.683059196235,-0.11204747849536778
2022-03-04,46321.0,35653.784323124855,-0.0016771929115262374
2022-03-05,46041.0,35653.784323124855,0.0
2022-03-06,46345.0,35581.165618463696,-0.0020367741051841026
2022-03-07,44634.0,35581.165618463696,0.0
2022-03-08,43453.0,35581.165618463696,0.0
2022-03-09,43305.0,35609.201628089395,0.0007879452271555287
2022-03-10,42453.0,35641.05456122009,0.0008945141051848182
2022-03-11,42755.0,35581.165618463696,-0.0016803358793304746
2022-03-12,41238.0,35525.66282398711,-0.0015598925305522204
2022-03-13,39931.0,35505.65915334094,-0.0005630766340739557
2022-03-14,40459.0,35509.94577041569,0.00012073053076511187
2022-03-15,40705.0,35509.94577041569,0.0
2022-03-16,40226.0,35509.94577041569,0.0
2022-03-17,40399.0,35537.98178004138,0.00078952555452938
2022-03-18,40318.0,35550.71154194615,0.0003582015991667742
2022-03-19,39660.0,35550.71154194615,0.0
2022-03-20,41050.0,35550.71154194615,0.0
2022-03-21,41462.0,35542.379934045064,-0.00023435840071028835
2022-03-22,41706.0,35542.379934045064,0.0
2022-03-23,40149.0,35542.379934045064,0.0
2022-03-24,39684.0,35555.295731765866,0.0003633914708234265
2022-03-25,39645.0,35858.930541728085,0.00853979143508976
2022-03-26,39226.0,35563.62733966694,-0.008235136898952056
2022-03-27,39694.0,35563.62733966694,0.0
2022-03-28,38810.0,38619.18999553979,0.08591819463996964
2022-03-29,39615.0,35660.59744777594,-0.07660938896195246
2022-03-30,39101.0,35626.732030746,-0.0009496592725214414
2022-03-31,38509.0,36146.87051033093,0.01459966856168693
2022-04-01,38058.0,35926.37199192461,-0.006100072158205405
2022-04-02,38684.0,36189.82226085504,0.007333060766326449
2022-04-03,38264.0,36189.82226085504,0.0
2022-04-04,38809.0,36197.915795818575,0.00022364119130502402
2022-04-05,38452.0,35902.61259375744,-0.008158016713637584
2022-04-06,36159.0,35929.858557915955,0.0007588852785396227
2022-04-07,35876.0,35895.99314088602,-0.0009425424532453208
2022-04-08,34566.0,35864.14020775532,-0.0008873673728898579
2022-04-09,32700.0,35906.33723268634,0.0011765798562737295
2022-04-10,31334.0,35864.14020775532,-0.0011751971429880825
2022-04-11,30593.0,35883.07734316522,0.0005280242409324565
2022-04-12,28537.0,35883.07734316522,0.0
2022-04-13,30174.0,35843.13087507099,-0.0011132397512121361
2022-04-14,29393.0,35587.90552690639,-0.0071206209372214335
2022-04-15,30116.0,35587.90552690639,0.0
2022-04-16,29997.0,35587.90552690639,0.0
2022-04-17,30281.0,35576.23346416129,-0.0003279783559129168
2022-04-18,29621.0,35575.17576500163,-2.973049861298982e-05
2022-04-19,29546.0,35587.90552690639,0.00035782709799803136
2022-04-20,29822.0,35629.86447889986,0.0011790227992412028
2022-04-21,29343.0,35503.751301413395,-0.0035395357049743392
2022-04-22,29797.0,35527.51069958056,0.0006692081060803989
2022-04-23,30108.0,35503.751301413395,-0.0006687605660885554
2022-04-24,29312.0,35462.985529882935,-0.0011482102604981614
2022-04-25,29758.0,35462.985529882935,0.0
2022-04-26,29457.0,35454.891994919395,-0.00022822486157347832
2022-04-27,28904.0,35862.93030995004,0.011508660499913947
2022-04-28,28888.0,37172.97345625751,0.03652917190495186
2022-04-29,29144.0,37188.69050982893,0.000422808619006787
2022-04-30,30589.0,35782.90687607895,-0.037801374946999755
2022-05-01,31711.0,35763.05378443804,-0.0005548205379084514
2022-05-02,31096.0,35754.960249474505,-0.00022630995139050203
2022-05-03,30043.0,35754.960249474505,0.0
2022-05-04,29998.0,35766.48173321434,0.0003222345559734663
2022-05-05,29703.0,35774.575268177876,0.0002262882612806827
2022-05-06,29819.0,35794.90671756874,0.0005683211956661882
2022-05-07,31237.0,35771.385392339114,-0.0006571137456848897
2022-05-08,30021.0,35803.238325469814,0.0008904584706836971
2022-05-09,30479.0,35803.238325469814,0.0
2022-05-10,30258.0,35848.07374264565,0.0012522726790313854
2022-05-11,29674.0,41592.69551469965,0.1602491060829323
2022-05-12,28886.0,41592.69551469965,0.0
2022-05-13,27638.0,41560.84258156895,-0.0007658299789549128
2022-05-14,24248.0,41586.15658136632,0.0006090829305900325
2022-05-15,22160.0,41483.19457382042,-0.0024758721654030147
2022-05-16,21325.0,41479.898917254766,-7.944558271166802e-05
2022-05-17,21436.0,41461.84789308774,-0.000435175220726447
2022-05-18,20678.0,41459.95265280363,-4.5710463484338604e-05
2022-05-19,19340.0,41398.38064241504,-0.0014850960131144175
2022-05-20,19264.0,41398.38064241504,0.0
2022-05-21,20292.0,41398.38064241504,0.0
2022-05-22,21000.0,41398.38064241504,0.0
2022-05-23,20310.0,41398.38064241504,0.0
2022-05-24,20512.0,41430.23357554574,0.0007694246160456775
2022-05-25,21085.0,36974.658498835124,-0.10754404916849236
2022-05-26,21256.0,36094.689341269266,-0.02379925044050324
2022-05-27,21362.0,35433.64473539813,-0.01831417911984423
2022-05-28,21046.0,35388.674280946776,-0.0012691456040486715
2022-05-29,20700.0,35374.77088355825,-0.00039287703399526475
2022-05-30,20134.0,35359.780510833814,-0.0004237588640159107
2022-05-31,19344.0,35364.56290768616,0.00013524961929212154
2022-06-01,19522.0,35372.894515587235,0.0002355919942464979
2022-06-02,19221.0,35467.157398051706,0.0026648337308934344
2022-06-03,19154.0,35427.21092995747,-0.00112629460675151
2022-06-04,19496.0,35334.88237857961,-0.002606147900279354
2022-06-05,19996.0,35402.42486245895,0.001911495930726037
2022-06-06,20169.0,35378.54859448361,-0.0006744246493878281
2022-06-07,20767.0,35441.46314286502,0.0017783247442553218
2022-06-08,21753.0,35409.61020973432,-0.0008987476900234048
2022-06-09,21615.0,35384.8241422358,-0.0006999813709247515
2022-06-10,21134.0,35364.78131687717,-0.0005664243314609241
2022-06-11,20470.0,35371.848182509355,0.0001998277769306167
2022-06-12,19759.0,35283.271319888896,-0.0025041626935472516
2022-06-13,19603.0,35261.5613443987,-0.0006153050632228263
2022-06-14,20173.0,35363.50822438941,0.0028911618233518066
2022-06-15,20781.0,35356.92828444947,-0.00018606581389457588
2022-06-16,20866.0,35342.79831268098,-0.00039963799046149884
2022-06-17,21223.0,35376.746107720835,0.0009605293485681621
2022-06-18,21806.0,35370.481660495134,-0.0001770781068056726
2022-06-19,22514.0,35338.628727364434,-0.0009005512968820462
2022-06-20,23568.0,35330.29711946335,-0.00023576488961585262
2022-06-21,22936.0,35354.345780935866,0.0006806809858179719
2022-06-22,23145.0,35344.94217588187,-0.0002659815885792671
2022-06-23,22512.0,35302.91569324731,-0.001189038092789363
2022-06-24,22645.0,35304.799359899036,5.335725434374439e-05
2022-06-25,21960.0,35326.60293132761,0.0006175809471766769
2022-06-26,21031.0,35301.81686382909,-0.0007016261242752675
2022-06-27,21639.0,35326.60293132761,0.0007021187491320635
2022-06-28,23310.0,35326.60293132761,0.0
2022-06-29,23887.0,35296.004190075604,-0.0008661671010792293
2022-06-30,24035.0,35287.91065511207,-0.0002293045671670768
2022-07-01,23734.0,35256.05772198137,-0.0009026585178707469
2022-07-02,23227.0,35256.05772198137,0.0
2022-07-03,22973.0,35240.34066840994,-0.0004457972498052021
2022-07-04,23177.0,35240.34066840994,0.0
2022-07-05,22850.0,35240.34066840994,0.0
2022-07-06,23064.0,35240.34066840994,0.0
2022-07-07,23192.0,35197.54131498746,-0.0012144988558764336
2022-07-08,23078.0,35186.967215781115,-0.0003004215297800483
2022-07-09,23788.0,35186.967215781115,0.0
2022-07-10,23444.0,35186.967215781115,0.0
2022-07-11,23401.0,35218.820148911815,0.0009052480407125696
2022-07-12,24376.0,35218.820148911815,0.0
2022-07-13,23979.0,35195.5117755528,-0.0006618158490393489
2022-07-14,24491.0,35195.5117755528,0.0
2022-07-15,24509.0,35195.5117755528,0.0
2022-07-16,24266.0,35195.5117755528,0.0
2022-07-17,23972.0,35203.60531051633,0.00022995929183089459
2022-07-18,23706.0,35203.60531051633,0.0
2022-07-19,23416.0,35226.63063194491,0.0006540614583501192
2022-07-20,21851.0,35218.53709698137,-0.00022975614807174694
2022-07-21,21170.0,35258.270613205,0.001128198940070213
2022-07-22,21368.0,35217.39765814447,-0.0011592444651900013
2022-07-23,21263.0,35264.9676448466,0.0013507524651277247
2022-07-24,21389.0,35233.114711715905,-0.0009032457778349601
2022-07-25,21472.0,35266.85131149833,0.0009575253297491315
2022-07-26,21598.0,35266.85131149833,0.0
2022-07-27,21173.0,35234.99837836763,-0.0009031975338358311
2022-07-28,20119.0,35234.99837836763,0.0
2022-07-29,19994.0,35234.99837836763,0.0
2022-07-30,19971.0,35234.99837836763,0.0
2022-07-31,20141.0,35234.99837836763,0.0
2022-08-01,20199.0,35234.99837836763,0.0
2022-08-02,19969.0,35234.99837836763,0.0
2022-08-03,20088.0,35234.99837836763,0.0
2022-08-04,19840.0,35260.13705625224,0.0007134576143488225
2022-08-05,19799.0,35231.88384991062,-0.000801278971109709
2022-08-06,19790.0,35229.12459500866,-7.831698451654656e-05
2022-08-07,19605.0,35204.33852751014,-0.0007035675107871509
2022-08-08,18900.0,35229.12459500866,0.0007040628665455628
2022-08-09,19254.0,35229.12459500866,0.0
2022-08-10,20722.0,35237.45620290974,0.0002364977272886204
2022-08-11,21389.0,35237.45620290974,0.0
2022-08-12,21610.0,35229.12459500866,-0.00023644180933801717
2022-08-13,22126.0,35229.12459500866,0.0
2022-08-14,21546.0,35196.244992546606,-0.0009333073938122549
2022-08-15,20222.0,35221.03106004513,0.000704224768971029
2022-08-16,19990.0,35229.12459500866,0.00022979267556744176
2022-08-17,19705.0,35235.57253625801,0.00018302871057618297
2022-08-18,19946.0,35463.33304343366,0.006463936606714071
2022-08-19,19865.0,35487.09244160083,0.0006699708157174022
2022-08-20,19002.0,35508.8960130294,0.0006144085054151649
2022-08-21,19183.0,35477.0430798987,-0.0008970409307856864
2022-08-22,19014.0,35477.0430798987,0.0
2022-08-23,18974.0,35485.13661486223,0.0002281344289405407
2022-08-24,19062.0,35477.0430798987,-0.00022808239549354514
2022-08-25,19078.0,35455.56398087272,-0.0006054365629515335
2022-08-26,18985.0,35455.56398087272,0.0
2022-08-27,19013.0,35567.41437834575,0.0031546641743835924
2022-08-28,19740.0,35535.56144521505,-0.0008955650470362508
2022-08-29,19119.0,35535.56144521505,0.0
2022-08-30,19398.0,35535.56144521505,0.0
2022-08-31,19527.0,42194.99827594413,0.18740204347118272
2022-09-01,19328.0,42254.840732155935,0.0014182357780998522
2022-09-02,19231.0,42262.93426711947,0.00019154101218443742
2022-09-03,19310.0,42386.27908909864,0.002918510607890612
2022-09-04,19938.0,42386.27908909864,0.0
2022-09-05,20127.0,42386.27908909864,0.0
2022-09-06,20154.0,42378.1855541351,-0.00019094705025957115
2022-09-07,19771.0,42418.13202222934,0.0009426186508907364
2022-09-08,19490.0,42401.99614267007,-0.00038040052189991513
2022-09-09,19445.0,42410.32775057115,0.00019649093578166799
2022-09-10,19328.0,42580.74773340149,0.0040183604293895225
2022-09-11,19070.0,42567.63372864808,-0.0003079796727741835
2022-09-12,19117.0,42580.74773340149,0.00030807455347425794
2022-09-13,19029.0,42604.269058631115,0.0005523934285251997
2022-09-14,19519.0,42669.497501275095,0.0015310306709925836
2022-09-15,19143.0,42452.15823857099,-0.005093551024302756
2022-09-16,19164.0,42452.15823857099,0.0
2022-09-17,19397.0,42452.15823857099,0.0
2022-09-18,19476.0,42452.15823857099,0.0
2022-09-19,19216.0,42484.01117170169,0.0007503254122369629
2022-09-20,19122.0,42443.82663066991,-0.0009458744577901523
2022-09-21,19063.0,42007.49431092074,-0.010280230468990625
2022-09-22,19176.0,42007.49431092074,0.0
2022-09-23,19264.0,42007.49431092074,0.0
2022-09-24,19356.0,41994.38030616732,-0.00031218250382558654
2022-09-25,19592.0,42007.49431092074,0.00031227999217531277
2022-09-26,20542.0,42007.49431092074,0.0
2022-09-27,20629.0,42007.49431092074,0.0
2022-09-28,20391.0,37948.672140579205,-0.09662138237286755
2022-09-29,20785.0,37916.819207448505,-0.0008393688457056792
2022-09-30,20726.0,35737.511219141554,-0.05747602340754476
2022-10-01,20514.0,35679.42675993678,-0.0016253078970328572
2022-10-02,20504.0,35659.42308929061,-0.0005606500009307513
2022-10-03,20412.0,35692.5407646902,0.0009287215700788387
2022-10-04,20255.0,35684.209156789126,-0.00023342714535246056
2022-10-05,20697.0,35736.68362955657,0.0014705236295664559
2022-10-06,21335.0,35711.89756205805,-0.0006935749202542363
2022-10-07,21220.0,35736.68362955657,0.0006940563002972855
2022-10-08,20772.0,35711.89756205805,-0.0006935749202542363
2022-10-09,19570.0,35679.78679481367,-0.000899161608217014
2022-10-10,17519.0,37606.24290000067,0.053992926478670045
2022-10-11,16915.0,37590.525846429235,-0.0004179373518706786
2022-10-12,16812.0,37590.525846429235,0.0
2022-10-13,16850.0,37590.525846429235,0.0
2022-10-14,16653.0,37598.619381392775,0.00021530784103962475
2022-10-15,16459.0,37573.83331389426,-0.0006592281287535195
2022-10-16,16830.0,37573.83331389426,0.0
2022-10-17,16700.0,37573.83331389426,0.0
2022-10-18,16609.0,37573.83331389426,0.0
2022-10-19,16739.0,37598.619381392775,0.0006596629971566959
2022-10-20,16645.0,37590.525846429235,-0.00021526149355222124
2022-10-21,16593.0,37590.525846429235,0.0
2022-10-22,16043.0,37573.83331389426,-0.00044406222469906
2022-10-23,15946.0,37565.73977893072,-0.00021540349359427946
2022-10-24,16471.0,41947.28834006814,0.1166368235238342
2022-10-25,16604.0,41972.07440756665,0.0005908860495955626
2022-10-26,16495.0,41972.07440756665,0.0
2022-10-27,16561.0,41972.07440756665,0.0
2022-10-28,16542.0,41947.28834006814,-0.0005905371094558909
2022-10-29,16214.0,41947.28834006814,0.0
2022-10-30,,41947.28834006814,0.0
2022-10-31,,41972.07440756665,0.0005908860495955626
2022-11-01,,41980.167942530185,0.00019283142607973147
2022-11-02,,41988.49955043127,0.00019846533040279724
2022-11-03,,41988.49955043127,0.0
2022-11-04,,41874.101448218345,-0.002724510364451649
2022-11-05,,41874.101448218345,0.0
2022-11-06,,41874.101448218345,0.0
2022-11-07,,37373.976183075705,-0.10746798401650504
2022-11-08,,37381.04304870789,0.00018908519654337042
2022-11-09,,37384.119140716204,8.229015986271904e-05
2022-11-10,,35906.795804472626,-0.039517403919103744
2022-11-11,,35766.35440546862,-0.003911276287886234
2022-11-12,,35810.18943318371,0.00122559395397559
2022-11-13,,35574.517030125025,-0.006581154883260609
2022-11-14,,35574.517030125025,0.0
2022-11-15,,35112.64326873712,-0.012983275668838612
2022-11-16,,34958.949879326785,-0.004377152361729975
2022-11-17,,34859.46217693118,-0.0028458435604908905
2022-11-18,,34797.976407947914,-0.0017638186346992102
2022-11-19,,32963.78121083575,-0.052709823571615355
2022-11-20,,32373.916890841225,-0.01789431607441394
2022-11-21,,32282.705099207193,-0.002817446895338027
2022-11-22,,32131.238550228565,-0.0046918790886066875
2022-11-23,,32042.80462752325,-0.0027522724518407315
2022-11-24,,32042.80462752325,0.0
2022-11-25,,32042.80462752325,0.0
2022-11-26,,32107.47949931812,0.0020183898552788015
2022-11-27,,32234.058236647274,0.0039423442544546106
2022-11-28,,32154.03536916887,-0.002482556397054192
